observation_id,actual_class,predicted_class,prob_industrial,prob_natural,prob_other
FW_00501709,natural_vegetation_fire,natural_vegetation_fire,0.0005935732599077646,0.959454865780802,0.03995156095929029
FW_00059227,natural_vegetation_fire,natural_vegetation_fire,0.058562778301390846,0.5233390917691546,0.4180981299294545
FW_00239656,other_uncertain,other_uncertain,0.05509126877227123,0.08952441133201633,0.8553843198957124
FW_01587012,other_uncertain,other_uncertain,0.0017257225493463228,0.022426779499193167,0.9758474979514606
FW_00058775,natural_vegetation_fire,natural_vegetation_fire,0.0004844403571916353,0.9827687984500462,0.016746761192762253
FW_00446635,other_uncertain,other_uncertain,0.004640043038802579,0.06832700285345177,0.9270329541077457
FW_00647476,natural_vegetation_fire,natural_vegetation_fire,0.002252806934025884,0.9314559697073509,0.06629122335862338
FW_00351867,other_uncertain,other_uncertain,0.06407797719789957,0.009760866581931585,0.9261611562201688
FW_01369279,natural_vegetation_fire,natural_vegetation_fire,0.0016872454743065133,0.9624281474280789,0.03588460709761462
FW_00870874,natural_vegetation_fire,natural_vegetation_fire,0.0013452973324240536,0.9360306977567868,0.06262400491078925
FW_00401337,natural_vegetation_fire,natural_vegetation_fire,0.0011055310546441916,0.711752241182548,0.28714222776280784
FW_00487836,natural_vegetation_fire,natural_vegetation_fire,0.014984261534576573,0.7985296693905413,0.18648606907488208
FW_00201903,natural_vegetation_fire,natural_vegetation_fire,0.007448008419628352,0.6133221896936402,0.3792298018867315
FW_00692431,other_uncertain,other_uncertain,0.003159180215693148,0.017954297876847856,0.978886521907459
FW_01549487,natural_vegetation_fire,natural_vegetation_fire,0.005608586011954772,0.70115381155244,0.2932376024356052
FW_00273934,other_uncertain,natural_vegetation_fire,0.0018788081144498984,0.8655416348165912,0.1325795570689589
FW_01326950,natural_vegetation_fire,natural_vegetation_fire,0.0013510802296810653,0.9741803450073006,0.02446857476301848
FW_01093624,natural_vegetation_fire,natural_vegetation_fire,0.01850797166822344,0.85865552368179,0.12283650464998667
FW_00406183,natural_vegetation_fire,natural_vegetation_fire,0.001636478236957377,0.9093259998405925,0.08903752192245008
FW_00044098,other_uncertain,natural_vegetation_fire,0.13235922573424447,0.491945400007539,0.3756953742582166
FW_00513874,natural_vegetation_fire,natural_vegetation_fire,0.002623404080688169,0.9727881216486829,0.024588474270628966
FW_01128107,other_uncertain,other_uncertain,0.0007753491212861228,0.02052108655087616,0.9787035643278377
FW_00601520,industrial_fire_candidate,other_uncertain,0.26625608179268323,0.017854140418573042,0.7158897777887437
FW_00472477,natural_vegetation_fire,natural_vegetation_fire,0.14154862271057764,0.7224123641632709,0.13603901312615144
FW_00831754,other_uncertain,other_uncertain,0.0009533440959290585,0.01981693072838584,0.9792297251756852
FW_01627520,natural_vegetation_fire,natural_vegetation_fire,0.002257148788027425,0.7463145751392157,0.2514282760727568
FW_00453011,natural_vegetation_fire,natural_vegetation_fire,0.004856043519723467,0.7493836482664927,0.24576030821378378
FW_00861401,other_uncertain,natural_vegetation_fire,0.015267556081625354,0.6572621291565912,0.3274703147617834
FW_00241777,other_uncertain,other_uncertain,0.4236829389842369,0.015921460973832846,0.5603956000419302
FW_00392998,natural_vegetation_fire,natural_vegetation_fire,0.0029158846156067263,0.8128343896276995,0.1842497257566938
FW_01093603,natural_vegetation_fire,natural_vegetation_fire,0.002499801647336057,0.8495284616279171,0.147971736724747
FW_00827189,natural_vegetation_fire,natural_vegetation_fire,0.004719137054554963,0.7712748292999448,0.2240060336455001
FW_01286811,natural_vegetation_fire,natural_vegetation_fire,0.0005060616659958192,0.9950188216682456,0.004475116665758468
FW_00493165,natural_vegetation_fire,natural_vegetation_fire,0.0006947702118989197,0.857051045535199,0.142254184252902
FW_01692006,other_uncertain,other_uncertain,0.42375319719037147,0.005249928804397176,0.5709968740052314
FW_01182628,natural_vegetation_fire,other_uncertain,0.004395803413144827,0.3482357411726232,0.647368455414232
FW_00148607,natural_vegetation_fire,natural_vegetation_fire,0.000996023364570067,0.9839604757449447,0.015043500890485074
FW_00109867,natural_vegetation_fire,natural_vegetation_fire,0.002459575991045587,0.853044046091783,0.14449637791717135
FW_00334280,natural_vegetation_fire,natural_vegetation_fire,0.0008870172382966279,0.9735753169121983,0.0255376658495051
FW_01567752,natural_vegetation_fire,natural_vegetation_fire,0.003645624968746255,0.8180602347804865,0.17829414025076715
FW_00016767,other_uncertain,natural_vegetation_fire,0.010112224926290011,0.6379094688714502,0.3519783062022598
FW_01070375,industrial_fire_candidate,industrial_fire_candidate,0.6122532725407149,0.006358158107152227,0.38138856935213283
FW_01541517,natural_vegetation_fire,natural_vegetation_fire,0.0008383144143087473,0.9438654310805673,0.0552962545051241
FW_00442354,other_uncertain,other_uncertain,0.010519741785797196,0.04895792549758522,0.9405223327166176
FW_01345134,natural_vegetation_fire,natural_vegetation_fire,0.0008027510039882113,0.9286536137061236,0.07054363528988812
FW_01581336,natural_vegetation_fire,natural_vegetation_fire,0.0010165761332054594,0.9283336353356951,0.07064978853109934
FW_01095201,natural_vegetation_fire,natural_vegetation_fire,0.006593460320184127,0.7823163446211779,0.211090195058638
FW_01129842,other_uncertain,industrial_fire_candidate,0.873293567794984,0.004337560386796491,0.1223688718182194
FW_00129829,natural_vegetation_fire,natural_vegetation_fire,0.00044112936657286257,0.9880133281492426,0.011545542484184566
FW_00052222,other_uncertain,other_uncertain,0.10026997835514093,0.007120232961658893,0.8926097886832002
FW_01155525,other_uncertain,other_uncertain,0.12627769400755723,0.026509189798921685,0.8472131161935211
FW_01668808,other_uncertain,other_uncertain,0.011626650512616278,0.021953785908929675,0.9664195635784539
FW_00537464,natural_vegetation_fire,natural_vegetation_fire,0.005088738812151406,0.6480364938415548,0.34687476734629386
FW_00443664,natural_vegetation_fire,other_uncertain,0.18735138006706192,0.033652109870376694,0.7789965100625613
FW_00753730,natural_vegetation_fire,natural_vegetation_fire,0.0009319733346249632,0.989138252709735,0.009929773955640068
FW_01162099,other_uncertain,other_uncertain,0.03751859827921639,0.023713926801231754,0.9387674749195519
FW_00001804,other_uncertain,natural_vegetation_fire,0.025089244631457702,0.5101656107483573,0.4647451446201849
FW_00694399,natural_vegetation_fire,natural_vegetation_fire,0.0009460274328839342,0.9693807246703029,0.029673247896813228
FW_00339116,natural_vegetation_fire,industrial_fire_candidate,0.8682926618994704,0.024388537862623308,0.1073188002379062
FW_01482670,industrial_fire_candidate,other_uncertain,0.05035883876912759,0.030438263674503096,0.9192028975563694
FW_01614691,natural_vegetation_fire,other_uncertain,0.37569714060142645,0.23868878981508654,0.3856140695834871
FW_01078391,natural_vegetation_fire,natural_vegetation_fire,0.0019989464548024866,0.8827365624038471,0.11526449114135048
FW_01456321,natural_vegetation_fire,natural_vegetation_fire,0.0014017000555806482,0.9726861248419616,0.025912175102457788
FW_00645555,natural_vegetation_fire,natural_vegetation_fire,0.12966134728992854,0.6232014233495436,0.24713722936052787
FW_00504778,natural_vegetation_fire,natural_vegetation_fire,0.0018111919984520396,0.6131245565790174,0.38506425142253065
FW_01593514,natural_vegetation_fire,natural_vegetation_fire,0.0007168041579794989,0.8943429192522543,0.10494027658976603
FW_01186021,other_uncertain,other_uncertain,0.03638734177163066,0.2655103027434306,0.6981023554849386
FW_01589227,other_uncertain,other_uncertain,0.0008237107942356875,0.045861249874847174,0.9533150393309172
FW_00518181,natural_vegetation_fire,natural_vegetation_fire,0.0015482394619726824,0.8336180442567517,0.1648337162812757
FW_00544937,other_uncertain,other_uncertain,0.0010437612820589724,0.016603957370995997,0.9823522813469451
FW_00003794,other_uncertain,other_uncertain,0.020193786476102465,0.04147919246434669,0.9383270210595508
FW_01049670,natural_vegetation_fire,other_uncertain,0.0014842458640648168,0.3293209027008386,0.6691948514350967
FW_00965145,natural_vegetation_fire,natural_vegetation_fire,0.0021815112475909604,0.9027131544552662,0.09510533429714277
FW_00910762,industrial_fire_candidate,natural_vegetation_fire,0.4032876882428007,0.413289283144749,0.18342302861245033
FW_01699370,natural_vegetation_fire,natural_vegetation_fire,0.00360901094281764,0.6624995092269373,0.33389147983024503
FW_01646537,natural_vegetation_fire,natural_vegetation_fire,0.0012581252245996869,0.9730121052614831,0.02572976951391729
FW_01511943,natural_vegetation_fire,natural_vegetation_fire,0.014801779647932766,0.6940619246415412,0.291136295710526
FW_00733363,natural_vegetation_fire,natural_vegetation_fire,0.0010391754106356707,0.9728190545888412,0.02614177000052307
FW_00074150,other_uncertain,other_uncertain,0.16575646026105492,0.040843407136020825,0.7934001326029242
FW_01474518,natural_vegetation_fire,natural_vegetation_fire,0.0014920334045708792,0.8717574173191344,0.12675054927629456
FW_00371808,other_uncertain,other_uncertain,0.0015640967922995474,0.028042937530509713,0.9703929656771908
FW_00762268,natural_vegetation_fire,natural_vegetation_fire,0.0010242848423075164,0.9812325218488775,0.017743193308814985
FW_01413854,natural_vegetation_fire,natural_vegetation_fire,0.0005530421516399578,0.9757184100573356,0.023728547791024443
FW_01115740,other_uncertain,other_uncertain,0.060334818125209605,0.32526907543784545,0.614396106436945
FW_00268769,other_uncertain,other_uncertain,0.0016719416028301603,0.014665500600158213,0.9836625577970117
FW_00349181,natural_vegetation_fire,natural_vegetation_fire,0.001182317566198848,0.9311386124883358,0.06767906994546521
FW_00048791,other_uncertain,natural_vegetation_fire,0.0019152225232038733,0.8277467067512948,0.17033807072550122
FW_01702192,natural_vegetation_fire,natural_vegetation_fire,0.003038240219304896,0.7886927953393286,0.2082689644413666
FW_01722875,natural_vegetation_fire,natural_vegetation_fire,0.002662431971518967,0.9195750134773907,0.07776255455109043
FW_00827430,natural_vegetation_fire,natural_vegetation_fire,0.0024767443081563667,0.9641493758068458,0.033373879884997945
FW_00066001,natural_vegetation_fire,natural_vegetation_fire,0.0015112893926889105,0.8318011694338707,0.1666875411734403
FW_00868117,natural_vegetation_fire,natural_vegetation_fire,0.0007397774585426285,0.9760632370181782,0.023196985523279173
FW_00004558,other_uncertain,other_uncertain,0.12963943662321575,0.007770580344832969,0.8625899830319513
FW_00650314,natural_vegetation_fire,natural_vegetation_fire,0.0014818284165415505,0.9327628672349089,0.06575530434854948
FW_01238911,natural_vegetation_fire,natural_vegetation_fire,0.0013609998984838347,0.9585236564945062,0.04011534360700995
FW_01513832,natural_vegetation_fire,natural_vegetation_fire,0.003958507832835085,0.5369640476104353,0.4590774445567296
FW_00082499,natural_vegetation_fire,natural_vegetation_fire,0.0013246631509484855,0.9812191403335073,0.017456196515544357
FW_01566148,natural_vegetation_fire,natural_vegetation_fire,0.007038488209426754,0.7972598366097535,0.19570167518081974
FW_01391033,natural_vegetation_fire,natural_vegetation_fire,0.0015929770121064207,0.9455709319926279,0.05283609099526573
FW_00888383,natural_vegetation_fire,natural_vegetation_fire,0.004754460431774829,0.8826609972454958,0.1125845423227292
FW_00446629,other_uncertain,other_uncertain,0.0007161285197534294,0.020549436018946602,0.9787344354613
FW_01123966,natural_vegetation_fire,natural_vegetation_fire,0.002164964452808927,0.8467969639410361,0.15103807160615496
FW_00223988,industrial_fire_candidate,industrial_fire_candidate,0.5455604971177733,0.041789931360916174,0.41264957152131054
FW_01138776,industrial_fire_candidate,other_uncertain,0.036204951239221274,0.13954263430027855,0.8242524144605002
FW_01393433,other_uncertain,other_uncertain,0.0035978663651541577,0.028378654854972058,0.9680234787798737
FW_01218307,natural_vegetation_fire,natural_vegetation_fire,0.004049043322174639,0.8905684004419301,0.1053825562358953
FW_00479767,other_uncertain,other_uncertain,0.006108212404120368,0.02281720253698309,0.9710745850588967
FW_00306699,other_uncertain,other_uncertain,0.07216345147375418,0.038760966657503185,0.8890755818687427
FW_00998163,other_uncertain,other_uncertain,0.30251604079570166,0.008297657034436008,0.6891863021698623
FW_01254885,other_uncertain,other_uncertain,0.0008821325135197509,0.021839167117672753,0.9772787003688075
FW_01601359,other_uncertain,other_uncertain,0.0005453609165830139,0.020819408278497327,0.9786352308049195
FW_01085649,natural_vegetation_fire,other_uncertain,0.00300735846007856,0.3504870518929022,0.6465055896470192
FW_00109749,natural_vegetation_fire,natural_vegetation_fire,0.0004471454010442649,0.9932090292763472,0.006343825322608528
FW_00894490,natural_vegetation_fire,natural_vegetation_fire,0.0005240531691454576,0.9802367759886579,0.01923917084219671
FW_00607714,natural_vegetation_fire,natural_vegetation_fire,0.0037096931179061393,0.824979093653904,0.17131121322818993
FW_00334079,natural_vegetation_fire,natural_vegetation_fire,0.009927108533774716,0.8924559533975245,0.0976169380687008
FW_01427552,other_uncertain,other_uncertain,0.0007876656046942842,0.02223597882381127,0.9769763555714944
FW_00024961,natural_vegetation_fire,other_uncertain,0.0041324056964326065,0.3431834284042039,0.6526841658993636
FW_01560028,natural_vegetation_fire,natural_vegetation_fire,0.0013681423946223775,0.8591315733884737,0.13950028421690375
FW_01163227,natural_vegetation_fire,natural_vegetation_fire,0.0015988345796353871,0.8643060774028608,0.13409508801750383
FW_00706986,natural_vegetation_fire,natural_vegetation_fire,0.0008295045946959676,0.9807976095227969,0.01837288588250704
FW_00595530,industrial_fire_candidate,industrial_fire_candidate,0.7950955704946118,0.00742214691702966,0.19748228258835854
FW_00443372,natural_vegetation_fire,natural_vegetation_fire,0.0032393362805433223,0.6530002074477178,0.34376045627173885
FW_01213709,natural_vegetation_fire,other_uncertain,0.32782489926923514,0.16471410239836506,0.5074609983323998
FW_01025195,natural_vegetation_fire,natural_vegetation_fire,0.0035079279737572685,0.9211459271694101,0.07534614485683258
FW_01248604,natural_vegetation_fire,natural_vegetation_fire,0.0030045285004160175,0.8295149120202919,0.16748055947929213
FW_00099968,natural_vegetation_fire,natural_vegetation_fire,0.0015154565814607212,0.975623470411802,0.022861073006737242
FW_01663781,other_uncertain,industrial_fire_candidate,0.6556595960725008,0.12363433655780379,0.2207060673696954
FW_00210506,natural_vegetation_fire,natural_vegetation_fire,0.0008077311658401852,0.9864398556813471,0.012752413152812843
FW_00540565,other_uncertain,natural_vegetation_fire,0.0017173203699371322,0.7084110896450541,0.2898715899850087
FW_01579661,other_uncertain,other_uncertain,0.0004518460561608935,0.013072776296401566,0.9864753776474376
FW_00683901,other_uncertain,other_uncertain,0.006191368781065269,0.07912434312702331,0.9146842880919114
FW_01012808,natural_vegetation_fire,natural_vegetation_fire,0.0017468276112258846,0.8852911769578131,0.11296199543096115
FW_01379162,natural_vegetation_fire,natural_vegetation_fire,0.004307590505174856,0.9619134187963259,0.03377899069849935
FW_00839920,natural_vegetation_fire,natural_vegetation_fire,0.0020374777800934414,0.9413192426019676,0.05664327961793885
FW_00975868,other_uncertain,other_uncertain,0.3687448302084893,0.07693329492862461,0.554321874862886
FW_01587737,other_uncertain,other_uncertain,0.000505878136985919,0.02229042317469596,0.977203698688318
FW_00854170,natural_vegetation_fire,other_uncertain,0.2866870834979443,0.33113163218483727,0.3821812843172184
FW_00856722,other_uncertain,other_uncertain,0.0038559246308714906,0.02322423806340912,0.9729198373057195
FW_00994374,natural_vegetation_fire,natural_vegetation_fire,0.0037694564921013246,0.7316209732859594,0.2646095702219393
FW_01081513,natural_vegetation_fire,natural_vegetation_fire,0.0007692950122482038,0.9766232910162144,0.022607413971537288
FW_00920240,natural_vegetation_fire,natural_vegetation_fire,0.00400244797764104,0.968365762804378,0.02763178921798094
FW_00989815,natural_vegetation_fire,natural_vegetation_fire,0.006195229056523771,0.9107149256260855,0.08308984531739073
FW_01311001,natural_vegetation_fire,natural_vegetation_fire,0.002389237909444091,0.9146503360723031,0.08296042601825282
FW_00707516,natural_vegetation_fire,natural_vegetation_fire,0.006360331356935965,0.9335135662156117,0.060126102427452414
FW_00857094,natural_vegetation_fire,natural_vegetation_fire,0.0018643882882630604,0.7723916928568618,0.22574391885487508
FW_01534228,other_uncertain,natural_vegetation_fire,0.0027716650752604337,0.7631346796112287,0.2340936553135109
FW_01680293,natural_vegetation_fire,natural_vegetation_fire,0.0011400887338801457,0.6421781441006457,0.35668176716547423
FW_00069506,natural_vegetation_fire,natural_vegetation_fire,0.008282323003167407,0.7857981014916813,0.20591957550515125
FW_00666841,other_uncertain,natural_vegetation_fire,0.009987588205174189,0.8273707257903988,0.16264168600442683
FW_00214659,natural_vegetation_fire,natural_vegetation_fire,0.0030550572065872667,0.8918333454131327,0.10511159738027996
FW_01028869,natural_vegetation_fire,other_uncertain,0.11765884863036424,0.4176332434917314,0.4647079078779044
FW_00172410,natural_vegetation_fire,natural_vegetation_fire,0.018703403175791347,0.9064343955848987,0.07486220123930988
FW_00528628,other_uncertain,natural_vegetation_fire,0.011116807183939714,0.6881774519177583,0.30070574089830193
FW_00045205,natural_vegetation_fire,natural_vegetation_fire,0.0019068380697153493,0.9480962674143457,0.04999689451593906
FW_00635898,natural_vegetation_fire,natural_vegetation_fire,0.001861205552615432,0.9585861967256121,0.039552597721772415
FW_01002741,natural_vegetation_fire,natural_vegetation_fire,0.0012249098526077367,0.8683885562537584,0.13038653389363372
FW_00418955,natural_vegetation_fire,natural_vegetation_fire,0.003938197755454226,0.7453786928482133,0.2506831093963324
FW_00447208,industrial_fire_candidate,other_uncertain,0.15131333990217322,0.05344669945373859,0.7952399606440883
FW_01513910,natural_vegetation_fire,natural_vegetation_fire,0.00412026050204435,0.7024002880912266,0.2934794514067292
FW_00101936,natural_vegetation_fire,natural_vegetation_fire,0.0012549094054851336,0.9786796318180617,0.020065458776453143
FW_01437009,natural_vegetation_fire,natural_vegetation_fire,0.0010849009550551307,0.9652286233439805,0.033686475700964405
FW_01486299,natural_vegetation_fire,natural_vegetation_fire,0.006615003202642631,0.9390272691172606,0.05435772768009667
FW_00944885,other_uncertain,natural_vegetation_fire,0.0018016481402925047,0.7601637948312597,0.23803455702844778
FW_01159188,other_uncertain,other_uncertain,0.18562415246714906,0.02495866029920245,0.7894171872336486
FW_00990713,other_uncertain,natural_vegetation_fire,0.00353489921604452,0.6843284447169385,0.312136656067017
FW_00487814,other_uncertain,other_uncertain,0.005457968619017711,0.1445048001818371,0.8500372311991452
FW_00662745,natural_vegetation_fire,natural_vegetation_fire,0.0007274452740200904,0.9817956954094059,0.0174768593165738
FW_01659500,other_uncertain,other_uncertain,0.05761497294742135,0.4062253158595009,0.5361597111930778
FW_01565926,natural_vegetation_fire,natural_vegetation_fire,0.0037841183603517068,0.6783068606706242,0.31790902096902407
FW_00180681,natural_vegetation_fire,natural_vegetation_fire,0.003090861365910123,0.9679094944395638,0.028999644194526154
FW_01345011,natural_vegetation_fire,natural_vegetation_fire,0.0004533401894913728,0.9830687163415304,0.016477943468978254
FW_00691401,natural_vegetation_fire,natural_vegetation_fire,0.002379732244187809,0.942598565497153,0.055021702258659065
FW_01277126,natural_vegetation_fire,natural_vegetation_fire,0.003994076054560774,0.9478917161524101,0.04811420779302906
FW_00031437,other_uncertain,other_uncertain,0.3612284559353986,0.004584367699982963,0.6341871763646184
FW_00915601,natural_vegetation_fire,natural_vegetation_fire,0.0008906243594897639,0.9930502914070379,0.006059084233472235
FW_00052978,other_uncertain,other_uncertain,0.03156438804657784,0.04733349700173614,0.9211021149516859
FW_01221350,natural_vegetation_fire,natural_vegetation_fire,0.0013312768986579726,0.936809716415954,0.061859006685388074
FW_00995441,natural_vegetation_fire,natural_vegetation_fire,0.001300102390748487,0.7692459756882332,0.22945392192101838
FW_00257542,natural_vegetation_fire,natural_vegetation_fire,0.0042233380619035275,0.9780298372058858,0.017746824732210866
FW_01428233,natural_vegetation_fire,natural_vegetation_fire,0.000989452286237433,0.9684841059928768,0.030526441720885773
FW_00338017,natural_vegetation_fire,natural_vegetation_fire,0.0027730755598827767,0.7411753947905351,0.25605152964958205
FW_01027058,industrial_fire_candidate,other_uncertain,0.09877374449177709,0.1752129826413272,0.7260132728668957
FW_00443881,industrial_fire_candidate,industrial_fire_candidate,0.7051646308451203,0.009049390339639083,0.28578597881524065
FW_01710306,natural_vegetation_fire,natural_vegetation_fire,0.0037033200920148198,0.9157820488451173,0.08051463106286799
FW_00478768,natural_vegetation_fire,natural_vegetation_fire,0.003787983970406247,0.6198294270325044,0.3763825889970893
FW_00464563,natural_vegetation_fire,natural_vegetation_fire,0.0016867785284374601,0.9468458791841109,0.05146734228745166
FW_01572217,natural_vegetation_fire,natural_vegetation_fire,0.0016896015639679103,0.9586909461743484,0.039619452261683556
FW_00433356,other_uncertain,other_uncertain,0.000996820964198461,0.03114984822495121,0.9678533308108502
FW_01087393,natural_vegetation_fire,other_uncertain,0.02852473501250785,0.4621588534413777,0.5093164115461145
FW_01134035,natural_vegetation_fire,other_uncertain,0.007982928275438613,0.2899989937044484,0.702018078020113
FW_01091632,natural_vegetation_fire,natural_vegetation_fire,0.0009798178477341604,0.8366112541698443,0.16240892798242146
FW_01506237,other_uncertain,other_uncertain,0.004262626621711694,0.39514588087070796,0.6005914925075804
FW_00268530,other_uncertain,other_uncertain,0.012957520755084436,0.09753513272267313,0.8895073465222425
FW_00725566,natural_vegetation_fire,natural_vegetation_fire,0.0019644092272219763,0.9710846611499347,0.026950929622843227
FW_00026708,other_uncertain,other_uncertain,0.001238120912651205,0.010155276693624057,0.9886066023937247
FW_00567093,other_uncertain,industrial_fire_candidate,0.6478916492865495,0.008972061073142905,0.3431362896403076
FW_00584015,other_uncertain,other_uncertain,0.030695552621105016,0.06038626503729787,0.908918182341597
FW_00125910,natural_vegetation_fire,natural_vegetation_fire,0.0013935072449204875,0.9723570446510349,0.026249448104044695
FW_01559827,industrial_fire_candidate,other_uncertain,0.027850057833611566,0.4812517335232233,0.490898208643165
FW_01409533,natural_vegetation_fire,natural_vegetation_fire,0.0006727922308760903,0.9842899776338985,0.015037230135225326
FW_00437275,other_uncertain,other_uncertain,0.0026900521482129554,0.09606362646812237,0.9012463213836646
FW_01216254,natural_vegetation_fire,natural_vegetation_fire,0.015907876198963763,0.7585708707817966,0.2255212530192396
FW_00553419,other_uncertain,other_uncertain,0.000986120825356115,0.008738312389418659,0.9902755667852252
FW_00892950,other_uncertain,other_uncertain,0.13131765438720155,0.022759578970827633,0.8459227666419709
FW_00958784,natural_vegetation_fire,natural_vegetation_fire,0.0017652839626182933,0.8512367501969982,0.14699796584038344
FW_01661576,other_uncertain,other_uncertain,0.0031216106860153707,0.29353040835417454,0.7033479809598101
FW_00722475,other_uncertain,other_uncertain,0.001721398495195045,0.015262358009561395,0.9830162434952435
FW_01665754,natural_vegetation_fire,natural_vegetation_fire,0.007018619639197628,0.6014379542059256,0.39154342615487686
FW_00877021,other_uncertain,other_uncertain,0.0008346988625865298,0.0270087518782375,0.9721565492591758
FW_00756506,natural_vegetation_fire,natural_vegetation_fire,0.0020689728878970698,0.9818858454329544,0.016045181679148354
FW_00302887,natural_vegetation_fire,natural_vegetation_fire,0.0007309689424325541,0.975512774893863,0.023756256163704473
FW_00484277,natural_vegetation_fire,natural_vegetation_fire,0.0006897668587749724,0.6925143755558404,0.30679585758538463
FW_01252533,natural_vegetation_fire,other_uncertain,0.0009946140747671855,0.021011861040206307,0.9779935248850266
FW_00217616,other_uncertain,other_uncertain,0.001108889710990907,0.019099414090330367,0.9797916961986786
FW_01152801,natural_vegetation_fire,natural_vegetation_fire,0.0012899721763771532,0.9278318437958366,0.07087818402778623
FW_01185568,natural_vegetation_fire,natural_vegetation_fire,0.0014052419624260952,0.9884487050866405,0.01014605295093326
FW_01504527,natural_vegetation_fire,natural_vegetation_fire,0.00048373494693542936,0.9914909970734646,0.008025267979599923
FW_01474811,natural_vegetation_fire,natural_vegetation_fire,0.0018167951843175074,0.9411649548844695,0.057018249931212926
FW_01269031,natural_vegetation_fire,natural_vegetation_fire,0.0012386134915920361,0.969717157807136,0.029044228701272014
FW_01338881,natural_vegetation_fire,natural_vegetation_fire,0.003081259461686934,0.950907973590547,0.04601076694776606
FW_00189415,natural_vegetation_fire,natural_vegetation_fire,0.001279373601640018,0.9685713985962163,0.030149227802143623
FW_00676448,natural_vegetation_fire,natural_vegetation_fire,0.0037059196347632166,0.9727502075338023,0.023543872831434685
FW_01557233,natural_vegetation_fire,natural_vegetation_fire,0.00402301375792432,0.6280929844210245,0.36788400182105124
FW_00154857,natural_vegetation_fire,natural_vegetation_fire,0.0005762586997115747,0.9688207862766852,0.03060295502360316
FW_00990768,natural_vegetation_fire,natural_vegetation_fire,0.001208167870114718,0.9451712099438918,0.05362062218599357
FW_01156551,natural_vegetation_fire,natural_vegetation_fire,0.0009018959983700413,0.9005122659389195,0.09858583806271047
FW_00984331,natural_vegetation_fire,natural_vegetation_fire,0.0005697643261833647,0.9837122476990019,0.015717987974814645
FW_00020228,industrial_fire_candidate,other_uncertain,0.06727619692552872,0.3093474869768154,0.6233763160976559
FW_00008156,industrial_fire_candidate,other_uncertain,0.2811250758683062,0.1372902984038731,0.5815846257278208
FW_00691154,natural_vegetation_fire,natural_vegetation_fire,0.0012139136169120686,0.9716612909630602,0.02712479542002772
FW_00054259,other_uncertain,other_uncertain,0.04145386780067179,0.017954417580070194,0.9405917146192582
FW_01254909,natural_vegetation_fire,natural_vegetation_fire,0.001784282988741196,0.9782951076878927,0.019920609323366048
FW_00628254,natural_vegetation_fire,natural_vegetation_fire,0.029435426580754886,0.6587767501389886,0.31178782328025645
FW_00487528,natural_vegetation_fire,natural_vegetation_fire,0.0010129915373903635,0.9083107511989571,0.09067625726365236
FW_00902677,natural_vegetation_fire,natural_vegetation_fire,0.0032418377788341985,0.9166231493262524,0.0801350128949134
FW_00046898,natural_vegetation_fire,natural_vegetation_fire,0.010885634579563505,0.8032514490700972,0.18586291635033925
FW_00006892,natural_vegetation_fire,natural_vegetation_fire,0.001815343299100078,0.9587055972817895,0.039479059419110514
FW_01617939,other_uncertain,other_uncertain,0.01958786544565335,0.012120933393255512,0.9682912011610911
FW_00905508,natural_vegetation_fire,natural_vegetation_fire,0.0022018409063143435,0.9474278444323628,0.05037031466132269
FW_01194706,natural_vegetation_fire,natural_vegetation_fire,0.015180398847514489,0.7068553821270835,0.27796421902540197
FW_00300183,natural_vegetation_fire,natural_vegetation_fire,0.00347540274411848,0.7375213239508839,0.25900327330499767
FW_00470151,natural_vegetation_fire,natural_vegetation_fire,0.006300525705530947,0.8025748746928313,0.1911245996016376
FW_00186807,natural_vegetation_fire,natural_vegetation_fire,0.001169518280769971,0.9872102262964229,0.01162025542280723
FW_00254394,other_uncertain,other_uncertain,0.2104598908770864,0.2895210401581414,0.5000190689647722
FW_01558535,natural_vegetation_fire,natural_vegetation_fire,0.003256470092114358,0.9283200523555366,0.06842347755234911
FW_01508558,natural_vegetation_fire,natural_vegetation_fire,0.009228317727973896,0.771799368716223,0.21897231355580307
FW_00172201,natural_vegetation_fire,natural_vegetation_fire,0.0030315523489224043,0.9216509069559803,0.07531754069509726
FW_00393016,natural_vegetation_fire,natural_vegetation_fire,0.009430510192159413,0.7986264860527013,0.19194300375513937
FW_01204692,industrial_fire_candidate,industrial_fire_candidate,0.8170469676556401,0.04753607005671887,0.13541696228764094
FW_00515222,industrial_fire_candidate,natural_vegetation_fire,0.3755011834401407,0.4099602978310311,0.21453851872882823
FW_00936720,natural_vegetation_fire,natural_vegetation_fire,0.005013452625752318,0.9216206252108843,0.07336592216336346
FW_00220067,natural_vegetation_fire,natural_vegetation_fire,0.003501063960898445,0.8349293959945411,0.16156954004456062
FW_01550471,other_uncertain,other_uncertain,0.13356113439808756,0.11807865737563306,0.7483602082262794
FW_01043567,other_uncertain,other_uncertain,0.007820644240281314,0.4608539018528065,0.5313254539069121
FW_01328085,natural_vegetation_fire,natural_vegetation_fire,0.0035737093968445607,0.9550597887802723,0.041366501822883095
FW_01568139,natural_vegetation_fire,natural_vegetation_fire,0.006432269878893221,0.8722900522457178,0.12127767787538903
FW_01559828,industrial_fire_candidate,natural_vegetation_fire,0.13137025672462133,0.7316313084112704,0.13699843486410834
FW_00911041,natural_vegetation_fire,natural_vegetation_fire,0.0023140018506499437,0.7918970920191541,0.20578890613019601
FW_00465847,natural_vegetation_fire,natural_vegetation_fire,0.0038184992019663125,0.9371661753773148,0.05901532542071895
FW_00144468,other_uncertain,other_uncertain,0.008980974674516643,0.004431437232463649,0.9865875880930196
FW_00462549,natural_vegetation_fire,natural_vegetation_fire,0.011444738002939736,0.8009527994366898,0.18760246256037022
FW_00987781,natural_vegetation_fire,natural_vegetation_fire,0.001423963687298489,0.9241969636357443,0.07437907267695727
FW_00162940,natural_vegetation_fire,natural_vegetation_fire,0.00032072610429513147,0.9880137106789167,0.011665563216788046
FW_01332590,natural_vegetation_fire,natural_vegetation_fire,0.0009517569603210487,0.9237222121428591,0.07532603089681982
FW_00766085,natural_vegetation_fire,natural_vegetation_fire,0.001528326709501056,0.956714675483057,0.04175699780744203
FW_01236186,natural_vegetation_fire,other_uncertain,0.000829729664693925,0.03886584757288931,0.9603044227624168
FW_00973854,natural_vegetation_fire,natural_vegetation_fire,0.016038322485353532,0.8953014825280936,0.08866019498655303
FW_00003790,natural_vegetation_fire,other_uncertain,0.06732021567160934,0.15932831576579404,0.7733514685625965
FW_00447381,other_uncertain,other_uncertain,0.13751306046047784,0.02356549277540214,0.8389214467641201
FW_00404777,natural_vegetation_fire,natural_vegetation_fire,0.004894325023522983,0.8459071919903426,0.14919848298613456
FW_00887080,natural_vegetation_fire,natural_vegetation_fire,0.0041516752043407705,0.9457464355096729,0.0501018892859865
FW_01092293,natural_vegetation_fire,natural_vegetation_fire,0.012282122717347283,0.7101732412606538,0.27754463602199886
FW_00681050,natural_vegetation_fire,natural_vegetation_fire,0.0025448104527575734,0.937865580541665,0.0595896090055774
FW_01024997,other_uncertain,other_uncertain,0.23838134986811182,0.032499442838854545,0.7291192072930336
FW_01693894,other_uncertain,other_uncertain,0.006670130598049067,0.09202230575827305,0.9013075636436779
FW_00268542,other_uncertain,other_uncertain,0.0027680343551848624,0.040882232263974014,0.9563497333808411
FW_01445709,natural_vegetation_fire,natural_vegetation_fire,0.0005730112750806244,0.9759227323891179,0.02350425633580147
FW_00150575,natural_vegetation_fire,natural_vegetation_fire,0.001133301358684019,0.9839245043628055,0.014942194278510595
FW_00078034,other_uncertain,other_uncertain,0.3727448665018371,0.006027612755825437,0.6212275207423374
FW_00130603,natural_vegetation_fire,natural_vegetation_fire,0.0012794484644727997,0.9766805362610315,0.022040015274495794
FW_01228642,natural_vegetation_fire,natural_vegetation_fire,0.0030161708079796097,0.8850009284992645,0.11198290069275604
FW_00468943,other_uncertain,other_uncertain,0.0005674885231799339,0.02811281115971298,0.9713197003171071
FW_01668229,natural_vegetation_fire,natural_vegetation_fire,0.0008790981987620757,0.755810564380271,0.24331033742096683
FW_00747171,other_uncertain,other_uncertain,0.027605253433262235,0.16311399117796865,0.8092807553887692
FW_01018605,other_uncertain,other_uncertain,0.005573066772976909,0.04207665064096113,0.9523502825860619
FW_01539908,natural_vegetation_fire,natural_vegetation_fire,0.0021745190641380015,0.9110112123626133,0.08681426857324868
FW_00137587,natural_vegetation_fire,natural_vegetation_fire,0.0026822106400787166,0.8759277130852616,0.1213900762746596
FW_00661504,natural_vegetation_fire,natural_vegetation_fire,0.0016218581093372525,0.9664656473020489,0.031912494588613845
FW_01006655,natural_vegetation_fire,natural_vegetation_fire,0.0010465740157874753,0.8217509217389957,0.17720250424521686
FW_01484876,natural_vegetation_fire,natural_vegetation_fire,0.010030520103159529,0.8440941725196648,0.1458753073771758
FW_01143488,other_uncertain,other_uncertain,0.040216248126805576,0.01572589564275872,0.9440578562304357
FW_00453450,natural_vegetation_fire,natural_vegetation_fire,0.017117692407031336,0.8377827303403779,0.14509957725259068
FW_01007112,other_uncertain,natural_vegetation_fire,0.0029963027432141865,0.6998505978821102,0.29715309937467566
FW_01585102,natural_vegetation_fire,natural_vegetation_fire,0.00224532940779329,0.9513156719868714,0.0464389986053353
FW_01607251,other_uncertain,other_uncertain,0.172084752803392,0.04594951009522427,0.7819657371013837
FW_01685971,natural_vegetation_fire,natural_vegetation_fire,0.0009520082788685611,0.8616039156762644,0.137444076044867
FW_01086069,natural_vegetation_fire,natural_vegetation_fire,0.0015068586375745518,0.7275732365744523,0.2709199047879732
FW_00694200,other_uncertain,other_uncertain,0.21729743228173104,0.030554551978024695,0.7521480157402441
FW_01680444,other_uncertain,other_uncertain,0.003067175497482526,0.14998519706658756,0.8469476274359299
FW_01363372,natural_vegetation_fire,natural_vegetation_fire,0.0008369647608126497,0.9842679898716014,0.014895045367585971
FW_01687871,natural_vegetation_fire,natural_vegetation_fire,0.0010640722559501553,0.964341987916808,0.034593939827241876
FW_01112668,natural_vegetation_fire,other_uncertain,0.03809912671583232,0.4440011650464158,0.5178997082377519
FW_01067152,natural_vegetation_fire,natural_vegetation_fire,0.0010806079264816808,0.9312099330185649,0.06770945905495351
FW_00569489,other_uncertain,industrial_fire_candidate,0.5373589793763408,0.0933808094300393,0.36926021119361985
FW_00579234,natural_vegetation_fire,other_uncertain,0.01539189342393279,0.4625135194981091,0.5220945870779582
FW_01228098,other_uncertain,natural_vegetation_fire,0.002544704806796889,0.6983440036584545,0.2991112915347485
FW_00987729,other_uncertain,natural_vegetation_fire,0.001524883297898774,0.6988171925868315,0.29965792411526965
FW_00656729,natural_vegetation_fire,natural_vegetation_fire,0.0019378914871608231,0.9082621466361815,0.08979996187665766
FW_00501150,natural_vegetation_fire,natural_vegetation_fire,0.008311463348971052,0.7797897571017394,0.21189877954928962
FW_00482052,natural_vegetation_fire,natural_vegetation_fire,0.0007392993703456254,0.9658078090495774,0.033452891580076936
FW_01579668,other_uncertain,other_uncertain,0.05885049756014271,0.03866779141089126,0.9024817110289659
FW_01706080,natural_vegetation_fire,natural_vegetation_fire,0.0021286876768552717,0.8742498779575509,0.12362143436559375
FW_01467848,natural_vegetation_fire,natural_vegetation_fire,0.004682832105687817,0.9518701098310425,0.04344705806326972
FW_00007817,natural_vegetation_fire,natural_vegetation_fire,0.0010764930217413038,0.98302656422176,0.015896942756498562
FW_00690962,natural_vegetation_fire,natural_vegetation_fire,0.001359542872787975,0.917172876669992,0.08146758045721998
FW_01504799,natural_vegetation_fire,natural_vegetation_fire,0.002474131939039476,0.9729438049122353,0.02458206314872508
FW_00529618,natural_vegetation_fire,natural_vegetation_fire,0.0034723974304163136,0.8190773389094673,0.1774502636601164
FW_00693316,other_uncertain,other_uncertain,0.0008528365791458471,0.02860956011495526,0.9705376033058989
FW_00424720,other_uncertain,other_uncertain,0.0028044405962856177,0.010902099465308056,0.9862934599384062
FW_01604728,other_uncertain,other_uncertain,0.0014623781668093962,0.031586707249395926,0.9669509145837948
FW_00500950,natural_vegetation_fire,natural_vegetation_fire,0.0008242017365825107,0.9064239583470399,0.0927518399163777
FW_00478147,natural_vegetation_fire,natural_vegetation_fire,0.0005786030892821891,0.9081631036999811,0.09125829321073665
FW_00641782,other_uncertain,other_uncertain,0.0033461269079680953,0.01681203669504777,0.9798418363969841
FW_00498733,natural_vegetation_fire,natural_vegetation_fire,0.001291498256013956,0.9698061720608722,0.028902329683113757
FW_01702928,natural_vegetation_fire,natural_vegetation_fire,0.017446429444535037,0.6001479187920102,0.3824056517634547
FW_00148553,natural_vegetation_fire,natural_vegetation_fire,0.0014155284911824423,0.9475648395854084,0.05101963192340922
FW_01274998,natural_vegetation_fire,natural_vegetation_fire,0.0017145009914696046,0.962897193397435,0.03538830561109538
FW_00272194,natural_vegetation_fire,natural_vegetation_fire,0.00434760711011381,0.800392332908052,0.19526005998183413
FW_01028643,other_uncertain,other_uncertain,0.0010129655460437183,0.02234738036184584,0.9766396540921104
FW_00287044,natural_vegetation_fire,natural_vegetation_fire,0.0047627215498478965,0.9711714032964128,0.024065875153739258
FW_01181499,natural_vegetation_fire,natural_vegetation_fire,0.0011258716770742548,0.9063495982080436,0.09252453011488222
FW_01253854,natural_vegetation_fire,natural_vegetation_fire,0.0049221534975795395,0.9476354764710089,0.04744237003141164
FW_01565945,natural_vegetation_fire,natural_vegetation_fire,0.0035742934623299682,0.8263301964764304,0.17009551006123966
FW_01366415,natural_vegetation_fire,natural_vegetation_fire,0.004335580840069842,0.8877880804183977,0.10787633874153243
FW_00145226,natural_vegetation_fire,natural_vegetation_fire,0.0021517878234793893,0.9598950046254255,0.03795320755109506
FW_01221302,other_uncertain,other_uncertain,0.008104384692804518,0.31156507050269644,0.6803305448044991
FW_00530292,natural_vegetation_fire,natural_vegetation_fire,0.0013593008460574482,0.9258055308810504,0.07283516827289199
FW_01075689,natural_vegetation_fire,natural_vegetation_fire,0.0007254536629349471,0.8754387380363419,0.12383580830072302
FW_01356811,other_uncertain,other_uncertain,0.0008365665930680756,0.0433792475489283,0.9557841858580036
FW_00601868,natural_vegetation_fire,natural_vegetation_fire,0.0016121000162963362,0.93321870050096,0.06516919948274363
FW_00273679,natural_vegetation_fire,natural_vegetation_fire,0.001728778859868298,0.9820722792987998,0.016198941841331804
FW_00400710,other_uncertain,other_uncertain,0.007301421453625619,0.35497569304917903,0.6377228854971954
FW_00612430,natural_vegetation_fire,natural_vegetation_fire,0.0004347067814322234,0.9756544126736661,0.02391088054490172
FW_00965780,natural_vegetation_fire,natural_vegetation_fire,0.05764294939822553,0.6687359188401941,0.27362113176158037
FW_01474880,natural_vegetation_fire,natural_vegetation_fire,0.004147835662729642,0.9245516090695477,0.07130055526772269
FW_01125282,natural_vegetation_fire,natural_vegetation_fire,0.0021894753255104,0.8153933068924655,0.1824172177820242
FW_01585423,other_uncertain,other_uncertain,0.0003038010597561812,0.012086832584381084,0.9876093663558628
FW_00474776,other_uncertain,other_uncertain,0.03888483687942103,0.09066276737222148,0.8704523957483576
FW_00720646,natural_vegetation_fire,natural_vegetation_fire,0.015137205731449967,0.8191868508063122,0.16567594346223802
FW_00341872,natural_vegetation_fire,natural_vegetation_fire,0.00417701932164289,0.8018409227101061,0.19398205796825105
FW_00986660,natural_vegetation_fire,natural_vegetation_fire,0.0030456277745996773,0.8696955907737985,0.1272587814516018
FW_01661589,natural_vegetation_fire,natural_vegetation_fire,0.002053806006634802,0.8068024679001624,0.1911437260932029
FW_00377854,natural_vegetation_fire,natural_vegetation_fire,0.002992294449683092,0.7494531978459075,0.24755450770440954
FW_01301967,natural_vegetation_fire,natural_vegetation_fire,0.0007522447137667473,0.9511578376414583,0.04808991764477493
FW_01535066,natural_vegetation_fire,natural_vegetation_fire,0.0012628646468825586,0.7597072094916191,0.2390299258614983
FW_01693902,other_uncertain,other_uncertain,0.012597405519402114,0.009390347965043382,0.9780122465155546
FW_01204693,industrial_fire_candidate,industrial_fire_candidate,0.7811063037587315,0.05708012260388431,0.16181357363738424
FW_01604895,other_uncertain,other_uncertain,0.025882424627782886,0.015261241135053082,0.958856334237164
FW_01659953,other_uncertain,other_uncertain,0.013109200767910235,0.23499209452822317,0.7518987047038665
FW_00279231,natural_vegetation_fire,natural_vegetation_fire,0.0007202112891998948,0.9689018392061978,0.03037794950460212
FW_00469693,natural_vegetation_fire,natural_vegetation_fire,0.0016765377057525158,0.8920405661115199,0.10628289618272746
FW_01591470,natural_vegetation_fire,other_uncertain,0.0007313863005113003,0.02743964396032953,0.9718289697391592
FW_01253900,other_uncertain,other_uncertain,0.13763249616676337,0.04767341496013422,0.8146940888731024
FW_00413372,other_uncertain,other_uncertain,0.006239454879923239,0.02637472977273183,0.9673858153473448
FW_01383658,natural_vegetation_fire,natural_vegetation_fire,0.0013942260954337869,0.9666754447353686,0.03193032916919757
FW_00514521,natural_vegetation_fire,natural_vegetation_fire,0.002639651146028225,0.8827384629883689,0.11462188586560307
FW_00309482,natural_vegetation_fire,natural_vegetation_fire,0.005273014319171125,0.9470836258004641,0.04764335988036483
FW_00169054,natural_vegetation_fire,natural_vegetation_fire,0.002584042259088401,0.961773066594327,0.035642891146584414
FW_00561214,natural_vegetation_fire,natural_vegetation_fire,0.0034435600814944857,0.871733087227096,0.12482335269140955
FW_01198132,other_uncertain,other_uncertain,0.0018589088417752368,0.010315023096278504,0.9878260680619462
FW_01579321,natural_vegetation_fire,other_uncertain,0.05652450293294917,0.24096553653745675,0.702509960529594
FW_00960976,natural_vegetation_fire,natural_vegetation_fire,0.0009320277654593016,0.9840985948032976,0.014969377431243016
FW_00835179,other_uncertain,other_uncertain,0.002048637193534772,0.23895593962343584,0.7589954231830294
FW_00262554,natural_vegetation_fire,natural_vegetation_fire,0.0018913503438723396,0.9362333036251593,0.06187534603096833
FW_01308204,other_uncertain,other_uncertain,0.010959047564756755,0.03318566906588667,0.9558552833693565
FW_00652709,natural_vegetation_fire,natural_vegetation_fire,0.0067462901605099546,0.9363292929045333,0.056924416934956854
FW_00999146,natural_vegetation_fire,natural_vegetation_fire,0.008675149338315199,0.7205743791857586,0.2707504714759261
FW_00490146,natural_vegetation_fire,natural_vegetation_fire,0.0034248165614849295,0.8510390077944795,0.14553617564403554
FW_00990009,natural_vegetation_fire,natural_vegetation_fire,0.004039076739626981,0.9354330976984032,0.060527825561969735
FW_00328485,natural_vegetation_fire,natural_vegetation_fire,0.0008241904359385786,0.868600401157674,0.13057540840638746
FW_00003577,natural_vegetation_fire,other_uncertain,0.08324486191455556,0.420123161813125,0.4966319762723196
FW_01160475,other_uncertain,other_uncertain,0.017411117817810243,0.03944212075312628,0.9431467614290634
FW_00216373,natural_vegetation_fire,other_uncertain,0.05708057513761155,0.4357381117450042,0.5071813131173842
FW_01123904,natural_vegetation_fire,natural_vegetation_fire,0.003690220341114102,0.776396541728417,0.21991323793046896
FW_00630298,other_uncertain,other_uncertain,0.009032090937573919,0.27507127795917363,0.7158966311032524
FW_01242286,natural_vegetation_fire,natural_vegetation_fire,0.0012173913290539622,0.8618975971799455,0.13688501149100057
FW_00981331,natural_vegetation_fire,natural_vegetation_fire,0.003689847146013384,0.9076574967585513,0.08865265609543534
FW_01457847,natural_vegetation_fire,natural_vegetation_fire,0.0020285374706185016,0.9777292943530526,0.020242168176329005
FW_00723200,natural_vegetation_fire,natural_vegetation_fire,0.0012625007283333283,0.9607226226017787,0.03801487666988788
FW_01385858,natural_vegetation_fire,natural_vegetation_fire,0.0007557709261134896,0.9893264287019522,0.009917800371934314
FW_01423720,natural_vegetation_fire,natural_vegetation_fire,0.001554546489280671,0.9790329891609798,0.01941246434973938
FW_01499244,natural_vegetation_fire,natural_vegetation_fire,0.0008357679397034242,0.8847204247454211,0.11444380731487552
FW_01498776,other_uncertain,other_uncertain,0.05655196122440067,0.10238454507279826,0.8410634937028011
FW_00944667,natural_vegetation_fire,natural_vegetation_fire,0.00929879371322627,0.8747818301619864,0.11591937612478735
FW_00975461,natural_vegetation_fire,natural_vegetation_fire,0.008937265179979685,0.5514948707116845,0.43956786410833587
FW_01489196,natural_vegetation_fire,natural_vegetation_fire,0.013695005130816826,0.7631236230902348,0.22318137177894834
FW_00946141,natural_vegetation_fire,natural_vegetation_fire,0.0024428638565168396,0.8682224874484447,0.12933464869503844
FW_01599220,natural_vegetation_fire,other_uncertain,0.014654125053777355,0.18214286391030513,0.8032030110359175
FW_00134837,natural_vegetation_fire,natural_vegetation_fire,0.0003581898344808525,0.985351573899156,0.014290236266363426
FW_01521900,natural_vegetation_fire,other_uncertain,0.023755208546760876,0.15641942488893906,0.8198253665643002
FW_00001017,other_uncertain,other_uncertain,0.09409305121066136,0.030603428390622793,0.8753035203987157
FW_00054750,other_uncertain,other_uncertain,0.0007103223757690446,0.02780495936674264,0.9714847182574883
FW_01573291,natural_vegetation_fire,natural_vegetation_fire,0.0723500544059511,0.7227867260158657,0.2048632195781832
FW_01610087,other_uncertain,other_uncertain,0.14140681758911933,0.035418141962346585,0.823175040448534
FW_00036538,other_uncertain,other_uncertain,0.0008023753673053282,0.015855327243446467,0.9833422973892483
FW_01459067,natural_vegetation_fire,natural_vegetation_fire,0.0026103065350824677,0.8840426800569043,0.11334701340801304
FW_00284020,natural_vegetation_fire,natural_vegetation_fire,0.002237454665938,0.9135191767507715,0.08424336858329046
FW_01160818,natural_vegetation_fire,natural_vegetation_fire,0.0017624408961483518,0.9412678423423826,0.056969716761469016
FW_00575764,natural_vegetation_fire,natural_vegetation_fire,0.0010902196329644145,0.6762346730388984,0.3226751073281372
FW_01029830,natural_vegetation_fire,natural_vegetation_fire,0.001033577736959858,0.7277372505709345,0.27122917169210564
FW_00074052,natural_vegetation_fire,natural_vegetation_fire,0.002961914564690973,0.9499515543020868,0.04708653113322235
FW_00191623,natural_vegetation_fire,natural_vegetation_fire,0.0008830618484452805,0.9631311412157907,0.03598579693576409
FW_00054037,natural_vegetation_fire,natural_vegetation_fire,0.0031293040889279534,0.9059546858703342,0.09091601004073772
FW_00449430,other_uncertain,other_uncertain,0.013531664691495016,0.13723690796861032,0.8492314273398947
FW_01446734,natural_vegetation_fire,natural_vegetation_fire,0.0008965231180657814,0.930406114176129,0.06869736270580507
FW_01260226,other_uncertain,other_uncertain,0.009055502041994299,0.04447827985839512,0.9464662180996106
FW_00517504,other_uncertain,other_uncertain,0.0031230744766251387,0.33575849223907744,0.6611184332842974
FW_00966743,natural_vegetation_fire,natural_vegetation_fire,0.1046259172747475,0.4950311531335967,0.4003429295916559
FW_00073669,natural_vegetation_fire,natural_vegetation_fire,0.0015210911617635737,0.9881124657794433,0.010366443058793126
FW_00240490,natural_vegetation_fire,natural_vegetation_fire,0.0030769050360678887,0.9658022545165057,0.03112084044742656
FW_01706089,natural_vegetation_fire,natural_vegetation_fire,0.0008127779331158374,0.9470123920773196,0.05217482998956443
FW_00403966,other_uncertain,other_uncertain,0.0012629945496856149,0.010178780544861618,0.9885582249054529
FW_01609309,other_uncertain,other_uncertain,0.031677230401472675,0.055369798034534276,0.912952971563993
FW_00635141,natural_vegetation_fire,other_uncertain,0.013898025450959525,0.09724471674999267,0.8888572577990478
FW_00567914,other_uncertain,other_uncertain,0.010588253178911837,0.10288926968483979,0.8865224771362484
FW_01204044,natural_vegetation_fire,other_uncertain,0.0012031943357913336,0.04153633976556506,0.9572604658986437
FW_00982540,natural_vegetation_fire,natural_vegetation_fire,0.0013318595746806435,0.887753439209234,0.11091470121608538
FW_00047667,natural_vegetation_fire,natural_vegetation_fire,0.001593962808183251,0.9301961387511068,0.06820989844071004
FW_00037859,other_uncertain,other_uncertain,0.0019193281409278888,0.020648175066728804,0.9774324967923433
FW_00856184,natural_vegetation_fire,natural_vegetation_fire,0.0021541828055981677,0.9561215357645247,0.0417242814298771
FW_01218153,natural_vegetation_fire,natural_vegetation_fire,0.016382272745976253,0.7989932434648892,0.1846244837891346
FW_01042095,other_uncertain,other_uncertain,0.004739180311573012,0.1777601656349915,0.8175006540534355
FW_00356282,natural_vegetation_fire,natural_vegetation_fire,0.000641202342881073,0.9459327803567439,0.053426017300375155
FW_00413374,other_uncertain,other_uncertain,0.002487251331347976,0.010054630456581563,0.9874581182120705
FW_00402551,other_uncertain,other_uncertain,0.003216596365573345,0.014889276280363767,0.9818941273540629
FW_00260145,natural_vegetation_fire,other_uncertain,0.006214705616488978,0.4200750428640795,0.5737102515194316
FW_00523035,other_uncertain,other_uncertain,0.002628351358065667,0.016993734937872974,0.9803779137040614
FW_01102167,other_uncertain,other_uncertain,0.037580949275398706,0.05641726010139283,0.9060017906232084
FW_01143314,other_uncertain,other_uncertain,0.005924901176560209,0.17388529201184322,0.8201898068115966
FW_00975002,natural_vegetation_fire,natural_vegetation_fire,0.003922841911203873,0.7724236736519499,0.22365348443684627
FW_01163763,other_uncertain,other_uncertain,0.008192018063800849,0.09014283492673394,0.9016651470094652
FW_01300198,natural_vegetation_fire,natural_vegetation_fire,0.005854132864033572,0.7670215271415994,0.2271243399943669
FW_00070682,natural_vegetation_fire,natural_vegetation_fire,0.0016508804733303525,0.9660983773630437,0.03225074216362605
FW_01563092,natural_vegetation_fire,natural_vegetation_fire,0.06757920884297555,0.5285515963661337,0.40386919479089073
FW_01535761,other_uncertain,other_uncertain,0.013879921367517421,0.23039901387348122,0.7557210647590015
FW_00393295,natural_vegetation_fire,natural_vegetation_fire,0.0033765583436164105,0.7348735991939186,0.2617498424624651
FW_00254996,natural_vegetation_fire,natural_vegetation_fire,0.002372501835775718,0.9627530407495597,0.034874457414664654
FW_00438306,other_uncertain,other_uncertain,0.002448689280928257,0.051562724393856965,0.9459885863252148
FW_00756265,natural_vegetation_fire,natural_vegetation_fire,0.0012413300191799813,0.9612517180315843,0.03750695194923564
FW_01586772,natural_vegetation_fire,natural_vegetation_fire,0.005611820651892651,0.6305031138719626,0.36388506547614485
FW_01265132,natural_vegetation_fire,natural_vegetation_fire,0.0010181424988921915,0.9350053702121773,0.06397648728893032
FW_00456915,other_uncertain,other_uncertain,0.04923428181685509,0.024952628819719137,0.9258130893634258
FW_00883172,natural_vegetation_fire,other_uncertain,0.004210337055471422,0.4334050664048419,0.5623845965396868
FW_00841046,other_uncertain,other_uncertain,0.125166152685936,0.020046200307219746,0.8547876470068442
FW_00679185,natural_vegetation_fire,natural_vegetation_fire,0.0036129165887887637,0.9563580248262183,0.040029058584992755
FW_00473402,natural_vegetation_fire,natural_vegetation_fire,0.0026794935004535586,0.8179526940213999,0.17936781247814648
FW_00581435,other_uncertain,other_uncertain,0.0009317036815691042,0.01842502730761386,0.980643269010817
FW_01060132,other_uncertain,other_uncertain,0.00194232603743692,0.020763214567304757,0.9772944593952584
FW_01541000,natural_vegetation_fire,natural_vegetation_fire,0.003344767236028667,0.7620303131097818,0.23462491965418972
FW_01030212,other_uncertain,other_uncertain,0.0007681194084952757,0.02833143150356661,0.970900449087938
FW_00769470,natural_vegetation_fire,natural_vegetation_fire,0.001897241336653224,0.9744887389057932,0.02361401975755372
FW_01572491,other_uncertain,other_uncertain,0.0013252579976549795,0.08005294184811734,0.9186218001542277
FW_00414861,natural_vegetation_fire,natural_vegetation_fire,0.002098664338287031,0.7566176398382787,0.24128369582343423
FW_01470796,natural_vegetation_fire,natural_vegetation_fire,0.0004287288327790634,0.9794512071743701,0.020120063992850722
FW_00189150,natural_vegetation_fire,natural_vegetation_fire,0.0008665765887953295,0.9344194317621991,0.06471399164900568
FW_01316288,natural_vegetation_fire,natural_vegetation_fire,0.002699024679131881,0.9830842551922924,0.014216720128575729
FW_01309931,industrial_fire_candidate,natural_vegetation_fire,0.23176409351131258,0.5310507242972248,0.23718518219146267
FW_00354035,industrial_fire_candidate,other_uncertain,0.2874003776438396,0.023398939817617335,0.689200682538543
FW_01113483,natural_vegetation_fire,natural_vegetation_fire,0.002107751675114301,0.6693322507934915,0.3285599975313942
FW_00446692,industrial_fire_candidate,other_uncertain,0.16021676556001493,0.030501823364745224,0.8092814110752399
FW_00484203,natural_vegetation_fire,natural_vegetation_fire,0.001858079547575711,0.8941722992780737,0.10396962117435057
FW_01040521,natural_vegetation_fire,natural_vegetation_fire,0.0009553457977126004,0.9863700163853424,0.012674637816945184
FW_00524917,natural_vegetation_fire,natural_vegetation_fire,0.0856888885371857,0.7521766957122165,0.16213441575059795
FW_01338718,other_uncertain,natural_vegetation_fire,0.002444749950610803,0.8387906709611709,0.15876457908821828
FW_00177974,natural_vegetation_fire,natural_vegetation_fire,0.002900478227472439,0.8987090386453045,0.09839048312722307
FW_00769739,natural_vegetation_fire,natural_vegetation_fire,0.001275419087106503,0.9798543030273915,0.018870277885502048
FW_00388927,other_uncertain,other_uncertain,0.0014608255333752199,0.037462088887862774,0.961077085578762
FW_01686517,natural_vegetation_fire,natural_vegetation_fire,0.006031743828021863,0.771353993983453,0.22261426218852526
FW_00713132,natural_vegetation_fire,natural_vegetation_fire,0.006556190454654898,0.8896795612820426,0.10376424826330241
FW_01619470,natural_vegetation_fire,natural_vegetation_fire,0.0013134903875559529,0.9623242592223878,0.036362250390056215
FW_00148073,natural_vegetation_fire,natural_vegetation_fire,0.0018836411818348399,0.9445944601643288,0.05352189865383633
FW_01135260,other_uncertain,other_uncertain,0.17412755291508897,0.006431480144362984,0.8194409669405481
FW_01204054,other_uncertain,other_uncertain,0.004611010481453542,0.021870812746949533,0.973518176771597
FW_00159918,natural_vegetation_fire,natural_vegetation_fire,0.001249412148585889,0.9877912659279875,0.010959321923426545
FW_00044475,natural_vegetation_fire,natural_vegetation_fire,0.30835641051018486,0.3852863971996522,0.306357192290163
FW_01487873,other_uncertain,other_uncertain,0.007024632338107939,0.4711414226346263,0.5218339450272658
FW_00331104,natural_vegetation_fire,natural_vegetation_fire,0.010324318004394758,0.9226138853558098,0.06706179663979563
FW_00512571,natural_vegetation_fire,natural_vegetation_fire,0.0034607148263311066,0.839301838695064,0.15723744647860485
FW_00631090,natural_vegetation_fire,natural_vegetation_fire,0.0020570389409565897,0.9436195174485068,0.05432344361053665
FW_00362511,natural_vegetation_fire,natural_vegetation_fire,0.007589140637791401,0.9219434043225214,0.07046745503968722
FW_00609098,industrial_fire_candidate,other_uncertain,0.2139461467221645,0.005741875471839034,0.7803119778059964
FW_01253127,natural_vegetation_fire,natural_vegetation_fire,0.0006412268137570055,0.9899434288990155,0.009415344287227564
FW_00361634,natural_vegetation_fire,natural_vegetation_fire,0.0026507082434098603,0.8403667578976555,0.15698253385893463
FW_00823548,natural_vegetation_fire,natural_vegetation_fire,0.0006908918371480411,0.9778322535631907,0.021476854599661224
FW_00292463,other_uncertain,natural_vegetation_fire,0.008755424557791757,0.8364266600012021,0.15481791544100618
FW_01661604,natural_vegetation_fire,natural_vegetation_fire,0.0014401341087765765,0.7793860228074752,0.21917384308374824
FW_01171311,other_uncertain,other_uncertain,0.08256388784941777,0.14157140991241854,0.7758647022381637
FW_00566712,natural_vegetation_fire,natural_vegetation_fire,0.002889355528943459,0.9553136677772058,0.041796976693850664
FW_01593518,other_uncertain,natural_vegetation_fire,0.0014455823359020143,0.7827084085125501,0.2158460091515479
FW_00753446,natural_vegetation_fire,natural_vegetation_fire,0.0009202788254498386,0.966657347991545,0.03242237318300524
FW_01575813,natural_vegetation_fire,natural_vegetation_fire,0.002285546581091031,0.8668297005412768,0.13088475287763193
FW_00755397,natural_vegetation_fire,natural_vegetation_fire,0.0042930491587871294,0.8963109523549182,0.09939599848629488
FW_01398262,natural_vegetation_fire,other_uncertain,0.000489853475721074,0.025363493882829043,0.97414665264145
FW_00459008,natural_vegetation_fire,natural_vegetation_fire,0.0009622835082485338,0.8835925725986842,0.11544514389306725
FW_00902676,natural_vegetation_fire,natural_vegetation_fire,0.0066485131935244655,0.91517264445533,0.07817884235114551
FW_00994277,natural_vegetation_fire,natural_vegetation_fire,0.00557313395264679,0.8253369000086126,0.16908996603874063
FW_00323987,natural_vegetation_fire,natural_vegetation_fire,0.00644416057328886,0.9294559365027169,0.06409990292399413
FW_01472627,natural_vegetation_fire,natural_vegetation_fire,0.001861673013363469,0.9878348793303345,0.010303447656302095
FW_01122898,natural_vegetation_fire,natural_vegetation_fire,0.0007476570132833697,0.9500473015550438,0.04920504143167282
FW_00426888,industrial_fire_candidate,other_uncertain,0.2761856581253352,0.03797378682037417,0.6858405550542906
FW_00809145,natural_vegetation_fire,natural_vegetation_fire,0.00695176265371802,0.9393184016198077,0.05372983572647428
FW_00267740,other_uncertain,industrial_fire_candidate,0.6086385153367005,0.17601889443108026,0.21534259023221924
FW_01061225,natural_vegetation_fire,natural_vegetation_fire,0.0038443594915868583,0.8928788586708402,0.10327678183757295
FW_00721411,natural_vegetation_fire,natural_vegetation_fire,0.002543757285522945,0.8975418107365796,0.09991443197789737
FW_00563456,natural_vegetation_fire,natural_vegetation_fire,0.0009741228746572187,0.8660799550097793,0.1329459221155634
FW_00449941,industrial_fire_candidate,other_uncertain,0.32555974425809847,0.02277824331478501,0.6516620124271165
FW_01305234,natural_vegetation_fire,industrial_fire_candidate,0.5153650986164108,0.06332370484384356,0.4213111965397457
FW_01624843,natural_vegetation_fire,other_uncertain,0.006916767809051458,0.4394542660032047,0.5536289661877439
FW_01045093,other_uncertain,natural_vegetation_fire,0.0007114705174607167,0.9454174325335238,0.053871096949015485
FW_01694279,natural_vegetation_fire,natural_vegetation_fire,0.0006387527190299988,0.9429563218119837,0.05640492546898623
FW_01681345,natural_vegetation_fire,other_uncertain,0.05085970263658472,0.41073342326814405,0.5384068740952713
FW_01198223,natural_vegetation_fire,other_uncertain,0.0032235354145305007,0.392263982196894,0.6045124823885756
FW_01582226,other_uncertain,other_uncertain,0.0014420589819229364,0.07882925780359765,0.9197286832144793
FW_01141856,other_uncertain,other_uncertain,0.008702144683774218,0.3783178915010422,0.6129799638151836
FW_00889512,natural_vegetation_fire,natural_vegetation_fire,0.0005063519871279045,0.9882752247874925,0.011218423225379652
FW_00223987,industrial_fire_candidate,other_uncertain,0.240208964473051,0.10413522769880668,0.6556558078281424
FW_00022951,natural_vegetation_fire,natural_vegetation_fire,0.00229278429152969,0.6307542749997006,0.3669529407087697
FW_00616741,industrial_fire_candidate,other_uncertain,0.1257433167787245,0.0098859956200742,0.8643706876012013
FW_00576690,natural_vegetation_fire,natural_vegetation_fire,0.007954462230513272,0.5002500659022495,0.4917954718672372
FW_00023320,other_uncertain,other_uncertain,0.04064766195797297,0.006129598687507017,0.9532227393545201
FW_00243858,natural_vegetation_fire,natural_vegetation_fire,0.002340962747378275,0.9883379682429465,0.009321069009675182
FW_00832251,natural_vegetation_fire,other_uncertain,0.003804189813573508,0.35085244640910945,0.6453433637773169
FW_00071056,other_uncertain,other_uncertain,0.0010292216418069083,0.00968707446449602,0.989283703893697
FW_01166223,other_uncertain,other_uncertain,0.0024613124788560896,0.12063230146422423,0.8769063860569196
FW_01689981,industrial_fire_candidate,industrial_fire_candidate,0.5504270712769181,0.022550427832669882,0.4270225008904119
FW_01301371,natural_vegetation_fire,other_uncertain,0.07062347796483504,0.08120824995803169,0.8481682720771333
FW_00041370,other_uncertain,other_uncertain,0.02148773345779652,0.21527661613793944,0.7632356504042641
FW_00630238,natural_vegetation_fire,natural_vegetation_fire,0.00042925625008612264,0.9800387083356503,0.019532035414263536
FW_01707475,natural_vegetation_fire,natural_vegetation_fire,0.0008897049335108839,0.9791646919351966,0.01994560313129243
FW_01059904,other_uncertain,other_uncertain,0.015937536147080628,0.008509350334542646,0.9755531135183768
FW_00815052,industrial_fire_candidate,other_uncertain,0.1413365740778871,0.01571805505248693,0.8429453708696258
FW_00747438,natural_vegetation_fire,natural_vegetation_fire,0.0015386272409698425,0.977525030760449,0.02093634199858093
FW_00489640,natural_vegetation_fire,natural_vegetation_fire,0.0012648951817386613,0.9434435235974066,0.05529158122085455
FW_01470834,natural_vegetation_fire,natural_vegetation_fire,0.009343217070980942,0.8240470238380104,0.1666097590910087
FW_00942486,natural_vegetation_fire,natural_vegetation_fire,0.0011935147607709104,0.9513625722541459,0.047443912985083124
FW_00016171,natural_vegetation_fire,other_uncertain,0.002747573593764152,0.1550118409281768,0.842240585478059
FW_01686313,natural_vegetation_fire,natural_vegetation_fire,0.0006949439974356557,0.9468686403399977,0.05243641566256647
FW_01702851,other_uncertain,other_uncertain,0.2626938532648714,0.05077907573283747,0.6865270710022913
FW_00490806,industrial_fire_candidate,other_uncertain,0.05495133948152554,0.4565452555963967,0.4885034049220777
FW_01455657,natural_vegetation_fire,natural_vegetation_fire,0.0036746904650224867,0.9269435705685052,0.0693817389664725
FW_01620394,natural_vegetation_fire,natural_vegetation_fire,0.0036157400257958053,0.7248344290845957,0.2715498308896085
FW_00679577,other_uncertain,natural_vegetation_fire,0.0038850403512461313,0.5647518403045234,0.43136311934423055
FW_01191588,natural_vegetation_fire,other_uncertain,0.010192525343513859,0.36927396314050237,0.6205335115159838
FW_01524599,natural_vegetation_fire,natural_vegetation_fire,0.0006231293096850845,0.8255249808360877,0.17385188985422714
FW_01560708,natural_vegetation_fire,other_uncertain,0.00042338140687918824,0.020173097056476654,0.9794035215366442
FW_00257264,natural_vegetation_fire,natural_vegetation_fire,0.0007333871009994721,0.9826115466949092,0.01665506620409113
FW_00461222,natural_vegetation_fire,natural_vegetation_fire,0.009973207585596352,0.6573006005304217,0.33272619188398184
FW_01411247,natural_vegetation_fire,natural_vegetation_fire,0.0006781075527694379,0.9787325128943936,0.020589379552837034
FW_00141363,natural_vegetation_fire,natural_vegetation_fire,0.0008740296120154708,0.9774587665931226,0.02166720379486187
FW_00915873,natural_vegetation_fire,natural_vegetation_fire,0.000742973527316862,0.9912326091298601,0.008024417342822814
FW_00459066,natural_vegetation_fire,natural_vegetation_fire,0.06922629881291911,0.6349954895580106,0.29577821162907036
FW_01586044,other_uncertain,other_uncertain,0.0005551240858669406,0.013180494401600322,0.9862643815125327
FW_00855469,natural_vegetation_fire,natural_vegetation_fire,0.0015356121342704938,0.9294586422841599,0.06900574558156973
FW_01127168,other_uncertain,natural_vegetation_fire,0.001808472818188921,0.6872156012387951,0.3109759259430161
FW_00207442,natural_vegetation_fire,natural_vegetation_fire,0.003132578457306483,0.9703469619947885,0.026520459547905054
FW_00877017,other_uncertain,other_uncertain,0.001095733159435024,0.024546888881364966,0.9743573779591999
FW_00685105,natural_vegetation_fire,natural_vegetation_fire,0.009232676681943844,0.9064075792984069,0.0843597440196491
FW_00005049,other_uncertain,other_uncertain,0.17695994494303205,0.2681875719630719,0.554852483093896
FW_01661284,natural_vegetation_fire,natural_vegetation_fire,0.0008912144886796355,0.9316210824251714,0.0674877030861489
FW_01048315,other_uncertain,other_uncertain,0.0009885326765960974,0.022562450066413574,0.9764490172569902
FW_01695422,natural_vegetation_fire,natural_vegetation_fire,0.0012332911026847093,0.8199786881514263,0.17878802074588918
FW_00030789,other_uncertain,other_uncertain,0.11345484807469448,0.005951837020588366,0.880593314904717
FW_00465848,natural_vegetation_fire,natural_vegetation_fire,0.00644526598243109,0.9394161773721449,0.05413855664542408
FW_01607907,other_uncertain,industrial_fire_candidate,0.5479342289653555,0.025718619722956807,0.4263471513116877
FW_00387528,other_uncertain,natural_vegetation_fire,0.03052902218178583,0.670624597462288,0.29884638035592614
FW_00325536,natural_vegetation_fire,natural_vegetation_fire,0.001346352255800689,0.9664437241220983,0.03220992362210109
FW_00721542,natural_vegetation_fire,natural_vegetation_fire,0.02647875264122741,0.8807831417940077,0.09273810556476479
FW_00079717,natural_vegetation_fire,natural_vegetation_fire,0.002004733977158049,0.9606915357814201,0.037303730241421675
FW_00426600,natural_vegetation_fire,natural_vegetation_fire,0.004923152477335096,0.8085022375873285,0.18657460993533637
FW_00673145,natural_vegetation_fire,natural_vegetation_fire,0.0017636279042064177,0.9012437013087515,0.09699267078704213
FW_00457582,natural_vegetation_fire,natural_vegetation_fire,0.001223588496662464,0.8693440698079529,0.12943234169538465
FW_01445988,natural_vegetation_fire,natural_vegetation_fire,0.00085046559475294,0.9420816933809811,0.05706784102426585
FW_01470018,other_uncertain,other_uncertain,0.00807412419509031,0.0317314771937458,0.960194398611164
FW_00025602,other_uncertain,other_uncertain,0.06488597528012705,0.005415436307705846,0.929698588412167
FW_00189026,natural_vegetation_fire,natural_vegetation_fire,0.0005425256259203604,0.9675110161598679,0.03194645821421176
FW_00190871,natural_vegetation_fire,natural_vegetation_fire,0.0016987470785711054,0.9755438566215251,0.02275739629990386
FW_01643817,other_uncertain,natural_vegetation_fire,0.0007741285560074986,0.8664575541210423,0.13276831732295014
FW_01225014,natural_vegetation_fire,natural_vegetation_fire,0.0028471607379835714,0.9855881448925445,0.011564694369471832
FW_00963910,natural_vegetation_fire,natural_vegetation_fire,0.007199857094545471,0.7890031758165269,0.20379696708892767
FW_00822281,natural_vegetation_fire,natural_vegetation_fire,0.002644944990565618,0.8800829120470763,0.11727214296235787
FW_00487538,natural_vegetation_fire,natural_vegetation_fire,0.0009423542166162055,0.9454451774737143,0.05361246830966958
FW_01035362,natural_vegetation_fire,natural_vegetation_fire,0.00046661190520978687,0.9826420535846405,0.016891334510149614
FW_00093750,other_uncertain,other_uncertain,0.0016327984283883244,0.024512911963625587,0.973854289607986
FW_00203699,natural_vegetation_fire,natural_vegetation_fire,0.0014794760001051004,0.9846692628967331,0.013851261103161842
FW_01160530,other_uncertain,other_uncertain,0.018187654604700614,0.09344373467347615,0.8883686107218232
FW_00753115,natural_vegetation_fire,natural_vegetation_fire,0.0005489209830063722,0.985275770822853,0.014175308194140576
FW_00032423,natural_vegetation_fire,natural_vegetation_fire,0.020636543845938413,0.9125927363869516,0.06677071976710991
FW_00096870,other_uncertain,natural_vegetation_fire,0.003576816662062522,0.8314328225540104,0.1649903607839271
FW_00887355,natural_vegetation_fire,natural_vegetation_fire,0.00045171746514213534,0.987320156934858,0.012228125599999869
FW_01071117,other_uncertain,natural_vegetation_fire,0.0030051996850623437,0.8115437218863369,0.18545107842860062
FW_01089779,natural_vegetation_fire,natural_vegetation_fire,0.0019371938614965974,0.672744584208195,0.32531822193030846
FW_01621022,other_uncertain,other_uncertain,0.04074202461079813,0.19243228139495672,0.766825693994245
FW_01162118,other_uncertain,other_uncertain,0.00443301615231367,0.16085092865126796,0.8347160551964183
FW_01540787,natural_vegetation_fire,natural_vegetation_fire,0.0019610812357978556,0.8552417423086774,0.14279717645552453
FW_00873456,natural_vegetation_fire,natural_vegetation_fire,0.0005141751583970825,0.9923940660740903,0.007091758767512683
FW_00832288,natural_vegetation_fire,other_uncertain,0.04656964594477896,0.33504320879133553,0.6183871452638855
FW_01552873,natural_vegetation_fire,natural_vegetation_fire,0.0011050318777389059,0.8992357705153636,0.09965919760689745
FW_01055345,other_uncertain,other_uncertain,0.034732624444690184,0.037903549668677934,0.9273638258866318
FW_00210528,natural_vegetation_fire,natural_vegetation_fire,0.005045848845570238,0.9476647091459262,0.04728944200850376
FW_00054168,industrial_fire_candidate,industrial_fire_candidate,0.6336862692585333,0.18192018037202526,0.18439355036944144
FW_01668674,natural_vegetation_fire,natural_vegetation_fire,0.004862035539325133,0.9320909849341005,0.06304697952657445
FW_00056223,other_uncertain,other_uncertain,0.003032203899957313,0.06383282391483375,0.9331349721852089
FW_01439434,natural_vegetation_fire,natural_vegetation_fire,0.0012996349394658426,0.965054035574339,0.03364632948619532
FW_00566311,industrial_fire_candidate,industrial_fire_candidate,0.586665547577407,0.024256592566035115,0.3890778598565579
FW_01069513,natural_vegetation_fire,natural_vegetation_fire,0.0018186112909546156,0.8418539651890224,0.156327423520023
FW_00508453,other_uncertain,natural_vegetation_fire,0.0023988723764012563,0.6712400793141339,0.32636104830946483
FW_01177310,natural_vegetation_fire,natural_vegetation_fire,0.0019589263766804092,0.7584537709492681,0.23958730267405146
FW_01040137,other_uncertain,other_uncertain,0.000519922358184164,0.021364145301243857,0.978115932340572
FW_01596857,natural_vegetation_fire,natural_vegetation_fire,0.1015831858185444,0.5057563137967402,0.39266050038471534
FW_00362714,natural_vegetation_fire,natural_vegetation_fire,0.0009225751895263055,0.7426426485597702,0.25643477625070343
FW_00123955,natural_vegetation_fire,natural_vegetation_fire,0.18762780058797426,0.44302196632822366,0.36935023308380205
FW_00343441,natural_vegetation_fire,natural_vegetation_fire,0.003139240787650774,0.8605656615754742,0.13629509763687495
FW_01513904,natural_vegetation_fire,natural_vegetation_fire,0.0016989211299676173,0.8532042554618811,0.1450968234081514
FW_00013065,natural_vegetation_fire,natural_vegetation_fire,0.01573801194154509,0.49238025844387084,0.49188172961458393
FW_00898611,natural_vegetation_fire,natural_vegetation_fire,0.001125925479014634,0.9852131499371816,0.013660924583803826
FW_00640412,natural_vegetation_fire,natural_vegetation_fire,0.0015777209393612298,0.9622503165289873,0.036171962531651475
FW_01219421,other_uncertain,other_uncertain,0.11371161232753439,0.03579866299259396,0.8504897246798716
FW_01286941,natural_vegetation_fire,natural_vegetation_fire,0.0003785575756151627,0.9906214975900419,0.008999944834342938
FW_00241600,industrial_fire_candidate,other_uncertain,0.05513012138037031,0.07595505206749191,0.8689148265521378
FW_00691432,industrial_fire_candidate,other_uncertain,0.08994129883343419,0.03743793073598667,0.8726207704305791
FW_01680215,natural_vegetation_fire,other_uncertain,0.002625814209593808,0.3753863971649391,0.621987788625467
FW_00929894,natural_vegetation_fire,natural_vegetation_fire,0.003406714131684129,0.9563768853096879,0.04021640055862796
FW_00372608,natural_vegetation_fire,natural_vegetation_fire,0.007469687736445772,0.850003931866311,0.14252638039724327
FW_00373741,natural_vegetation_fire,natural_vegetation_fire,0.002103226846029425,0.7383839744427328,0.2595127987112378
FW_01178093,natural_vegetation_fire,natural_vegetation_fire,0.0008161694955051342,0.8985762222629555,0.10060760824153935
FW_00951504,other_uncertain,other_uncertain,0.0037071871208136245,0.014274638409157566,0.9820181744700288
FW_01292354,natural_vegetation_fire,natural_vegetation_fire,0.0009300046043879609,0.9138026317031587,0.08526736369245336
FW_01580137,other_uncertain,other_uncertain,0.0007363493318962229,0.023399122255309178,0.9758645284127946
FW_00079319,natural_vegetation_fire,natural_vegetation_fire,0.15972874313836782,0.7367486063245032,0.10352265053712895
FW_01072170,other_uncertain,other_uncertain,0.014724249613506678,0.011565596132909008,0.9737101542535843
FW_00983114,natural_vegetation_fire,natural_vegetation_fire,0.0023915348546853865,0.8245071261959882,0.17310133894932625
FW_00820887,natural_vegetation_fire,natural_vegetation_fire,0.0034300597974939446,0.9015477984683407,0.09502214173416536
FW_01222503,industrial_fire_candidate,other_uncertain,0.0668255179300817,0.03350851288374389,0.8996659691861745
FW_00136208,other_uncertain,other_uncertain,0.10068217341947827,0.016494323356868804,0.882823503223653
FW_00983278,natural_vegetation_fire,natural_vegetation_fire,0.0066460371548813365,0.8751627808588781,0.11819118198624064
FW_00990958,natural_vegetation_fire,natural_vegetation_fire,0.006678428930032494,0.6306030373432807,0.3627185337266867
FW_00701538,natural_vegetation_fire,natural_vegetation_fire,0.0005756925831855923,0.9921847117804394,0.007239595636374959
FW_00070918,other_uncertain,other_uncertain,0.01763606875812642,0.03850147333743117,0.9438624579044423
FW_01116066,natural_vegetation_fire,natural_vegetation_fire,0.0030627558419968393,0.6341068558902965,0.36283038826770675
FW_00995888,other_uncertain,other_uncertain,0.000812120931204784,0.019001885314203756,0.9801859937545915
FW_01608509,other_uncertain,other_uncertain,0.16853347238986774,0.06832629960247155,0.7631402280076608
FW_00484999,natural_vegetation_fire,natural_vegetation_fire,0.007708810399608583,0.7490028511508889,0.24328833844950246
FW_00414567,other_uncertain,other_uncertain,0.002115611759043723,0.016373142374698137,0.981511245866258
FW_00696960,other_uncertain,natural_vegetation_fire,0.004591030359600198,0.64120133392659,0.3542076357138097
FW_00857681,natural_vegetation_fire,natural_vegetation_fire,0.0011634697121742628,0.9868708806190286,0.011965649668797084
FW_00928807,natural_vegetation_fire,natural_vegetation_fire,0.0034287386332052996,0.9786755308734679,0.01789573049332672
FW_01521485,natural_vegetation_fire,natural_vegetation_fire,0.004904038425751884,0.9010067327318895,0.09408922884235872
FW_01219191,natural_vegetation_fire,natural_vegetation_fire,0.003313949552271502,0.7567709683022519,0.23991508214547672
FW_00061140,other_uncertain,other_uncertain,0.15143479744907404,0.008187000013774804,0.8403782025371511
FW_01011621,natural_vegetation_fire,natural_vegetation_fire,0.001200946280549585,0.9720612487778681,0.026737804941582476
FW_01129287,natural_vegetation_fire,other_uncertain,0.0060846453437462325,0.38477266439975255,0.6091426902565013
FW_01038337,other_uncertain,other_uncertain,0.04688494167401596,0.0857878430228245,0.8673272153031595
FW_00839873,natural_vegetation_fire,natural_vegetation_fire,0.005610425057559856,0.9143574244942728,0.08003215044816717
FW_01609370,other_uncertain,other_uncertain,0.046174615448682635,0.15830911638646003,0.7955162681648572
FW_00795423,natural_vegetation_fire,natural_vegetation_fire,0.0010561185538170838,0.9832668677977453,0.015677013648437564
FW_01199073,other_uncertain,industrial_fire_candidate,0.5898679130829116,0.015976633659507668,0.3941554532575806
FW_00322032,natural_vegetation_fire,other_uncertain,0.01408471934540397,0.17373266153543626,0.8121826191191598
FW_00491688,natural_vegetation_fire,natural_vegetation_fire,0.0020260747146496,0.8597867669233422,0.1381871583620082
FW_01070535,other_uncertain,other_uncertain,0.04099524355221097,0.006201965469799376,0.9528027909779896
FW_00456416,natural_vegetation_fire,natural_vegetation_fire,0.003636609224805378,0.5612218210294483,0.43514156974574625
FW_00008465,natural_vegetation_fire,natural_vegetation_fire,0.0009492339766006399,0.9520729121743864,0.04697785384901298
FW_00922001,natural_vegetation_fire,natural_vegetation_fire,0.0035783636397857324,0.9691913436546368,0.027230292705577475
FW_01097072,natural_vegetation_fire,natural_vegetation_fire,0.0018400908855140362,0.9762787827998712,0.021881126314614686
FW_00873474,natural_vegetation_fire,natural_vegetation_fire,0.0028187644192946932,0.9750946368943699,0.02208659868633549
FW_01479656,natural_vegetation_fire,natural_vegetation_fire,0.00950781939825906,0.9448917416636524,0.045600438938088524
FW_00441898,other_uncertain,other_uncertain,0.007360051440127597,0.03817663411592733,0.9544633144439452
FW_00040519,natural_vegetation_fire,natural_vegetation_fire,0.0006098817385552727,0.977661531998255,0.021728586263189784
FW_00643050,other_uncertain,other_uncertain,0.0020803746650723603,0.015135253734748617,0.982784371600179
FW_00033765,natural_vegetation_fire,natural_vegetation_fire,0.0052399260721016005,0.9248687055977214,0.0698913683301771
FW_00087223,natural_vegetation_fire,natural_vegetation_fire,0.0014826760943311046,0.976245956930653,0.02227136697501601
FW_00879993,natural_vegetation_fire,natural_vegetation_fire,0.004012534741733938,0.8631307339059264,0.13285673135233975
FW_00072054,natural_vegetation_fire,natural_vegetation_fire,0.000510774545319952,0.9847095052055541,0.014779720249125942
FW_00349687,natural_vegetation_fire,natural_vegetation_fire,0.0007594476538137465,0.958722178221894,0.0405183741242923
FW_01585296,other_uncertain,natural_vegetation_fire,0.010865259179320066,0.6256007766963778,0.36353396412430206
FW_00695879,natural_vegetation_fire,natural_vegetation_fire,0.0017471878530360932,0.8349784802434984,0.1632743319034656
FW_01532341,industrial_fire_candidate,other_uncertain,0.34063939252162156,0.004171505478070697,0.6551891020003078
FW_00446102,other_uncertain,other_uncertain,0.12113301476390612,0.008580414476288887,0.870286570759805
FW_01225812,other_uncertain,other_uncertain,0.12504030683897127,0.3991904396129375,0.47576925354809113
FW_00196542,natural_vegetation_fire,natural_vegetation_fire,0.0028152642393614157,0.9840571876483829,0.013127548112255864
FW_00319303,industrial_fire_candidate,industrial_fire_candidate,0.5135068939963412,0.026401468456418498,0.46009163754724036
FW_01099538,natural_vegetation_fire,natural_vegetation_fire,0.002125929493187902,0.8440794914511819,0.1537945790556303
FW_01422724,natural_vegetation_fire,other_uncertain,0.00701675898156204,0.42995763035222284,0.563025610666215
FW_01698570,other_uncertain,natural_vegetation_fire,0.03436274066308609,0.5851466791523009,0.3804905801846129
FW_00524920,other_uncertain,natural_vegetation_fire,0.070449320523336,0.5433417093087158,0.3862089701679482
FW_00528240,natural_vegetation_fire,natural_vegetation_fire,0.001115878468703617,0.9034384400286344,0.09544568150266193
FW_01595015,other_uncertain,other_uncertain,0.3895939046155237,0.04855156786092344,0.5618545275235528
FW_01389036,natural_vegetation_fire,natural_vegetation_fire,0.0011611501660239959,0.9784265237921186,0.020412326041857495
FW_00728610,natural_vegetation_fire,natural_vegetation_fire,0.0007881637700977762,0.93360571211073,0.06560612411917223
FW_00803885,natural_vegetation_fire,natural_vegetation_fire,0.0018484167078278795,0.903112917831494,0.09503866546067806
FW_01545774,other_uncertain,other_uncertain,0.0007605755517816888,0.031229038241887403,0.968010386206331
FW_00129300,natural_vegetation_fire,natural_vegetation_fire,0.002986023323273752,0.9451127788709578,0.05190119780576843
FW_01123925,natural_vegetation_fire,other_uncertain,0.028220472701108182,0.2380931599701885,0.7336863673287033
FW_01565924,natural_vegetation_fire,natural_vegetation_fire,0.05190627519327628,0.715154369294283,0.23293935551244077
FW_00466967,other_uncertain,other_uncertain,0.0008078151253008624,0.040923485298955994,0.9582686995757432
FW_01147782,industrial_fire_candidate,natural_vegetation_fire,0.01973933371571218,0.5965131656618335,0.38374750062245433
FW_01558938,natural_vegetation_fire,natural_vegetation_fire,0.007911213714583008,0.6952697980942044,0.29681898819121244
FW_00513068,natural_vegetation_fire,natural_vegetation_fire,0.00924391548051347,0.5173489855863963,0.47340709893309013
FW_01074034,natural_vegetation_fire,natural_vegetation_fire,0.012047509374141742,0.5255460339799883,0.46240645664586993
FW_01130965,natural_vegetation_fire,natural_vegetation_fire,0.004559068607956119,0.6714368396792223,0.3240040917128214
FW_01024110,natural_vegetation_fire,natural_vegetation_fire,0.006463537381544789,0.8697062604407931,0.12383020217766215
FW_01444491,natural_vegetation_fire,natural_vegetation_fire,0.0014723880519807223,0.9163158416567483,0.08221177029127101
FW_01605845,natural_vegetation_fire,natural_vegetation_fire,0.006556142257624104,0.5520004890927109,0.4414433686496648
FW_01088642,natural_vegetation_fire,natural_vegetation_fire,0.0020052364451199965,0.875829559016055,0.12216520453882507
FW_00993953,natural_vegetation_fire,natural_vegetation_fire,0.042279012183241406,0.7078917260926412,0.24982926172411737
FW_00268765,other_uncertain,other_uncertain,0.0007556993973618408,0.014064848949897502,0.9851794516527406
FW_00583867,other_uncertain,other_uncertain,0.3387841365423381,0.18595900846087657,0.4752568549967854
FW_01412670,natural_vegetation_fire,natural_vegetation_fire,0.07359920589793409,0.6980287021850143,0.22837209191705157
FW_00038930,other_uncertain,other_uncertain,0.0009257181264661226,0.01649761411909611,0.9825766677544377
FW_01049086,other_uncertain,other_uncertain,0.007293747075956228,0.07026047102939162,0.9224457818946521
FW_00447434,industrial_fire_candidate,other_uncertain,0.21033539849542268,0.38565207564690523,0.404012525857672
FW_01060919,other_uncertain,other_uncertain,0.018135189456106836,0.024601154759030245,0.9572636557848629
FW_00728269,other_uncertain,natural_vegetation_fire,0.0046891655820384655,0.8652708905607066,0.13003994385725504
FW_01210574,natural_vegetation_fire,natural_vegetation_fire,0.002506090081545967,0.913914016266294,0.08357989365216001
FW_00419367,other_uncertain,natural_vegetation_fire,0.0007142717621595975,0.9174746158086052,0.08181111242923525
FW_01412417,natural_vegetation_fire,other_uncertain,0.004401045152045342,0.4827134684149212,0.5128854864330336
FW_00994360,other_uncertain,natural_vegetation_fire,0.006285719256920975,0.8282372225161696,0.16547705822690947
FW_00688853,natural_vegetation_fire,natural_vegetation_fire,0.0023279514863683345,0.8070801772289694,0.19059187128466226
FW_00001030,other_uncertain,other_uncertain,0.013745088820978637,0.04013525910425921,0.9461196520747621
FW_01324638,natural_vegetation_fire,natural_vegetation_fire,0.0010110624177951555,0.9775073534179918,0.02148158416421301
FW_00574577,other_uncertain,other_uncertain,0.023974924800770295,0.05265224603356869,0.9233728291656609
FW_01578498,other_uncertain,other_uncertain,0.16865883485121314,0.010956431366512597,0.8203847337822743
FW_01275105,natural_vegetation_fire,natural_vegetation_fire,0.0002673104630738987,0.9922603214861198,0.007472368050806411
FW_00320465,natural_vegetation_fire,natural_vegetation_fire,0.0007311496026953171,0.9370815635943233,0.06218728680298144
FW_01469199,natural_vegetation_fire,natural_vegetation_fire,0.0009365530374370477,0.9909694947107403,0.00809395225182276
FW_01592518,other_uncertain,other_uncertain,0.0015882066748597887,0.020057799950719716,0.9783539933744204
FW_00078038,other_uncertain,other_uncertain,0.006585251351951284,0.056651721686678085,0.9367630269613707
FW_00457594,other_uncertain,natural_vegetation_fire,0.0025320967136174266,0.9295114537566215,0.0679564495297611
FW_01116258,natural_vegetation_fire,natural_vegetation_fire,0.0011179461337668018,0.9467508560440848,0.05213119782214844
FW_00658292,natural_vegetation_fire,natural_vegetation_fire,0.0016939332181526965,0.9156778854999885,0.08262818128185871
FW_01617488,other_uncertain,other_uncertain,0.06969659701970055,0.18373049587050072,0.7465729071097987
FW_00226191,natural_vegetation_fire,natural_vegetation_fire,0.0014521988536333593,0.9488938357092775,0.04965396543708893
FW_01583294,other_uncertain,other_uncertain,0.0010763301428352078,0.06286955058866335,0.9360541192685016
FW_01291820,natural_vegetation_fire,natural_vegetation_fire,0.0005338244871857977,0.9936161821966727,0.0058499933161413505
FW_00475550,natural_vegetation_fire,natural_vegetation_fire,0.0008761113905590993,0.8446850483648867,0.15443884024455415
FW_00647392,natural_vegetation_fire,natural_vegetation_fire,0.03628547521979019,0.6972776404975217,0.2664368842826881
FW_00415228,other_uncertain,other_uncertain,0.0042332346342278835,0.06164302428757628,0.9341237410781958
FW_01534017,natural_vegetation_fire,natural_vegetation_fire,0.009487806220531726,0.6922752445002742,0.29823694927919403
FW_00451226,natural_vegetation_fire,natural_vegetation_fire,0.05155136382052059,0.7825619844680439,0.1658866517114354
FW_00965359,natural_vegetation_fire,other_uncertain,0.0017214275626460667,0.37165417472941537,0.6266243977079385
FW_01040205,other_uncertain,other_uncertain,0.043136493649979395,0.0677833128954249,0.8890801934545957
FW_00448917,other_uncertain,other_uncertain,0.008491863868727514,0.05513127812080491,0.9363768580104675
FW_00551813,natural_vegetation_fire,natural_vegetation_fire,0.005160258257485919,0.7180967140957,0.2767430276468141
FW_00597998,natural_vegetation_fire,natural_vegetation_fire,0.005967546058160405,0.8866852946457597,0.10734715929607987
FW_01070543,other_uncertain,other_uncertain,0.0016981858581177948,0.030795733771045074,0.9675060803708371
FW_00865159,natural_vegetation_fire,natural_vegetation_fire,0.0006350255860490739,0.9857509965712861,0.013613977842664758
FW_01531627,natural_vegetation_fire,natural_vegetation_fire,0.002871133623929303,0.9570948029283955,0.040034063447675315
FW_00361128,natural_vegetation_fire,natural_vegetation_fire,0.0029238185493419833,0.9030182415072396,0.09405793994341839
FW_01279023,natural_vegetation_fire,natural_vegetation_fire,0.0006331400555812777,0.9878818947693249,0.011484965175093897
FW_00679851,natural_vegetation_fire,other_uncertain,0.017588381517351776,0.07983034813636374,0.9025812703462845
FW_00979846,other_uncertain,natural_vegetation_fire,0.02644925804421324,0.6046748715454979,0.3688758704102888
FW_00705739,other_uncertain,other_uncertain,0.011650914521376066,0.17205581059297925,0.8162932748856446
FW_00223673,natural_vegetation_fire,natural_vegetation_fire,0.002482283526876498,0.8990386060621832,0.09847911041094037
FW_01615815,other_uncertain,other_uncertain,0.11284301742894656,0.031389635723810524,0.855767346847243
FW_00049300,natural_vegetation_fire,natural_vegetation_fire,0.009999468924390553,0.8515077510508312,0.13849278002477836
FW_00415557,other_uncertain,other_uncertain,0.00231325458136221,0.011696643424370606,0.9859901019942672
FW_00499995,natural_vegetation_fire,natural_vegetation_fire,0.0019162798213326203,0.6029911046178948,0.3950926155607725
FW_00483903,natural_vegetation_fire,natural_vegetation_fire,0.0021138183926231536,0.813772053452044,0.18411412815533296
FW_00407338,other_uncertain,other_uncertain,0.0007250603907676041,0.031232807709078814,0.9680421319001536
FW_00194615,natural_vegetation_fire,natural_vegetation_fire,0.005193471880724856,0.9813857103345117,0.013420817784763357
FW_00288241,natural_vegetation_fire,natural_vegetation_fire,0.008846181510110067,0.9116733453706529,0.07948047311923691
FW_01557012,other_uncertain,other_uncertain,0.0008705861712289063,0.030398896312093228,0.9687305175166778
FW_01116996,natural_vegetation_fire,natural_vegetation_fire,0.0017414422734395774,0.9026367467379167,0.09562181098864371
FW_00235705,other_uncertain,other_uncertain,0.0006915646451552441,0.018362038949128395,0.9809463964057163
FW_00898271,natural_vegetation_fire,natural_vegetation_fire,0.00030904939326898085,0.994862363752982,0.004828586853749113
FW_01043189,other_uncertain,other_uncertain,0.001593442378462376,0.03489463329875607,0.9635119243227817
FW_00035704,natural_vegetation_fire,natural_vegetation_fire,0.002280331138245312,0.9750723529476246,0.022647315914130103
FW_00845635,natural_vegetation_fire,natural_vegetation_fire,0.005677180801372526,0.9632108420005218,0.031111977198105753
FW_01209097,other_uncertain,other_uncertain,0.04296718738420757,0.04033786850084447,0.916694944114948
FW_01449202,other_uncertain,other_uncertain,0.001196703917462387,0.04047924297024545,0.9583240531122922
FW_00237437,other_uncertain,natural_vegetation_fire,0.007950702785649983,0.7687936727628792,0.2232556244514707
FW_01546243,natural_vegetation_fire,natural_vegetation_fire,0.0011051856330762065,0.892707137114689,0.10618767725223473
FW_00873357,natural_vegetation_fire,natural_vegetation_fire,0.0005191651022863206,0.9865138941348174,0.01296694076289637
FW_00433881,other_uncertain,other_uncertain,0.03157613388929218,0.12614129957741088,0.842282566533297
FW_00555087,natural_vegetation_fire,natural_vegetation_fire,0.03171893696638927,0.7107800085651639,0.25750105446844684
FW_01723614,industrial_fire_candidate,other_uncertain,0.044048914521060356,0.1665436727263735,0.7894074127525661
FW_00674776,natural_vegetation_fire,natural_vegetation_fire,0.11242274818979459,0.7132299194555335,0.174347332354672
FW_01208781,other_uncertain,other_uncertain,0.0028356127911057056,0.016098133771282132,0.9810662534376122
FW_00344939,natural_vegetation_fire,natural_vegetation_fire,0.0021716159952109553,0.8982509041758322,0.0995774798289568
FW_01004482,natural_vegetation_fire,natural_vegetation_fire,0.002970060716726718,0.9713633267221483,0.0256666125611249
FW_00254367,other_uncertain,other_uncertain,0.05144293100031284,0.05167107041756251,0.8968859985821247
FW_01124192,other_uncertain,other_uncertain,0.0021115502874733474,0.023157900867376322,0.9747305488451504
FW_00211321,natural_vegetation_fire,natural_vegetation_fire,0.002628450389395405,0.810822370079571,0.18654917953103364
FW_00750090,other_uncertain,natural_vegetation_fire,0.006576826154156322,0.7450550577360017,0.24836811610984205
FW_01074835,other_uncertain,other_uncertain,0.14288061298974875,0.004553709207047242,0.8525656778032041
FW_01121979,natural_vegetation_fire,natural_vegetation_fire,0.0018933633222086728,0.7837010041135581,0.21440563256423312
FW_00452914,other_uncertain,other_uncertain,0.1687360782631672,0.004860622781206901,0.8264032989556258
FW_00560566,other_uncertain,other_uncertain,0.07329309320875263,0.005161337212254461,0.9215455695789929
FW_01586048,other_uncertain,other_uncertain,0.00048429408448619763,0.014519156553678404,0.9849965493618353
FW_00520902,natural_vegetation_fire,natural_vegetation_fire,0.005076527661279568,0.6016688567485443,0.3932546155901761
FW_00866085,natural_vegetation_fire,natural_vegetation_fire,0.000555358693261022,0.9835067511372313,0.015937890169507737
FW_00671184,natural_vegetation_fire,natural_vegetation_fire,0.0013771539945421653,0.9631614941160507,0.035461351889407196
FW_01539963,other_uncertain,natural_vegetation_fire,0.0008953760443300243,0.8977033527063113,0.1014012712493587
FW_01548343,other_uncertain,other_uncertain,0.003755433141140803,0.011809292607034717,0.9844352742518244
FW_01625248,natural_vegetation_fire,natural_vegetation_fire,0.0012898370524437222,0.9342254647903633,0.06448469815719318
FW_01067247,natural_vegetation_fire,natural_vegetation_fire,0.0013497639092101008,0.9552049783612824,0.04344525772950742
FW_01211046,natural_vegetation_fire,natural_vegetation_fire,0.004924688479629751,0.8458536095395439,0.14922170198082638
FW_01099786,natural_vegetation_fire,natural_vegetation_fire,0.002412864905637303,0.8498810134005907,0.14770612169377215
FW_00372420,industrial_fire_candidate,other_uncertain,0.14570905851841875,0.06610785347194408,0.7881830880096372
FW_01616118,natural_vegetation_fire,natural_vegetation_fire,0.002013274700621098,0.9397595197128713,0.058227205586507506
FW_00244007,natural_vegetation_fire,natural_vegetation_fire,0.003864406812813486,0.9624136137436633,0.03372197944352319
FW_01350089,natural_vegetation_fire,natural_vegetation_fire,0.0005309847787903308,0.9812413244676614,0.01822769075354824
FW_00015673,other_uncertain,industrial_fire_candidate,0.5436208167013618,0.05771214413122375,0.39866703916741447
FW_00049598,natural_vegetation_fire,natural_vegetation_fire,0.0008358688565218068,0.8883844763484797,0.11077965479499835
FW_01617642,natural_vegetation_fire,natural_vegetation_fire,0.0009935706702046709,0.9569405551037726,0.04206587422602272
FW_01317416,natural_vegetation_fire,natural_vegetation_fire,0.002658220509005458,0.8567799130138272,0.14056186647716748
FW_00592172,natural_vegetation_fire,other_uncertain,0.006717243731812268,0.4186767393406633,0.5746060169275244
FW_00829742,natural_vegetation_fire,natural_vegetation_fire,0.006126886796933377,0.5599562933179166,0.4339168198851499
FW_00384077,natural_vegetation_fire,natural_vegetation_fire,0.0020610050988872424,0.8773294669630161,0.12060952793809664
FW_01066395,other_uncertain,other_uncertain,0.0009321395373952904,0.031529282657991806,0.9675385778046128
FW_01577940,other_uncertain,other_uncertain,0.0010752523204980429,0.04383540560921951,0.9550893420702825
FW_00615198,other_uncertain,other_uncertain,0.010454886684579166,0.033556566420022936,0.9559885468953979
FW_00619728,industrial_fire_candidate,other_uncertain,0.16674581766317714,0.2731903165954049,0.560063865741418
FW_00937081,natural_vegetation_fire,natural_vegetation_fire,0.0006066778754690716,0.9742951195387333,0.02509820258579765
FW_00031789,industrial_fire_candidate,other_uncertain,0.14487639332223154,0.04989444474639708,0.8052291619313715
FW_01397384,natural_vegetation_fire,natural_vegetation_fire,0.0036593847399190465,0.9763520562044667,0.019988559055614228
FW_00475520,natural_vegetation_fire,natural_vegetation_fire,0.005101076714734032,0.7963714306168569,0.19852749266840905
FW_00269530,natural_vegetation_fire,natural_vegetation_fire,0.020559333604414844,0.7315630721848301,0.24787759421075503
FW_00306348,natural_vegetation_fire,natural_vegetation_fire,0.010853772475327116,0.6879660660113003,0.3011801615133726
FW_00528865,other_uncertain,natural_vegetation_fire,0.0008887753525473855,0.7565340300285301,0.24257719461892246
FW_00219529,natural_vegetation_fire,natural_vegetation_fire,0.018656462741078374,0.8669129692724074,0.11443056798651426
FW_00102838,other_uncertain,other_uncertain,0.00421035939929353,0.10325452811437981,0.8925351124863267
FW_00898261,natural_vegetation_fire,natural_vegetation_fire,0.0027280913480079655,0.9633230769876846,0.0339488316643074
FW_00028409,natural_vegetation_fire,natural_vegetation_fire,0.005504352901564122,0.9276648589379022,0.06683078816053357
FW_01163741,other_uncertain,other_uncertain,0.21423064969582706,0.016686134534972717,0.7690832157692002
FW_00372915,natural_vegetation_fire,natural_vegetation_fire,0.0014609585363091749,0.8958714914843636,0.10266754997932734
FW_01043343,other_uncertain,other_uncertain,0.008442372693695053,0.33838483051655593,0.653172796789749
FW_00473140,natural_vegetation_fire,natural_vegetation_fire,0.005668245520710215,0.7710082389517473,0.22332351552754248
FW_01723445,other_uncertain,other_uncertain,0.00429718151613678,0.020768631999458508,0.9749341864844047
FW_01281693,natural_vegetation_fire,natural_vegetation_fire,0.001298102258082168,0.9747872492638667,0.0239146484780512
FW_00592513,industrial_fire_candidate,other_uncertain,0.04631323028396601,0.05422935971202551,0.8994574100040085
FW_00400452,natural_vegetation_fire,natural_vegetation_fire,0.002151802277691085,0.820822991034701,0.17702520668760793
FW_00363851,natural_vegetation_fire,natural_vegetation_fire,0.002825997851534283,0.8522278908570141,0.14494611129145146
FW_00737402,other_uncertain,other_uncertain,0.20953394882074652,0.020979439819834345,0.7694866113594192
FW_00479115,natural_vegetation_fire,natural_vegetation_fire,0.0013941761754562877,0.7889764553546846,0.20962936846985922
FW_01626712,other_uncertain,natural_vegetation_fire,0.001518828415957768,0.800004081665209,0.19847708991883323
FW_00402998,natural_vegetation_fire,natural_vegetation_fire,0.031217409695881757,0.618443834451994,0.35033875585212426
FW_01071243,natural_vegetation_fire,natural_vegetation_fire,0.002801702052725434,0.7080686118973445,0.2891296860499301
FW_01524798,natural_vegetation_fire,natural_vegetation_fire,0.00036765687372790134,0.991176638170957,0.008455704955314967
FW_00452675,natural_vegetation_fire,natural_vegetation_fire,0.001369733340606954,0.9046887416787718,0.09394152498062129
FW_01097366,natural_vegetation_fire,natural_vegetation_fire,0.0009306255180084116,0.8636012054417166,0.13546816904027503
FW_01205401,industrial_fire_candidate,other_uncertain,0.07449134584655638,0.0469538367524928,0.8785548174009509
FW_00530336,natural_vegetation_fire,natural_vegetation_fire,0.0009361636733878384,0.8474793850217824,0.1515844513048297
FW_00084753,other_uncertain,other_uncertain,0.0007246174081675697,0.01443208335773169,0.9848432992341009
FW_00347902,natural_vegetation_fire,natural_vegetation_fire,0.0020676814460938975,0.7707642501538565,0.2271680684000496
FW_01038435,other_uncertain,other_uncertain,0.08125468964608813,0.0035777511733575146,0.9151675591805544
FW_00710036,natural_vegetation_fire,natural_vegetation_fire,0.0016371577742972166,0.8478293905529872,0.15053345167271567
FW_01598372,natural_vegetation_fire,natural_vegetation_fire,0.0004211425758746961,0.9635435525959686,0.03603530482815685
FW_01110025,other_uncertain,industrial_fire_candidate,0.7585312620234759,0.010419232856386646,0.2310495051201375
FW_01251317,natural_vegetation_fire,natural_vegetation_fire,0.002053566388102555,0.8831242060073441,0.11482222760455345
FW_00088503,other_uncertain,other_uncertain,0.0014309387074780092,0.02449362958069076,0.9740754317118312
FW_00168991,natural_vegetation_fire,natural_vegetation_fire,0.0011472015056974293,0.9728674909206914,0.02598530757361103
FW_01164696,natural_vegetation_fire,natural_vegetation_fire,0.0007226958726518688,0.7748832640283051,0.22439404009904318
FW_01358473,natural_vegetation_fire,natural_vegetation_fire,0.011071389572651823,0.9025817104874204,0.08634689993992782
FW_01366233,natural_vegetation_fire,natural_vegetation_fire,0.002602866229344216,0.9308763488250882,0.06652078494556753
FW_00455656,other_uncertain,natural_vegetation_fire,0.00138345761174745,0.7139972129595396,0.284619329428713
FW_00685519,natural_vegetation_fire,natural_vegetation_fire,0.003328864812606463,0.9310636495545648,0.06560748563282878
FW_01274699,natural_vegetation_fire,natural_vegetation_fire,0.0005849790549567188,0.9930257127635514,0.006389308181491886
FW_00929983,natural_vegetation_fire,natural_vegetation_fire,0.0022339471569570294,0.9720653430555154,0.025700709787527747
FW_00623208,other_uncertain,natural_vegetation_fire,0.046780222927661284,0.4943321275940963,0.4588876494782425
FW_01174269,other_uncertain,other_uncertain,0.05521957603013462,0.03435116729128747,0.9104292566785778
FW_01463871,natural_vegetation_fire,natural_vegetation_fire,0.0020469252003806923,0.9014181274402988,0.09653494735932043
FW_01238047,natural_vegetation_fire,natural_vegetation_fire,0.0038188874469085973,0.8653167779910329,0.1308643345620585
FW_00613455,natural_vegetation_fire,natural_vegetation_fire,0.005275958910670113,0.9103784513515142,0.08434558973781561
FW_00990726,natural_vegetation_fire,natural_vegetation_fire,0.009429392817510577,0.8946500464798465,0.09592056070264307
FW_00968325,natural_vegetation_fire,natural_vegetation_fire,0.0015550423016594554,0.8336744784029002,0.16477047929544048
FW_00990714,natural_vegetation_fire,natural_vegetation_fire,0.004251425256883364,0.8949264111070232,0.1008221636360934
FW_01716368,industrial_fire_candidate,other_uncertain,0.2934650315488446,0.0051738966291042954,0.7013610718220511
FW_00371806,other_uncertain,other_uncertain,0.001229873348949713,0.038915225424086104,0.9598549012269642
FW_00481044,natural_vegetation_fire,natural_vegetation_fire,0.03398706202564984,0.6879687053086437,0.2780442326657065
FW_01472985,natural_vegetation_fire,natural_vegetation_fire,0.0012086555239218767,0.9650710973207091,0.033720247155369185
FW_00898694,natural_vegetation_fire,natural_vegetation_fire,0.001875638382688657,0.9606748597909763,0.037449501826335004
FW_01521917,other_uncertain,other_uncertain,0.021283858101031394,0.13874501000653802,0.8399711318924307
FW_01039750,natural_vegetation_fire,natural_vegetation_fire,0.0002603033971151052,0.990118391275475,0.009621305327409855
FW_01243379,other_uncertain,natural_vegetation_fire,0.003104591267382273,0.8705749550956855,0.12632045363693212
FW_00459471,other_uncertain,other_uncertain,0.28352465603468757,0.0638039950262766,0.6526713489390359
FW_01671249,natural_vegetation_fire,natural_vegetation_fire,0.0012509060351952735,0.7754017912716198,0.22334730269318487
FW_00481789,natural_vegetation_fire,natural_vegetation_fire,0.0010080354778335076,0.9085518278520235,0.09044013667014289
FW_00601974,other_uncertain,natural_vegetation_fire,0.025571743268693246,0.7518282017498658,0.22260005498144084
FW_00216245,other_uncertain,other_uncertain,0.01715890397649218,0.2714060135551694,0.7114350824683384
FW_00935624,other_uncertain,other_uncertain,0.002522350781823236,0.16981189440617542,0.8276657548120014
FW_01536841,natural_vegetation_fire,other_uncertain,0.0009416706693912629,0.016342203846991307,0.9827161254836175
FW_01711130,other_uncertain,other_uncertain,0.007870790088758428,0.04186541557129496,0.9502637943399467
FW_01106484,natural_vegetation_fire,natural_vegetation_fire,0.004579483940777398,0.8506206535368258,0.14479986252239682
FW_01390198,natural_vegetation_fire,natural_vegetation_fire,0.0007370894989636764,0.9849165494856728,0.01434636101536359
FW_01598636,other_uncertain,other_uncertain,0.0004957334435716439,0.023948170313930317,0.9755560962424982
FW_00439998,other_uncertain,other_uncertain,0.21479987908360643,0.06894280387108767,0.7162573170453058
FW_01504738,natural_vegetation_fire,natural_vegetation_fire,0.006237363362865023,0.7967126206571323,0.19705001598000277
FW_00919230,other_uncertain,other_uncertain,0.23822169848086866,0.009940073874478792,0.7518382276446525
FW_00762151,natural_vegetation_fire,natural_vegetation_fire,0.000675336101650524,0.9863983370081193,0.01292632689023023
FW_00227099,natural_vegetation_fire,natural_vegetation_fire,0.008394244599809225,0.9581331840985077,0.03347257130168296
FW_01686626,natural_vegetation_fire,natural_vegetation_fire,0.001639388674543694,0.9116865559472903,0.08667405537816603
FW_01575251,natural_vegetation_fire,natural_vegetation_fire,0.002196037601393184,0.9642700610037894,0.033533901394817545
FW_00730781,other_uncertain,other_uncertain,0.04865307744161239,0.02481772709381144,0.9265291954645762
FW_01067314,natural_vegetation_fire,natural_vegetation_fire,0.001581948538918622,0.8130474098316784,0.1853706416294029
FW_00059311,other_uncertain,other_uncertain,0.24145145999776915,0.04088642111360352,0.7176621188886272
FW_00796051,natural_vegetation_fire,natural_vegetation_fire,0.0006482638780640328,0.9879597089449831,0.011392027176952908
FW_00290469,other_uncertain,other_uncertain,0.0028502099469672293,0.031642898809162254,0.9655068912438705
FW_00829850,other_uncertain,other_uncertain,0.03529356908199582,0.035258484098799156,0.9294479468192051
FW_00417374,other_uncertain,other_uncertain,0.12251112033453199,0.07751477629396059,0.7999741033715074
FW_00500106,other_uncertain,natural_vegetation_fire,0.002090109288892155,0.851605744432734,0.14630414627837396
FW_01702148,natural_vegetation_fire,natural_vegetation_fire,0.003625268814947082,0.8858886450903783,0.11048608609467447
FW_01237088,natural_vegetation_fire,other_uncertain,0.0033650297058914072,0.4056246199983766,0.5910103502957321
FW_00383027,natural_vegetation_fire,natural_vegetation_fire,0.001060374011799764,0.9376845489228091,0.061255077065391156
FW_01266468,natural_vegetation_fire,natural_vegetation_fire,0.0003926162684249723,0.9917773283051969,0.007830055426378074
FW_00206261,natural_vegetation_fire,natural_vegetation_fire,0.005340507937899121,0.9586852481131887,0.03597424394891207
FW_01688796,natural_vegetation_fire,natural_vegetation_fire,0.009209523437301826,0.5926794772631147,0.3981109992995836
FW_01000417,other_uncertain,other_uncertain,0.00582057197976034,0.43619121638064,0.5579882116395997
FW_00545073,other_uncertain,other_uncertain,0.14561519247749838,0.1382703680726772,0.7161144394498244
FW_01135858,other_uncertain,other_uncertain,0.0009103249438263809,0.01789330577879175,0.9811963692773819
FW_00485539,natural_vegetation_fire,natural_vegetation_fire,0.000652473424962486,0.9762674245837845,0.02308010199125324
FW_01030868,natural_vegetation_fire,natural_vegetation_fire,0.001764481106822057,0.9061703765510378,0.09206514234214028
FW_00448388,other_uncertain,other_uncertain,0.011725062072554368,0.18327544371477203,0.8049994942126737
FW_00414642,natural_vegetation_fire,natural_vegetation_fire,0.001127315291238198,0.9481244704104563,0.0507482142983053
FW_00590427,natural_vegetation_fire,natural_vegetation_fire,0.0013296807458384277,0.9044383882122542,0.09423193104190737
FW_00637054,natural_vegetation_fire,natural_vegetation_fire,0.0005067053792494133,0.9767807610772491,0.022712533543501494
FW_00143490,natural_vegetation_fire,natural_vegetation_fire,0.0009453189727952489,0.9664114661037937,0.032643214923411205
FW_01617297,other_uncertain,other_uncertain,0.0010144851277089748,0.01781657168437587,0.9811689431879153
FW_00138793,natural_vegetation_fire,natural_vegetation_fire,0.0013345137331953632,0.9209350866909649,0.07773039957583983
FW_01246781,natural_vegetation_fire,natural_vegetation_fire,0.001259444405413871,0.9743500417216944,0.02439051387289171
FW_01691829,industrial_fire_candidate,other_uncertain,0.04739171868856761,0.03425610381382257,0.9183521774976099
FW_01723615,industrial_fire_candidate,other_uncertain,0.05879171715118963,0.2797094380695432,0.6614988447792671
FW_00619371,other_uncertain,other_uncertain,0.0012468813339332502,0.02309458417352648,0.9756585344925404
FW_00514068,natural_vegetation_fire,natural_vegetation_fire,0.0008286567920024422,0.9457451438389656,0.05342619936903199
FW_01014648,other_uncertain,other_uncertain,0.0022259683942356407,0.04029635895808121,0.9574776726476831
FW_01343398,natural_vegetation_fire,natural_vegetation_fire,0.0066090105683673855,0.8814691431153712,0.11192184631626131
FW_01591212,other_uncertain,other_uncertain,0.026069473482658197,0.1289445963566852,0.8449859301606566
FW_00483340,natural_vegetation_fire,natural_vegetation_fire,0.0005839163570006436,0.9151490052321856,0.08426707841081382
FW_01361301,natural_vegetation_fire,natural_vegetation_fire,0.0027039349162138763,0.9743612795341329,0.02293478554965319
FW_01039146,natural_vegetation_fire,natural_vegetation_fire,0.001633232777107372,0.8285333116018685,0.16983345562102403
FW_00915909,natural_vegetation_fire,natural_vegetation_fire,0.0006950224744599598,0.9784717670053706,0.020833210520169402
FW_01074852,other_uncertain,other_uncertain,0.00108954321316719,0.023351520372724238,0.9755589364141086
FW_00478417,natural_vegetation_fire,natural_vegetation_fire,0.001168011667741351,0.9169913694924381,0.08184061883982058
FW_01106891,natural_vegetation_fire,other_uncertain,0.00334688460436486,0.43970132585844,0.5569517895371952
FW_01145360,natural_vegetation_fire,natural_vegetation_fire,0.00048052756314769185,0.9031138806939872,0.09640559174286518
FW_00514889,other_uncertain,other_uncertain,0.020842823841805254,0.018495813603427086,0.9606613625547676
FW_01188653,other_uncertain,other_uncertain,0.09551934247244147,0.03321800754948832,0.8712626499780702
FW_01491507,natural_vegetation_fire,natural_vegetation_fire,0.009070330961570144,0.7665555888930942,0.22437408014533558
FW_00817643,other_uncertain,other_uncertain,0.027955344674858124,0.05959981601498303,0.9124448393101589
FW_00463911,other_uncertain,other_uncertain,0.24359528586399784,0.01987083284751727,0.736533881288485
FW_01446601,natural_vegetation_fire,natural_vegetation_fire,0.00032296347755092486,0.9709659752983469,0.0287110612241022
FW_00876092,natural_vegetation_fire,natural_vegetation_fire,0.002270231015668373,0.975370325788592,0.022359443195739848
FW_01693380,natural_vegetation_fire,natural_vegetation_fire,0.014535649501165121,0.787755595587948,0.19770875491088685
FW_00359508,other_uncertain,other_uncertain,0.0007406641191141368,0.019673380904184173,0.9795859549767018
FW_00902693,natural_vegetation_fire,natural_vegetation_fire,0.009114393662284235,0.8457605100019348,0.14512509633578094
FW_00670015,other_uncertain,other_uncertain,0.02539767534631226,0.45366307258662797,0.5209392520670597
FW_00828781,natural_vegetation_fire,natural_vegetation_fire,0.0020748301759516614,0.9307073103901133,0.06721785943393516
FW_01657773,natural_vegetation_fire,natural_vegetation_fire,0.0023865249382922678,0.8321344014478612,0.16547907361384653
FW_01630875,natural_vegetation_fire,natural_vegetation_fire,0.0005799047742353516,0.9541068545741681,0.045313240651596524
FW_01427160,natural_vegetation_fire,natural_vegetation_fire,0.0027222843761500193,0.9734712370389541,0.023806478584895957
FW_00927680,natural_vegetation_fire,natural_vegetation_fire,0.008267800917284832,0.9238446091505816,0.06788758993213352
FW_01040944,natural_vegetation_fire,other_uncertain,0.007773826028055471,0.46729110500397847,0.524935068967966
FW_00897059,other_uncertain,other_uncertain,0.02863105398236245,0.11390149761592748,0.8574674484017101
FW_00482220,natural_vegetation_fire,natural_vegetation_fire,0.0007428675016306687,0.8887929020229337,0.11046423047543572
FW_01687497,natural_vegetation_fire,natural_vegetation_fire,0.001358970646571161,0.94906007790818,0.04958095144524886
FW_01058585,natural_vegetation_fire,natural_vegetation_fire,0.0023592846598269207,0.7988014865124429,0.1988392288277302
FW_00089998,natural_vegetation_fire,natural_vegetation_fire,0.0010490788325398935,0.9774623249934332,0.02148859617402693
FW_00829896,other_uncertain,other_uncertain,0.15383379675677303,0.09113281060667636,0.7550333926365506
FW_00314406,other_uncertain,other_uncertain,0.46164592676910643,0.016145780191207767,0.5222082930396859
FW_01093358,natural_vegetation_fire,natural_vegetation_fire,0.037817539685941384,0.7760897756132895,0.18609268470076915
FW_01702727,other_uncertain,other_uncertain,0.004813824587846168,0.0223649969762815,0.9728211784358723
FW_00994258,natural_vegetation_fire,natural_vegetation_fire,0.0031346622142675155,0.7078609884384145,0.28900434934731806
FW_01275877,natural_vegetation_fire,natural_vegetation_fire,0.003056912690165635,0.9558339293236646,0.04110915798616983
FW_00212214,natural_vegetation_fire,natural_vegetation_fire,0.0027112301332914354,0.9905938206402342,0.006694949226474416
FW_01398264,other_uncertain,other_uncertain,0.0007356459381992827,0.027622213300527842,0.9716421407612729
FW_01481973,other_uncertain,other_uncertain,0.002380511981844803,0.038451624578706496,0.9591678634394486
FW_00345272,natural_vegetation_fire,natural_vegetation_fire,0.006027943114844247,0.8912560744806156,0.10271598240454004
FW_00096238,natural_vegetation_fire,natural_vegetation_fire,0.0014161363097178507,0.970223761883971,0.02836010180631112
FW_00788601,natural_vegetation_fire,natural_vegetation_fire,0.0015949613149934903,0.9653656343071076,0.033039404377898866
FW_01058880,other_uncertain,other_uncertain,0.004287671790710051,0.016190114849676977,0.9795222133596129
FW_01630881,natural_vegetation_fire,natural_vegetation_fire,0.000603433145507995,0.9059907476908019,0.09340581916369026
FW_00589252,industrial_fire_candidate,other_uncertain,0.1678458009189369,0.006733217302081396,0.8254209817789816
FW_01043707,other_uncertain,natural_vegetation_fire,0.13537359989442635,0.4865269370011689,0.3780994631044048
FW_01652961,natural_vegetation_fire,natural_vegetation_fire,0.0015919135702802225,0.9532207669221283,0.04518731950759159
FW_01504814,natural_vegetation_fire,natural_vegetation_fire,0.0021316038847189033,0.9662217702191693,0.0316466258961116
FW_00795298,natural_vegetation_fire,natural_vegetation_fire,0.003006352271502504,0.9021124956225369,0.09488115210596051
FW_01555884,industrial_fire_candidate,industrial_fire_candidate,0.635152224690278,0.13535379080531632,0.22949398450440556
FW_01038511,other_uncertain,other_uncertain,0.004368042001773624,0.1698807571248857,0.8257512008733406
FW_01059050,other_uncertain,other_uncertain,0.0019041352822390268,0.02377986913053968,0.9743159955872213
FW_00109856,natural_vegetation_fire,natural_vegetation_fire,0.0012086055297138305,0.8905431553081946,0.10824823916209157
FW_01477606,other_uncertain,other_uncertain,0.17037429456170186,0.008931793572921107,0.8206939118653771
FW_00028460,other_uncertain,other_uncertain,0.10567389989691936,0.005080652516451373,0.8892454475866293
FW_00254393,other_uncertain,other_uncertain,0.18709105335651163,0.06805524977485113,0.7448536968686372
FW_00522988,other_uncertain,other_uncertain,0.048196546763060934,0.031187235928709266,0.9206162173082297
FW_00763249,natural_vegetation_fire,natural_vegetation_fire,0.0006983369122593086,0.9602636783267736,0.039037984760967065
FW_00702037,natural_vegetation_fire,natural_vegetation_fire,0.0005265368582192614,0.9836241249144558,0.015849338227324823
FW_01025263,natural_vegetation_fire,natural_vegetation_fire,0.002042456669351136,0.9217644229982961,0.07619312033235277
FW_00366658,natural_vegetation_fire,natural_vegetation_fire,0.002400289773011361,0.9631566754113698,0.03444303481561894
FW_00414205,natural_vegetation_fire,natural_vegetation_fire,0.0007040049637936213,0.9415299497968714,0.05776604523933483
FW_01207920,other_uncertain,other_uncertain,0.14684625032999798,0.05637549472801671,0.7967782549419853
FW_00944483,natural_vegetation_fire,natural_vegetation_fire,0.0013084712089392865,0.9394033866952354,0.05928814209582535
FW_00470399,natural_vegetation_fire,natural_vegetation_fire,0.0014497307736457494,0.9049603910686257,0.09358987815772862
FW_01707862,natural_vegetation_fire,other_uncertain,0.0020385098494345535,0.33476059874933906,0.6632008914012264
FW_01084873,natural_vegetation_fire,natural_vegetation_fire,0.2660325388293879,0.47625368110455785,0.25771378006605433
FW_01579720,other_uncertain,other_uncertain,0.0011354379115009817,0.022208055870520188,0.9766565062179788
FW_00394162,other_uncertain,other_uncertain,0.0018043268039928163,0.014648605736319901,0.9835470674596873
FW_01321248,natural_vegetation_fire,natural_vegetation_fire,0.003300204308973072,0.8350968290639932,0.16160296662703375
FW_01297404,natural_vegetation_fire,natural_vegetation_fire,0.0024853016501324115,0.9503566872233576,0.04715801112651006
FW_00445368,other_uncertain,other_uncertain,0.04405894506590872,0.07696945093088621,0.878971604003205
FW_00541137,natural_vegetation_fire,natural_vegetation_fire,0.0009749920487253624,0.8745022983917734,0.12452270955950141
FW_00006137,industrial_fire_candidate,other_uncertain,0.03396766489028906,0.05679636633779737,0.9092359687719136
FW_00981892,natural_vegetation_fire,natural_vegetation_fire,0.00047258968766975137,0.9832788289878653,0.016248581324464897
FW_01325550,other_uncertain,other_uncertain,0.043936185442238554,0.044651947887707925,0.9114118666700535
FW_00946108,natural_vegetation_fire,natural_vegetation_fire,0.0013883297705749047,0.9058988218571243,0.09271284837230089
FW_01291379,natural_vegetation_fire,natural_vegetation_fire,0.0004087754810240364,0.9909981046736548,0.008593119845320928
FW_00582610,industrial_fire_candidate,other_uncertain,0.008136711908592564,0.10029226793174949,0.8915710201596581
FW_01102031,natural_vegetation_fire,natural_vegetation_fire,0.003287531366445965,0.7497806959971897,0.24693177263636457
FW_00444295,natural_vegetation_fire,natural_vegetation_fire,0.0011566958771495558,0.7997209985382823,0.19912230558456803
FW_00947314,other_uncertain,other_uncertain,0.010578698839168062,0.03744839413598407,0.9519729070248479
FW_01343409,natural_vegetation_fire,natural_vegetation_fire,0.0028935039767341,0.8976256970629105,0.09948079896035548
FW_01504525,natural_vegetation_fire,natural_vegetation_fire,0.0036522019746978536,0.905695984348984,0.09065181367631801
FW_01525664,natural_vegetation_fire,natural_vegetation_fire,0.005309747980960853,0.8098733729967972,0.184816879022242
FW_00047922,natural_vegetation_fire,natural_vegetation_fire,0.0020794503049143508,0.9712014486363387,0.026719101058746926
FW_01567491,natural_vegetation_fire,natural_vegetation_fire,0.003222504678735959,0.8206325801201158,0.17614491520114822
FW_01481605,natural_vegetation_fire,natural_vegetation_fire,0.042563240013665266,0.8678829053824103,0.08955385460392427
FW_01301591,natural_vegetation_fire,natural_vegetation_fire,0.002751534656675304,0.9447945469683339,0.05245391837499078
FW_01401995,natural_vegetation_fire,natural_vegetation_fire,0.0012477319281014479,0.8883947648580938,0.11035750321380466
FW_00115068,natural_vegetation_fire,natural_vegetation_fire,0.001461753528345859,0.9803223545253957,0.01821589194625838
FW_00498070,natural_vegetation_fire,natural_vegetation_fire,0.0024277291772518378,0.9639017659250126,0.033670504897735466
FW_01582227,other_uncertain,other_uncertain,0.0004404686245173105,0.027754006922060898,0.9718055244534218
FW_00605190,other_uncertain,other_uncertain,0.0010276459009526371,0.015171029457660181,0.9838013246413871
FW_00649825,other_uncertain,other_uncertain,0.017108997621418078,0.15849708300109172,0.8243939193774902
FW_00998826,other_uncertain,other_uncertain,0.009499167099110665,0.4538953360082819,0.5366054968926074
FW_01496741,natural_vegetation_fire,natural_vegetation_fire,0.0037209990000787473,0.9741035666106462,0.02217543438927506
FW_00512075,natural_vegetation_fire,natural_vegetation_fire,0.004655521751950507,0.8810597264070231,0.11428475184102636
FW_01179683,other_uncertain,other_uncertain,0.007647622611574977,0.009514347286019477,0.9828380301024056
FW_01039454,natural_vegetation_fire,natural_vegetation_fire,0.0031951177333271194,0.9053554884288205,0.09144939383785235
FW_00174326,natural_vegetation_fire,natural_vegetation_fire,0.06001869239688016,0.8046187073774979,0.1353626002256219
FW_01689932,industrial_fire_candidate,other_uncertain,0.40509863290786025,0.008643241515308738,0.5862581255768309
FW_00839161,natural_vegetation_fire,natural_vegetation_fire,0.003614418294663482,0.8106251739633231,0.18576040774201333
FW_01297958,natural_vegetation_fire,natural_vegetation_fire,0.002182286531707831,0.9658967197643645,0.031920993703927605
FW_00118755,other_uncertain,other_uncertain,0.463771884307522,0.050236301010972144,0.4859918146815058
FW_00858363,natural_vegetation_fire,natural_vegetation_fire,0.0016434328393750365,0.9478339446675496,0.05052262249307549
FW_01031036,natural_vegetation_fire,other_uncertain,0.003057365447018232,0.4352661076352499,0.561676526917732
FW_01547287,natural_vegetation_fire,natural_vegetation_fire,0.0011048000147783517,0.9155804491436549,0.08331475084156685
FW_01241705,natural_vegetation_fire,natural_vegetation_fire,0.22005650312527322,0.4682619524565515,0.3116815444181753
FW_01052562,industrial_fire_candidate,other_uncertain,0.21994619276663757,0.01706289555752003,0.7629909116758424
FW_00786205,natural_vegetation_fire,natural_vegetation_fire,0.0025815774502695715,0.9773483193311358,0.02007010321859473
FW_00726507,natural_vegetation_fire,natural_vegetation_fire,0.007117575725932122,0.8458325348837257,0.14704988939034216
FW_00669623,natural_vegetation_fire,natural_vegetation_fire,0.001014688212452232,0.9751588208388984,0.023826490948649484
FW_00253482,other_uncertain,other_uncertain,0.053567769258606415,0.014532277508140347,0.9318999532332534
FW_01076088,other_uncertain,natural_vegetation_fire,0.0026565709623976416,0.8063660413020026,0.19097738773559966
FW_00034989,other_uncertain,other_uncertain,0.0015789682885654342,0.07478227895998,0.9236387527514547
FW_00809213,other_uncertain,other_uncertain,0.11286701149084163,0.00789646526768354,0.8792365232414748
FW_01420940,natural_vegetation_fire,natural_vegetation_fire,0.0043210949332354405,0.9010376828942146,0.09464122217254993
FW_00502130,natural_vegetation_fire,natural_vegetation_fire,0.0009723553006652578,0.9526341097858725,0.04639353491346212
FW_01069612,natural_vegetation_fire,other_uncertain,0.013342420463691263,0.48287543775220315,0.5037821417841056
FW_00821574,natural_vegetation_fire,natural_vegetation_fire,0.002818879007555793,0.8155587235940526,0.18162239739839164
FW_00668852,natural_vegetation_fire,natural_vegetation_fire,0.0009718055583081358,0.9722807746893736,0.026747419752318324
FW_01389349,natural_vegetation_fire,natural_vegetation_fire,0.0018362394176508734,0.9714462697072813,0.026717490875067872
FW_01617039,other_uncertain,other_uncertain,0.0007472270297874434,0.021053702728658186,0.9781990702415544
FW_00603168,industrial_fire_candidate,industrial_fire_candidate,0.8095295636700574,0.005072709370631693,0.18539772695931098
FW_01494180,other_uncertain,other_uncertain,0.019161401252079577,0.0505423023959989,0.9302962963519215
FW_01095355,other_uncertain,other_uncertain,0.0023148575060787354,0.01732578154604162,0.9803593609478797
FW_01599145,natural_vegetation_fire,natural_vegetation_fire,0.001292911897423967,0.8929361274895242,0.10577096061305186
FW_01493428,natural_vegetation_fire,natural_vegetation_fire,0.0012896294617822663,0.8296046003571859,0.169105770181032
FW_00497235,natural_vegetation_fire,natural_vegetation_fire,0.0007619707007799879,0.7228163492614361,0.27642168003778383
FW_00590607,natural_vegetation_fire,other_uncertain,0.008712030482566548,0.40456921626019526,0.5867187532572383
FW_00534267,natural_vegetation_fire,natural_vegetation_fire,0.0019207273170629268,0.7325879475780127,0.26549132510492446
FW_00231535,natural_vegetation_fire,natural_vegetation_fire,0.003004211673495543,0.9612513298350103,0.035744458491494296
FW_00796012,natural_vegetation_fire,natural_vegetation_fire,0.0010733063694602354,0.9719441245006133,0.026982569129926276
FW_01685119,other_uncertain,other_uncertain,0.2844666080818,0.06032506836848104,0.6552083235497189
FW_00059403,natural_vegetation_fire,natural_vegetation_fire,0.0014265126394605388,0.9777706426528735,0.020802844707665913
FW_00397925,other_uncertain,other_uncertain,0.0213835488751079,0.21695389443272642,0.7616625566921658
FW_01416637,natural_vegetation_fire,natural_vegetation_fire,0.0012261278881571544,0.9787186957533955,0.020055176358447405
FW_01065873,natural_vegetation_fire,natural_vegetation_fire,0.0009672927894411468,0.822777137722505,0.17625556948805374
FW_00423636,other_uncertain,other_uncertain,0.0015355081778644318,0.018259337797820525,0.9802051540243151
FW_00127110,natural_vegetation_fire,natural_vegetation_fire,0.002346142003991356,0.8840587266601475,0.11359513133586097
FW_00553652,other_uncertain,other_uncertain,0.0790047596543263,0.023629183932675803,0.8973660564129979
FW_01178895,natural_vegetation_fire,natural_vegetation_fire,0.0028434507417107557,0.9336637530172757,0.06349279624101348
FW_00520182,other_uncertain,other_uncertain,0.002653558394402138,0.14598653309344947,0.8513599085121485
FW_01109604,natural_vegetation_fire,natural_vegetation_fire,0.0019068558122526812,0.7576382890652642,0.24045485512248327
FW_00487464,natural_vegetation_fire,natural_vegetation_fire,0.0064278961481793314,0.9272820585241688,0.06629004532765184
FW_00144828,other_uncertain,other_uncertain,0.11713333270687923,0.006872018042021844,0.8759946492510989
FW_01164002,other_uncertain,other_uncertain,0.0006601547527177862,0.015409036294733863,0.9839308089525484
FW_01465770,natural_vegetation_fire,natural_vegetation_fire,0.0020652285145431487,0.9155506832740743,0.08238408821138253
FW_00546089,natural_vegetation_fire,natural_vegetation_fire,0.0013280777247478262,0.8882502923097688,0.11042162996548328
FW_01116337,natural_vegetation_fire,natural_vegetation_fire,0.000668801374975677,0.9488293646147864,0.05050183401023798
FW_00830778,natural_vegetation_fire,natural_vegetation_fire,0.0039309334893454445,0.7904035146210692,0.20566555188958535
FW_00928830,natural_vegetation_fire,natural_vegetation_fire,0.0041898672033078115,0.9641390639054208,0.03167106889127151
FW_00958079,other_uncertain,other_uncertain,0.0013997730447357728,0.016329988425463723,0.9822702385298004
FW_01088901,natural_vegetation_fire,natural_vegetation_fire,0.0018161890346171995,0.9296062375287177,0.06857757343666501
FW_01489421,natural_vegetation_fire,natural_vegetation_fire,0.0018852036353612964,0.7218002130935262,0.27631458327111247
FW_01050080,other_uncertain,other_uncertain,0.0012906442493343156,0.1841449262534744,0.8145644294971913
FW_00232434,natural_vegetation_fire,natural_vegetation_fire,0.0017317817660691167,0.9576159205174242,0.040652297716506774
FW_00249702,natural_vegetation_fire,natural_vegetation_fire,0.001293782308222886,0.9675459397283251,0.031160277963451954
FW_00932501,natural_vegetation_fire,other_uncertain,0.007677066717002523,0.32562745963111767,0.6666954736518799
FW_00463315,natural_vegetation_fire,natural_vegetation_fire,0.009474559151794893,0.7110758919193411,0.27944954892886403
FW_00571298,other_uncertain,other_uncertain,0.0035646229607678736,0.019837015454659705,0.9765983615845725
FW_00687044,natural_vegetation_fire,natural_vegetation_fire,0.0005837115054303065,0.954720455741853,0.044695832752716685
FW_00390165,other_uncertain,other_uncertain,0.10880878105778179,0.006654361206060093,0.8845368577361582
FW_00368343,natural_vegetation_fire,natural_vegetation_fire,0.0032011131586020068,0.9410270262458875,0.05577186059551047
FW_00858319,natural_vegetation_fire,natural_vegetation_fire,0.008163489304515928,0.9379365180165593,0.053899992678924785
FW_01630696,natural_vegetation_fire,natural_vegetation_fire,0.0009886841264048932,0.9791309731089681,0.019880342764627076
FW_00279111,natural_vegetation_fire,natural_vegetation_fire,0.0013589233163627023,0.8319989513390114,0.16664212534462605
FW_00242148,natural_vegetation_fire,natural_vegetation_fire,0.0015124427858876604,0.9852199017074882,0.013267655506624176
FW_00792988,natural_vegetation_fire,natural_vegetation_fire,0.010040439489816392,0.9681463923803056,0.02181316812987785
FW_00902962,natural_vegetation_fire,natural_vegetation_fire,0.002082760357059785,0.9461207716870255,0.05179646795591463
FW_01583082,natural_vegetation_fire,natural_vegetation_fire,0.0016560237188613124,0.9155085770628846,0.08283539921825415
FW_00214654,natural_vegetation_fire,natural_vegetation_fire,0.0013388173761933882,0.9724215587825394,0.02623962384126715
FW_00558707,industrial_fire_candidate,other_uncertain,0.4837264849923612,0.0049534190784097315,0.5113200959292291
FW_01616663,natural_vegetation_fire,natural_vegetation_fire,0.008859504354590885,0.8996918032387817,0.09144869240662758
FW_00461560,natural_vegetation_fire,natural_vegetation_fire,0.04944275481886276,0.5946986666648675,0.3558585785162698
FW_00569770,industrial_fire_candidate,other_uncertain,0.014829088001739979,0.08172420707356973,0.9034467049246903
FW_00483601,natural_vegetation_fire,natural_vegetation_fire,0.0015506069733224653,0.8739773352942642,0.12447205773241331
FW_01165247,other_uncertain,other_uncertain,0.06975334962972586,0.017122890567561222,0.913123759802713
FW_01464402,natural_vegetation_fire,natural_vegetation_fire,0.0399502027759498,0.5531051138142917,0.4069446834097585
FW_00899223,other_uncertain,natural_vegetation_fire,0.0052682162002752365,0.8875746866476966,0.10715709715202822
FW_00594469,other_uncertain,other_uncertain,0.33670330682504285,0.006491592735836054,0.6568051004391211
FW_01584510,other_uncertain,industrial_fire_candidate,0.545419857755842,0.05456435734576369,0.4000157848983944
FW_01454091,natural_vegetation_fire,natural_vegetation_fire,0.005984834091130025,0.8190143120882795,0.1750008538205904
FW_00170067,natural_vegetation_fire,natural_vegetation_fire,0.0009834674403219111,0.9530321715891408,0.045984360970537194
FW_00493151,natural_vegetation_fire,natural_vegetation_fire,0.0022648972551401526,0.9279676555190256,0.0697674472258343
FW_00209990,natural_vegetation_fire,natural_vegetation_fire,0.00113430732024187,0.9368552718936168,0.06201042078614112
FW_00089535,natural_vegetation_fire,natural_vegetation_fire,0.0018789069250051446,0.9640897440400725,0.034031349034922415
FW_00123339,other_uncertain,other_uncertain,0.0005599498758251633,0.018406765604975617,0.9810332845191991
FW_00375036,natural_vegetation_fire,natural_vegetation_fire,0.0018364494522619755,0.8211763581602544,0.17698719238748367
FW_00003101,other_uncertain,other_uncertain,0.003967196239610309,0.013215556758874201,0.9828172470015156
FW_00607274,other_uncertain,other_uncertain,0.013595598118131734,0.013344309533044515,0.9730600923488236
FW_00781219,natural_vegetation_fire,natural_vegetation_fire,0.0007552684616589796,0.968109333542604,0.031135397995737023
FW_01301906,industrial_fire_candidate,other_uncertain,0.2872558276430896,0.13282886985134285,0.5799153025055674
FW_00079767,natural_vegetation_fire,natural_vegetation_fire,0.002437944602799084,0.9485748642425729,0.048987191154628004
FW_01632141,other_uncertain,other_uncertain,0.0027048640040556104,0.1528594593736363,0.844435676622308
FW_00307306,natural_vegetation_fire,natural_vegetation_fire,0.001944849409943814,0.9855251164393202,0.012530034150736077
FW_00620770,natural_vegetation_fire,natural_vegetation_fire,0.0007154434225456638,0.9708790939193191,0.028405462658135063
FW_00573646,other_uncertain,other_uncertain,0.007217697585711076,0.30841523208245475,0.6843670703318341
FW_01678638,natural_vegetation_fire,natural_vegetation_fire,0.0013144697781445889,0.8045688381664833,0.1941166920553721
FW_00545333,other_uncertain,other_uncertain,0.10738563544099448,0.007167101390493878,0.8854472631685117
FW_00367668,natural_vegetation_fire,natural_vegetation_fire,0.01521925155772487,0.8798447576568782,0.10493599078539706
FW_00274069,other_uncertain,other_uncertain,0.17029435455361824,0.006025979100421169,0.8236796663459606
FW_00014931,other_uncertain,other_uncertain,0.0026857782043338066,0.012633402697881949,0.9846808190977843
FW_00063965,natural_vegetation_fire,natural_vegetation_fire,0.003575852329886982,0.9047182603675483,0.09170588730256486
FW_01044281,other_uncertain,other_uncertain,0.0027509983121211242,0.05986092520479891,0.9373880764830799
FW_00762321,natural_vegetation_fire,natural_vegetation_fire,0.0014733557625293717,0.9518309895320992,0.04669565470537136
FW_00586616,natural_vegetation_fire,natural_vegetation_fire,0.0014627245350551628,0.8821677060135733,0.11636956945137143
FW_01121225,other_uncertain,other_uncertain,0.1971379332775691,0.00431930015578084,0.79854276656665
FW_00444897,other_uncertain,other_uncertain,0.02275125654148686,0.06475666775023788,0.9124920757082752
FW_01580917,natural_vegetation_fire,natural_vegetation_fire,0.0012906828710790722,0.9360028118981213,0.06270650523079949
FW_01127493,other_uncertain,other_uncertain,0.08406280180546921,0.03850808925631617,0.8774291089382146
FW_00006514,other_uncertain,other_uncertain,0.023169877721266125,0.15930624202374935,0.8175238802549845
FW_00208641,natural_vegetation_fire,natural_vegetation_fire,0.0011307314678772628,0.9744551309185204,0.024414137613602338
FW_00620762,natural_vegetation_fire,natural_vegetation_fire,0.0006147372307529322,0.9762695481131027,0.023115714656144187
FW_00742395,natural_vegetation_fire,natural_vegetation_fire,0.001077025352633924,0.9489953197679634,0.04992765487940278
FW_00756956,natural_vegetation_fire,natural_vegetation_fire,0.01256573471629241,0.9175634108534951,0.06987085443021233
FW_01153353,other_uncertain,other_uncertain,0.009053800488283578,0.20322281991632807,0.7877233795953884
FW_00996088,natural_vegetation_fire,natural_vegetation_fire,0.0005387506988490879,0.9770069246185215,0.022454324682629558
FW_01013540,natural_vegetation_fire,natural_vegetation_fire,0.003239287237044359,0.9330979201062333,0.06366279265672256
FW_00672434,natural_vegetation_fire,natural_vegetation_fire,0.0024394667345136313,0.9742844663366788,0.02327606692880757
FW_00327145,natural_vegetation_fire,natural_vegetation_fire,0.000785182966825394,0.9731812945174577,0.02603352251571677
FW_01528989,natural_vegetation_fire,natural_vegetation_fire,0.0021856707072552338,0.8394743613953605,0.1583399678973843
FW_00892497,natural_vegetation_fire,natural_vegetation_fire,0.0006284245524738297,0.9857885629328883,0.01358301251463776
FW_00345289,other_uncertain,other_uncertain,0.003909080123267045,0.4024626674539055,0.5936282524228275
FW_00693723,natural_vegetation_fire,natural_vegetation_fire,0.00215648117698976,0.9092936627697006,0.08854985605330962
FW_00797018,natural_vegetation_fire,natural_vegetation_fire,0.0012458426067198099,0.8974969853169736,0.10125717207630669
FW_00147808,natural_vegetation_fire,natural_vegetation_fire,0.0022861141233730996,0.96218794016222,0.035525945714406815
FW_00055999,natural_vegetation_fire,natural_vegetation_fire,0.0005467342616794112,0.9758319443335762,0.02362132140474441
FW_00335528,natural_vegetation_fire,natural_vegetation_fire,0.0010727299845994132,0.9293776509176388,0.06954961909776157
FW_01065481,other_uncertain,other_uncertain,0.00455874730777664,0.08057758092872452,0.9148636717634988
FW_01654197,natural_vegetation_fire,natural_vegetation_fire,0.00040283330331924685,0.9748043805612935,0.02479278613538729
FW_00412794,other_uncertain,other_uncertain,0.0021411570907715095,0.008872496437020533,0.988986346472208
FW_00839459,natural_vegetation_fire,natural_vegetation_fire,0.004280791514694427,0.8979865037560358,0.0977327047292697
FW_00379288,other_uncertain,other_uncertain,0.007286950699771366,0.028520997387494224,0.9641920519127344
FW_01222911,natural_vegetation_fire,natural_vegetation_fire,0.006561418217931178,0.8891294879470865,0.10430909383498237
FW_00598807,natural_vegetation_fire,natural_vegetation_fire,0.014485570590819377,0.8771272798537068,0.10838714955547388
FW_00470161,natural_vegetation_fire,natural_vegetation_fire,0.0027990944081531495,0.7139137078025393,0.2832871977893075
FW_01698096,other_uncertain,natural_vegetation_fire,0.0009575815537829536,0.6882331340501376,0.31080928439607935
FW_00052465,natural_vegetation_fire,natural_vegetation_fire,0.0012171946220448841,0.9123706311413774,0.08641217423657767
FW_01577939,other_uncertain,other_uncertain,0.001172533913906832,0.047567777810972774,0.9512596882751204
FW_01071636,natural_vegetation_fire,natural_vegetation_fire,0.004133535834039844,0.9365721241577304,0.059294340008229605
FW_01404720,other_uncertain,natural_vegetation_fire,0.0025900580193681877,0.533948893140193,0.4634610488404387
FW_01411180,natural_vegetation_fire,natural_vegetation_fire,0.0010250121685615322,0.9707313609107252,0.028243626920713288
FW_00444922,other_uncertain,other_uncertain,0.020638700378849392,0.2180308310787404,0.7613304685424102
FW_00722803,natural_vegetation_fire,natural_vegetation_fire,0.0037774299215655887,0.9216016346933918,0.07462093538504251
FW_01257230,other_uncertain,other_uncertain,0.06638051418135467,0.38213184740126743,0.5514876384173779
FW_01560390,natural_vegetation_fire,natural_vegetation_fire,0.000558641367494929,0.9458732023130902,0.05356815631941492
FW_00705414,industrial_fire_candidate,other_uncertain,0.13220998867655925,0.15965247587382014,0.7081375354496207
FW_01056843,other_uncertain,other_uncertain,0.0005939588387986502,0.023303381709453407,0.976102659451748
FW_01610165,natural_vegetation_fire,natural_vegetation_fire,0.12321846421061612,0.5526442496364988,0.32413728615288506
FW_01006895,natural_vegetation_fire,natural_vegetation_fire,0.0006151610522662685,0.932615932475057,0.06676890647267665
FW_01097303,natural_vegetation_fire,natural_vegetation_fire,0.002080139142085436,0.7956032454959029,0.20231661536201176
FW_00267742,other_uncertain,industrial_fire_candidate,0.6161972447592731,0.18377990335261407,0.20002285188811283
FW_01580949,natural_vegetation_fire,other_uncertain,0.0023746201304160287,0.22258005502357844,0.7750453248460055
FW_01705419,natural_vegetation_fire,natural_vegetation_fire,0.004275580124436737,0.8838255383782215,0.11189888149734177
FW_00049344,natural_vegetation_fire,other_uncertain,0.0652416267460159,0.12745550511190148,0.8073028681420827
FW_01562755,natural_vegetation_fire,natural_vegetation_fire,0.0017325201156545287,0.948697151377983,0.04957032850636247
FW_01390772,natural_vegetation_fire,natural_vegetation_fire,0.0030803633034455543,0.9256715652364601,0.07124807146009438
FW_00359605,natural_vegetation_fire,natural_vegetation_fire,0.0032275775965721495,0.9156562567381294,0.08111616566529835
FW_01611619,other_uncertain,other_uncertain,0.0026631293977479147,0.09090728467951094,0.9064295859227411
FW_00349587,natural_vegetation_fire,natural_vegetation_fire,0.0005582032383458373,0.9099290091022905,0.08951278765936367
FW_00883241,natural_vegetation_fire,natural_vegetation_fire,0.0008145617870723448,0.97238538382747,0.02680005438545766
FW_00223390,natural_vegetation_fire,natural_vegetation_fire,0.002739638789221257,0.9135169662490413,0.08374339496173741
FW_01125332,natural_vegetation_fire,natural_vegetation_fire,0.0021961764928017306,0.6414435007019262,0.356360322805272
FW_01104572,natural_vegetation_fire,natural_vegetation_fire,0.0012817369827704667,0.9246326097011199,0.07408565331610957
FW_01020460,natural_vegetation_fire,natural_vegetation_fire,0.0011774194368496889,0.8914272303894694,0.10739535017368111
FW_00399716,other_uncertain,other_uncertain,0.0014677949429172778,0.01609293155157627,0.9824392735055063
