observation_id,latitude,longitude,spatial_group,actual_class_id,actual_class,predicted_class_id,predicted_class,correct,prob_industrial_fire_candidate,prob_natural_vegetation_fire,prob_other_uncertain,max_probability
FW_00501709,30.76631,74.42885,61_148,1,natural_vegetation_fire,1,natural_vegetation_fire,True,4.0349634e-05,0.99483997,0.0051196637,0.99483997
FW_00059227,15.3835,77.85237,30_155,1,natural_vegetation_fire,1,natural_vegetation_fire,True,0.0025688943,0.6221906,0.37524053,0.6221906
FW_00239656,24.12165,82.61414,48_165,2,other_uncertain,2,other_uncertain,True,0.005850401,0.014124518,0.9800251,0.9800251
FW_01587012,20.9826,85.13423,41_170,2,other_uncertain,2,other_uncertain,True,0.00041630026,0.023203526,0.9763801,0.9763801
FW_00058775,30.03339,80.58723,60_161,1,natural_vegetation_fire,1,natural_vegetation_fire,True,0.00014522595,0.9977627,0.0020921342,0.9977627
FW_00446635,20.9755,85.13471,41_170,2,other_uncertain,2,other_uncertain,True,0.00041258856,0.03472456,0.9648628,0.9648628
FW_00647476,17.70963,73.87038,35_147,1,natural_vegetation_fire,1,natural_vegetation_fire,True,0.00011067868,0.98282075,0.017068572,0.98282075
FW_00351867,20.79319,85.25222,41_170,2,other_uncertain,2,other_uncertain,True,0.031420775,0.0078862505,0.960693,0.960693
FW_01369279,21.68359,79.44989,43_158,1,natural_vegetation_fire,1,natural_vegetation_fire,True,0.00012372348,0.9890463,0.010829996,0.9890463
FW_00870874,23.67986,84.63904,47_169,1,natural_vegetation_fire,1,natural_vegetation_fire,True,1.9743655e-05,0.991454,0.008526262,0.991454
FW_00401337,31.59083,75.08582,63_150,1,natural_vegetation_fire,1,natural_vegetation_fire,True,0.00016263833,0.8052618,0.19457555,0.8052618
FW_00487836,29.97312,75.70296,59_151,1,natural_vegetation_fire,1,natural_vegetation_fire,True,0.0005181129,0.9909232,0.008558706,0.9909232
FW_00201903,22.49478,77.46163,44_154,1,natural_vegetation_fire,1,natural_vegetation_fire,True,0.00086429773,0.77330625,0.2258295,0.77330625
FW_00692431,20.97389,85.1722,41_170,2,other_uncertain,2,other_uncertain,True,0.00020226983,0.0074453726,0.9923524,0.9923524
FW_01549487,29.96433,75.97034,59_151,1,natural_vegetation_fire,1,natural_vegetation_fire,True,0.0006653683,0.90825933,0.09107532,0.90825933
FW_00273934,24.4251,82.9408,48_165,2,other_uncertain,1,natural_vegetation_fire,False,8.4909116e-05,0.94448215,0.055432953,0.94448215
FW_01326950,19.57822,79.53756,39_159,1,natural_vegetation_fire,1,natural_vegetation_fire,True,2.9828514e-05,0.99933654,0.0006335607,0.99933654
FW_01093624,29.97165,75.70154,59_151,1,natural_vegetation_fire,1,natural_vegetation_fire,True,0.0009488846,0.9739052,0.025145877,0.9739052
FW_00406183,31.36398,75.27506,62_150,1,natural_vegetation_fire,1,natural_vegetation_fire,True,0.000106677726,0.9946219,0.005271406,0.9946219
FW_00044098,17.47551,78.45539,34_156,2,other_uncertain,1,natural_vegetation_fire,False,0.007441547,0.52823424,0.4643242,0.52823424
FW_00513874,30.58096,74.30906,61_148,1,natural_vegetation_fire,1,natural_vegetation_fire,True,7.066734e-05,0.99797887,0.0019504894,0.99797887
FW_01128107,20.96236,85.17518,41_170,2,other_uncertain,2,other_uncertain,True,2.5158213e-05,0.010404541,0.98957026,0.98957026
FW_00601520,19.72302,79.17346,39_158,0,industrial_fire_candidate,2,other_uncertain,False,0.0739205,0.0029398915,0.9231396,0.9231396
FW_00472477,29.55618,75.53979,59_151,1,natural_vegetation_fire,1,natural_vegetation_fire,True,0.052403573,0.943811,0.0037854663,0.943811
FW_00831754,20.96189,85.17382,41_170,2,other_uncertain,2,other_uncertain,True,2.5008787e-05,0.0057446146,0.9942304,0.9942304
FW_01627520,25.24708,75.92477,50_151,1,natural_vegetation_fire,1,natural_vegetation_fire,True,0.00013894746,0.93002635,0.06983464,0.93002635
FW_00453011,31.39459,75.06087,62_150,1,natural_vegetation_fire,1,natural_vegetation_fire,True,0.000251492,0.8900912,0.10965735,0.8900912
FW_00861401,9.46025,76.42058,18_152,2,other_uncertain,1,natural_vegetation_fire,False,0.001791765,0.83942825,0.15877996,0.83942825
FW_00241777,20.79759,85.25902,41_170,2,other_uncertain,2,other_uncertain,True,0.20550652,0.026352473,0.768141,0.768141
FW_00392998,31.06729,75.22839,62_150,1,natural_vegetation_fire,1,natural_vegetation_fire,True,0.0001228745,0.9339013,0.0659758,0.9339013
FW_01093603,29.96334,75.97634,59_151,1,natural_vegetation_fire,1,natural_vegetation_fire,True,0.00012819619,0.9700735,0.029798297,0.9700735
FW_00827189,9.67894,76.49619,19_152,1,natural_vegetation_fire,1,natural_vegetation_fire,True,0.00026630293,0.7827546,0.2169791,0.7827546
FW_01286811,23.80258,92.55355,47_185,1,natural_vegetation_fire,1,natural_vegetation_fire,True,2.0999176e-05,0.9998486,0.0001303653,0.9998486
FW_00493165,31.46989,75.27615,62_150,1,natural_vegetation_fire,1,natural_vegetation_fire,True,2.4520776e-05,0.9846156,0.015359888,0.9846156
FW_01692006,9.97866,76.37612,19_152,2,other_uncertain,2,other_uncertain,True,0.07573546,0.0010848297,0.9231797,0.9231797
FW_01182628,26.01556,85.7341,52_171,1,natural_vegetation_fire,2,other_uncertain,False,0.0003086009,0.3591724,0.64051896,0.64051896
FW_00148607,22.35121,80.11906,44_160,1,natural_vegetation_fire,1,natural_vegetation_fire,True,3.2493394e-05,0.99881315,0.0011544097,0.99881315
FW_00109867,24.33519,92.89869,48_185,1,natural_vegetation_fire,1,natural_vegetation_fire,True,0.00030513175,0.7694073,0.23028764,0.7694073
FW_00334280,25.30287,83.49904,50_166,1,natural_vegetation_fire,1,natural_vegetation_fire,True,5.202949e-05,0.99645483,0.0034930997,0.99645483
FW_01567752,30.49718,76.76963,60_153,1,natural_vegetation_fire,1,natural_vegetation_fire,True,0.00012743482,0.9708471,0.029025499,0.9708471
FW_00016767,27.45997,95.47503,54_190,2,other_uncertain,1,natural_vegetation_fire,False,0.0010810664,0.61706674,0.3818522,0.61706674
FW_01070375,17.13994,77.17563,34_154,0,industrial_fire_candidate,0,industrial_fire_candidate,True,0.7876005,0.0029446117,0.20945486,0.7876005
FW_01541517,25.42664,75.95255,50_151,1,natural_vegetation_fire,1,natural_vegetation_fire,True,8.0500955e-05,0.99306035,0.0068591796,0.99306035
FW_00442354,24.17252,82.64666,48_165,2,other_uncertain,2,other_uncertain,True,0.0002450947,0.00818413,0.9915707,0.9915707
FW_01345134,21.51262,76.19573,43_152,1,natural_vegetation_fire,1,natural_vegetation_fire,True,7.791496e-05,0.9841366,0.015785532,0.9841366
FW_01581336,22.24848,78.30606,44_156,1,natural_vegetation_fire,1,natural_vegetation_fire,True,8.778343e-05,0.9759778,0.023934476,0.9759778
FW_01095201,31.30648,75.26761,62_150,1,natural_vegetation_fire,1,natural_vegetation_fire,True,0.0001293326,0.8930272,0.106843494,0.8930272
FW_01129842,19.96279,79.33357,39_158,2,other_uncertain,0,industrial_fire_candidate,False,0.9885422,0.001512248,0.009945596,0.9885422
FW_00129829,25.7061,90.49995,51_180,1,natural_vegetation_fire,1,natural_vegetation_fire,True,1.5903293e-05,0.99946624,0.000517917,0.99946624
FW_00052222,20.79452,85.25465,41_170,2,other_uncertain,2,other_uncertain,True,0.04990042,0.0022479335,0.9478516,0.9478516
FW_01155525,20.79457,85.25243,41_170,2,other_uncertain,2,other_uncertain,True,0.038019046,0.015087947,0.946893,0.946893
FW_01668808,24.11775,86.35081,48_172,2,other_uncertain,2,other_uncertain,True,0.0059292596,0.00499428,0.9890765,0.9890765
FW_00537464,22.30042,71.16919,44_142,1,natural_vegetation_fire,1,natural_vegetation_fire,True,0.0003675148,0.6570193,0.3426132,0.6570193
FW_00443664,24.20476,82.71164,48_165,1,natural_vegetation_fire,2,other_uncertain,False,0.019439887,0.020796346,0.95976377,0.95976377
FW_00753730,25.5222,94.55535,51_189,1,natural_vegetation_fire,1,natural_vegetation_fire,True,6.204665e-05,0.99940884,0.0005291662,0.99940884
FW_01162099,24.20704,82.7066,48_165,2,other_uncertain,2,other_uncertain,True,0.0026842845,0.005675319,0.9916403,0.9916403
FW_00001804,28.13577,77.06302,56_154,2,other_uncertain,1,natural_vegetation_fire,False,0.0022971286,0.78377664,0.21392623,0.78377664
FW_00694399,12.91964,79.72605,25_159,1,natural_vegetation_fire,1,natural_vegetation_fire,True,3.556844e-05,0.99680555,0.0031589188,0.99680555
FW_00339116,19.95736,79.33961,39_158,1,natural_vegetation_fire,0,industrial_fire_candidate,False,0.9460734,0.01627128,0.03765525,0.9460734
FW_01482670,19.78528,79.14627,39_158,0,industrial_fire_candidate,2,other_uncertain,False,0.004367967,0.014816916,0.9808152,0.9808152
FW_01614691,28.27115,77.27496,56_154,1,natural_vegetation_fire,2,other_uncertain,False,0.21348825,0.25391206,0.5325997,0.5325997
FW_01078391,29.94559,75.72118,59_151,1,natural_vegetation_fire,1,natural_vegetation_fire,True,0.0001992432,0.89248085,0.10731988,0.89248085
FW_01456321,22.11062,80.43148,44_160,1,natural_vegetation_fire,1,natural_vegetation_fire,True,0.00012338058,0.9967368,0.0031397352,0.9967368
FW_00645555,12.24843,75.2373,24_150,1,natural_vegetation_fire,1,natural_vegetation_fire,True,0.0048256577,0.97930706,0.0158673,0.97930706
FW_00504778,30.87784,74.38483,61_148,1,natural_vegetation_fire,1,natural_vegetation_fire,True,0.0003583954,0.60514283,0.39449874,0.60514283
FW_01593514,11.35075,78.4759,22_156,1,natural_vegetation_fire,1,natural_vegetation_fire,True,0.000110750916,0.8519456,0.14794365,0.8519456
FW_01186021,24.13946,82.57179,48_165,2,other_uncertain,2,other_uncertain,True,0.0012347637,0.304823,0.6939422,0.6939422
FW_01589227,23.83031,84.92589,47_169,2,other_uncertain,2,other_uncertain,True,3.8298418e-05,0.01974926,0.98021245,0.98021245
FW_00518181,31.00017,75.38127,62_150,1,natural_vegetation_fire,1,natural_vegetation_fire,True,8.9427616e-05,0.91435087,0.08555968,0.91435087
FW_00544937,20.95822,85.18365,41_170,2,other_uncertain,2,other_uncertain,True,5.2012005e-05,0.0038355603,0.9961124,0.9961124
FW_00003794,20.96132,85.15427,41_170,2,other_uncertain,2,other_uncertain,True,0.0016392753,0.027565232,0.9707955,0.9707955
FW_01049670,27.51214,70.3783,55_140,1,natural_vegetation_fire,2,other_uncertain,False,7.615644e-05,0.0947559,0.905168,0.905168
FW_00965145,25.32772,83.57346,50_167,1,natural_vegetation_fire,1,natural_vegetation_fire,True,7.773297e-05,0.9905082,0.009414023,0.9905082
FW_00910762,22.09377,78.17985,44_156,0,industrial_fire_candidate,1,natural_vegetation_fire,False,0.20826592,0.7352189,0.05651514,0.7352189
FW_01699370,27.15011,84.62742,54_169,1,natural_vegetation_fire,1,natural_vegetation_fire,True,8.377247e-05,0.97552174,0.024394464,0.97552174
FW_01646537,20.58877,75.34357,41_150,1,natural_vegetation_fire,1,natural_vegetation_fire,True,0.00016284517,0.9940335,0.0058036945,0.9940335
FW_01511943,24.22149,82.9978,48_165,1,natural_vegetation_fire,1,natural_vegetation_fire,True,0.0005079564,0.8249328,0.17455927,0.8249328
FW_00733363,15.28658,75.08033,30_150,1,natural_vegetation_fire,1,natural_vegetation_fire,True,9.155128e-06,0.9992563,0.0007344758,0.9992563
FW_00074150,29.12518,75.77819,58_151,2,other_uncertain,2,other_uncertain,True,0.08675874,0.035945855,0.8772954,0.8772954
FW_01474518,25.3714,83.49213,50_166,1,natural_vegetation_fire,1,natural_vegetation_fire,True,9.955054e-05,0.96827847,0.031622015,0.96827847
FW_00371808,20.97438,85.16824,41_170,2,other_uncertain,2,other_uncertain,True,0.000102473954,0.020917844,0.9789797,0.9789797
FW_00762268,24.72832,94.18786,49_188,1,natural_vegetation_fire,1,natural_vegetation_fire,True,0.00013458381,0.9989924,0.0008730205,0.9989924
FW_01413854,23.6852,91.88898,47_183,1,natural_vegetation_fire,1,natural_vegetation_fire,True,5.7908994e-05,0.99459743,0.005344652,0.99459743
FW_01115740,18.31238,74.5667,36_149,2,other_uncertain,2,other_uncertain,True,0.018024221,0.1925223,0.7894535,0.7894535
FW_00268769,20.94912,85.01223,41_170,2,other_uncertain,2,other_uncertain,True,0.00014305222,0.003341436,0.9965155,0.9965155
FW_00349181,29.91844,75.57759,59_151,1,natural_vegetation_fire,1,natural_vegetation_fire,True,0.00014317974,0.9825812,0.01727565,0.9825812
FW_00048791,9.6404,76.46542,19_152,2,other_uncertain,1,natural_vegetation_fire,False,0.00020417063,0.72277963,0.27701616,0.72277963
FW_01702192,28.05272,77.28837,56_154,1,natural_vegetation_fire,1,natural_vegetation_fire,True,0.00027163196,0.8950914,0.10463698,0.8950914
FW_01722875,21.61278,71.56731,43_143,1,natural_vegetation_fire,1,natural_vegetation_fire,True,0.00010009543,0.98751897,0.012380936,0.98751897
FW_00827430,15.17561,77.5557,30_155,1,natural_vegetation_fire,1,natural_vegetation_fire,True,0.00016693662,0.99665594,0.003177136,0.99665594
FW_00066001,13.73937,76.69637,27_153,1,natural_vegetation_fire,1,natural_vegetation_fire,True,7.1525166e-05,0.936785,0.063143514,0.936785
FW_00868117,14.62665,78.9203,29_157,1,natural_vegetation_fire,1,natural_vegetation_fire,True,8.614164e-05,0.99373156,0.006182294,0.99373156
FW_00004558,22.21284,84.86497,44_169,2,other_uncertain,2,other_uncertain,True,0.037772115,0.00069647783,0.96153146,0.96153146
FW_00650314,20.55507,74.0174,41_148,1,natural_vegetation_fire,1,natural_vegetation_fire,True,0.0002811844,0.9532066,0.046512257,0.9532066
FW_01238911,24.39658,73.61776,48_147,1,natural_vegetation_fire,1,natural_vegetation_fire,True,7.425674e-05,0.995284,0.0046416754,0.995284
FW_01513832,23.12572,75.82848,46_151,1,natural_vegetation_fire,1,natural_vegetation_fire,True,0.00040434083,0.5245132,0.47508246,0.5245132
FW_00082499,23.82447,92.99522,47_185,1,natural_vegetation_fire,1,natural_vegetation_fire,True,0.00025232547,0.9960712,0.0036764995,0.9960712
FW_01566148,31.69069,75.03693,63_150,1,natural_vegetation_fire,1,natural_vegetation_fire,True,0.00038090284,0.94532937,0.05428972,0.94532937
FW_01391033,17.51137,77.52155,35_155,1,natural_vegetation_fire,1,natural_vegetation_fire,True,4.996291e-05,0.9905233,0.009426766,0.9905233
FW_00888383,25.06463,83.89117,50_167,1,natural_vegetation_fire,1,natural_vegetation_fire,True,0.00049410417,0.9480068,0.051499046,0.9480068
FW_00446629,20.96229,85.1759,41_170,2,other_uncertain,2,other_uncertain,True,3.4881687e-05,0.018849123,0.98111594,0.98111594
FW_01123966,30.70158,74.23226,61_148,1,natural_vegetation_fire,1,natural_vegetation_fire,True,0.00011758504,0.95634,0.04354247,0.95634
FW_00223988,18.85938,72.92815,37_145,0,industrial_fire_candidate,2,other_uncertain,False,0.44070703,0.060200293,0.49909273,0.49909273
FW_01138776,15.31596,76.25436,30_152,0,industrial_fire_candidate,2,other_uncertain,False,0.003336905,0.18536156,0.8113015,0.8113015
FW_01393433,20.96272,85.17056,41_170,2,other_uncertain,2,other_uncertain,True,0.00020701293,0.0027966956,0.9969963,0.9969963
FW_01218307,15.23096,74.05865,30_148,1,natural_vegetation_fire,1,natural_vegetation_fire,True,0.000271593,0.9826969,0.017031545,0.9826969
FW_00479767,24.16744,82.68203,48_165,2,other_uncertain,2,other_uncertain,True,8.438648e-05,0.0017813877,0.9981342,0.9981342
FW_00306699,24.14869,82.69758,48_165,2,other_uncertain,2,other_uncertain,True,0.0017351558,0.0049350527,0.9933298,0.9933298
FW_00998163,22.21399,84.87076,44_169,2,other_uncertain,2,other_uncertain,True,0.06951912,0.0061525553,0.9243284,0.9243284
FW_01254885,23.83702,84.95256,47_169,2,other_uncertain,2,other_uncertain,True,0.00012423645,0.0032885387,0.9965873,0.9965873
FW_01601359,23.83116,84.9257,47_169,2,other_uncertain,2,other_uncertain,True,4.2480246e-05,0.0043664053,0.99559116,0.99559116
FW_01085649,29.92153,75.86205,59_151,1,natural_vegetation_fire,1,natural_vegetation_fire,True,0.00017407429,0.6375172,0.36230868,0.6375172
FW_00109749,24.08954,92.87655,48_185,1,natural_vegetation_fire,1,natural_vegetation_fire,True,3.1784988e-05,0.9995819,0.00038635987,0.9995819
FW_00894490,24.41047,92.69812,48_185,1,natural_vegetation_fire,1,natural_vegetation_fire,True,1.7388526e-05,0.998293,0.001689578,0.998293
FW_00607714,17.49759,76.07923,34_152,1,natural_vegetation_fire,1,natural_vegetation_fire,True,0.00015128977,0.9069742,0.09287446,0.9069742
FW_00334079,25.03008,87.68233,50_175,1,natural_vegetation_fire,1,natural_vegetation_fire,True,0.00047041365,0.9906942,0.008835334,0.9906942
FW_01427552,20.96759,85.17159,41_170,2,other_uncertain,2,other_uncertain,True,3.3197208e-05,0.030375948,0.96959084,0.96959084
FW_00024961,28.62179,74.81576,57_149,1,natural_vegetation_fire,2,other_uncertain,False,0.00034407587,0.06764226,0.9320137,0.9320137
FW_01560028,31.64732,75.18984,63_150,1,natural_vegetation_fire,1,natural_vegetation_fire,True,0.00013173364,0.9268992,0.07296911,0.9268992
FW_01163227,25.09206,83.83347,50_167,1,natural_vegetation_fire,1,natural_vegetation_fire,True,7.6139826e-05,0.9888924,0.011031418,0.9888924
FW_00706986,23.58303,92.95249,47_185,1,natural_vegetation_fire,1,natural_vegetation_fire,True,6.53264e-05,0.9980228,0.0019119175,0.9980228
FW_00595530,17.1398,77.18397,34_154,0,industrial_fire_candidate,0,industrial_fire_candidate,True,0.89216137,0.0015991667,0.10623949,0.89216137
FW_00443372,25.37266,85.18485,50_170,1,natural_vegetation_fire,1,natural_vegetation_fire,True,0.00031692363,0.6999099,0.29977316,0.6999099
FW_01213709,24.14998,86.33101,48_172,1,natural_vegetation_fire,2,other_uncertain,False,0.042845875,0.28599238,0.6711617,0.6711617
FW_01025195,30.13159,76.596,60_153,1,natural_vegetation_fire,1,natural_vegetation_fire,True,0.00042309592,0.9776433,0.021933533,0.9776433
FW_01248604,24.11581,73.69704,48_147,1,natural_vegetation_fire,1,natural_vegetation_fire,True,0.00019281231,0.91218656,0.08762061,0.91218656
FW_00099968,22.80761,74.17554,45_148,1,natural_vegetation_fire,1,natural_vegetation_fire,True,7.333297e-05,0.9987953,0.0011313629,0.9987953
FW_01663781,24.14803,86.33076,48_172,2,other_uncertain,0,industrial_fire_candidate,False,0.5552559,0.2949434,0.1498007,0.5552559
FW_00210506,23.94774,84.55602,47_169,1,natural_vegetation_fire,1,natural_vegetation_fire,True,4.218829e-05,0.99933285,0.00062499085,0.99933285
FW_00540565,21.58286,72.2547,43_144,2,other_uncertain,1,natural_vegetation_fire,False,5.7839527e-05,0.87407994,0.12586229,0.87407994
FW_01579661,23.83895,84.95447,47_169,2,other_uncertain,2,other_uncertain,True,2.8247223e-05,0.004657016,0.9953147,0.9953147
FW_00683901,15.91547,77.36283,31_154,2,other_uncertain,2,other_uncertain,True,0.0012123275,0.006839272,0.99194837,0.99194837
FW_01012808,22.5859,71.94295,45_143,1,natural_vegetation_fire,1,natural_vegetation_fire,True,0.00028087286,0.9026299,0.097089246,0.9026299
FW_01379162,24.19104,85.45502,48_170,1,natural_vegetation_fire,1,natural_vegetation_fire,True,9.980375e-05,0.99780923,0.0020909812,0.99780923
FW_00839920,19.5882,78.7523,39_157,1,natural_vegetation_fire,1,natural_vegetation_fire,True,0.00039249394,0.9679336,0.03167388,0.9679336
FW_00975868,9.96063,76.39945,19_152,2,other_uncertain,2,other_uncertain,True,0.027146995,0.29320782,0.6796452,0.6796452
FW_01587737,23.82965,84.92785,47_169,2,other_uncertain,2,other_uncertain,True,2.8068587e-05,0.006171293,0.9938007,0.9938007
FW_00854170,23.92295,91.8231,47_183,1,natural_vegetation_fire,1,natural_vegetation_fire,True,0.065531224,0.5536041,0.38086468,0.5536041
FW_00856722,20.97088,85.14519,41_170,2,other_uncertain,2,other_uncertain,True,0.00024348589,0.0032263978,0.9965301,0.9965301
FW_00994374,31.8855,75.07093,63_150,1,natural_vegetation_fire,1,natural_vegetation_fire,True,0.00022536021,0.9334648,0.06630983,0.9334648
FW_01081513,30.13062,76.3557,60_152,1,natural_vegetation_fire,1,natural_vegetation_fire,True,5.402749e-05,0.99718565,0.002760357,0.99718565
FW_00920240,23.56647,80.88395,47_161,1,natural_vegetation_fire,1,natural_vegetation_fire,True,0.00020300332,0.9958417,0.0039553256,0.9958417
FW_00989815,22.87287,71.78658,45_143,1,natural_vegetation_fire,1,natural_vegetation_fire,True,0.00015334871,0.9800064,0.019840254,0.9800064
FW_01311001,12.57867,79.94823,25_159,1,natural_vegetation_fire,1,natural_vegetation_fire,True,0.00013040482,0.9565138,0.04335581,0.9565138
FW_00707516,15.73988,77.32638,31_154,1,natural_vegetation_fire,1,natural_vegetation_fire,True,0.00034924084,0.9677808,0.03186993,0.9677808
FW_00857094,22.35226,77.20226,44_154,1,natural_vegetation_fire,1,natural_vegetation_fire,True,0.00028579673,0.9194763,0.080238,0.9194763
FW_01534228,26.53865,77.75574,53_155,2,other_uncertain,1,natural_vegetation_fire,False,0.00023630593,0.8611628,0.13860092,0.8611628
FW_01680293,27.24764,83.71884,54_167,1,natural_vegetation_fire,1,natural_vegetation_fire,True,4.446201e-05,0.91431683,0.08563876,0.91431683
FW_00069506,12.09894,75.30691,24_150,1,natural_vegetation_fire,1,natural_vegetation_fire,True,0.0004451685,0.82963026,0.16992454,0.82963026
FW_00666841,15.33129,74.14206,30_148,2,other_uncertain,1,natural_vegetation_fire,False,0.0017290734,0.57893485,0.41933605,0.57893485
FW_00214659,19.56414,81.25557,39_162,1,natural_vegetation_fire,1,natural_vegetation_fire,True,0.0007891428,0.93639463,0.06281619,0.93639463
FW_01028869,22.19764,84.88511,44_169,1,natural_vegetation_fire,1,natural_vegetation_fire,True,0.00666057,0.83814436,0.15519506,0.83814436
FW_00172410,25.0355,87.69135,50_175,1,natural_vegetation_fire,1,natural_vegetation_fire,True,0.0006184103,0.9931549,0.0062267715,0.9931549
FW_00528628,23.835,84.95522,47_169,2,other_uncertain,1,natural_vegetation_fire,False,0.0011919664,0.6208807,0.37792733,0.6208807
FW_00045205,14.09491,78.37415,28_156,1,natural_vegetation_fire,1,natural_vegetation_fire,True,5.9042435e-05,0.9947391,0.005201808,0.9947391
FW_00635898,17.50599,75.32611,35_150,1,natural_vegetation_fire,1,natural_vegetation_fire,True,3.1979805e-05,0.99640805,0.0035600162,0.99640805
FW_01002741,25.49362,87.69463,50_175,1,natural_vegetation_fire,1,natural_vegetation_fire,True,0.0002062552,0.8991463,0.10064747,0.8991463
FW_00418955,17.02014,76.39312,34_152,1,natural_vegetation_fire,1,natural_vegetation_fire,True,0.0005043299,0.8087292,0.19076653,0.8087292
FW_00447208,18.85766,72.92856,37_145,0,industrial_fire_candidate,2,other_uncertain,False,0.018093523,0.010895839,0.97101057,0.97101057
FW_01513910,24.45771,73.84377,48_147,1,natural_vegetation_fire,1,natural_vegetation_fire,True,0.00039269845,0.8844126,0.115194745,0.8844126
FW_00101936,25.92516,94.91193,51_189,1,natural_vegetation_fire,1,natural_vegetation_fire,True,6.1888175e-05,0.9978911,0.0020469723,0.9978911
FW_01437009,11.95676,79.06422,23_158,1,natural_vegetation_fire,1,natural_vegetation_fire,True,2.6623367e-05,0.99700963,0.0029637502,0.99700963
FW_01486299,19.92424,85.65755,39_171,1,natural_vegetation_fire,1,natural_vegetation_fire,True,0.00038595722,0.9930033,0.006610785,0.9930033
FW_00944885,27.13864,83.54707,54_167,2,other_uncertain,1,natural_vegetation_fire,False,0.00010813031,0.8887936,0.111098245,0.8887936
FW_01159188,22.21145,84.86012,44_169,2,other_uncertain,2,other_uncertain,True,0.12624702,0.011525311,0.8622277,0.8622277
FW_00990713,31.53026,75.40973,63_150,2,other_uncertain,1,natural_vegetation_fire,False,0.0002955395,0.6850457,0.3146588,0.6850457
FW_00487814,29.96109,75.7774,59_151,2,other_uncertain,2,other_uncertain,True,0.00062561204,0.0796206,0.9197538,0.9197538
FW_00662745,22.20662,77.48911,44_154,1,natural_vegetation_fire,1,natural_vegetation_fire,True,5.2956006e-05,0.9993205,0.0006265081,0.9993205
FW_01659500,17.02279,82.13847,34_164,2,other_uncertain,2,other_uncertain,True,0.009515765,0.383397,0.6070872,0.6070872
FW_01565926,31.5223,75.42887,63_150,1,natural_vegetation_fire,1,natural_vegetation_fire,True,0.00041471614,0.93264216,0.066943064,0.93264216
FW_00180681,22.03135,77.13533,44_154,1,natural_vegetation_fire,1,natural_vegetation_fire,True,0.00027597582,0.9988152,0.0009088172,0.9988152
FW_01345011,19.05968,82.76053,38_165,1,natural_vegetation_fire,1,natural_vegetation_fire,True,1.36042945e-05,0.999608,0.00037848591,0.999608
FW_00691401,18.37782,74.89112,36_149,1,natural_vegetation_fire,1,natural_vegetation_fire,True,0.0001922166,0.98418,0.015627831,0.98418
FW_01277126,19.90958,78.75608,39_157,1,natural_vegetation_fire,1,natural_vegetation_fire,True,0.0002660954,0.98305386,0.016680038,0.98305386
FW_00031437,22.21494,84.86796,44_169,2,other_uncertain,2,other_uncertain,True,0.3180739,0.0039790547,0.67794704,0.67794704
FW_00915601,14.25803,79.38298,28_158,1,natural_vegetation_fire,1,natural_vegetation_fire,True,0.00012318349,0.99932635,0.0005504861,0.99932635
FW_00052978,23.43002,68.71482,46_137,2,other_uncertain,2,other_uncertain,True,0.002302314,0.023959463,0.97373825,0.97373825
FW_01221350,17.94208,73.73858,35_147,1,natural_vegetation_fire,1,natural_vegetation_fire,True,5.681181e-05,0.9919927,0.007950418,0.9919927
FW_00995441,16.79765,79.26803,33_158,1,natural_vegetation_fire,1,natural_vegetation_fire,True,0.00017395608,0.80723625,0.19258979,0.80723625
FW_00257542,24.20602,74.40488,48_148,1,natural_vegetation_fire,1,natural_vegetation_fire,True,0.0045272647,0.99303496,0.002437749,0.99303496
FW_01428233,23.70943,91.79095,47_183,1,natural_vegetation_fire,1,natural_vegetation_fire,True,7.373136e-05,0.99792224,0.002003996,0.99792224
FW_00338017,23.07397,75.80012,46_151,1,natural_vegetation_fire,1,natural_vegetation_fire,True,0.0005783314,0.9321521,0.06726955,0.9321521
FW_01027058,15.17768,77.10188,30_154,0,industrial_fire_candidate,2,other_uncertain,False,0.019207187,0.13944243,0.8413504,0.8413504
FW_00443881,17.14127,77.18391,34_154,0,industrial_fire_candidate,0,industrial_fire_candidate,True,0.9437481,0.00062648987,0.05562545,0.9437481
FW_01710306,15.63787,76.65591,31_153,1,natural_vegetation_fire,1,natural_vegetation_fire,True,7.649327e-05,0.98675597,0.013167485,0.98675597
FW_00478768,30.28917,76.05598,60_152,1,natural_vegetation_fire,1,natural_vegetation_fire,True,0.00013085442,0.86528033,0.13458884,0.86528033
FW_00464563,30.77757,74.35803,61_148,1,natural_vegetation_fire,1,natural_vegetation_fire,True,0.0002704942,0.9825096,0.017219933,0.9825096
FW_01572217,30.46776,78.12345,60_156,1,natural_vegetation_fire,1,natural_vegetation_fire,True,0.00013244664,0.99364316,0.006224319,0.99364316
FW_00433356,23.82532,84.91851,47_169,2,other_uncertain,2,other_uncertain,True,8.3093975e-05,0.014211441,0.9857055,0.9857055
FW_01087393,21.22989,72.02167,42_144,1,natural_vegetation_fire,2,other_uncertain,False,0.0016901343,0.44058064,0.5577292,0.5577292
FW_01134035,17.14615,78.22596,34_156,1,natural_vegetation_fire,2,other_uncertain,False,0.0019246681,0.31280515,0.6852702,0.6852702
FW_01091632,31.37542,75.06342,62_150,1,natural_vegetation_fire,1,natural_vegetation_fire,True,6.316325e-05,0.9063332,0.093603574,0.9063332
FW_01506237,27.32339,84.58381,54_169,2,other_uncertain,2,other_uncertain,True,0.0005655684,0.07395047,0.92548394,0.92548394
FW_00268530,24.15906,82.60898,48_165,2,other_uncertain,2,other_uncertain,True,0.00034884168,0.0155763915,0.98407483,0.98407483
FW_00725566,25.9476,94.66798,51_189,1,natural_vegetation_fire,1,natural_vegetation_fire,True,0.0001148915,0.99765235,0.002232769,0.99765235
FW_00026708,20.95063,85.01199,41_170,2,other_uncertain,2,other_uncertain,True,5.511597e-05,0.0011465168,0.9987984,0.9987984
FW_00567093,19.96305,79.3309,39_158,2,other_uncertain,0,industrial_fire_candidate,False,0.8861595,0.00637264,0.107467875,0.8861595
FW_00584015,25.43421,86.06745,50_172,2,other_uncertain,2,other_uncertain,True,0.0008073725,0.021720078,0.97747254,0.97747254
FW_00125910,25.64554,90.10823,51_180,1,natural_vegetation_fire,1,natural_vegetation_fire,True,6.9688605e-05,0.99763036,0.0022998974,0.99763036
FW_01559827,31.37918,75.12902,62_150,0,industrial_fire_candidate,1,natural_vegetation_fire,False,0.0025081898,0.7552093,0.24228247,0.7552093
FW_01409533,24.92242,94.27116,49_188,1,natural_vegetation_fire,1,natural_vegetation_fire,True,5.27641e-05,0.99873954,0.0012076562,0.99873954
FW_00437275,20.96427,85.17629,41_170,2,other_uncertain,2,other_uncertain,True,5.1556435e-05,0.03144723,0.96850115,0.96850115
FW_01216254,14.74572,78.61447,29_157,1,natural_vegetation_fire,1,natural_vegetation_fire,True,0.0015895911,0.9402576,0.058152787,0.9402576
FW_00553419,24.16683,82.56048,48_165,2,other_uncertain,2,other_uncertain,True,6.111383e-05,0.005254087,0.9946849,0.9946849
FW_00892950,20.79426,85.25661,41_170,2,other_uncertain,2,other_uncertain,True,0.08063338,0.027699962,0.89166665,0.89166665
FW_00958784,29.52036,75.54648,59_151,1,natural_vegetation_fire,1,natural_vegetation_fire,True,0.00019653712,0.9452762,0.05452728,0.9452762
FW_01661576,30.6344,74.23049,61_148,2,other_uncertain,2,other_uncertain,True,0.00060887897,0.3968951,0.602496,0.602496
FW_00722475,24.17353,82.56526,48_165,2,other_uncertain,2,other_uncertain,True,9.3253344e-05,0.016286131,0.98362064,0.98362064
FW_01665754,20.55927,79.90509,41_159,1,natural_vegetation_fire,1,natural_vegetation_fire,True,0.00059125107,0.8774262,0.1219825,0.8774262
FW_00877021,20.9777,85.16925,41_170,2,other_uncertain,2,other_uncertain,True,8.266336e-05,0.06296575,0.9369516,0.9369516
FW_00756506,20.2328,85.07614,40_170,1,natural_vegetation_fire,1,natural_vegetation_fire,True,0.00015931984,0.99947053,0.00037021888,0.99947053
FW_00302887,19.68502,81.0025,39_162,1,natural_vegetation_fire,1,natural_vegetation_fire,True,3.4093162e-05,0.9985434,0.0014225856,0.9985434
FW_00484277,30.23952,76.08295,60_152,1,natural_vegetation_fire,1,natural_vegetation_fire,True,4.8700458e-05,0.6790689,0.32088235,0.6790689
FW_01252533,23.82575,84.92861,47_169,1,natural_vegetation_fire,2,other_uncertain,False,7.9229954e-05,0.0010720604,0.9988487,0.9988487
FW_00217616,20.96464,85.17331,41_170,2,other_uncertain,2,other_uncertain,True,7.289785e-05,0.008889637,0.9910375,0.9910375
FW_01152801,25.33916,83.47503,50_166,1,natural_vegetation_fire,1,natural_vegetation_fire,True,2.0957219e-05,0.9943323,0.0056467843,0.9943323
FW_01185568,33.78097,73.99383,67_147,1,natural_vegetation_fire,1,natural_vegetation_fire,True,0.00016231243,0.9975139,0.0023237492,0.9975139
FW_01504527,22.01606,85.84586,44_171,1,natural_vegetation_fire,1,natural_vegetation_fire,True,2.167149e-05,0.9997888,0.0001894922,0.9997888
FW_01474811,25.79638,82.45177,51_164,1,natural_vegetation_fire,1,natural_vegetation_fire,True,0.00022977157,0.9875071,0.012263183,0.9875071
FW_01269031,25.76258,90.19511,51_180,1,natural_vegetation_fire,1,natural_vegetation_fire,True,0.00011044637,0.9984291,0.0014604422,0.9984291
FW_01338881,11.89657,78.44833,23_156,1,natural_vegetation_fire,1,natural_vegetation_fire,True,8.7532e-05,0.9938114,0.006101116,0.9938114
FW_00189415,23.81843,80.16434,47_160,1,natural_vegetation_fire,1,natural_vegetation_fire,True,9.2568305e-05,0.99534225,0.0045652497,0.99534225
FW_00676448,22.24114,81.29097,44_162,1,natural_vegetation_fire,1,natural_vegetation_fire,True,0.0001390482,0.99827707,0.0015838523,0.99827707
FW_01557233,23.34317,91.37578,46_182,1,natural_vegetation_fire,1,natural_vegetation_fire,True,0.00021721577,0.6444754,0.35530737,0.6444754
FW_00154857,22.49078,81.02538,44_162,1,natural_vegetation_fire,1,natural_vegetation_fire,True,3.7180445e-05,0.99800736,0.0019554265,0.99800736
FW_00990768,31.636,75.32725,63_150,1,natural_vegetation_fire,1,natural_vegetation_fire,True,0.000111988535,0.98481435,0.015073737,0.98481435
FW_01156551,19.33529,75.06973,38_150,1,natural_vegetation_fire,1,natural_vegetation_fire,True,3.2974614e-05,0.99092346,0.009043618,0.99092346
FW_00984331,27.50987,92.90428,55_185,1,natural_vegetation_fire,1,natural_vegetation_fire,True,7.029107e-05,0.9981901,0.0017395939,0.9981901
FW_00020228,18.85355,72.92986,37_145,0,industrial_fire_candidate,2,other_uncertain,False,0.0443447,0.3259125,0.62974274,0.62974274
FW_00008156,18.85599,72.92638,37_145,0,industrial_fire_candidate,2,other_uncertain,False,0.257844,0.07239869,0.6697573,0.6697573
FW_00691154,15.13365,75.04858,30_150,1,natural_vegetation_fire,1,natural_vegetation_fire,True,4.6448666e-05,0.99903584,0.0009177346,0.99903584
FW_00054259,23.67105,84.99076,47_169,2,other_uncertain,2,other_uncertain,True,0.00399471,0.009028002,0.9869773,0.9869773
FW_01254909,24.774,92.24324,49_184,1,natural_vegetation_fire,1,natural_vegetation_fire,True,0.0001789525,0.997323,0.0024981531,0.997323
FW_00628254,31.58954,77.94292,63_155,1,natural_vegetation_fire,1,natural_vegetation_fire,True,0.0022120783,0.8021239,0.19566402,0.8021239
FW_00487528,29.76763,75.94409,59_151,1,natural_vegetation_fire,1,natural_vegetation_fire,True,3.6259135e-05,0.99215925,0.007804502,0.99215925
FW_00902677,13.50949,76.89799,27_153,1,natural_vegetation_fire,1,natural_vegetation_fire,True,7.371414e-05,0.99175644,0.008169854,0.99175644
FW_00046898,13.80441,76.75292,27_153,1,natural_vegetation_fire,1,natural_vegetation_fire,True,0.00026149297,0.8252337,0.17450485,0.8252337
FW_00006892,27.38493,96.82137,54_193,1,natural_vegetation_fire,1,natural_vegetation_fire,True,0.00018070369,0.9934918,0.0063274032,0.9934918
FW_01617939,22.21129,84.86281,44_169,2,other_uncertain,2,other_uncertain,True,0.00070859917,0.002028922,0.9972625,0.9972625
FW_00905508,24.36057,73.8057,48_147,1,natural_vegetation_fire,1,natural_vegetation_fire,True,2.6805144e-05,0.9975575,0.0024155977,0.9975575
FW_01194706,23.20725,68.7338,46_137,1,natural_vegetation_fire,1,natural_vegetation_fire,True,0.0017240193,0.7171792,0.28109685,0.7171792
FW_00300183,28.34263,77.20671,56_154,1,natural_vegetation_fire,2,other_uncertain,False,0.00031174213,0.48423305,0.5154552,0.5154552
FW_00470151,30.25276,76.18748,60_152,1,natural_vegetation_fire,1,natural_vegetation_fire,True,0.00019339715,0.9636262,0.036180448,0.9636262
FW_00186807,20.71408,79.97556,41_159,1,natural_vegetation_fire,1,natural_vegetation_fire,True,3.1105086e-05,0.9997123,0.00025664046,0.9997123
FW_00254394,11.93166,76.93927,23_153,2,other_uncertain,1,natural_vegetation_fire,False,0.20372657,0.43139297,0.3648805,0.43139297
FW_01558535,28.02389,78.63244,56_157,1,natural_vegetation_fire,1,natural_vegetation_fire,True,0.00014691107,0.9914078,0.008445208,0.9914078
FW_01508558,22.45049,80.00028,44_160,1,natural_vegetation_fire,1,natural_vegetation_fire,True,0.00066039636,0.8851562,0.11418341,0.8851562
FW_00172201,24.81346,83.48123,49_166,1,natural_vegetation_fire,1,natural_vegetation_fire,True,0.00018460353,0.9863257,0.013489793,0.9863257
FW_00393016,31.07749,75.23109,62_150,1,natural_vegetation_fire,1,natural_vegetation_fire,True,0.0006718875,0.89734817,0.10197991,0.89734817
FW_01204692,18.88996,72.97079,37_145,0,industrial_fire_candidate,0,industrial_fire_candidate,True,0.795117,0.04783709,0.15704592,0.795117
FW_00515222,22.38405,73.10536,44_146,0,industrial_fire_candidate,1,natural_vegetation_fire,False,0.16964033,0.7500321,0.080327615,0.7500321
FW_00936720,27.97932,80.46432,55_160,1,natural_vegetation_fire,1,natural_vegetation_fire,True,0.0006525953,0.9328218,0.06652563,0.9328218
FW_00220067,22.92173,71.62832,45_143,1,natural_vegetation_fire,1,natural_vegetation_fire,True,0.0013825643,0.948426,0.050191425,0.948426
FW_01550471,22.19681,84.84833,44_169,2,other_uncertain,2,other_uncertain,True,0.0139468955,0.041854765,0.9441983,0.9441983
FW_01043567,24.14083,82.57185,48_165,2,other_uncertain,2,other_uncertain,True,0.00016485382,0.4230463,0.5767889,0.5767889
FW_01328085,22.49816,88.59145,44_177,1,natural_vegetation_fire,1,natural_vegetation_fire,True,0.00056722475,0.9890449,0.010387921,0.9890449
FW_01568139,31.07455,75.07644,62_150,1,natural_vegetation_fire,1,natural_vegetation_fire,True,0.00022698798,0.9567928,0.04298025,0.9567928
FW_01559828,31.38324,75.13108,62_150,0,industrial_fire_candidate,1,natural_vegetation_fire,False,0.06784355,0.86149406,0.07066235,0.86149406
FW_00911041,22.63659,72.03338,45_144,1,natural_vegetation_fire,1,natural_vegetation_fire,True,0.0001976493,0.9583563,0.041445967,0.9583563
FW_00465847,29.64462,75.92672,59_151,1,natural_vegetation_fire,1,natural_vegetation_fire,True,0.00013423711,0.9983308,0.0015350409,0.9983308
FW_00144468,22.21246,84.84118,44_169,2,other_uncertain,2,other_uncertain,True,0.00015403397,0.0013649126,0.9984811,0.9984811
FW_00462549,30.03465,76.29987,60_152,1,natural_vegetation_fire,1,natural_vegetation_fire,True,0.00045279405,0.95507205,0.044475097,0.95507205
FW_00987781,31.92757,75.16635,63_150,1,natural_vegetation_fire,1,natural_vegetation_fire,True,5.0301063e-05,0.99238586,0.0075637694,0.99238586
FW_00162940,24.44999,92.72162,48_185,1,natural_vegetation_fire,1,natural_vegetation_fire,True,1.7722306e-05,0.99917704,0.0008052003,0.99917704
FW_01332590,22.39802,77.24184,44_154,1,natural_vegetation_fire,1,natural_vegetation_fire,True,5.4111795e-05,0.99511456,0.004831359,0.99511456
FW_00766085,25.98507,94.97018,51_189,1,natural_vegetation_fire,1,natural_vegetation_fire,True,5.979559e-05,0.99806803,0.001872196,0.99806803
FW_01236186,20.98455,85.12521,41_170,1,natural_vegetation_fire,2,other_uncertain,False,8.9672074e-05,0.023213185,0.9766972,0.9766972
FW_00973854,26.09262,85.97194,52_171,1,natural_vegetation_fire,1,natural_vegetation_fire,True,0.0003605319,0.9876649,0.011974669,0.9876649
FW_00003790,20.95894,85.14488,41_170,1,natural_vegetation_fire,2,other_uncertain,False,0.0049657673,0.20356217,0.791472,0.791472
FW_00447381,20.7932,85.25435,41_170,2,other_uncertain,2,other_uncertain,True,0.1070888,0.009018508,0.88389266,0.88389266
FW_00404777,29.85169,75.58407,59_151,1,natural_vegetation_fire,1,natural_vegetation_fire,True,0.00015835042,0.97573996,0.02410172,0.97573996
FW_00887080,23.52024,80.60111,47_161,1,natural_vegetation_fire,1,natural_vegetation_fire,True,0.0001492262,0.997027,0.0028238348,0.997027
FW_01092293,21.85039,76.43923,43_152,1,natural_vegetation_fire,1,natural_vegetation_fire,True,0.0015707999,0.809029,0.18940021,0.809029
FW_00681050,14.59308,78.84258,29_157,1,natural_vegetation_fire,1,natural_vegetation_fire,True,0.00012547831,0.9939604,0.0059141354,0.9939604
FW_01024997,21.84375,76.10624,43_152,2,other_uncertain,2,other_uncertain,True,0.2442129,0.019807395,0.7359797,0.7359797
FW_01693894,23.84163,84.9511,47_169,2,other_uncertain,2,other_uncertain,True,0.0011668397,0.06371876,0.9351144,0.9351144
FW_00268542,24.1816,82.57011,48_165,2,other_uncertain,2,other_uncertain,True,0.00022319476,0.019156799,0.98062,0.98062
FW_01445709,24.32982,86.41555,48_172,1,natural_vegetation_fire,1,natural_vegetation_fire,True,4.4501787e-05,0.99725926,0.0026962731,0.99725926
FW_00150575,23.85774,91.93855,47_183,1,natural_vegetation_fire,1,natural_vegetation_fire,True,4.9823364e-05,0.999057,0.00089314574,0.999057
FW_00078034,20.80428,85.25635,41_170,2,other_uncertain,2,other_uncertain,True,0.10654879,0.0072013843,0.88624984,0.88624984
FW_00130603,19.55901,79.43084,39_158,1,natural_vegetation_fire,1,natural_vegetation_fire,True,0.00018261986,0.99686253,0.0029548383,0.99686253
FW_01228642,17.50393,77.96328,35_155,1,natural_vegetation_fire,1,natural_vegetation_fire,True,0.00014110818,0.9893476,0.010511251,0.9893476
FW_00468943,20.96357,85.17536,41_170,2,other_uncertain,2,other_uncertain,True,1.296256e-05,0.00903313,0.99095386,0.99095386
FW_01668229,28.63288,74.62253,57_149,1,natural_vegetation_fire,1,natural_vegetation_fire,True,0.00014517245,0.5774666,0.4223882,0.5774666
FW_00747171,21.79612,72.09152,43_144,2,other_uncertain,2,other_uncertain,True,0.0068052346,0.13615789,0.8570368,0.8570368
FW_01018605,20.96503,85.12815,41_170,2,other_uncertain,2,other_uncertain,True,0.00040646963,0.007826629,0.99176687,0.99176687
FW_01539908,23.65343,80.12405,47_160,1,natural_vegetation_fire,1,natural_vegetation_fire,True,0.00013086593,0.99189466,0.007974469,0.99189466
FW_00137587,19.17945,76.9213,38_153,1,natural_vegetation_fire,1,natural_vegetation_fire,True,0.00041565654,0.9529108,0.046673607,0.9529108
FW_00661504,15.2136,77.71165,30_155,1,natural_vegetation_fire,1,natural_vegetation_fire,True,0.00018481404,0.99721575,0.0025994668,0.99721575
FW_01006655,30.47262,76.2467,60_152,1,natural_vegetation_fire,1,natural_vegetation_fire,True,0.00017366231,0.92479926,0.0750271,0.92479926
FW_01484876,23.42148,68.85738,46_137,1,natural_vegetation_fire,1,natural_vegetation_fire,True,0.00022201441,0.9643467,0.03543127,0.9643467
FW_01143488,15.33545,76.28509,30_152,2,other_uncertain,2,other_uncertain,True,0.008068128,0.0012339009,0.9906979,0.9906979
FW_00453450,31.49099,75.22607,62_150,1,natural_vegetation_fire,1,natural_vegetation_fire,True,0.000651392,0.9716822,0.027666384,0.9716822
FW_01007112,31.47058,75.31805,62_150,2,other_uncertain,1,natural_vegetation_fire,False,0.00041990096,0.61164695,0.38793314,0.61164695
FW_01585102,32.76365,76.52468,65_153,1,natural_vegetation_fire,1,natural_vegetation_fire,True,0.00017683509,0.99488163,0.0049415296,0.99488163
FW_01607251,24.14629,86.33273,48_172,2,other_uncertain,2,other_uncertain,True,0.010545099,0.015077129,0.97437775,0.97437775
FW_01685971,23.38181,88.27429,46_176,1,natural_vegetation_fire,1,natural_vegetation_fire,True,3.9351035e-05,0.98874366,0.011217019,0.98874366
FW_01086069,30.29315,76.17686,60_152,1,natural_vegetation_fire,1,natural_vegetation_fire,True,0.00030813104,0.6460688,0.35362306,0.6460688
FW_00694200,9.97433,76.37571,19_152,2,other_uncertain,2,other_uncertain,True,0.035795745,0.016615964,0.9475883,0.9475883
FW_01680444,30.23787,80.97401,60_161,2,other_uncertain,2,other_uncertain,True,0.0008006731,0.031067653,0.96813166,0.96813166
FW_01363372,24.20089,73.25463,48_146,1,natural_vegetation_fire,1,natural_vegetation_fire,True,1.4461947e-05,0.99986064,0.00012492275,0.99986064
FW_01687871,18.10852,74.8372,36_149,1,natural_vegetation_fire,1,natural_vegetation_fire,True,4.4453096e-05,0.99830794,0.0016476173,0.99830794
FW_01112668,26.23809,73.03157,52_146,1,natural_vegetation_fire,1,natural_vegetation_fire,True,0.005182115,0.59304243,0.40177542,0.59304243
FW_01067152,29.42323,75.90427,58_151,1,natural_vegetation_fire,1,natural_vegetation_fire,True,3.8014798e-05,0.9815068,0.018455165,0.9815068
FW_00569489,24.14657,86.33004,48_172,2,other_uncertain,2,other_uncertain,True,0.09859579,0.28924745,0.61215675,0.61215675
FW_00579234,17.20601,76.22018,34_152,1,natural_vegetation_fire,1,natural_vegetation_fire,True,0.0006798735,0.7069651,0.292355,0.7069651
FW_01228098,11.70362,78.02635,23_156,2,other_uncertain,1,natural_vegetation_fire,False,6.3716456e-05,0.69914275,0.30079347,0.69914275
FW_00987729,31.89317,75.48376,63_150,2,other_uncertain,1,natural_vegetation_fire,False,6.573472e-05,0.76110864,0.23882563,0.76110864
FW_00656729,15.97865,76.68873,31_153,1,natural_vegetation_fire,1,natural_vegetation_fire,True,0.00010913808,0.98146987,0.018421058,0.98146987
FW_00501150,30.5108,74.10368,61_148,1,natural_vegetation_fire,1,natural_vegetation_fire,True,0.00020213205,0.9860088,0.013789101,0.9860088
FW_00482052,31.11322,75.18928,62_150,1,natural_vegetation_fire,1,natural_vegetation_fire,True,4.0275005e-05,0.99095273,0.009007058,0.99095273
FW_01579668,24.15668,82.67486,48_165,2,other_uncertain,2,other_uncertain,True,0.021240726,0.0184165,0.9603428,0.9603428
FW_01706080,15.79171,76.72287,31_153,1,natural_vegetation_fire,1,natural_vegetation_fire,True,6.521138e-05,0.9890171,0.0109176915,0.9890171
FW_01467848,25.10994,87.68237,50_175,1,natural_vegetation_fire,1,natural_vegetation_fire,True,0.00014192122,0.9969896,0.0028683876,0.9969896
FW_00007817,9.97938,79.19131,19_158,1,natural_vegetation_fire,1,natural_vegetation_fire,True,3.797073e-05,0.99953544,0.00042657758,0.99953544
FW_00690962,13.56874,76.84048,27_153,1,natural_vegetation_fire,1,natural_vegetation_fire,True,8.496028e-05,0.9777191,0.022195896,0.9777191
FW_01504799,22.54485,86.90267,45_173,1,natural_vegetation_fire,1,natural_vegetation_fire,True,0.00016690914,0.99640167,0.0034314604,0.99640167
FW_00529618,29.37842,73.97624,58_147,1,natural_vegetation_fire,1,natural_vegetation_fire,True,0.0005617254,0.91876775,0.08067051,0.91876775
FW_00693316,20.96216,85.17464,41_170,2,other_uncertain,2,other_uncertain,True,4.6089375e-05,0.03329246,0.96666145,0.96666145
FW_00424720,24.16434,82.68044,48_165,2,other_uncertain,2,other_uncertain,True,0.00017642994,0.002146892,0.9976767,0.9976767
FW_01604728,23.83289,84.92101,47_169,2,other_uncertain,2,other_uncertain,True,0.000105970554,0.0085555585,0.9913385,0.9913385
FW_00500950,30.44425,76.44061,60_152,1,natural_vegetation_fire,1,natural_vegetation_fire,True,4.374214e-05,0.98170286,0.018253328,0.98170286
FW_00478147,31.14222,75.14062,62_150,1,natural_vegetation_fire,1,natural_vegetation_fire,True,5.7938283e-05,0.966501,0.033441108,0.966501
FW_00641782,20.96159,85.16541,41_170,2,other_uncertain,2,other_uncertain,True,0.00019593463,0.0045185825,0.99528545,0.99528545
FW_00498733,30.50939,74.17825,61_148,1,natural_vegetation_fire,1,natural_vegetation_fire,True,4.759243e-05,0.9923913,0.0075610843,0.9923913
FW_01702928,19.80321,78.86438,39_157,1,natural_vegetation_fire,1,natural_vegetation_fire,True,0.0012767443,0.70811903,0.29060426,0.70811903
FW_00148553,22.28975,78.03094,44_156,1,natural_vegetation_fire,1,natural_vegetation_fire,True,4.1942254e-05,0.9965804,0.0033776069,0.9965804
FW_01274998,24.2765,93.65011,48_187,1,natural_vegetation_fire,1,natural_vegetation_fire,True,5.3797754e-05,0.9977048,0.0022414364,0.9977048
FW_00272194,22.99784,76.01006,45_152,1,natural_vegetation_fire,1,natural_vegetation_fire,True,0.0001432508,0.97380686,0.026049886,0.97380686
FW_01028643,20.96441,85.17475,41_170,2,other_uncertain,2,other_uncertain,True,4.446636e-05,0.019864716,0.9800908,0.9800908
FW_00287044,20.68663,83.39883,41_166,1,natural_vegetation_fire,1,natural_vegetation_fire,True,0.00016443114,0.99830556,0.0015299936,0.99830556
FW_01181499,34.33488,73.88017,68_147,1,natural_vegetation_fire,1,natural_vegetation_fire,True,0.00016600353,0.93894756,0.060886446,0.93894756
FW_01253854,27.45071,79.84004,54_159,1,natural_vegetation_fire,1,natural_vegetation_fire,True,0.00033362245,0.98272276,0.01694366,0.98272276
FW_01565945,31.54588,75.41564,63_150,1,natural_vegetation_fire,1,natural_vegetation_fire,True,0.00065083517,0.90946496,0.08988427,0.90946496
FW_01366415,16.8503,76.9865,33_153,1,natural_vegetation_fire,1,natural_vegetation_fire,True,0.0003114288,0.96690124,0.03278736,0.96690124
FW_00145226,23.53976,80.76,47_161,1,natural_vegetation_fire,1,natural_vegetation_fire,True,3.694829e-05,0.9982835,0.0016796271,0.9982835
FW_01221302,17.58904,77.89162,35_155,2,other_uncertain,2,other_uncertain,True,0.0008886753,0.25548947,0.7436219,0.7436219
FW_00530292,30.51814,74.34889,61_148,1,natural_vegetation_fire,1,natural_vegetation_fire,True,8.3829684e-05,0.98860335,0.011312838,0.98860335
FW_01075689,29.93674,75.75698,59_151,1,natural_vegetation_fire,1,natural_vegetation_fire,True,7.399372e-05,0.9107322,0.0891938,0.9107322
FW_01356811,23.84001,84.95155,47_169,2,other_uncertain,2,other_uncertain,True,7.992928e-05,0.022507453,0.97741264,0.97741264
FW_00601868,12.19968,78.18742,24_156,1,natural_vegetation_fire,1,natural_vegetation_fire,True,9.2917e-05,0.9834501,0.016456962,0.9834501
FW_00273679,22.53431,74.29438,45_148,1,natural_vegetation_fire,1,natural_vegetation_fire,True,7.930191e-05,0.9992974,0.00062326284,0.9992974
FW_00400710,28.32022,77.37907,56_154,2,other_uncertain,1,natural_vegetation_fire,False,0.00046592474,0.5841083,0.41542578,0.5841083
FW_00612430,24.74864,94.10512,49_188,1,natural_vegetation_fire,1,natural_vegetation_fire,True,6.48004e-05,0.9977506,0.002184632,0.9977506
FW_00965780,29.73122,75.58883,59_151,1,natural_vegetation_fire,1,natural_vegetation_fire,True,0.0031026455,0.6880416,0.30885574,0.6880416
FW_01474880,26.08846,78.14927,52_156,1,natural_vegetation_fire,1,natural_vegetation_fire,True,0.0002557382,0.98095787,0.018786384,0.98095787
FW_01125282,30.55723,74.25404,61_148,1,natural_vegetation_fire,1,natural_vegetation_fire,True,8.6330925e-05,0.9588892,0.04102445,0.9588892
FW_01585423,23.83158,84.92021,47_169,2,other_uncertain,2,other_uncertain,True,1.4947931e-05,0.001392269,0.9985928,0.9985928
FW_00474776,22.22069,84.7592,44_169,2,other_uncertain,2,other_uncertain,True,0.0033588982,0.027907858,0.96873325,0.96873325
FW_00720646,11.63729,79.17262,23_158,1,natural_vegetation_fire,1,natural_vegetation_fire,True,0.00032865093,0.96679896,0.032872356,0.96679896
FW_00341872,31.53965,75.4905,63_150,1,natural_vegetation_fire,1,natural_vegetation_fire,True,9.1194444e-05,0.9805258,0.019382974,0.9805258
FW_00986660,31.05367,75.06866,62_150,1,natural_vegetation_fire,1,natural_vegetation_fire,True,7.146633e-05,0.98155046,0.018378017,0.98155046
FW_01661589,30.6504,74.37807,61_148,1,natural_vegetation_fire,1,natural_vegetation_fire,True,0.00011972882,0.9656644,0.034215882,0.9656644
FW_00377854,31.29811,75.28046,62_150,1,natural_vegetation_fire,1,natural_vegetation_fire,True,0.0006723173,0.8670204,0.13230725,0.8670204
FW_01301967,26.80978,91.72236,53_183,1,natural_vegetation_fire,1,natural_vegetation_fire,True,4.1169245e-05,0.9945174,0.0054414663,0.9945174
FW_01535066,30.57125,74.24104,61_148,1,natural_vegetation_fire,1,natural_vegetation_fire,True,0.00021401461,0.87502277,0.1247632,0.87502277
FW_01693902,24.15254,82.6376,48_165,2,other_uncertain,2,other_uncertain,True,0.00062443333,0.002728901,0.9966467,0.9966467
FW_01204693,18.89275,72.96657,37_145,0,industrial_fire_candidate,0,industrial_fire_candidate,True,0.73407537,0.049652595,0.21627203,0.73407537
FW_01604895,24.15903,82.6731,48_165,2,other_uncertain,2,other_uncertain,True,0.0020188442,0.0051876004,0.99279356,0.99279356
FW_01659953,22.47689,73.45734,44_146,2,other_uncertain,2,other_uncertain,True,0.0004481049,0.17674059,0.8228113,0.8228113
FW_00279231,23.51007,80.06241,47_160,1,natural_vegetation_fire,1,natural_vegetation_fire,True,3.953471e-05,0.99824,0.0017204947,0.99824
FW_00469693,29.85192,75.84822,59_151,1,natural_vegetation_fire,1,natural_vegetation_fire,True,6.0255297e-05,0.98405325,0.015886562,0.98405325
FW_01591470,23.83274,84.92346,47_169,1,natural_vegetation_fire,2,other_uncertain,False,6.8355956e-05,0.008777334,0.9911543,0.9911543
FW_01253900,9.98866,76.24893,19_152,2,other_uncertain,2,other_uncertain,True,0.025064018,0.021162063,0.953774,0.953774
FW_00413372,24.16204,82.68182,48_165,2,other_uncertain,2,other_uncertain,True,0.0002774783,0.010907952,0.98881453,0.98881453
FW_01383658,19.84915,81.05395,39_162,1,natural_vegetation_fire,1,natural_vegetation_fire,True,0.00011329429,0.98712224,0.012764488,0.98712224
FW_00514521,31.02148,75.19844,62_150,1,natural_vegetation_fire,1,natural_vegetation_fire,True,0.0001267611,0.9850065,0.014866751,0.9850065
FW_00309482,24.29796,82.96501,48_165,1,natural_vegetation_fire,1,natural_vegetation_fire,True,0.00022922545,0.9865797,0.013191046,0.9865797
FW_00169054,25.18302,87.73447,50_175,1,natural_vegetation_fire,1,natural_vegetation_fire,True,7.54468e-05,0.9946621,0.005262417,0.9946621
FW_00561214,25.38415,83.44348,50_166,1,natural_vegetation_fire,1,natural_vegetation_fire,True,5.5574015e-05,0.9893271,0.010617351,0.9893271
FW_01198132,20.96377,85.17271,41_170,2,other_uncertain,2,other_uncertain,True,9.899036e-05,0.014862248,0.98503876,0.98503876
FW_01579321,31.87694,75.29175,63_150,1,natural_vegetation_fire,1,natural_vegetation_fire,True,0.011434628,0.49509463,0.4934708,0.49509463
FW_00960976,24.91891,94.00674,49_188,1,natural_vegetation_fire,1,natural_vegetation_fire,True,3.937486e-05,0.9993475,0.0006130526,0.9993475
FW_00835179,25.80763,89.8427,51_179,2,other_uncertain,2,other_uncertain,True,0.00013313258,0.013465837,0.986401,0.986401
FW_00262554,24.31626,93.82697,48_187,1,natural_vegetation_fire,1,natural_vegetation_fire,True,8.724087e-05,0.9948277,0.0050850334,0.9948277
FW_01308204,20.96551,85.08496,41_170,2,other_uncertain,2,other_uncertain,True,0.0004199048,0.009339635,0.99024045,0.99024045
FW_00652709,13.20427,76.23386,26_152,1,natural_vegetation_fire,1,natural_vegetation_fire,True,0.00034840667,0.9698721,0.029779483,0.9698721
FW_00999146,16.84582,76.90887,33_153,1,natural_vegetation_fire,1,natural_vegetation_fire,True,0.00052544207,0.9095733,0.08990124,0.9095733
FW_00490146,31.04918,75.36334,62_150,1,natural_vegetation_fire,1,natural_vegetation_fire,True,0.00011984954,0.9821347,0.017745474,0.9821347
FW_00990009,26.24999,78.34474,52_156,1,natural_vegetation_fire,1,natural_vegetation_fire,True,0.0021184385,0.9834781,0.014403396,0.9834781
FW_00328485,30.48002,76.21468,60_152,1,natural_vegetation_fire,1,natural_vegetation_fire,True,5.348543e-05,0.9517395,0.048207033,0.9517395
FW_00003577,13.82489,76.76698,27_153,1,natural_vegetation_fire,2,other_uncertain,False,0.00934978,0.28971785,0.7009324,0.7009324
FW_01160475,24.12104,86.35464,48_172,2,other_uncertain,2,other_uncertain,True,0.002179591,0.008979803,0.98884064,0.98884064
FW_00216373,15.9081,76.56163,31_153,1,natural_vegetation_fire,1,natural_vegetation_fire,True,0.0014042181,0.5966306,0.40196523,0.5966306
FW_01123904,30.58161,74.26002,61_148,1,natural_vegetation_fire,1,natural_vegetation_fire,True,0.00044159254,0.9368681,0.06269038,0.9368681
FW_00630298,26.96133,77.74268,53_155,2,other_uncertain,2,other_uncertain,True,0.00055382185,0.36857826,0.6308679,0.6308679
FW_01242286,22.82663,74.8866,45_149,1,natural_vegetation_fire,1,natural_vegetation_fire,True,9.294701e-05,0.9282292,0.0716778,0.9282292
FW_00981331,23.63572,80.97591,47_161,1,natural_vegetation_fire,1,natural_vegetation_fire,True,0.00034102204,0.9489288,0.05073019,0.9489288
FW_01457847,22.35337,84.11575,44_168,1,natural_vegetation_fire,1,natural_vegetation_fire,True,6.67343e-05,0.9997925,0.00014079084,0.9997925
FW_00723200,22.27154,85.86731,44_171,1,natural_vegetation_fire,1,natural_vegetation_fire,True,7.236562e-05,0.99840957,0.0015180482,0.99840957
FW_01385858,25.51908,90.49319,51_180,1,natural_vegetation_fire,1,natural_vegetation_fire,True,8.131799e-05,0.9994085,0.0005101974,0.9994085
FW_01423720,24.22363,93.81745,48_187,1,natural_vegetation_fire,1,natural_vegetation_fire,True,0.00011677957,0.99830306,0.0015800932,0.99830306
FW_01499244,25.33366,83.4127,50_166,1,natural_vegetation_fire,1,natural_vegetation_fire,True,8.254671e-05,0.9768826,0.023034813,0.9768826
FW_01498776,24.17761,82.65237,48_165,2,other_uncertain,2,other_uncertain,True,0.008190961,0.014966014,0.976843,0.976843
FW_00944667,25.49248,82.28103,50_164,1,natural_vegetation_fire,1,natural_vegetation_fire,True,0.0006598859,0.9507556,0.048584532,0.9507556
FW_00975461,31.55498,75.28968,63_150,1,natural_vegetation_fire,1,natural_vegetation_fire,True,0.00032704888,0.682326,0.31734696,0.682326
FW_01489196,27.23749,83.6543,54_167,1,natural_vegetation_fire,1,natural_vegetation_fire,True,0.00088718004,0.9758521,0.023260683,0.9758521
FW_00946141,22.1026,75.52386,44_151,1,natural_vegetation_fire,1,natural_vegetation_fire,True,0.00012721177,0.9911686,0.0087041445,0.9911686
FW_01599220,22.41145,71.33476,44_142,1,natural_vegetation_fire,2,other_uncertain,False,0.0018219373,0.36471868,0.6334594,0.6334594
FW_00134837,24.27845,92.58045,48_185,1,natural_vegetation_fire,1,natural_vegetation_fire,True,2.1719416e-05,0.9989685,0.001009806,0.9989685
FW_01521900,13.87282,76.74097,27_153,1,natural_vegetation_fire,2,other_uncertain,False,0.0036728433,0.30194035,0.69438684,0.69438684
FW_00001017,20.78942,85.2653,41_170,2,other_uncertain,2,other_uncertain,True,0.0016367757,0.006209941,0.9921532,0.9921532
FW_00054750,20.9668,85.17242,41_170,2,other_uncertain,2,other_uncertain,True,4.4045264e-05,0.06419302,0.9357629,0.9357629
FW_01573291,31.81805,75.00137,63_150,1,natural_vegetation_fire,1,natural_vegetation_fire,True,0.0038085184,0.92433184,0.07185962,0.92433184
FW_01610087,26.25335,73.00475,52_146,2,other_uncertain,2,other_uncertain,True,0.003080153,0.0089868205,0.987933,0.987933
FW_00036538,20.96523,85.17097,41_170,2,other_uncertain,2,other_uncertain,True,4.2002423e-05,0.013129095,0.98682886,0.98682886
FW_01459067,27.39613,83.96035,54_167,1,natural_vegetation_fire,1,natural_vegetation_fire,True,7.059587e-05,0.9652073,0.03472208,0.9652073
FW_00284020,27.21222,83.53101,54_167,1,natural_vegetation_fire,1,natural_vegetation_fire,True,0.0001237428,0.9841627,0.015713636,0.9841627
FW_01160818,15.84732,76.67569,31_153,1,natural_vegetation_fire,1,natural_vegetation_fire,True,3.390421e-05,0.99805707,0.0019089751,0.99805707
FW_00575764,28.83421,76.44641,57_152,1,natural_vegetation_fire,1,natural_vegetation_fire,True,6.820137e-05,0.92072,0.07921181,0.92072
FW_01029830,16.10882,74.17201,32_148,1,natural_vegetation_fire,1,natural_vegetation_fire,True,5.2433796e-05,0.8538528,0.14609477,0.8538528
FW_00074052,30.4454,76.96435,60_153,1,natural_vegetation_fire,1,natural_vegetation_fire,True,0.00011453467,0.99503577,0.004849699,0.99503577
FW_00191623,22.29406,80.24976,44_160,1,natural_vegetation_fire,1,natural_vegetation_fire,True,0.0001276121,0.99071574,0.009156608,0.99071574
FW_00054037,18.37984,77.47759,36_154,1,natural_vegetation_fire,1,natural_vegetation_fire,True,0.00010095472,0.98125666,0.018642385,0.98125666
FW_00449430,20.97512,85.14832,41_170,2,other_uncertain,2,other_uncertain,True,0.0014983633,0.12959468,0.8689069,0.8689069
FW_01446734,27.20144,83.67944,54_167,1,natural_vegetation_fire,1,natural_vegetation_fire,True,4.9147835e-05,0.99060625,0.009344641,0.99060625
FW_01260226,19.91509,79.3077,39_158,2,other_uncertain,2,other_uncertain,True,0.0002367625,0.004336583,0.9954267,0.9954267
FW_00517504,30.62043,74.27608,61_148,2,other_uncertain,2,other_uncertain,True,0.00022701646,0.45937473,0.5403983,0.5403983
FW_00966743,31.06094,75.48123,62_150,1,natural_vegetation_fire,1,natural_vegetation_fire,True,0.034289714,0.4846873,0.48102304,0.4846873
FW_00073669,23.89561,92.78146,47_185,1,natural_vegetation_fire,1,natural_vegetation_fire,True,6.514695e-05,0.99916816,0.0007667542,0.99916816
FW_00240490,14.10658,79.39086,28_158,1,natural_vegetation_fire,1,natural_vegetation_fire,True,0.00018091718,0.9972938,0.002525274,0.9972938
FW_01706089,15.84671,76.64848,31_153,1,natural_vegetation_fire,1,natural_vegetation_fire,True,2.733955e-05,0.9947621,0.0052105747,0.9947621
FW_00403966,24.14609,82.65779,48_165,2,other_uncertain,2,other_uncertain,True,7.960469e-06,0.00095236104,0.9990396,0.9990396
FW_01609309,15.33483,76.28552,30_152,2,other_uncertain,2,other_uncertain,True,0.00550182,0.05147001,0.94302815,0.94302815
FW_00635141,20.95404,85.05161,41_170,1,natural_vegetation_fire,2,other_uncertain,False,0.00078198506,0.027157122,0.97206086,0.97206086
FW_00567914,22.39192,85.77091,44_171,2,other_uncertain,2,other_uncertain,True,0.00076342176,0.04797813,0.9512585,0.9512585
FW_01204044,23.82605,84.92926,47_169,1,natural_vegetation_fire,2,other_uncertain,False,0.0002323553,0.027647164,0.9721204,0.9721204
FW_00982540,30.16538,76.50697,60_153,1,natural_vegetation_fire,1,natural_vegetation_fire,True,0.00026306135,0.889464,0.11027291,0.889464
FW_00047667,24.44883,93.81615,48_187,1,natural_vegetation_fire,1,natural_vegetation_fire,True,0.00011064603,0.9923177,0.007571646,0.9923177
FW_00037859,15.91496,77.36283,31_154,2,other_uncertain,2,other_uncertain,True,0.00020287003,0.0016884785,0.9981086,0.9981086
FW_00856184,24.18107,74.48116,48_148,1,natural_vegetation_fire,1,natural_vegetation_fire,True,7.818879e-05,0.9966852,0.0032366363,0.9966852
FW_01218153,28.00658,78.8323,56_157,1,natural_vegetation_fire,1,natural_vegetation_fire,True,0.0004893607,0.97789484,0.021615814,0.97789484
FW_01042095,23.82642,84.91885,47_169,2,other_uncertain,2,other_uncertain,True,0.00017310916,0.0764776,0.9233493,0.9233493
FW_00356282,31.3284,75.05884,62_150,1,natural_vegetation_fire,1,natural_vegetation_fire,True,2.2262504e-05,0.99513346,0.0048442534,0.99513346
FW_00413374,24.16446,82.68134,48_165,2,other_uncertain,2,other_uncertain,True,7.16723e-05,0.0016765492,0.99825174,0.99825174
FW_00402551,24.16508,82.67937,48_165,2,other_uncertain,2,other_uncertain,True,2.9241937e-05,0.0015674481,0.9984034,0.9984034
FW_00260145,17.46419,80.99504,34_161,1,natural_vegetation_fire,2,other_uncertain,False,0.0014403331,0.25994182,0.7386179,0.7386179
FW_00523035,20.96317,85.18188,41_170,2,other_uncertain,2,other_uncertain,True,8.9483e-05,0.0020589298,0.9978516,0.9978516
FW_01102167,24.20433,82.71319,48_165,2,other_uncertain,2,other_uncertain,True,0.010947042,0.45991215,0.52914083,0.52914083
FW_01143314,19.97161,79.08947,39_158,2,other_uncertain,2,other_uncertain,True,0.00078564044,0.3162988,0.6829155,0.6829155
FW_00975002,30.51791,74.09464,61_148,1,natural_vegetation_fire,1,natural_vegetation_fire,True,0.00020661486,0.8282992,0.17149413,0.8282992
FW_01163763,20.96237,85.16484,41_170,2,other_uncertain,2,other_uncertain,True,7.2126386e-05,0.021782495,0.97814536,0.97814536
FW_01300198,18.16431,74.54538,36_149,1,natural_vegetation_fire,1,natural_vegetation_fire,True,0.00017616614,0.86568296,0.13414092,0.86568296
FW_00070682,24.10651,74.08129,48_148,1,natural_vegetation_fire,1,natural_vegetation_fire,True,7.8369296e-05,0.996554,0.0033676368,0.996554
FW_01563092,31.52365,75.18919,63_150,1,natural_vegetation_fire,1,natural_vegetation_fire,True,0.0071789846,0.7556236,0.23719746,0.7556236
FW_01535761,24.15621,82.60159,48_165,2,other_uncertain,2,other_uncertain,True,0.0010220716,0.04757884,0.951399,0.951399
FW_00393295,31.60783,75.01052,63_150,1,natural_vegetation_fire,1,natural_vegetation_fire,True,0.0005552025,0.8299531,0.16949174,0.8299531
FW_00254996,14.47878,79.02874,28_158,1,natural_vegetation_fire,1,natural_vegetation_fire,True,3.80982e-05,0.99757105,0.0023907935,0.99757105
FW_00438306,23.82723,84.91801,47_169,2,other_uncertain,2,other_uncertain,True,0.0001994047,0.008422618,0.99137795,0.99137795
FW_00756265,19.40431,82.72701,38_165,1,natural_vegetation_fire,1,natural_vegetation_fire,True,9.6372525e-05,0.99422246,0.005681166,0.99422246
FW_01586772,26.5753,85.7665,53_171,1,natural_vegetation_fire,1,natural_vegetation_fire,True,0.00051330373,0.79568183,0.20380484,0.79568183
FW_01265132,15.31686,77.01949,30_154,1,natural_vegetation_fire,1,natural_vegetation_fire,True,4.3967797e-05,0.98677105,0.013184964,0.98677105
FW_00456915,14.60561,78.52099,29_157,2,other_uncertain,2,other_uncertain,True,0.008559792,0.0033450963,0.98809505,0.98809505
FW_00883172,17.14782,78.22298,34_156,1,natural_vegetation_fire,1,natural_vegetation_fire,True,0.001365959,0.67453873,0.32409534,0.67453873
FW_00841046,20.79779,85.25469,41_170,2,other_uncertain,2,other_uncertain,True,0.016491512,0.013330611,0.9701779,0.9701779
FW_00679185,21.49523,74.50589,42_149,1,natural_vegetation_fire,1,natural_vegetation_fire,True,0.00049688696,0.98921555,0.010287626,0.98921555
FW_00473402,30.38884,76.36508,60_152,1,natural_vegetation_fire,1,natural_vegetation_fire,True,0.00030652076,0.8667859,0.13290757,0.8667859
FW_00581435,20.96485,85.18085,41_170,2,other_uncertain,2,other_uncertain,True,3.004375e-05,0.0077659735,0.99220395,0.99220395
FW_01060132,20.96247,85.17644,41_170,2,other_uncertain,2,other_uncertain,True,6.480813e-05,0.017361844,0.98257333,0.98257333
FW_01541000,31.99657,75.33087,63_150,1,natural_vegetation_fire,1,natural_vegetation_fire,True,0.00043491,0.94558066,0.05398441,0.94558066
FW_01030212,20.96632,85.17596,41_170,2,other_uncertain,2,other_uncertain,True,3.8887727e-05,0.036631975,0.9633291,0.9633291
FW_00769470,15.31509,74.46581,30_148,1,natural_vegetation_fire,1,natural_vegetation_fire,True,0.00020160686,0.99802643,0.0017718807,0.99802643
FW_01572491,23.84159,84.95387,47_169,2,other_uncertain,2,other_uncertain,True,0.00012860268,0.08441975,0.9154517,0.9154517
FW_00414861,17.21463,82.37589,34_164,1,natural_vegetation_fire,1,natural_vegetation_fire,True,9.200443e-05,0.9042201,0.09568787,0.9042201
FW_01470796,27.24109,83.54346,54_167,1,natural_vegetation_fire,1,natural_vegetation_fire,True,2.742196e-05,0.9989241,0.0010484365,0.9989241
FW_00189150,23.69589,84.8522,47_169,1,natural_vegetation_fire,1,natural_vegetation_fire,True,2.9598104e-05,0.98623765,0.013732727,0.98623765
FW_01316288,21.55362,76.45106,43_152,1,natural_vegetation_fire,1,natural_vegetation_fire,True,6.693359e-05,0.9996855,0.00024757226,0.9996855
FW_01309931,24.34813,73.73278,48_147,0,industrial_fire_candidate,1,natural_vegetation_fire,False,0.055501275,0.8739103,0.07058849,0.8739103
FW_00354035,18.85812,72.92815,37_145,0,industrial_fire_candidate,2,other_uncertain,False,0.14293775,0.01571849,0.84134376,0.84134376
FW_01113483,29.97414,75.68159,59_151,1,natural_vegetation_fire,1,natural_vegetation_fire,True,0.00018297997,0.7406143,0.25920266,0.7406143
FW_00446692,18.86095,72.92525,37_145,0,industrial_fire_candidate,2,other_uncertain,False,0.0068179914,0.0093329465,0.98384905,0.98384905
FW_00484203,30.2098,76.05319,60_152,1,natural_vegetation_fire,1,natural_vegetation_fire,True,7.280221e-05,0.9865285,0.013398617,0.9865285
FW_01040521,8.06272,93.58321,16_187,1,natural_vegetation_fire,1,natural_vegetation_fire,True,0.00013973462,0.99819857,0.0016616773,0.99819857
FW_00524917,22.45924,73.43369,44_146,1,natural_vegetation_fire,1,natural_vegetation_fire,True,0.0028371157,0.9852154,0.0119475005,0.9852154
FW_01338718,9.48003,76.47849,18_152,2,other_uncertain,1,natural_vegetation_fire,False,0.00029544125,0.91539675,0.08430778,0.91539675
FW_00177974,23.74031,84.93459,47_169,1,natural_vegetation_fire,1,natural_vegetation_fire,True,8.407965e-05,0.9927443,0.0071716257,0.9927443
FW_00769739,12.31756,75.42336,24_150,1,natural_vegetation_fire,1,natural_vegetation_fire,True,0.000100864985,0.998985,0.0009141477,0.998985
FW_00388927,20.97758,85.1458,41_170,2,other_uncertain,2,other_uncertain,True,0.00011947018,0.043787092,0.95609343,0.95609343
FW_01686517,26.8257,85.58044,53_171,1,natural_vegetation_fire,1,natural_vegetation_fire,True,6.480361e-05,0.98238856,0.017546603,0.98238856
FW_00713132,14.32617,78.23088,28_156,1,natural_vegetation_fire,1,natural_vegetation_fire,True,0.00015471574,0.9785291,0.021316186,0.9785291
FW_01619470,26.84373,72.44427,53_144,1,natural_vegetation_fire,1,natural_vegetation_fire,True,0.00035316014,0.97961456,0.020032296,0.97961456
FW_00148073,21.16642,70.07899,42_140,1,natural_vegetation_fire,1,natural_vegetation_fire,True,0.00019329932,0.9938845,0.005922119,0.9938845
FW_01135260,20.79852,85.26079,41_170,2,other_uncertain,2,other_uncertain,True,0.034234285,0.0022530258,0.96351266,0.96351266
FW_01204054,24.19112,82.57591,48_165,2,other_uncertain,2,other_uncertain,True,0.00033491603,0.004247354,0.9954177,0.9954177
FW_00159918,20.84996,83.28058,41_166,1,natural_vegetation_fire,1,natural_vegetation_fire,True,0.00014955067,0.9985814,0.001269087,0.9985814
FW_00044475,25.09546,82.36019,50_164,1,natural_vegetation_fire,1,natural_vegetation_fire,True,0.060879894,0.76694167,0.1721784,0.76694167
FW_01487873,17.14769,77.2715,34_154,2,other_uncertain,2,other_uncertain,True,0.00025465043,0.49485663,0.5048887,0.5048887
FW_00331104,22.90779,74.47511,45_148,1,natural_vegetation_fire,1,natural_vegetation_fire,True,0.0030187308,0.9840164,0.012964896,0.9840164
FW_00512571,29.93638,75.79451,59_151,1,natural_vegetation_fire,1,natural_vegetation_fire,True,5.9422156e-05,0.9857076,0.014233029,0.9857076
FW_00631090,13.2762,76.15199,26_152,1,natural_vegetation_fire,1,natural_vegetation_fire,True,0.00010241888,0.9780441,0.021853473,0.9780441
FW_00362511,31.53962,75.48128,63_150,1,natural_vegetation_fire,1,natural_vegetation_fire,True,0.00013907568,0.997494,0.002366986,0.997494
FW_00609098,15.17205,76.37645,30_152,0,industrial_fire_candidate,2,other_uncertain,False,0.0047165537,0.0018970559,0.99338645,0.99338645
FW_01253127,24.11786,92.70221,48_185,1,natural_vegetation_fire,1,natural_vegetation_fire,True,0.00010125784,0.9995894,0.0003093931,0.9995894
FW_00361634,30.27559,76.70881,60_153,1,natural_vegetation_fire,1,natural_vegetation_fire,True,0.00014200811,0.98066896,0.019188987,0.98066896
FW_00823548,25.76454,90.44327,51_180,1,natural_vegetation_fire,1,natural_vegetation_fire,True,6.3624575e-05,0.997654,0.0022824004,0.997654
FW_00292463,22.43399,80.05249,44_160,2,other_uncertain,1,natural_vegetation_fire,False,0.00031033158,0.89286435,0.10682534,0.89286435
FW_01661604,30.70331,74.32451,61_148,1,natural_vegetation_fire,1,natural_vegetation_fire,True,0.00011303431,0.9247888,0.07509817,0.9247888
FW_01171311,23.43169,68.71088,46_137,2,other_uncertain,2,other_uncertain,True,0.008375039,0.26884198,0.722783,0.722783
FW_00566712,25.93541,74.88271,51_149,1,natural_vegetation_fire,1,natural_vegetation_fire,True,0.00013711056,0.9912013,0.008661533,0.9912013
FW_01593518,12.28704,79.81596,24_159,2,other_uncertain,1,natural_vegetation_fire,False,0.00013651852,0.89827555,0.10158794,0.89827555
FW_00753446,25.15853,86.46292,50_172,1,natural_vegetation_fire,1,natural_vegetation_fire,True,9.9735145e-05,0.99217755,0.007722761,0.99217755
FW_01575813,31.80579,75.48994,63_150,1,natural_vegetation_fire,1,natural_vegetation_fire,True,8.425312e-05,0.9778569,0.022058852,0.9778569
FW_00755397,22.12579,85.53089,44_171,1,natural_vegetation_fire,1,natural_vegetation_fire,True,0.00021236134,0.9860503,0.0137373805,0.9860503
FW_01398262,23.83003,84.93109,47_169,1,natural_vegetation_fire,2,other_uncertain,False,5.455777e-05,0.01589076,0.98405474,0.98405474
FW_00459008,31.11325,75.1868,62_150,1,natural_vegetation_fire,1,natural_vegetation_fire,True,7.747518e-05,0.91109616,0.08882642,0.91109616
FW_00902676,13.50649,76.89873,27_153,1,natural_vegetation_fire,1,natural_vegetation_fire,True,0.00020122771,0.9727787,0.027020134,0.9727787
FW_00994277,31.6402,75.01424,63_150,1,natural_vegetation_fire,1,natural_vegetation_fire,True,0.00069224485,0.81833637,0.18097135,0.81833637
FW_00323987,15.11953,77.66411,30_155,1,natural_vegetation_fire,1,natural_vegetation_fire,True,0.00027982958,0.9909734,0.008746724,0.9909734
FW_01472627,19.4368,82.98998,38_165,1,natural_vegetation_fire,1,natural_vegetation_fire,True,3.161039e-05,0.99963546,0.0003329675,0.99963546
FW_01122898,19.34321,81.90171,38_163,1,natural_vegetation_fire,1,natural_vegetation_fire,True,4.3291646e-05,0.9969399,0.0030168304,0.9969399
FW_00426888,18.85685,72.92874,37_145,0,industrial_fire_candidate,2,other_uncertain,False,0.26422712,0.02846829,0.7073046,0.7073046
FW_00809145,19.4718,85.14005,38_170,1,natural_vegetation_fire,1,natural_vegetation_fire,True,0.00055695017,0.9792606,0.020182459,0.9792606
FW_00267740,24.44654,82.95349,48_165,2,other_uncertain,0,industrial_fire_candidate,False,0.49857825,0.31772092,0.18370079,0.49857825
FW_01061225,10.12132,78.7746,20_157,1,natural_vegetation_fire,1,natural_vegetation_fire,True,2.752361e-05,0.9886362,0.011336234,0.9886362
FW_00721411,15.16166,76.48633,30_152,1,natural_vegetation_fire,1,natural_vegetation_fire,True,3.1144846e-05,0.98958683,0.010381983,0.98958683
FW_00563456,19.056,75.38625,38_150,1,natural_vegetation_fire,1,natural_vegetation_fire,True,5.7323494e-05,0.9600072,0.03993548,0.9600072
FW_00449941,25.41418,86.02704,50_172,0,industrial_fire_candidate,2,other_uncertain,False,0.37324953,0.040615287,0.58613515,0.58613515
FW_01305234,16.43227,74.14513,32_148,1,natural_vegetation_fire,2,other_uncertain,False,0.15163533,0.05469573,0.7936689,0.7936689
FW_01624843,31.312,75.18539,62_150,1,natural_vegetation_fire,2,other_uncertain,False,0.00032387354,0.21841988,0.7812562,0.7812562
FW_01045093,31.93155,77.70431,63_155,2,other_uncertain,1,natural_vegetation_fire,False,6.020029e-05,0.9853513,0.014588506,0.9853513
FW_01694279,16.79763,76.57626,33_153,1,natural_vegetation_fire,1,natural_vegetation_fire,True,0.00014550734,0.9862266,0.013627902,0.9862266
FW_01681345,21.73879,72.02348,43_144,1,natural_vegetation_fire,1,natural_vegetation_fire,True,0.004192555,0.6369548,0.35885265,0.6369548
FW_01198223,17.14693,78.22128,34_156,1,natural_vegetation_fire,2,other_uncertain,False,0.0005518212,0.14755748,0.85189074,0.85189074
FW_01582226,23.84032,84.95078,47_169,2,other_uncertain,2,other_uncertain,True,0.000112230795,0.037285645,0.96260214,0.96260214
FW_01141856,24.1403,82.5662,48_165,2,other_uncertain,2,other_uncertain,True,7.611571e-05,0.41753203,0.58239186,0.58239186
FW_00889512,27.96667,94.70581,55_189,1,natural_vegetation_fire,1,natural_vegetation_fire,True,2.2289043e-05,0.99980253,0.00017515695,0.99980253
FW_00223987,18.85526,72.92865,37_145,0,industrial_fire_candidate,2,other_uncertain,False,0.081728384,0.048070204,0.87020135,0.87020135
FW_00022951,26.63164,72.19241,53_144,1,natural_vegetation_fire,2,other_uncertain,False,0.0007042382,0.4436399,0.5556559,0.5556559
FW_00616741,19.7865,79.14897,39_158,0,industrial_fire_candidate,2,other_uncertain,False,0.03202034,0.0023005663,0.9656791,0.9656791
FW_00576690,19.00845,81.84534,38_163,1,natural_vegetation_fire,1,natural_vegetation_fire,True,0.0013857814,0.58337015,0.41524407,0.58337015
FW_00023320,20.79338,85.25155,41_170,2,other_uncertain,2,other_uncertain,True,0.057094328,0.0053850417,0.93752056,0.93752056
FW_00243858,24.53769,79.59727,49_159,1,natural_vegetation_fire,1,natural_vegetation_fire,True,2.8856162e-05,0.9998388,0.00013233072,0.9998388
FW_00832251,22.8418,76.15257,45_152,1,natural_vegetation_fire,1,natural_vegetation_fire,True,0.00021517447,0.5531477,0.44663718,0.5531477
FW_00071056,20.95333,85.01206,41_170,2,other_uncertain,2,other_uncertain,True,4.645922e-05,0.0021315378,0.99782205,0.99782205
FW_01166223,20.97073,85.17713,41_170,2,other_uncertain,2,other_uncertain,True,3.4266286e-05,0.07424806,0.92571765,0.92571765
FW_01689981,22.36684,73.11494,44_146,0,industrial_fire_candidate,2,other_uncertain,False,0.36824974,0.00812206,0.6236282,0.6236282
FW_01301371,17.32969,77.49207,34_154,1,natural_vegetation_fire,2,other_uncertain,False,0.0038957591,0.038645472,0.95745873,0.95745873
FW_00041370,22.08752,73.17419,44_146,2,other_uncertain,2,other_uncertain,True,0.0010277067,0.0641047,0.93486756,0.93486756
FW_00630238,25.51151,94.71227,51_189,1,natural_vegetation_fire,1,natural_vegetation_fire,True,4.8474645e-05,0.9945556,0.0053959894,0.9945556
FW_01707475,27.66092,94.97331,55_189,1,natural_vegetation_fire,1,natural_vegetation_fire,True,2.9518404e-05,0.9994504,0.0005201379,0.9994504
FW_01059904,20.78804,85.26164,41_170,2,other_uncertain,2,other_uncertain,True,0.00043970064,0.014095032,0.98546535,0.98546535
FW_00815052,15.1668,76.37924,30_152,0,industrial_fire_candidate,2,other_uncertain,False,0.0049427915,0.0030266775,0.9920305,0.9920305
FW_00747438,22.13351,85.93083,44_171,1,natural_vegetation_fire,1,natural_vegetation_fire,True,8.7290326e-05,0.99838924,0.0015235126,0.99838924
FW_00489640,30.67554,74.45147,61_148,1,natural_vegetation_fire,1,natural_vegetation_fire,True,6.6727895e-05,0.979358,0.020575244,0.979358
FW_01470834,27.28751,83.67272,54_167,1,natural_vegetation_fire,1,natural_vegetation_fire,True,0.0011173515,0.7378679,0.2610148,0.7378679
FW_00942486,25.11264,80.86523,50_161,1,natural_vegetation_fire,1,natural_vegetation_fire,True,4.6817702e-05,0.9846378,0.01531532,0.9846378
FW_00016171,17.14538,78.22143,34_156,1,natural_vegetation_fire,2,other_uncertain,False,0.0008134723,0.11412354,0.88506293,0.88506293
FW_01686313,25.31011,83.81406,50_167,1,natural_vegetation_fire,1,natural_vegetation_fire,True,4.9103273e-05,0.99710816,0.0028427634,0.99710816
FW_01702851,22.39061,73.11501,44_146,2,other_uncertain,2,other_uncertain,True,0.17668594,0.022600561,0.80071354,0.80071354
FW_00490806,15.30857,76.25442,30_152,0,industrial_fire_candidate,1,natural_vegetation_fire,False,0.011223995,0.8908309,0.097945146,0.8908309
FW_01455657,25.26287,83.93932,50_167,1,natural_vegetation_fire,1,natural_vegetation_fire,True,0.0002404672,0.9957014,0.004058124,0.9957014
FW_01620394,30.4211,76.65466,60_153,1,natural_vegetation_fire,1,natural_vegetation_fire,True,0.00039823083,0.6205465,0.3790553,0.6205465
FW_00679577,28.46517,77.1487,56_154,2,other_uncertain,2,other_uncertain,True,0.00022147225,0.2964983,0.7032802,0.7032802
FW_01191588,27.3766,95.08549,54_190,1,natural_vegetation_fire,1,natural_vegetation_fire,True,0.00058733666,0.6643222,0.33509052,0.6643222
FW_01524599,31.57058,75.47221,63_150,1,natural_vegetation_fire,1,natural_vegetation_fire,True,7.092195e-05,0.9541736,0.04575542,0.9541736
FW_01560708,23.83008,84.93114,47_169,1,natural_vegetation_fire,2,other_uncertain,False,4.337981e-05,0.013919652,0.98603696,0.98603696
FW_00257264,23.96769,84.59393,47_169,1,natural_vegetation_fire,1,natural_vegetation_fire,True,1.9650846e-05,0.99925715,0.0007231784,0.99925715
FW_00461222,31.42225,75.03741,62_150,1,natural_vegetation_fire,1,natural_vegetation_fire,True,0.0005943485,0.7329118,0.26649383,0.7329118
FW_01411247,24.32882,92.59481,48_185,1,natural_vegetation_fire,1,natural_vegetation_fire,True,2.195336e-05,0.9990522,0.00092577946,0.9990522
FW_00141363,24.76621,94.11884,49_188,1,natural_vegetation_fire,1,natural_vegetation_fire,True,3.5064197e-05,0.9986985,0.0012663892,0.9986985
FW_00915873,14.09233,79.45723,28_158,1,natural_vegetation_fire,1,natural_vegetation_fire,True,0.000125299,0.99679536,0.0030793613,0.99679536
FW_00459066,31.22121,75.18107,62_150,1,natural_vegetation_fire,1,natural_vegetation_fire,True,0.01651592,0.7899164,0.19356772,0.7899164
FW_01586044,23.82827,84.92542,47_169,2,other_uncertain,2,other_uncertain,True,3.077547e-05,0.0014259607,0.99854326,0.99854326
FW_00855469,27.3615,83.60876,54_167,1,natural_vegetation_fire,1,natural_vegetation_fire,True,0.00017123779,0.94823784,0.05159086,0.94823784
FW_01127168,30.61915,74.35625,61_148,2,other_uncertain,1,natural_vegetation_fire,False,0.00014098374,0.79181314,0.20804587,0.79181314
FW_00207442,20.52734,79.66788,41_159,1,natural_vegetation_fire,1,natural_vegetation_fire,True,0.00013739662,0.99833953,0.001523094,0.99833953
FW_00877017,20.96283,85.17496,41_170,2,other_uncertain,2,other_uncertain,True,3.3758868e-05,0.012701655,0.9872645,0.9872645
FW_00685105,18.70717,76.86269,37_153,1,natural_vegetation_fire,1,natural_vegetation_fire,True,0.00017500507,0.9928116,0.0070133302,0.9928116
FW_00005049,23.66884,84.99537,47_169,2,other_uncertain,2,other_uncertain,True,0.04008315,0.39992973,0.5599871,0.5599871
FW_01661284,29.36109,73.72443,58_147,1,natural_vegetation_fire,1,natural_vegetation_fire,True,6.913965e-05,0.97971946,0.020211384,0.97971946
FW_01048315,20.96356,85.16686,41_170,2,other_uncertain,2,other_uncertain,True,4.9679493e-05,0.008949988,0.99100035,0.99100035
FW_01695422,25.4124,83.24373,50_166,1,natural_vegetation_fire,1,natural_vegetation_fire,True,4.780635e-05,0.97487485,0.025077337,0.97487485
FW_00030789,20.79498,85.2555,41_170,2,other_uncertain,2,other_uncertain,True,0.17847519,0.009231386,0.81229347,0.81229347
FW_00465848,29.64975,75.91735,59_151,1,natural_vegetation_fire,1,natural_vegetation_fire,True,0.00043196775,0.9776275,0.021940513,0.9776275
FW_01607907,20.79496,85.2571,41_170,2,other_uncertain,2,other_uncertain,True,0.4544606,0.010605286,0.5349341,0.5349341
FW_00387528,31.97234,75.34396,63_150,2,other_uncertain,1,natural_vegetation_fire,False,0.0013753567,0.9690045,0.029620178,0.9690045
FW_00325536,24.97947,83.09702,49_166,1,natural_vegetation_fire,1,natural_vegetation_fire,True,0.00017475823,0.9931941,0.0066310754,0.9931941
FW_00721542,15.48629,74.04999,30_148,1,natural_vegetation_fire,1,natural_vegetation_fire,True,0.0041010343,0.9588152,0.037083797,0.9588152
FW_00079717,23.75171,92.51193,47_185,1,natural_vegetation_fire,1,natural_vegetation_fire,True,0.00014123731,0.99719477,0.0026639414,0.99719477
FW_00426600,12.04267,79.76869,24_159,1,natural_vegetation_fire,1,natural_vegetation_fire,True,0.00016442416,0.91957647,0.08025916,0.91957647
FW_00673145,14.0985,78.2026,28_156,1,natural_vegetation_fire,1,natural_vegetation_fire,True,4.313864e-05,0.9903412,0.009615693,0.9903412
FW_00457582,30.01275,76.21428,60_152,1,natural_vegetation_fire,1,natural_vegetation_fire,True,0.00020797284,0.93301195,0.066780046,0.93301195
FW_01445988,25.14535,83.34841,50_166,1,natural_vegetation_fire,1,natural_vegetation_fire,True,4.786697e-05,0.9962682,0.003683994,0.9962682
FW_01470018,24.15658,82.67506,48_165,2,other_uncertain,2,other_uncertain,True,0.0004298397,0.057484094,0.9420861,0.9420861
FW_00025602,20.79329,85.25465,41_170,2,other_uncertain,2,other_uncertain,True,0.037996348,0.003757209,0.9582464,0.9582464
FW_00189026,23.61428,81.18375,47_162,1,natural_vegetation_fire,1,natural_vegetation_fire,True,5.494718e-05,0.9900564,0.009888711,0.9900564
FW_00190871,27.34768,76.51224,54_153,1,natural_vegetation_fire,1,natural_vegetation_fire,True,0.00016940868,0.9956137,0.004216884,0.9956137
FW_01643817,29.3565,73.70479,58_147,2,other_uncertain,1,natural_vegetation_fire,False,9.2621456e-05,0.93195355,0.06795381,0.93195355
FW_01225014,23.63393,92.86183,47_185,1,natural_vegetation_fire,1,natural_vegetation_fire,True,9.2329625e-05,0.99963236,0.0002752734,0.99963236
FW_00963910,27.31738,95.26553,54_190,1,natural_vegetation_fire,1,natural_vegetation_fire,True,0.000617588,0.8567246,0.14265779,0.8567246
FW_00822281,20.62963,79.24207,41_158,1,natural_vegetation_fire,1,natural_vegetation_fire,True,0.00022431012,0.96098566,0.038790002,0.96098566
FW_00487538,29.77163,75.94743,59_151,1,natural_vegetation_fire,1,natural_vegetation_fire,True,2.2703514e-05,0.99756587,0.0024114563,0.99756587
FW_01035362,14.36088,79.33351,28_158,1,natural_vegetation_fire,1,natural_vegetation_fire,True,1.3487991e-05,0.9997234,0.00026314694,0.9997234
FW_00093750,20.9773,85.16867,41_170,2,other_uncertain,2,other_uncertain,True,0.00013220943,0.00670086,0.993167,0.993167
FW_00203699,19.69917,79.99547,39_159,1,natural_vegetation_fire,1,natural_vegetation_fire,True,9.63074e-05,0.99947315,0.00043054763,0.99947315
FW_01160530,20.96914,85.15866,41_170,2,other_uncertain,2,other_uncertain,True,0.0010154987,0.015355634,0.9836288,0.9836288
FW_00753115,24.60114,94.13803,49_188,1,natural_vegetation_fire,1,natural_vegetation_fire,True,3.5389432e-05,0.999315,0.0006495523,0.999315
FW_00032423,21.48524,70.17467,42_140,1,natural_vegetation_fire,1,natural_vegetation_fire,True,0.00089170074,0.9935454,0.0055629057,0.9935454
FW_00096870,15.14271,76.40674,30_152,2,other_uncertain,1,natural_vegetation_fire,False,0.000114435374,0.9505493,0.04933631,0.9505493
FW_00887355,23.77405,91.85633,47_183,1,natural_vegetation_fire,1,natural_vegetation_fire,True,3.157721e-05,0.99857175,0.0013966355,0.99857175
FW_01071117,28.32852,78.75665,56_157,2,other_uncertain,1,natural_vegetation_fire,False,0.0002758139,0.888304,0.11142017,0.888304
FW_01089779,30.28899,76.07481,60_152,1,natural_vegetation_fire,1,natural_vegetation_fire,True,0.00014109677,0.8636449,0.13621396,0.8636449
FW_01621022,21.90958,72.10503,43_144,2,other_uncertain,2,other_uncertain,True,0.010317073,0.27601713,0.71366584,0.71366584
FW_01162118,20.76133,85.29244,41_170,2,other_uncertain,2,other_uncertain,True,7.852913e-05,0.0781038,0.92181766,0.92181766
FW_01540787,30.64997,74.22192,61_148,1,natural_vegetation_fire,1,natural_vegetation_fire,True,0.0002724868,0.8821793,0.11754818,0.8821793
FW_00873456,23.80168,91.93317,47_183,1,natural_vegetation_fire,1,natural_vegetation_fire,True,2.5521309e-05,0.99958295,0.00039150068,0.99958295
FW_00832288,22.97925,76.11827,45_152,1,natural_vegetation_fire,2,other_uncertain,False,0.00747111,0.48496485,0.50756407,0.50756407
FW_01552873,28.77179,76.24947,57_152,1,natural_vegetation_fire,1,natural_vegetation_fire,True,0.00011465611,0.9897049,0.01018041,0.9897049
FW_01055345,20.96748,85.15306,41_170,2,other_uncertain,2,other_uncertain,True,0.0014602393,0.005790942,0.9927488,0.9927488
FW_00210528,23.98195,80.38131,47_160,1,natural_vegetation_fire,1,natural_vegetation_fire,True,0.00018299003,0.99446326,0.005353687,0.99446326
FW_00054168,22.38408,73.1041,44_146,0,industrial_fire_candidate,0,industrial_fire_candidate,True,0.47525463,0.367637,0.1571084,0.47525463
FW_01668674,32.54308,76.48206,65_152,1,natural_vegetation_fire,1,natural_vegetation_fire,True,0.0008048806,0.9845718,0.01462329,0.9845718
FW_00056223,24.18301,82.57061,48_165,2,other_uncertain,2,other_uncertain,True,0.00012618212,0.054748405,0.9451254,0.9451254
FW_01439434,23.93283,80.33797,47_160,1,natural_vegetation_fire,1,natural_vegetation_fire,True,4.298354e-05,0.9986105,0.0013465437,0.9986105
FW_00566311,22.36547,73.11723,44_146,0,industrial_fire_candidate,2,other_uncertain,False,0.26008317,0.004983284,0.73493356,0.73493356
FW_01069513,30.19245,76.40775,60_152,1,natural_vegetation_fire,1,natural_vegetation_fire,True,0.00030976016,0.8517301,0.14796013,0.8517301
FW_00508453,29.98775,75.98265,59_151,2,other_uncertain,1,natural_vegetation_fire,False,9.1939335e-05,0.87105876,0.1288493,0.87105876
FW_01177310,22.14515,88.71176,44_177,1,natural_vegetation_fire,1,natural_vegetation_fire,True,6.7021065e-05,0.93419605,0.065736935,0.93419605
FW_01040137,23.83562,84.95107,47_169,2,other_uncertain,2,other_uncertain,True,3.5458168e-05,0.008103223,0.99186134,0.99186134
FW_01596857,23.67358,84.99565,47_169,1,natural_vegetation_fire,1,natural_vegetation_fire,True,0.0062572896,0.83465105,0.15909168,0.83465105
FW_00362714,31.8454,75.35546,63_150,1,natural_vegetation_fire,1,natural_vegetation_fire,True,0.00019098549,0.84939295,0.15041612,0.84939295
FW_00123955,27.46801,95.42234,54_190,1,natural_vegetation_fire,1,natural_vegetation_fire,True,0.026685169,0.9051248,0.06819007,0.9051248
FW_00343441,25.31406,83.391,50_166,1,natural_vegetation_fire,1,natural_vegetation_fire,True,6.5956825e-05,0.9908784,0.009055642,0.9908784
FW_01513904,24.45192,73.84449,48_147,1,natural_vegetation_fire,1,natural_vegetation_fire,True,0.00017040767,0.92809737,0.07173228,0.92809737
FW_00013065,18.50239,76.58598,37_153,1,natural_vegetation_fire,1,natural_vegetation_fire,True,0.00020191185,0.92561704,0.07418104,0.92561704
FW_00898611,24.18552,93.56118,48_187,1,natural_vegetation_fire,1,natural_vegetation_fire,True,7.3158626e-05,0.9994966,0.00043030403,0.9994966
FW_00640412,22.66029,76.43506,45_152,1,natural_vegetation_fire,1,natural_vegetation_fire,True,0.00013906664,0.9939215,0.0059393896,0.9939215
FW_01219421,9.96848,76.39017,19_152,2,other_uncertain,2,other_uncertain,True,0.003720206,0.07154409,0.9247357,0.9247357
FW_01286941,24.03044,92.50585,48_185,1,natural_vegetation_fire,1,natural_vegetation_fire,True,3.8164475e-05,0.99924445,0.0007174203,0.99924445
FW_00241600,18.8555,72.92642,37_145,0,industrial_fire_candidate,2,other_uncertain,False,0.011050717,0.052858666,0.93609065,0.93609065
FW_00691432,18.85515,72.92812,37_145,0,industrial_fire_candidate,2,other_uncertain,False,0.013471458,0.015820604,0.970708,0.970708
FW_01680215,26.7255,85.54422,53_171,1,natural_vegetation_fire,1,natural_vegetation_fire,True,0.00017018274,0.82812417,0.17170568,0.82812417
FW_00929894,24.01218,85.21089,48_170,1,natural_vegetation_fire,1,natural_vegetation_fire,True,0.00025578012,0.99197024,0.007774032,0.99197024
FW_00372608,29.60146,75.5557,59_151,1,natural_vegetation_fire,1,natural_vegetation_fire,True,0.001029097,0.98107225,0.017898638,0.98107225
FW_00373741,31.56054,75.45454,63_150,1,natural_vegetation_fire,1,natural_vegetation_fire,True,0.00013955071,0.97561103,0.02424948,0.97561103
FW_01178093,22.17511,88.88338,44_177,1,natural_vegetation_fire,1,natural_vegetation_fire,True,0.00010223605,0.9843129,0.015584833,0.9843129
FW_00951504,20.78987,85.26949,41_170,2,other_uncertain,2,other_uncertain,True,7.499169e-05,0.0046293885,0.9952956,0.9952956
FW_01292354,25.53038,89.85502,51_179,1,natural_vegetation_fire,1,natural_vegetation_fire,True,0.00018982968,0.9305564,0.06925379,0.9305564
FW_01580137,20.96261,85.17207,41_170,2,other_uncertain,2,other_uncertain,True,3.3858792e-05,0.026863016,0.9731031,0.9731031
FW_00079319,20.97542,83.08424,41_166,1,natural_vegetation_fire,1,natural_vegetation_fire,True,0.014916492,0.9653994,0.019684179,0.9653994
FW_01072170,15.33368,76.28797,30_152,2,other_uncertain,2,other_uncertain,True,0.00049392873,0.0031074833,0.99639857,0.99639857
FW_00983114,31.09371,75.20042,62_150,1,natural_vegetation_fire,1,natural_vegetation_fire,True,0.00017627337,0.9352761,0.06454761,0.9352761
FW_00820887,26.42065,73.43759,52_146,1,natural_vegetation_fire,1,natural_vegetation_fire,True,0.00032465375,0.98967373,0.0100016575,0.98967373
FW_01222503,15.31641,76.25491,30_152,0,industrial_fire_candidate,2,other_uncertain,False,0.015842587,0.002649839,0.9815076,0.9815076
FW_00136208,22.20725,84.84716,44_169,2,other_uncertain,2,other_uncertain,True,0.01115468,0.0149239,0.9739214,0.9739214
FW_00983278,31.44533,75.20916,62_150,1,natural_vegetation_fire,1,natural_vegetation_fire,True,0.00021373553,0.97467077,0.02511549,0.97467077
FW_00990958,31.89356,75.04088,63_150,1,natural_vegetation_fire,1,natural_vegetation_fire,True,0.00025608196,0.78193676,0.2178072,0.78193676
FW_00701538,14.43286,79.20692,28_158,1,natural_vegetation_fire,1,natural_vegetation_fire,True,2.9603048e-05,0.99969876,0.00027168717,0.99969876
FW_00070918,22.21545,84.84108,44_169,2,other_uncertain,2,other_uncertain,True,0.00043009364,0.015727019,0.98384285,0.98384285
FW_01116066,22.77358,72.3917,45_144,1,natural_vegetation_fire,1,natural_vegetation_fire,True,0.0003161961,0.7698885,0.22979529,0.7698885
FW_00995888,20.96236,85.17624,41_170,2,other_uncertain,2,other_uncertain,True,2.9153025e-05,0.016664876,0.983306,0.983306
FW_01608509,24.20669,82.71195,48_165,2,other_uncertain,2,other_uncertain,True,0.007984746,0.092414014,0.8996012,0.8996012
FW_00484999,30.49541,76.30418,60_152,1,natural_vegetation_fire,1,natural_vegetation_fire,True,0.00064561254,0.750565,0.24878941,0.750565
FW_00414567,20.96537,85.17915,41_170,2,other_uncertain,2,other_uncertain,True,6.5695385e-05,0.005352919,0.9945814,0.9945814
FW_00696960,27.0411,75.79904,54_151,2,other_uncertain,1,natural_vegetation_fire,False,0.00032709638,0.556999,0.4426739,0.556999
FW_00857681,23.60156,91.91091,47_183,1,natural_vegetation_fire,1,natural_vegetation_fire,True,4.0638657e-05,0.99971527,0.0002441044,0.99971527
FW_00928807,22.32934,84.28473,44_168,1,natural_vegetation_fire,1,natural_vegetation_fire,True,0.00012030511,0.9996327,0.00024695083,0.9996327
FW_01521485,22.68095,88.2468,45_176,1,natural_vegetation_fire,1,natural_vegetation_fire,True,0.00025310353,0.8945441,0.10520276,0.8945441
FW_01219191,17.25783,76.33117,34_152,1,natural_vegetation_fire,1,natural_vegetation_fire,True,0.00010860223,0.96018904,0.039702326,0.96018904
FW_00061140,20.79614,85.25593,41_170,2,other_uncertain,2,other_uncertain,True,0.07527809,0.0102788005,0.9144431,0.9144431
FW_01011621,24.73582,79.9752,49_159,1,natural_vegetation_fire,1,natural_vegetation_fire,True,4.2887503e-05,0.99896526,0.0009919009,0.99896526
FW_01129287,30.59559,74.21518,61_148,1,natural_vegetation_fire,2,other_uncertain,False,0.00017037887,0.36158895,0.63824064,0.63824064
FW_01038337,25.31124,83.01292,50_166,2,other_uncertain,2,other_uncertain,True,0.0077898297,0.019115891,0.9730943,0.9730943
FW_00839873,19.30388,76.51087,38_153,1,natural_vegetation_fire,1,natural_vegetation_fire,True,0.0006501496,0.9847606,0.014589309,0.9847606
FW_01609370,20.97673,85.1588,41_170,2,other_uncertain,2,other_uncertain,True,0.0020910706,0.08186249,0.91604644,0.91604644
FW_00795423,23.78236,92.99476,47_185,1,natural_vegetation_fire,1,natural_vegetation_fire,True,0.00011782684,0.99796486,0.0019173416,0.99796486
FW_01199073,24.14605,86.33326,48_172,2,other_uncertain,2,other_uncertain,True,0.3266676,0.0076007657,0.6657316,0.6657316
FW_00322032,23.80423,84.84296,47_169,1,natural_vegetation_fire,2,other_uncertain,False,0.004330378,0.12998007,0.8656896,0.8656896
FW_00491688,29.96669,75.53763,59_151,1,natural_vegetation_fire,1,natural_vegetation_fire,True,0.00015583847,0.94741386,0.052430276,0.94741386
FW_01070535,20.79341,85.25478,41_170,2,other_uncertain,2,other_uncertain,True,0.06171997,0.01329135,0.92498875,0.92498875
FW_00456416,31.23923,75.16427,62_150,1,natural_vegetation_fire,1,natural_vegetation_fire,True,0.00014447009,0.6552106,0.34464487,0.6552106
FW_00008465,11.98234,79.0112,23_158,1,natural_vegetation_fire,1,natural_vegetation_fire,True,4.174137e-05,0.99005425,0.009904046,0.99005425
FW_00922001,24.05505,93.91272,48_187,1,natural_vegetation_fire,1,natural_vegetation_fire,True,0.00023141349,0.9947942,0.004974395,0.9947942
FW_01097072,30.07209,76.04328,60_152,1,natural_vegetation_fire,1,natural_vegetation_fire,True,7.318264e-05,0.998486,0.001440902,0.998486
FW_00873474,23.8139,91.74375,47_183,1,natural_vegetation_fire,1,natural_vegetation_fire,True,0.00010258771,0.99554116,0.004356216,0.99554116
FW_01479656,20.96932,85.05047,41_170,1,natural_vegetation_fire,1,natural_vegetation_fire,True,0.0004467602,0.9866122,0.012941023,0.9866122
FW_00441898,22.21214,84.84133,44_169,2,other_uncertain,2,other_uncertain,True,0.000106558364,0.0067132306,0.9931803,0.9931803
FW_00040519,24.39133,92.76124,48_185,1,natural_vegetation_fire,1,natural_vegetation_fire,True,2.1114258e-05,0.9997044,0.00027441274,0.9997044
FW_00643050,20.97156,85.14252,41_170,2,other_uncertain,2,other_uncertain,True,9.3930335e-05,0.0015852303,0.99832076,0.99832076
FW_00033765,17.32059,78.03247,34_156,1,natural_vegetation_fire,1,natural_vegetation_fire,True,0.00024451964,0.986578,0.013177494,0.986578
FW_00087223,14.00674,78.23985,28_156,1,natural_vegetation_fire,1,natural_vegetation_fire,True,2.2293701e-05,0.99914885,0.0008287979,0.99914885
FW_00879993,25.01396,87.93182,50_175,1,natural_vegetation_fire,1,natural_vegetation_fire,True,0.000184782,0.97379875,0.0260165,0.97379875
FW_00072054,28.08397,96.04869,56_192,1,natural_vegetation_fire,1,natural_vegetation_fire,True,3.194572e-05,0.99972314,0.0002448496,0.99972314
FW_00349687,32.48597,74.95392,64_149,1,natural_vegetation_fire,1,natural_vegetation_fire,True,6.325509e-05,0.9850205,0.014916214,0.9850205
FW_01585296,32.64676,76.76431,65_153,2,other_uncertain,1,natural_vegetation_fire,False,0.0020537013,0.70646304,0.29148322,0.70646304
FW_00695879,18.73312,72.93553,37_145,1,natural_vegetation_fire,1,natural_vegetation_fire,True,3.656908e-05,0.9741856,0.025777768,0.9741856
FW_01532341,15.16819,76.38056,30_152,0,industrial_fire_candidate,2,other_uncertain,False,0.027862955,0.0010789245,0.97105813,0.97105813
FW_00446102,20.80725,85.2555,41_170,2,other_uncertain,2,other_uncertain,True,0.006943088,0.00078058697,0.9922764,0.9922764
FW_01225812,20.97475,85.03444,41_170,2,other_uncertain,2,other_uncertain,True,0.025835838,0.3750163,0.5991479,0.5991479
FW_00196542,21.55819,79.48711,43_158,1,natural_vegetation_fire,1,natural_vegetation_fire,True,9.385271e-05,0.99938285,0.0005232228,0.99938285
FW_00319303,18.85943,72.92653,37_145,0,industrial_fire_candidate,2,other_uncertain,False,0.16465974,0.021323675,0.8140166,0.8140166
FW_01099538,30.41107,76.43534,60_152,1,natural_vegetation_fire,1,natural_vegetation_fire,True,0.00034874462,0.85301435,0.14663692,0.85301435
FW_01422724,21.14865,74.8811,42_149,1,natural_vegetation_fire,2,other_uncertain,False,0.00028482015,0.35508254,0.64463264,0.64463264
FW_01698570,18.9395,76.74567,37_153,2,other_uncertain,1,natural_vegetation_fire,False,0.0013929602,0.88763624,0.11097077,0.88763624
FW_00524920,22.4624,73.42986,44_146,2,other_uncertain,1,natural_vegetation_fire,False,0.0046297326,0.6546047,0.34076563,0.6546047
FW_00528240,30.59545,74.36161,61_148,1,natural_vegetation_fire,1,natural_vegetation_fire,True,4.0087394e-05,0.9904351,0.009524794,0.9904351
FW_01595015,29.12504,75.77763,58_151,2,other_uncertain,2,other_uncertain,True,0.038697287,0.016515717,0.944787,0.944787
FW_01389036,11.51906,76.7989,23_153,1,natural_vegetation_fire,1,natural_vegetation_fire,True,3.2953092e-05,0.9987929,0.0011741072,0.9987929
FW_00728610,19.77735,85.73805,39_171,1,natural_vegetation_fire,1,natural_vegetation_fire,True,4.4745295e-05,0.98257947,0.017375832,0.98257947
FW_00803885,22.79823,71.74496,45_143,1,natural_vegetation_fire,1,natural_vegetation_fire,True,9.4426076e-05,0.9462053,0.053700265,0.9462053
FW_01545774,20.76076,85.29439,41_170,2,other_uncertain,2,other_uncertain,True,9.3621464e-05,0.020309089,0.9795973,0.9795973
FW_00129300,22.21503,78.11012,44_156,1,natural_vegetation_fire,1,natural_vegetation_fire,True,5.1104187e-05,0.9948512,0.005097773,0.9948512
FW_01123925,30.61463,74.23931,61_148,1,natural_vegetation_fire,2,other_uncertain,False,0.0057369536,0.22939682,0.76486623,0.76486623
FW_01565924,31.51265,75.17057,63_150,1,natural_vegetation_fire,1,natural_vegetation_fire,True,0.0009630536,0.96754473,0.031492203,0.96754473
FW_00466967,20.96562,85.17645,41_170,2,other_uncertain,2,other_uncertain,True,3.9871204e-05,0.022073774,0.9778863,0.9778863
FW_01147782,15.6455,76.86913,31_153,0,industrial_fire_candidate,1,natural_vegetation_fire,False,0.0045296224,0.7690795,0.22639084,0.7690795
FW_01558938,30.34278,76.61114,60_153,1,natural_vegetation_fire,1,natural_vegetation_fire,True,0.0006760906,0.8688224,0.13050146,0.8688224
FW_00513068,30.27886,76.30497,60_152,1,natural_vegetation_fire,2,other_uncertain,False,0.0009928711,0.47415456,0.5248526,0.5248526
FW_01074034,29.95022,75.71762,59_151,1,natural_vegetation_fire,1,natural_vegetation_fire,True,0.00061813503,0.7061028,0.29327905,0.7061028
FW_01130965,30.62912,74.27232,61_148,1,natural_vegetation_fire,1,natural_vegetation_fire,True,0.000298803,0.8869895,0.11271169,0.8869895
FW_01024110,15.10532,74.13641,30_148,1,natural_vegetation_fire,1,natural_vegetation_fire,True,0.00020680818,0.98429465,0.015498527,0.98429465
FW_01444491,22.02721,84.87975,44_169,1,natural_vegetation_fire,1,natural_vegetation_fire,True,4.321317e-05,0.99047256,0.009484305,0.99047256
FW_01605845,31.11938,75.3259,62_150,1,natural_vegetation_fire,1,natural_vegetation_fire,True,0.0005402997,0.5931647,0.40629503,0.5931647
FW_01088642,29.7863,75.96413,59_151,1,natural_vegetation_fire,1,natural_vegetation_fire,True,0.00015450313,0.84169257,0.15815288,0.84169257
FW_00993953,31.05014,75.49249,62_150,1,natural_vegetation_fire,1,natural_vegetation_fire,True,0.0035557,0.92447954,0.071964756,0.92447954
FW_00268765,20.94515,85.01538,41_170,2,other_uncertain,2,other_uncertain,True,4.2361444e-05,0.0062016435,0.99375594,0.99375594
FW_00583867,22.62693,72.16336,45_144,2,other_uncertain,2,other_uncertain,True,0.09413817,0.21666895,0.6891929,0.6891929
FW_01412670,21.76884,72.11785,43_144,1,natural_vegetation_fire,1,natural_vegetation_fire,True,0.006603674,0.87057644,0.12281995,0.87057644
FW_00038930,20.97493,85.13612,41_170,2,other_uncertain,2,other_uncertain,True,6.979164e-05,0.0046326104,0.9952976,0.9952976
FW_01049086,20.96748,85.16832,41_170,2,other_uncertain,2,other_uncertain,True,9.391483e-05,0.028061211,0.97184485,0.97184485
FW_00447434,15.1783,77.10143,30_154,0,industrial_fire_candidate,1,natural_vegetation_fire,False,0.0190221,0.7510972,0.22988069,0.7510972
FW_01060919,22.21055,84.8411,44_169,2,other_uncertain,2,other_uncertain,True,0.0010528608,0.0045240335,0.9944231,0.9944231
FW_00728269,18.44636,74.64463,36_149,2,other_uncertain,1,natural_vegetation_fire,False,0.0002812426,0.8948887,0.1048301,0.8948887
FW_01210574,24.47589,93.88469,48_187,1,natural_vegetation_fire,1,natural_vegetation_fire,True,0.00034637057,0.9748983,0.0247553,0.9748983
FW_00419367,19.81888,79.42393,39_158,2,other_uncertain,1,natural_vegetation_fire,False,5.335428e-05,0.96604675,0.033899944,0.96604675
FW_01412417,17.08144,78.25151,34_156,1,natural_vegetation_fire,2,other_uncertain,False,0.00035535212,0.41417876,0.58546585,0.58546585
FW_00994360,31.87099,75.17825,63_150,2,other_uncertain,1,natural_vegetation_fire,False,0.00025843698,0.8051418,0.19459982,0.8051418
FW_00688853,14.18211,78.16,28_156,1,natural_vegetation_fire,1,natural_vegetation_fire,True,0.000117948664,0.8509845,0.1488975,0.8509845
FW_00001030,20.96324,85.18723,41_170,2,other_uncertain,2,other_uncertain,True,0.0009235361,0.0037773743,0.9952991,0.9952991
FW_01324638,23.53863,81.43462,47_162,1,natural_vegetation_fire,1,natural_vegetation_fire,True,0.0002270066,0.9924736,0.007299375,0.9924736
FW_00574577,22.22694,84.75166,44_169,2,other_uncertain,2,other_uncertain,True,0.0053249677,0.04531895,0.9493561,0.9493561
FW_01578498,20.79624,85.25319,41_170,2,other_uncertain,2,other_uncertain,True,0.14282416,0.01601901,0.84115684,0.84115684
FW_01275105,24.45406,93.50714,48_187,1,natural_vegetation_fire,1,natural_vegetation_fire,True,1.6364183e-05,0.99969566,0.00028806075,0.99969566
FW_00320465,27.42464,81.88114,54_163,1,natural_vegetation_fire,1,natural_vegetation_fire,True,4.1117484e-05,0.9883979,0.011560964,0.9883979
FW_01469199,19.08859,82.7902,38_165,1,natural_vegetation_fire,1,natural_vegetation_fire,True,3.5609493e-05,0.9997727,0.00019167508,0.9997727
FW_01592518,20.95345,85.01108,41_170,2,other_uncertain,2,other_uncertain,True,3.8968075e-05,0.0026293537,0.99733174,0.99733174
FW_00078038,20.94199,85.0145,41_170,2,other_uncertain,2,other_uncertain,True,0.00024221517,0.024195014,0.9755628,0.9755628
FW_00457594,30.20079,76.54469,60_153,2,other_uncertain,1,natural_vegetation_fire,False,5.8771144e-05,0.98535293,0.014588301,0.98535293
FW_01116258,23.5307,80.1795,47_160,1,natural_vegetation_fire,1,natural_vegetation_fire,True,7.7556615e-05,0.9974474,0.002475067,0.9974474
FW_00658292,26.67553,91.84101,53_183,1,natural_vegetation_fire,1,natural_vegetation_fire,True,4.4988785e-05,0.98513675,0.014818202,0.98513675
FW_01617488,20.78893,85.26559,41_170,2,other_uncertain,2,other_uncertain,True,0.0019669193,0.36362126,0.6344118,0.6344118
FW_00226191,24.23269,92.72484,48_185,1,natural_vegetation_fire,1,natural_vegetation_fire,True,0.00010256255,0.99294585,0.0069516236,0.99294585
FW_01583294,23.84193,84.95136,47_169,2,other_uncertain,2,other_uncertain,True,8.969767e-05,0.18491222,0.8149981,0.8149981
FW_01291820,24.21993,92.93298,48_185,1,natural_vegetation_fire,1,natural_vegetation_fire,True,1.6096223e-05,0.9997181,0.00026576975,0.9997181
FW_00475550,29.76698,75.88761,59_151,1,natural_vegetation_fire,1,natural_vegetation_fire,True,4.3923323e-05,0.96613306,0.033823036,0.96613306
FW_00647392,16.25973,74.25557,32_148,1,natural_vegetation_fire,1,natural_vegetation_fire,True,0.005898447,0.8742733,0.11982819,0.8742733
FW_00415228,24.17183,82.67886,48_165,2,other_uncertain,2,other_uncertain,True,0.000106387226,0.010740452,0.98915315,0.98915315
FW_01534017,25.37241,85.02496,50_170,1,natural_vegetation_fire,1,natural_vegetation_fire,True,0.00039723524,0.8476098,0.15199296,0.8476098
FW_00451226,31.5743,75.2254,63_150,1,natural_vegetation_fire,1,natural_vegetation_fire,True,0.0057451455,0.9717882,0.022466637,0.9717882
FW_00965359,26.3184,78.12446,52_156,1,natural_vegetation_fire,1,natural_vegetation_fire,True,0.00015503468,0.7047727,0.29507223,0.7047727
FW_01040205,28.79423,76.12959,57_152,2,other_uncertain,2,other_uncertain,True,0.037029214,0.056062177,0.9069086,0.9069086
FW_00448917,20.96184,85.18885,41_170,2,other_uncertain,2,other_uncertain,True,5.3711305e-05,0.00915973,0.9907865,0.9907865
FW_00551813,27.31668,95.26489,54_190,1,natural_vegetation_fire,1,natural_vegetation_fire,True,9.878423e-05,0.9872218,0.012679466,0.9872218
FW_00597998,30.53955,79.49171,61_158,1,natural_vegetation_fire,1,natural_vegetation_fire,True,0.00011685066,0.98463744,0.015245724,0.98463744
FW_01070543,20.96897,85.01743,41_170,2,other_uncertain,2,other_uncertain,True,9.7932556e-05,0.015490817,0.98441124,0.98441124
FW_00865159,23.6636,91.7767,47_183,1,natural_vegetation_fire,1,natural_vegetation_fire,True,1.8911662e-05,0.9994381,0.00054293877,0.9994381
FW_01531627,30.09668,78.37399,60_156,1,natural_vegetation_fire,1,natural_vegetation_fire,True,0.00026422826,0.98675215,0.012983669,0.98675215
FW_00361128,29.65117,75.7534,59_151,1,natural_vegetation_fire,1,natural_vegetation_fire,True,0.00016931804,0.98100555,0.018825129,0.98100555
FW_01279023,23.8861,92.58235,47_185,1,natural_vegetation_fire,1,natural_vegetation_fire,True,3.313636e-05,0.9996357,0.00033111483,0.9996357
FW_00679851,22.21453,84.83975,44_169,1,natural_vegetation_fire,2,other_uncertain,False,0.0009315388,0.069453135,0.9296153,0.9296153
FW_00979846,29.37255,75.89668,58_151,2,other_uncertain,1,natural_vegetation_fire,False,0.004949214,0.7587713,0.23627955,0.7587713
FW_00705739,22.22661,84.75156,44_169,2,other_uncertain,2,other_uncertain,True,0.0005620734,0.047892082,0.9515458,0.9515458
FW_00223673,15.24561,75.07745,30_150,1,natural_vegetation_fire,1,natural_vegetation_fire,True,0.0001228485,0.9778827,0.021994503,0.9778827
FW_01615815,22.20728,84.86034,44_169,2,other_uncertain,2,other_uncertain,True,0.04135453,0.025597336,0.93304807,0.93304807
FW_00049300,17.86292,77.98605,35_155,1,natural_vegetation_fire,1,natural_vegetation_fire,True,0.0009811461,0.90897447,0.09004436,0.90897447
FW_00415557,24.16372,82.68195,48_165,2,other_uncertain,2,other_uncertain,True,0.000108424596,0.0067620547,0.99312955,0.99312955
FW_00499995,29.82646,75.9437,59_151,1,natural_vegetation_fire,1,natural_vegetation_fire,True,0.00019142673,0.65003204,0.34977648,0.65003204
FW_00483903,30.11189,76.16049,60_152,1,natural_vegetation_fire,1,natural_vegetation_fire,True,0.0002601484,0.88780636,0.111933455,0.88780636
FW_00407338,20.96033,85.17644,41_170,2,other_uncertain,2,other_uncertain,True,4.6400073e-05,0.0440529,0.9559007,0.9559007
FW_00194615,19.68727,79.89918,39_159,1,natural_vegetation_fire,1,natural_vegetation_fire,True,0.00021318122,0.9992834,0.0005034653,0.9992834
FW_00288241,24.03166,82.89774,48_165,1,natural_vegetation_fire,1,natural_vegetation_fire,True,0.00049383764,0.97539437,0.024111835,0.97539437
FW_01557012,23.83828,84.95036,47_169,2,other_uncertain,2,other_uncertain,True,5.224326e-05,0.011754224,0.9881936,0.9881936
FW_01116996,29.88055,75.93185,59_151,1,natural_vegetation_fire,1,natural_vegetation_fire,True,4.2745065e-05,0.97464377,0.025313422,0.97464377
FW_00235705,20.96415,85.15543,41_170,2,other_uncertain,2,other_uncertain,True,4.1780142e-05,0.0022876805,0.9976705,0.9976705
FW_00898271,23.81073,91.9211,47_183,1,natural_vegetation_fire,1,natural_vegetation_fire,True,3.083356e-05,0.9995945,0.00037472692,0.9995945
FW_01043189,23.8348,84.95058,47_169,2,other_uncertain,2,other_uncertain,True,0.00021583137,0.0064233034,0.9933609,0.9933609
FW_00035704,19.9043,81.40069,39_162,1,natural_vegetation_fire,1,natural_vegetation_fire,True,0.0004112092,0.9988188,0.0007699772,0.9988188
FW_00845635,21.53203,79.33101,43_158,1,natural_vegetation_fire,1,natural_vegetation_fire,True,0.0004988276,0.9942047,0.0052964585,0.9942047
FW_01209097,24.16895,82.64109,48_165,2,other_uncertain,2,other_uncertain,True,0.0043579177,0.022040313,0.97360176,0.97360176
FW_01449202,20.76085,85.29646,41_170,2,other_uncertain,2,other_uncertain,True,6.840765e-05,0.0046078567,0.9953237,0.9953237
FW_00237437,24.22563,82.82134,48_165,2,other_uncertain,1,natural_vegetation_fire,False,0.00053101406,0.8742698,0.1251992,0.8742698
FW_01546243,26.2324,84.03175,52_168,1,natural_vegetation_fire,1,natural_vegetation_fire,True,0.00010474108,0.9881031,0.01179214,0.9881031
FW_00873357,23.73143,91.93285,47_183,1,natural_vegetation_fire,1,natural_vegetation_fire,True,2.1243444e-05,0.99946433,0.00051445555,0.99946433
FW_00433881,24.16276,82.62614,48_165,2,other_uncertain,2,other_uncertain,True,0.0027391391,0.11681717,0.8804437,0.8804437
FW_00555087,27.37913,95.08676,54_190,1,natural_vegetation_fire,1,natural_vegetation_fire,True,0.001305485,0.9825289,0.016165642,0.9825289
FW_01723614,15.30835,76.25241,30_152,0,industrial_fire_candidate,2,other_uncertain,False,0.0027053251,0.36745358,0.6298411,0.6298411
FW_00674776,12.86711,79.14087,25_158,1,natural_vegetation_fire,1,natural_vegetation_fire,True,0.0014786499,0.96502423,0.03349712,0.96502423
FW_01208781,20.96391,85.17462,41_170,2,other_uncertain,2,other_uncertain,True,0.000118265954,0.007056809,0.9928249,0.9928249
FW_00344939,18.50957,75.78013,37_151,1,natural_vegetation_fire,1,natural_vegetation_fire,True,0.00010522305,0.9911714,0.008723281,0.9911714
FW_01004482,23.78918,80.57944,47_161,1,natural_vegetation_fire,1,natural_vegetation_fire,True,0.00014458719,0.9970701,0.0027853346,0.9970701
FW_00254367,23.43117,68.71201,46_137,2,other_uncertain,2,other_uncertain,True,0.003270615,0.0037697358,0.9929597,0.9929597
FW_01124192,20.96803,85.01817,41_170,2,other_uncertain,2,other_uncertain,True,0.00018660606,0.022937566,0.9768759,0.9768759
FW_00211321,21.36578,70.07525,42_140,1,natural_vegetation_fire,1,natural_vegetation_fire,True,0.00011223789,0.95751446,0.042373307,0.95751446
FW_00750090,17.14952,77.33761,34_154,2,other_uncertain,1,natural_vegetation_fire,False,0.00035471562,0.78883797,0.2108073,0.78883797
FW_01074835,20.80617,85.25799,41_170,2,other_uncertain,2,other_uncertain,True,0.0147681795,0.0006174656,0.9846144,0.9846144
FW_01121979,29.81879,75.95567,59_151,1,natural_vegetation_fire,1,natural_vegetation_fire,True,0.00019939293,0.8881859,0.111614704,0.8881859
FW_00452914,22.21262,84.87503,44_169,2,other_uncertain,2,other_uncertain,True,0.018951526,0.0016288048,0.97941965,0.97941965
FW_00560566,20.7953,85.25877,41_170,2,other_uncertain,2,other_uncertain,True,0.055081483,0.0040752515,0.9408432,0.9408432
FW_01586048,23.83948,84.95425,47_169,2,other_uncertain,2,other_uncertain,True,4.205741e-05,0.0033556428,0.9966023,0.9966023
FW_00520902,29.95695,75.99297,59_151,1,natural_vegetation_fire,1,natural_vegetation_fire,True,0.00045900999,0.7880411,0.21149984,0.7880411
FW_00866085,24.19811,93.55518,48_187,1,natural_vegetation_fire,1,natural_vegetation_fire,True,2.8145636e-05,0.99932766,0.00064427085,0.99932766
FW_00671184,13.15046,76.09485,26_152,1,natural_vegetation_fire,1,natural_vegetation_fire,True,8.44326e-05,0.9934409,0.0064746104,0.9934409
FW_01539963,24.94941,79.90904,49_159,2,other_uncertain,1,natural_vegetation_fire,False,0.00016796221,0.98274404,0.01708795,0.98274404
FW_01548343,20.78506,85.26434,41_170,2,other_uncertain,2,other_uncertain,True,0.0002520387,0.0029625976,0.9967854,0.9967854
FW_01625248,25.10732,77.05297,50_154,1,natural_vegetation_fire,1,natural_vegetation_fire,True,6.4987784e-05,0.9941326,0.0058023883,0.9941326
FW_01067247,29.96856,75.99203,59_151,1,natural_vegetation_fire,1,natural_vegetation_fire,True,4.4526125e-05,0.9984577,0.0014977843,0.9984577
FW_01211046,15.77559,76.83044,31_153,1,natural_vegetation_fire,1,natural_vegetation_fire,True,0.0007452261,0.97640413,0.02285068,0.97640413
FW_01099786,31.32755,75.27253,62_150,1,natural_vegetation_fire,1,natural_vegetation_fire,True,8.376899e-05,0.9772018,0.02271447,0.9772018
FW_00372420,26.79337,72.00654,53_144,0,industrial_fire_candidate,2,other_uncertain,False,0.01524166,0.014127244,0.97063106,0.97063106
FW_01616118,31.51207,75.07935,63_150,1,natural_vegetation_fire,1,natural_vegetation_fire,True,5.1890886e-05,0.99675226,0.0031959189,0.99675226
FW_00244007,24.91228,83.2902,49_166,1,natural_vegetation_fire,1,natural_vegetation_fire,True,0.00016691974,0.9953556,0.004477547,0.9953556
FW_01350089,19.19996,82.88464,38_165,1,natural_vegetation_fire,1,natural_vegetation_fire,True,2.1835449e-05,0.9989103,0.0010678078,0.9989103
FW_00015673,22.3646,73.11724,44_146,2,other_uncertain,2,other_uncertain,True,0.39821413,0.016843522,0.58494234,0.58494234
FW_00049598,27.23464,79.72047,54_159,1,natural_vegetation_fire,1,natural_vegetation_fire,True,5.976513e-05,0.9784461,0.02149407,0.9784461
FW_01617642,34.06172,73.9015,68_147,1,natural_vegetation_fire,1,natural_vegetation_fire,True,7.936277e-05,0.9974126,0.002507991,0.9974126
FW_01317416,22.37996,77.30975,44_154,1,natural_vegetation_fire,1,natural_vegetation_fire,True,7.617121e-05,0.9665718,0.03335205,0.9665718
FW_00592172,27.32059,95.26699,54_190,1,natural_vegetation_fire,1,natural_vegetation_fire,True,0.0004359911,0.5799576,0.41960636,0.5799576
FW_00829742,22.81826,72.39069,45_144,1,natural_vegetation_fire,1,natural_vegetation_fire,True,0.00064982515,0.7291577,0.27019244,0.7291577
FW_00384077,31.89877,75.01714,63_150,1,natural_vegetation_fire,1,natural_vegetation_fire,True,0.00016989195,0.9609082,0.038922004,0.9609082
FW_01066395,20.96209,85.17236,41_170,2,other_uncertain,2,other_uncertain,True,4.5224107e-05,0.021932026,0.97802275,0.97802275
FW_01577940,20.76144,85.29234,41_170,2,other_uncertain,2,other_uncertain,True,4.7240028e-05,0.008236184,0.99171656,0.99171656
FW_00615198,20.78474,85.25924,41_170,2,other_uncertain,2,other_uncertain,True,0.00018288431,0.011593525,0.98822355,0.98822355
FW_00619728,18.85475,72.93101,37_145,0,industrial_fire_candidate,0,industrial_fire_candidate,True,0.41664702,0.21820967,0.36514324,0.41664702
FW_00937081,19.40229,76.67112,38_153,1,natural_vegetation_fire,1,natural_vegetation_fire,True,3.1016163e-05,0.9986185,0.0013505077,0.9986185
FW_00031789,18.85568,72.92731,37_145,0,industrial_fire_candidate,2,other_uncertain,False,0.26368365,0.015125684,0.7211907,0.7211907
FW_01397384,24.2326,73.19573,48_146,1,natural_vegetation_fire,1,natural_vegetation_fire,True,0.00013713416,0.9994579,0.00040498312,0.9994579
FW_00475520,29.69733,75.86939,59_151,1,natural_vegetation_fire,1,natural_vegetation_fire,True,0.00010215448,0.95722044,0.042677443,0.95722044
FW_00269530,23.5331,80.13017,47_160,1,natural_vegetation_fire,1,natural_vegetation_fire,True,0.0005415118,0.93208796,0.067370534,0.93208796
FW_00306348,23.30357,75.86478,46_151,1,natural_vegetation_fire,1,natural_vegetation_fire,True,0.0022784448,0.90355283,0.09416877,0.90355283
FW_00528865,25.56944,82.12969,51_164,2,other_uncertain,1,natural_vegetation_fire,False,4.6072222e-05,0.97167814,0.028275855,0.97167814
FW_00219529,25.01734,87.85064,50_175,1,natural_vegetation_fire,1,natural_vegetation_fire,True,0.00017219956,0.9426504,0.057177443,0.9426504
FW_00102838,24.18319,82.56971,48_165,2,other_uncertain,2,other_uncertain,True,0.0006675472,0.09303917,0.9062933,0.9062933
FW_00898261,23.80213,91.80312,47_183,1,natural_vegetation_fire,1,natural_vegetation_fire,True,0.00013522059,0.99717593,0.0026888659,0.99717593
FW_00028409,18.8304,75.92332,37_151,1,natural_vegetation_fire,1,natural_vegetation_fire,True,0.00024415558,0.9969152,0.002840631,0.9969152
FW_01163741,20.79907,85.25785,41_170,2,other_uncertain,2,other_uncertain,True,0.011273149,0.0016959183,0.9870309,0.9870309
FW_00372915,30.16837,76.03383,60_152,1,natural_vegetation_fire,1,natural_vegetation_fire,True,6.501187e-05,0.98282003,0.017114926,0.98282003
FW_01043343,24.20526,82.5249,48_165,2,other_uncertain,1,natural_vegetation_fire,False,0.00045704123,0.7830229,0.21652006,0.7830229
FW_00473140,30.23561,76.31422,60_152,1,natural_vegetation_fire,1,natural_vegetation_fire,True,0.0005323375,0.94007397,0.05939367,0.94007397
FW_01723445,20.96202,85.16478,41_170,2,other_uncertain,2,other_uncertain,True,0.00023777416,0.007751081,0.99201113,0.99201113
FW_01281693,23.89019,81.47549,47_162,1,natural_vegetation_fire,1,natural_vegetation_fire,True,3.934811e-05,0.9994899,0.00047076528,0.9994899
FW_00592513,15.33223,76.24747,30_152,0,industrial_fire_candidate,2,other_uncertain,False,0.0004905496,0.034947127,0.96456236,0.96456236
FW_00400452,23.91159,80.82444,47_161,1,natural_vegetation_fire,1,natural_vegetation_fire,True,0.00025852423,0.9780784,0.021662993,0.9780784
FW_00363851,25.35655,75.82243,50_151,1,natural_vegetation_fire,1,natural_vegetation_fire,True,0.0002971137,0.97800523,0.021697631,0.97800523
FW_00737402,29.12497,75.77724,58_151,2,other_uncertain,2,other_uncertain,True,0.06856215,0.0038351892,0.9276027,0.9276027
FW_00479115,30.62741,74.33147,61_148,1,natural_vegetation_fire,1,natural_vegetation_fire,True,0.00012573456,0.941352,0.058522243,0.941352
FW_01626712,29.36194,73.51589,58_147,2,other_uncertain,1,natural_vegetation_fire,False,0.00024851089,0.8957056,0.10404585,0.8957056
FW_00402998,22.45317,73.31638,44_146,1,natural_vegetation_fire,1,natural_vegetation_fire,True,0.006023572,0.5321404,0.46183607,0.5321404
FW_01071243,29.94632,75.86662,59_151,1,natural_vegetation_fire,1,natural_vegetation_fire,True,0.00014129389,0.912563,0.087295696,0.912563
FW_01524798,13.36309,93.01418,26_186,1,natural_vegetation_fire,1,natural_vegetation_fire,True,2.7294509e-05,0.99882895,0.0011437053,0.99882895
FW_00452675,31.70511,75.04299,63_150,1,natural_vegetation_fire,1,natural_vegetation_fire,True,4.8538182e-05,0.9469896,0.052961845,0.9469896
FW_01097366,30.27537,76.00759,60_152,1,natural_vegetation_fire,1,natural_vegetation_fire,True,5.1594696e-05,0.9757676,0.024180716,0.9757676
FW_01205401,19.92149,79.11234,39_158,0,industrial_fire_candidate,2,other_uncertain,False,0.002854287,0.025153767,0.9719919,0.9719919
FW_00530336,30.54918,74.31187,61_148,1,natural_vegetation_fire,1,natural_vegetation_fire,True,4.0253373e-05,0.9942912,0.0056685344,0.9942912
FW_00084753,20.94497,85.01412,41_170,2,other_uncertain,2,other_uncertain,True,3.907226e-05,0.003310263,0.99665064,0.99665064
FW_00347902,30.51529,74.07443,61_148,1,natural_vegetation_fire,1,natural_vegetation_fire,True,0.0001872207,0.8804566,0.119356155,0.8804566
FW_01038435,22.21068,84.87743,44_169,2,other_uncertain,2,other_uncertain,True,0.007273888,0.0012492295,0.99147683,0.99147683
FW_00710036,24.61234,92.22028,49_184,1,natural_vegetation_fire,1,natural_vegetation_fire,True,0.000100538964,0.943972,0.05592746,0.943972
FW_01598372,30.19675,78.39034,60_156,1,natural_vegetation_fire,1,natural_vegetation_fire,True,2.603643e-05,0.99604553,0.0039284346,0.99604553
FW_01110025,22.20169,84.57687,44_169,2,other_uncertain,0,industrial_fire_candidate,False,0.8887304,0.0096699335,0.10159969,0.8887304
FW_01251317,14.12085,78.20919,28_156,1,natural_vegetation_fire,1,natural_vegetation_fire,True,0.00018828436,0.9150765,0.0847352,0.9150765
FW_00088503,20.96267,85.17002,41_170,2,other_uncertain,2,other_uncertain,True,8.308549e-05,0.013836316,0.9860805,0.9860805
FW_00168991,25.11787,86.31099,50_172,1,natural_vegetation_fire,1,natural_vegetation_fire,True,7.092586e-05,0.9988673,0.0010618723,0.9988673
FW_01164696,25.38772,83.97101,50_167,1,natural_vegetation_fire,1,natural_vegetation_fire,True,1.8621073e-05,0.9873121,0.01266936,0.9873121
FW_01358473,12.1715,79.92343,24_159,1,natural_vegetation_fire,1,natural_vegetation_fire,True,0.0005218829,0.97890806,0.020570047,0.97890806
FW_01366233,15.12307,75.08376,30_150,1,natural_vegetation_fire,1,natural_vegetation_fire,True,0.00010685216,0.98959327,0.01029988,0.98959327
FW_00455656,31.40236,75.11766,62_150,2,other_uncertain,1,natural_vegetation_fire,False,6.920369e-05,0.8010532,0.19887753,0.8010532
FW_00685519,20.65982,83.34917,41_166,1,natural_vegetation_fire,1,natural_vegetation_fire,True,0.0005246049,0.9709517,0.028523652,0.9709517
FW_01274699,23.5802,92.63579,47_185,1,natural_vegetation_fire,1,natural_vegetation_fire,True,4.1860072e-05,0.9997354,0.00022266568,0.9997354
FW_00929983,24.12365,93.96598,48_187,1,natural_vegetation_fire,1,natural_vegetation_fire,True,9.686892e-05,0.99700075,0.0029023564,0.99700075
FW_00623208,17.06049,77.01093,34_154,2,other_uncertain,1,natural_vegetation_fire,False,0.0016163555,0.7275282,0.27085537,0.7275282
FW_01174269,24.17023,82.63959,48_165,2,other_uncertain,2,other_uncertain,True,0.002681085,0.009262463,0.9880564,0.9880564
FW_01463871,26.14109,84.38757,52_168,1,natural_vegetation_fire,1,natural_vegetation_fire,True,0.00016632861,0.948827,0.051006615,0.948827
FW_01238047,17.6456,73.90145,35_147,1,natural_vegetation_fire,1,natural_vegetation_fire,True,0.000118807664,0.9593165,0.040564697,0.9593165
FW_00613455,11.82971,76.65604,23_153,1,natural_vegetation_fire,1,natural_vegetation_fire,True,0.00032351117,0.9866497,0.013026775,0.9866497
FW_00990726,31.55915,75.45915,63_150,1,natural_vegetation_fire,1,natural_vegetation_fire,True,0.00033724777,0.98968434,0.0099784555,0.98968434
FW_00968325,28.60943,76.19101,57_152,1,natural_vegetation_fire,1,natural_vegetation_fire,True,2.8694312e-05,0.98043764,0.019533679,0.98043764
FW_00990714,31.53909,75.02122,63_150,1,natural_vegetation_fire,1,natural_vegetation_fire,True,0.0011402216,0.8682017,0.13065806,0.8682017
FW_01716368,15.16564,76.37988,30_152,0,industrial_fire_candidate,2,other_uncertain,False,0.12135736,0.0020162135,0.8766264,0.8766264
FW_00371806,20.96701,85.11555,41_170,2,other_uncertain,2,other_uncertain,True,0.00022015297,0.013871693,0.9859081,0.9859081
FW_00481044,30.28439,76.30136,60_152,1,natural_vegetation_fire,1,natural_vegetation_fire,True,0.00043337478,0.977017,0.022549681,0.977017
FW_01472985,20.49293,85.45587,40_170,1,natural_vegetation_fire,1,natural_vegetation_fire,True,0.000118162156,0.993258,0.0066238986,0.993258
FW_00898694,24.87556,94.42649,49_188,1,natural_vegetation_fire,1,natural_vegetation_fire,True,0.00015494278,0.98710585,0.012739207,0.98710585
FW_01521917,14.21632,78.0698,28_156,2,other_uncertain,2,other_uncertain,True,0.004572706,0.22245914,0.7729681,0.7729681
FW_01039750,22.51107,81.76378,45_163,1,natural_vegetation_fire,1,natural_vegetation_fire,True,2.039258e-05,0.99943286,0.0005466854,0.99943286
FW_01243379,12.42453,75.96995,24_151,2,other_uncertain,1,natural_vegetation_fire,False,0.00012233909,0.90278804,0.09708963,0.90278804
FW_00459471,29.12333,75.7795,58_151,2,other_uncertain,2,other_uncertain,True,0.0065396354,0.023468917,0.96999145,0.96999145
FW_01671249,29.24471,73.54783,58_147,1,natural_vegetation_fire,1,natural_vegetation_fire,True,0.000103624705,0.8685063,0.1313901,0.8685063
FW_00481789,30.84927,74.39931,61_148,1,natural_vegetation_fire,1,natural_vegetation_fire,True,6.218459e-05,0.98350877,0.016429076,0.98350877
FW_00601974,15.23253,77.74269,30_155,2,other_uncertain,1,natural_vegetation_fire,False,0.0058603794,0.51138836,0.48275122,0.51138836
FW_00216245,10.4629,78.73363,20_157,2,other_uncertain,2,other_uncertain,True,0.0048250216,0.09359739,0.9015776,0.9015776
FW_00935624,23.84488,84.94958,47_169,2,other_uncertain,2,other_uncertain,True,0.00019090004,0.039985634,0.9598234,0.9598234
FW_01536841,23.83238,84.92445,47_169,1,natural_vegetation_fire,2,other_uncertain,False,2.3646731e-05,0.0006629022,0.9993135,0.9993135
FW_01711130,24.1657,82.62712,48_165,2,other_uncertain,2,other_uncertain,True,0.00023035947,0.015903711,0.9838659,0.9838659
FW_01106484,29.93983,75.74177,59_151,1,natural_vegetation_fire,1,natural_vegetation_fire,True,0.00019584193,0.9544975,0.04530671,0.9544975
FW_01390198,12.22173,75.64434,24_151,1,natural_vegetation_fire,1,natural_vegetation_fire,True,0.00011614368,0.9974377,0.0024461055,0.9974377
FW_01598636,23.83356,84.92157,47_169,2,other_uncertain,2,other_uncertain,True,2.277003e-05,0.0024536978,0.9975235,0.9975235
FW_00439998,29.1271,75.77775,58_151,2,other_uncertain,2,other_uncertain,True,0.06401585,0.0039841076,0.93200004,0.93200004
FW_01504738,22.41933,80.40842,44_160,1,natural_vegetation_fire,1,natural_vegetation_fire,True,0.0002399167,0.9490343,0.050725818,0.9490343
FW_00919230,22.21309,84.86604,44_169,2,other_uncertain,2,other_uncertain,True,0.041323293,0.0041678785,0.9545088,0.9545088
FW_00762151,24.36666,93.65709,48_187,1,natural_vegetation_fire,1,natural_vegetation_fire,True,2.4973815e-05,0.9997352,0.00023988527,0.9997352
FW_00227099,20.81495,73.51258,41_147,1,natural_vegetation_fire,1,natural_vegetation_fire,True,0.0001371398,0.9984578,0.0014051234,0.9984578
FW_01686626,32.58469,76.37064,65_152,1,natural_vegetation_fire,1,natural_vegetation_fire,True,0.00039947577,0.9546108,0.044989765,0.9546108
FW_01575251,24.19153,73.98891,48_147,1,natural_vegetation_fire,1,natural_vegetation_fire,True,0.00013233948,0.9920661,0.0078016254,0.9920661
FW_00730781,24.15015,82.69827,48_165,2,other_uncertain,2,other_uncertain,True,0.0050167413,0.0008609333,0.9941223,0.9941223
FW_01067314,30.39542,76.53868,60_153,1,natural_vegetation_fire,1,natural_vegetation_fire,True,0.00010693629,0.9417721,0.05812095,0.9417721
FW_00059311,17.30931,77.47628,34_154,2,other_uncertain,2,other_uncertain,True,0.049988456,0.022038722,0.92797285,0.92797285
FW_00796051,24.33478,92.9985,48_185,1,natural_vegetation_fire,1,natural_vegetation_fire,True,7.9474565e-05,0.99856997,0.0013505117,0.99856997
FW_00290469,20.9776,85.13223,41_170,2,other_uncertain,2,other_uncertain,True,0.00032611817,0.032192085,0.9674818,0.9674818
FW_00829850,24.1212,82.59177,48_165,2,other_uncertain,2,other_uncertain,True,0.00085553975,0.0070141377,0.99213034,0.99213034
FW_00417374,17.30276,77.43757,34_154,2,other_uncertain,2,other_uncertain,True,0.010674589,0.0642202,0.9251052,0.9251052
FW_00500106,29.96471,75.53416,59_151,2,other_uncertain,1,natural_vegetation_fire,False,6.5710825e-05,0.96939063,0.030543735,0.96939063
FW_01702148,27.06237,76.89941,54_153,1,natural_vegetation_fire,1,natural_vegetation_fire,True,0.00014477393,0.9884851,0.01137005,0.9884851
FW_01237088,23.85845,70.75995,47_141,1,natural_vegetation_fire,1,natural_vegetation_fire,True,0.00028989348,0.7634756,0.23623452,0.7634756
FW_00383027,30.01062,76.14945,60_152,1,natural_vegetation_fire,1,natural_vegetation_fire,True,6.783174e-05,0.988571,0.01136125,0.988571
FW_01266468,23.83936,92.53557,47_185,1,natural_vegetation_fire,1,natural_vegetation_fire,True,2.3081537e-05,0.99961084,0.00036614173,0.99961084
FW_00206261,19.75349,79.87019,39_159,1,natural_vegetation_fire,1,natural_vegetation_fire,True,0.0005496594,0.9844781,0.014972265,0.9844781
FW_01688796,27.34019,75.68726,54_151,1,natural_vegetation_fire,1,natural_vegetation_fire,True,0.0002997895,0.87182266,0.12787749,0.87182266
FW_01000417,12.97472,79.99457,25_159,2,other_uncertain,1,natural_vegetation_fire,False,0.00018649547,0.6715797,0.32823384,0.6715797
FW_00545073,22.08273,84.86189,44_169,2,other_uncertain,2,other_uncertain,True,0.018553756,0.091665454,0.8897808,0.8897808
FW_01135858,20.96982,85.17083,41_170,2,other_uncertain,2,other_uncertain,True,5.8525897e-05,0.0069576395,0.9929838,0.9929838
FW_00485539,30.79658,74.3588,61_148,1,natural_vegetation_fire,1,natural_vegetation_fire,True,6.482728e-05,0.9961332,0.0038020185,0.9961332
FW_01030868,24.84894,83.36596,49_166,1,natural_vegetation_fire,1,natural_vegetation_fire,True,0.0002195499,0.90924877,0.09053166,0.90924877
FW_00448388,20.76089,85.29289,41_170,2,other_uncertain,2,other_uncertain,True,0.00011079344,0.023293238,0.976596,0.976596
FW_00414642,30.18346,78.46477,60_156,1,natural_vegetation_fire,1,natural_vegetation_fire,True,0.00017200944,0.9945749,0.005253086,0.9945749
FW_00590427,11.73793,76.7065,23_153,1,natural_vegetation_fire,1,natural_vegetation_fire,True,9.257178e-05,0.9521477,0.04775969,0.9521477
FW_00637054,24.80537,94.12627,49_188,1,natural_vegetation_fire,1,natural_vegetation_fire,True,1.7208155e-05,0.99755293,0.0024298977,0.99755293
FW_00143490,22.33907,78.2529,44_156,1,natural_vegetation_fire,1,natural_vegetation_fire,True,4.674381e-05,0.99411446,0.0058387825,0.99411446
FW_01617297,20.97254,85.17258,41_170,2,other_uncertain,2,other_uncertain,True,4.517041e-05,0.011207732,0.98874706,0.98874706
FW_00138793,24.52697,92.75985,49_185,1,natural_vegetation_fire,1,natural_vegetation_fire,True,3.9422463e-05,0.98860276,0.011357775,0.98860276
FW_01246781,23.5586,92.55504,47_185,1,natural_vegetation_fire,1,natural_vegetation_fire,True,0.00037535743,0.995589,0.004035665,0.995589
FW_01691829,21.23288,79.63125,42_159,0,industrial_fire_candidate,2,other_uncertain,False,0.006719541,0.0041627306,0.9891178,0.9891178
FW_01723615,15.3127,76.26781,30_152,0,industrial_fire_candidate,2,other_uncertain,False,0.0042764074,0.3229124,0.6728112,0.6728112
FW_00619371,20.9643,85.17823,41_170,2,other_uncertain,2,other_uncertain,True,5.65843e-05,0.005170653,0.99477273,0.99477273
FW_00514068,30.6783,74.33405,61_148,1,natural_vegetation_fire,1,natural_vegetation_fire,True,6.2058e-05,0.99760133,0.002336659,0.99760133
FW_01014648,23.83435,84.95492,47_169,2,other_uncertain,2,other_uncertain,True,0.00021134572,0.0152041195,0.9845845,0.9845845
FW_01343398,24.44284,73.74109,48_147,1,natural_vegetation_fire,1,natural_vegetation_fire,True,0.00015739603,0.9818981,0.0179445,0.9818981
FW_01591212,20.78597,85.26031,41_170,2,other_uncertain,2,other_uncertain,True,9.9022494e-05,0.045781866,0.95411915,0.95411915
FW_00483340,29.7664,75.88989,59_151,1,natural_vegetation_fire,1,natural_vegetation_fire,True,1.9739486e-05,0.9797785,0.020201746,0.9797785
FW_01361301,20.43814,81.00751,40_162,1,natural_vegetation_fire,1,natural_vegetation_fire,True,5.3208987e-05,0.99873394,0.001212834,0.99873394
FW_01039146,17.99425,73.92067,35_147,1,natural_vegetation_fire,1,natural_vegetation_fire,True,4.5171637e-05,0.9479971,0.05195782,0.9479971
FW_00915909,24.90179,94.25927,49_188,1,natural_vegetation_fire,1,natural_vegetation_fire,True,2.1737033e-05,0.99963856,0.00033970873,0.99963856
FW_01074852,20.96734,85.17529,41_170,2,other_uncertain,2,other_uncertain,True,3.5035653e-05,0.01026144,0.9897035,0.9897035
FW_00478417,29.83782,75.83216,59_151,1,natural_vegetation_fire,1,natural_vegetation_fire,True,3.311754e-05,0.99636096,0.0036059623,0.99636096
FW_01106891,30.27773,76.08202,60_152,1,natural_vegetation_fire,2,other_uncertain,False,0.0001972546,0.22714505,0.7726577,0.7726577
FW_01145360,25.26183,83.94613,50_167,1,natural_vegetation_fire,1,natural_vegetation_fire,True,1.5396507e-05,0.9961027,0.0038818675,0.9961027
FW_00514889,24.16718,82.64104,48_165,2,other_uncertain,2,other_uncertain,True,0.001521501,0.0034906543,0.99498785,0.99498785
FW_01188653,22.31385,84.77264,44_169,2,other_uncertain,2,other_uncertain,True,0.06902555,0.00773446,0.92324007,0.92324007
FW_01491507,15.11599,77.62319,30_155,1,natural_vegetation_fire,1,natural_vegetation_fire,True,0.00036775568,0.8698877,0.12974459,0.8698877
FW_00817643,20.78701,85.25955,41_170,2,other_uncertain,2,other_uncertain,True,0.00015062153,0.03243356,0.96741587,0.96741587
FW_00463911,20.8071,85.25782,41_170,2,other_uncertain,2,other_uncertain,True,0.018361215,0.0030176626,0.9786211,0.9786211
FW_01446601,27.09533,83.5798,54_167,1,natural_vegetation_fire,1,natural_vegetation_fire,True,1.9974012e-05,0.9978934,0.0020866413,0.9978934
FW_00876092,19.33513,82.93681,38_165,1,natural_vegetation_fire,1,natural_vegetation_fire,True,3.643421e-05,0.99917895,0.00078462955,0.99917895
FW_01693380,25.39748,83.48177,50_166,1,natural_vegetation_fire,1,natural_vegetation_fire,True,0.0011034056,0.9600342,0.038862348,0.9600342
FW_00359508,20.94498,85.01395,41_170,2,other_uncertain,2,other_uncertain,True,2.0509584e-05,0.0053699743,0.9946095,0.9946095
FW_00902693,13.68653,76.50549,27_153,1,natural_vegetation_fire,1,natural_vegetation_fire,True,0.0005798539,0.97554237,0.02387774,0.97554237
FW_00670015,23.38996,68.59457,46_137,2,other_uncertain,1,natural_vegetation_fire,False,0.0011326866,0.57021564,0.42865166,0.57021564
FW_00828781,14.78601,78.86002,29_157,1,natural_vegetation_fire,1,natural_vegetation_fire,True,0.00011990142,0.9846348,0.015245347,0.9846348
FW_01657773,29.24314,73.55013,58_147,1,natural_vegetation_fire,1,natural_vegetation_fire,True,0.0002651665,0.92487144,0.07486343,0.92487144
FW_01630875,29.97208,75.51814,59_151,1,natural_vegetation_fire,1,natural_vegetation_fire,True,1.6796796e-05,0.99037474,0.009608484,0.99037474
FW_01427160,19.15328,82.81497,38_165,1,natural_vegetation_fire,1,natural_vegetation_fire,True,0.00010663049,0.9980964,0.0017970164,0.9980964
FW_00927680,19.82303,81.15184,39_162,1,natural_vegetation_fire,1,natural_vegetation_fire,True,0.00043997055,0.9976866,0.0018733671,0.9976866
FW_01040944,12.48831,78.26913,24_156,1,natural_vegetation_fire,1,natural_vegetation_fire,True,0.00013386291,0.64455724,0.35530892,0.64455724
FW_00897059,12.64427,79.69837,25_159,2,other_uncertain,2,other_uncertain,True,0.002364193,0.05239047,0.9452453,0.9452453
FW_00482220,31.32334,75.06731,62_150,1,natural_vegetation_fire,1,natural_vegetation_fire,True,1.642791e-05,0.98520297,0.014780679,0.98520297
FW_01687497,25.17648,83.52833,50_167,1,natural_vegetation_fire,1,natural_vegetation_fire,True,6.054424e-05,0.99696916,0.0029702622,0.99696916
FW_01058585,29.64357,75.78418,59_151,1,natural_vegetation_fire,1,natural_vegetation_fire,True,0.00015122625,0.9234214,0.07642743,0.9234214
FW_00089998,27.73776,94.72118,55_189,1,natural_vegetation_fire,1,natural_vegetation_fire,True,8.313394e-05,0.99770445,0.0022123926,0.99770445
FW_00829896,29.12517,75.77625,58_151,2,other_uncertain,2,other_uncertain,True,0.022114573,0.017545167,0.9603403,0.9603403
FW_00314406,9.97868,76.37701,19_152,2,other_uncertain,2,other_uncertain,True,0.20719633,0.005805314,0.78699833,0.78699833
FW_01093358,29.65799,75.81776,59_151,1,natural_vegetation_fire,1,natural_vegetation_fire,True,0.002479323,0.9349821,0.062538624,0.9349821
FW_01702727,20.97853,85.13525,41_170,2,other_uncertain,2,other_uncertain,True,0.0012025553,0.008412055,0.9903854,0.9903854
FW_00994258,31.61512,75.14691,63_150,1,natural_vegetation_fire,1,natural_vegetation_fire,True,0.00018859787,0.8749055,0.12490592,0.8749055
FW_01275877,11.14883,78.02752,22_156,1,natural_vegetation_fire,1,natural_vegetation_fire,True,7.786995e-05,0.99644214,0.00347999,0.99644214
FW_00212214,22.41382,81.05616,44_162,1,natural_vegetation_fire,1,natural_vegetation_fire,True,0.00033874685,0.9987488,0.0009124189,0.9987488
FW_01398264,23.84067,84.95236,47_169,2,other_uncertain,2,other_uncertain,True,5.476391e-05,0.0067844945,0.9931607,0.9931607
FW_01481973,20.97898,85.1442,41_170,2,other_uncertain,2,other_uncertain,True,0.00066718773,0.020849943,0.97848284,0.97848284
FW_00345272,20.79425,79.3053,41_158,1,natural_vegetation_fire,1,natural_vegetation_fire,True,0.00048798227,0.9694997,0.030012261,0.9694997
FW_00096238,25.91872,94.78571,51_189,1,natural_vegetation_fire,1,natural_vegetation_fire,True,6.439029e-05,0.99732023,0.0026154108,0.99732023
FW_00788601,24.33822,93.6639,48_187,1,natural_vegetation_fire,1,natural_vegetation_fire,True,5.2854364e-05,0.99716187,0.0027852522,0.99716187
FW_01058880,20.9616,85.16384,41_170,2,other_uncertain,2,other_uncertain,True,0.00029102882,0.004424593,0.9952844,0.9952844
FW_01630881,29.99294,75.62117,59_151,1,natural_vegetation_fire,1,natural_vegetation_fire,True,6.3142375e-05,0.97777253,0.022164326,0.97777253
FW_00589252,15.17303,76.37752,30_152,0,industrial_fire_candidate,2,other_uncertain,False,0.0049762637,0.0016748986,0.9933488,0.9933488
FW_01043707,27.47079,95.4241,54_190,2,other_uncertain,1,natural_vegetation_fire,False,0.071044564,0.5425108,0.3864446,0.5425108
FW_01652961,26.47686,78.41272,52_156,1,natural_vegetation_fire,1,natural_vegetation_fire,True,0.0001259043,0.99567753,0.0041965526,0.99567753
FW_01504814,22.58555,88.03234,45_176,1,natural_vegetation_fire,1,natural_vegetation_fire,True,4.7481517e-05,0.997291,0.0026614063,0.997291
FW_00795298,23.66424,92.77624,47_185,1,natural_vegetation_fire,1,natural_vegetation_fire,True,0.0008270234,0.8826818,0.11649121,0.8826818
FW_01555884,31.39312,75.13801,62_150,0,industrial_fire_candidate,0,industrial_fire_candidate,True,0.6480746,0.17181908,0.18010633,0.6480746
FW_01038511,19.98701,79.08046,39_158,2,other_uncertain,2,other_uncertain,True,0.00035087156,0.045892674,0.9537565,0.9537565
FW_01059050,20.96893,85.17437,41_170,2,other_uncertain,2,other_uncertain,True,8.2273466e-05,0.019488236,0.98042953,0.98042953
FW_00109856,24.30883,92.8505,48_185,1,natural_vegetation_fire,1,natural_vegetation_fire,True,5.9797047e-05,0.9773902,0.022550015,0.9773902
FW_01477606,22.21232,84.86223,44_169,2,other_uncertain,2,other_uncertain,True,0.07208872,0.0030732106,0.9248381,0.9248381
FW_00028460,20.794,85.25533,41_170,2,other_uncertain,2,other_uncertain,True,0.107229985,0.0052932263,0.8874768,0.8874768
FW_00254393,11.93031,76.93954,23_153,2,other_uncertain,2,other_uncertain,True,0.01984378,0.038913272,0.9412429,0.9412429
FW_00522988,24.16718,82.63844,48_165,2,other_uncertain,2,other_uncertain,True,0.0012534064,0.019651083,0.97909546,0.97909546
FW_00763249,26.86732,91.92506,53_183,1,natural_vegetation_fire,1,natural_vegetation_fire,True,4.1942083e-05,0.9912786,0.008679457,0.9912786
FW_00702037,24.27057,93.70808,48_187,1,natural_vegetation_fire,1,natural_vegetation_fire,True,3.1686195e-05,0.9995415,0.0004267698,0.9995415
FW_01025263,25.2634,86.31601,50_172,1,natural_vegetation_fire,1,natural_vegetation_fire,True,0.00040887954,0.9813812,0.018209914,0.9813812
FW_00366658,24.60927,83.30676,49_166,1,natural_vegetation_fire,1,natural_vegetation_fire,True,0.00026529405,0.980646,0.0190887,0.980646
FW_00414205,24.70597,78.82796,49_157,1,natural_vegetation_fire,1,natural_vegetation_fire,True,8.187533e-05,0.9903025,0.009615556,0.9903025
FW_01207920,22.62482,88.37834,45_176,2,other_uncertain,2,other_uncertain,True,0.07453168,0.15393223,0.7715361,0.7715361
FW_00944483,23.07538,75.65133,46_151,1,natural_vegetation_fire,1,natural_vegetation_fire,True,8.336353e-05,0.987255,0.012661665,0.987255
FW_00470399,30.45898,76.50465,60_153,1,natural_vegetation_fire,1,natural_vegetation_fire,True,4.7388363e-05,0.98154277,0.018409904,0.98154277
FW_01707862,32.99648,76.51436,65_153,1,natural_vegetation_fire,1,natural_vegetation_fire,True,0.0002833899,0.5525949,0.44712168,0.5525949
FW_01084873,17.46607,80.65434,34_161,1,natural_vegetation_fire,1,natural_vegetation_fire,True,0.011835329,0.94827807,0.039886568,0.94827807
FW_01579720,20.96468,85.16713,41_170,2,other_uncertain,2,other_uncertain,True,3.5959605e-05,0.018305605,0.98165846,0.98165846
FW_00394162,20.9597,85.1819,41_170,2,other_uncertain,2,other_uncertain,True,0.00034260098,0.0030707698,0.99658656,0.99658656
FW_01321248,22.69608,76.46147,45_152,1,natural_vegetation_fire,1,natural_vegetation_fire,True,0.00027978802,0.8918529,0.10786726,0.8918529
FW_01297404,24.26458,74.45986,48_148,1,natural_vegetation_fire,1,natural_vegetation_fire,True,0.00015612238,0.9974866,0.002357256,0.9974866
FW_00445368,20.78568,85.26498,41_170,2,other_uncertain,2,other_uncertain,True,0.0003691666,0.020662887,0.97896796,0.97896796
FW_00541137,31.00873,75.24187,62_150,1,natural_vegetation_fire,1,natural_vegetation_fire,True,9.6452415e-05,0.92363256,0.076271065,0.92363256
FW_00006137,15.18004,77.10332,30_154,0,industrial_fire_candidate,2,other_uncertain,False,0.0016364987,0.03552331,0.96284014,0.96284014
FW_00981892,22.48122,81.4713,44_162,1,natural_vegetation_fire,1,natural_vegetation_fire,True,3.7412425e-05,0.99941504,0.0005475697,0.99941504
FW_01325550,24.13733,82.70747,48_165,2,other_uncertain,2,other_uncertain,True,0.0011956102,0.008238078,0.9905663,0.9905663
FW_00946108,21.91341,79.01741,43_158,1,natural_vegetation_fire,1,natural_vegetation_fire,True,0.00012876239,0.965063,0.03480826,0.965063
FW_01291379,23.91584,92.88858,47_185,1,natural_vegetation_fire,1,natural_vegetation_fire,True,4.2749045e-05,0.9981951,0.0017621878,0.9981951
FW_00582610,15.17875,77.10149,30_154,0,industrial_fire_candidate,2,other_uncertain,False,0.0002567881,0.03875182,0.9609914,0.9609914
FW_01102031,31.44987,75.34364,62_150,1,natural_vegetation_fire,1,natural_vegetation_fire,True,9.957824e-05,0.95817465,0.041725747,0.95817465
FW_00444295,10.13456,78.58447,20_157,1,natural_vegetation_fire,1,natural_vegetation_fire,True,0.0001535826,0.8685491,0.13129735,0.8685491
FW_00947314,20.96799,85.01302,41_170,2,other_uncertain,2,other_uncertain,True,0.0014279705,0.012940557,0.98563147,0.98563147
FW_01343409,24.67239,78.77972,49_157,1,natural_vegetation_fire,1,natural_vegetation_fire,True,0.0003532848,0.97182155,0.027825229,0.97182155
FW_01504525,22.0133,75.93026,44_151,1,natural_vegetation_fire,1,natural_vegetation_fire,True,0.000843439,0.9729033,0.026253173,0.9729033
FW_01525664,25.24167,83.74776,50_167,1,natural_vegetation_fire,1,natural_vegetation_fire,True,0.00054923724,0.99081975,0.008631025,0.99081975
FW_00047922,14.22502,74.46016,28_148,1,natural_vegetation_fire,1,natural_vegetation_fire,True,0.00010854694,0.99545234,0.004439094,0.99545234
FW_01567491,29.98419,75.77983,59_151,1,natural_vegetation_fire,1,natural_vegetation_fire,True,0.00025452315,0.9107322,0.0890132,0.9107322
FW_01481605,30.36365,78.46777,60_156,1,natural_vegetation_fire,1,natural_vegetation_fire,True,0.0011737483,0.9942667,0.0045595462,0.9942667
FW_01301591,19.66039,79.92314,39_159,1,natural_vegetation_fire,1,natural_vegetation_fire,True,0.0003632936,0.9510268,0.048609935,0.9510268
FW_01401995,23.81037,91.92651,47_183,1,natural_vegetation_fire,1,natural_vegetation_fire,True,0.0001461402,0.725096,0.2747579,0.725096
FW_00115068,25.85731,94.92433,51_189,1,natural_vegetation_fire,1,natural_vegetation_fire,True,0.00011603603,0.99531835,0.0045656078,0.99531835
FW_00498070,23.14468,71.17754,46_142,1,natural_vegetation_fire,1,natural_vegetation_fire,True,0.00043428256,0.9600974,0.039468374,0.9600974
FW_01582227,23.84043,84.95253,47_169,2,other_uncertain,2,other_uncertain,True,5.9873448e-05,0.020941734,0.97899836,0.97899836
FW_00605190,20.96575,85.17847,41_170,2,other_uncertain,2,other_uncertain,True,4.1100888e-05,0.0063254903,0.9936334,0.9936334
FW_00649825,17.10766,77.24519,34_154,2,other_uncertain,2,other_uncertain,True,0.0018373176,0.035846937,0.9623157,0.9623157
FW_00998826,31.44695,75.32678,62_150,2,other_uncertain,2,other_uncertain,True,0.0005771543,0.48632658,0.5130963,0.5130963
FW_01496741,19.09888,82.98492,38_165,1,natural_vegetation_fire,1,natural_vegetation_fire,True,9.374627e-05,0.99813336,0.0017728665,0.99813336
FW_00512075,22.9606,68.99524,45_137,1,natural_vegetation_fire,1,natural_vegetation_fire,True,0.00030344405,0.9831987,0.016497826,0.9831987
FW_01179683,20.78759,85.26115,41_170,2,other_uncertain,2,other_uncertain,True,0.0002018419,0.0026252868,0.99717283,0.99717283
FW_01039454,31.15603,75.33161,62_150,1,natural_vegetation_fire,1,natural_vegetation_fire,True,0.00026066307,0.98468834,0.015051003,0.98468834
FW_00174326,25.0251,87.65588,50_175,1,natural_vegetation_fire,1,natural_vegetation_fire,True,0.0015628877,0.982734,0.01570307,0.982734
FW_01689932,19.72429,79.17611,39_158,0,industrial_fire_candidate,2,other_uncertain,False,0.058717515,0.0035247065,0.9377578,0.9377578
FW_00839161,20.57232,73.8518,41_147,1,natural_vegetation_fire,1,natural_vegetation_fire,True,0.00060160283,0.94272166,0.056676757,0.94272166
FW_01297958,26.6965,89.90065,53_179,1,natural_vegetation_fire,1,natural_vegetation_fire,True,0.00016324563,0.9958709,0.003965886,0.9958709
FW_00118755,28.3527,77.32192,56_154,2,other_uncertain,2,other_uncertain,True,0.2318302,0.049626518,0.7185433,0.7185433
FW_00858363,24.50423,92.74503,49_185,1,natural_vegetation_fire,1,natural_vegetation_fire,True,6.3811334e-05,0.99250436,0.007431848,0.99250436
FW_01031036,23.82872,84.91524,47_169,1,natural_vegetation_fire,1,natural_vegetation_fire,True,0.00026597237,0.50365657,0.49607745,0.50365657
FW_01547287,30.64412,74.33618,61_148,1,natural_vegetation_fire,1,natural_vegetation_fire,True,0.000107097054,0.9958145,0.004078414,0.9958145
FW_01241705,24.9308,92.57944,49_185,1,natural_vegetation_fire,1,natural_vegetation_fire,True,0.0040743523,0.96102154,0.034904134,0.96102154
FW_01052562,21.23378,79.62777,42_159,0,industrial_fire_candidate,2,other_uncertain,False,0.014770404,0.0015613099,0.98366827,0.98366827
FW_00786205,20.28706,85.41933,40_170,1,natural_vegetation_fire,1,natural_vegetation_fire,True,9.788464e-05,0.9984572,0.0014449542,0.9984572
FW_00726507,13.74045,76.5167,27_153,1,natural_vegetation_fire,1,natural_vegetation_fire,True,0.00025496757,0.98748636,0.012258604,0.98748636
FW_00669623,18.40186,72.97151,36_145,1,natural_vegetation_fire,1,natural_vegetation_fire,True,8.726868e-05,0.9981217,0.0017910274,0.9981217
FW_00253482,22.21021,84.84798,44_169,2,other_uncertain,2,other_uncertain,True,0.0016853398,0.009674762,0.98863995,0.98863995
FW_01076088,30.65182,74.29272,61_148,2,other_uncertain,1,natural_vegetation_fire,False,0.00019399702,0.87736356,0.12244249,0.87736356
FW_00034989,23.82613,84.92167,47_169,2,other_uncertain,2,other_uncertain,True,0.00019841678,0.07326758,0.926534,0.926534
FW_00809213,20.79391,85.25302,41_170,2,other_uncertain,2,other_uncertain,True,0.22403218,0.0049776514,0.77099013,0.77099013
FW_01420940,12.99204,78.43306,25_156,1,natural_vegetation_fire,1,natural_vegetation_fire,True,0.00021125028,0.97245085,0.027337903,0.97245085
FW_00502130,31.13295,75.22226,62_150,1,natural_vegetation_fire,1,natural_vegetation_fire,True,1.984881e-05,0.9948153,0.0051648,0.9948153
FW_01069612,30.47202,76.53697,60_153,1,natural_vegetation_fire,2,other_uncertain,False,0.00056969724,0.4695027,0.5299276,0.5299276
FW_00821574,22.42911,77.10809,44_154,1,natural_vegetation_fire,1,natural_vegetation_fire,True,0.00030215216,0.9446904,0.05500748,0.9446904
FW_00668852,24.47312,93.69242,48_187,1,natural_vegetation_fire,1,natural_vegetation_fire,True,2.742336e-05,0.9979724,0.0020000928,0.9979724
FW_01389349,16.13846,74.26881,32_148,1,natural_vegetation_fire,1,natural_vegetation_fire,True,0.00014814167,0.9929945,0.006857378,0.9929945
FW_01617039,20.97046,85.17596,41_170,2,other_uncertain,2,other_uncertain,True,3.6477013e-05,0.012228306,0.9877352,0.9877352
FW_00603168,19.72166,79.17494,39_158,0,industrial_fire_candidate,0,industrial_fire_candidate,True,0.78167486,0.00052232086,0.21780276,0.78167486
FW_01494180,20.79006,85.25889,41_170,2,other_uncertain,2,other_uncertain,True,0.0023665042,0.048971325,0.94866216,0.94866216
FW_01095355,20.96485,85.17467,41_170,2,other_uncertain,2,other_uncertain,True,5.9346865e-05,0.0073179784,0.99262273,0.99262273
FW_01599145,20.99374,79.65124,41_159,1,natural_vegetation_fire,1,natural_vegetation_fire,True,0.00015790686,0.9632763,0.0365658,0.9632763
FW_01493428,25.2268,75.92449,50_151,1,natural_vegetation_fire,1,natural_vegetation_fire,True,0.0002601342,0.89377165,0.10596829,0.89377165
FW_00497235,31.05268,75.28259,62_150,1,natural_vegetation_fire,1,natural_vegetation_fire,True,0.00010179183,0.5408517,0.45904654,0.5408517
FW_00590607,17.10959,80.89332,34_161,1,natural_vegetation_fire,1,natural_vegetation_fire,True,0.0001189702,0.7239537,0.27592728,0.7239537
FW_00534267,23.81296,80.35337,47_160,1,natural_vegetation_fire,1,natural_vegetation_fire,True,5.7475085e-05,0.8179452,0.18199728,0.8179452
FW_00231535,23.75363,80.13477,47_160,1,natural_vegetation_fire,1,natural_vegetation_fire,True,0.00056287117,0.96629757,0.03313961,0.96629757
FW_00796012,24.24117,92.56931,48_185,1,natural_vegetation_fire,1,natural_vegetation_fire,True,7.178975e-05,0.9965148,0.0034133918,0.9965148
FW_01685119,24.14524,86.33192,48_172,2,other_uncertain,2,other_uncertain,True,0.17086466,0.111731894,0.7174035,0.7174035
FW_00059403,12.23048,75.60488,24_151,1,natural_vegetation_fire,1,natural_vegetation_fire,True,4.0377778e-05,0.9993292,0.0006303976,0.9993292
FW_00397925,34.14567,77.59492,68_155,2,other_uncertain,2,other_uncertain,True,0.0030838395,0.089863256,0.9070529,0.9070529
FW_01416637,24.15618,93.79489,48_187,1,natural_vegetation_fire,1,natural_vegetation_fire,True,4.1537372e-05,0.9988217,0.0011368245,0.9988217
FW_01065873,26.97727,77.86015,53_155,1,natural_vegetation_fire,1,natural_vegetation_fire,True,8.467423e-05,0.94842774,0.05148755,0.94842774
FW_00423636,20.96476,85.17866,41_170,2,other_uncertain,2,other_uncertain,True,0.00010311209,0.0036565007,0.9962404,0.9962404
FW_00127110,16.39708,74.12259,32_148,1,natural_vegetation_fire,1,natural_vegetation_fire,True,9.716847e-05,0.9734871,0.026415827,0.9734871
FW_00553652,14.58869,78.58035,29_157,2,other_uncertain,2,other_uncertain,True,0.0020892434,0.013719003,0.9841918,0.9841918
FW_01178895,30.55014,79.16188,61_158,1,natural_vegetation_fire,1,natural_vegetation_fire,True,0.00019352633,0.9950204,0.0047860257,0.9950204
FW_00520182,26.90751,72.05471,53_144,2,other_uncertain,2,other_uncertain,True,0.00012855056,0.026054611,0.9738168,0.9738168
FW_01109604,30.57065,74.13322,61_148,1,natural_vegetation_fire,1,natural_vegetation_fire,True,0.00017548533,0.925469,0.07435552,0.925469
FW_00487464,29.6557,75.75639,59_151,1,natural_vegetation_fire,1,natural_vegetation_fire,True,0.00018212046,0.9946438,0.005174079,0.9946438
FW_00144828,20.79513,85.25428,41_170,2,other_uncertain,2,other_uncertain,True,0.057566423,0.020822138,0.9216115,0.9216115
FW_01164002,23.83706,84.95103,47_169,2,other_uncertain,2,other_uncertain,True,0.00010624041,0.010000825,0.9898929,0.9898929
FW_01465770,24.75985,79.74086,49_159,1,natural_vegetation_fire,1,natural_vegetation_fire,True,0.0001363858,0.98417306,0.015690554,0.98417306
FW_00546089,16.58298,76.9831,33_153,1,natural_vegetation_fire,1,natural_vegetation_fire,True,0.0001537071,0.9479496,0.05189671,0.9479496
FW_01116337,25.12223,77.11459,50_154,1,natural_vegetation_fire,1,natural_vegetation_fire,True,4.5624627e-05,0.99529135,0.004663039,0.99529135
FW_00830778,13.02193,76.26969,26_152,1,natural_vegetation_fire,1,natural_vegetation_fire,True,0.0002748841,0.9327735,0.06695171,0.9327735
FW_00928830,22.36009,84.72384,44_169,1,natural_vegetation_fire,1,natural_vegetation_fire,True,0.0002635248,0.9939819,0.005754569,0.9939819
FW_00958079,20.96431,85.17934,41_170,2,other_uncertain,2,other_uncertain,True,5.0419112e-05,0.0037128201,0.99623674,0.99623674
FW_01088901,29.94239,75.85377,59_151,1,natural_vegetation_fire,1,natural_vegetation_fire,True,8.444244e-05,0.990756,0.00915957,0.990756
FW_01489421,25.26924,87.82344,50_175,1,natural_vegetation_fire,1,natural_vegetation_fire,True,0.00036481043,0.7038685,0.29576665,0.7038685
FW_01050080,27.61443,70.78976,55_141,2,other_uncertain,2,other_uncertain,True,0.0002486928,0.021398999,0.9783523,0.9783523
FW_00232434,22.26911,77.44391,44_154,1,natural_vegetation_fire,1,natural_vegetation_fire,True,0.00011337897,0.9935183,0.006368342,0.9935183
FW_00249702,24.91544,83.30343,49_166,1,natural_vegetation_fire,1,natural_vegetation_fire,True,6.7189656e-05,0.9992011,0.00073166157,0.9992011
FW_00932501,23.23996,75.683,46_151,1,natural_vegetation_fire,2,other_uncertain,False,0.00044009142,0.15365462,0.84590524,0.84590524
FW_00463315,31.56291,75.27357,63_150,1,natural_vegetation_fire,1,natural_vegetation_fire,True,0.00015050922,0.96314526,0.03670422,0.96314526
FW_00571298,20.97854,85.13663,41_170,2,other_uncertain,2,other_uncertain,True,0.0002936635,0.006426517,0.9932799,0.9932799
FW_00687044,21.17062,70.07159,42_140,1,natural_vegetation_fire,1,natural_vegetation_fire,True,3.3427616e-05,0.9938776,0.006088966,0.9938776
FW_00390165,20.79566,85.25502,41_170,2,other_uncertain,2,other_uncertain,True,0.04321736,0.040497255,0.91628534,0.91628534
FW_00368343,30.92902,74.43236,61_148,1,natural_vegetation_fire,1,natural_vegetation_fire,True,0.0003227874,0.99181247,0.0078647,0.99181247
FW_00858319,24.44153,93.96758,48_187,1,natural_vegetation_fire,1,natural_vegetation_fire,True,0.00029255796,0.9915073,0.0082001295,0.9915073
FW_01630696,26.44414,78.38414,52_156,1,natural_vegetation_fire,1,natural_vegetation_fire,True,6.739172e-05,0.9971789,0.002753723,0.9971789
FW_00279111,22.92526,72.26032,45_144,1,natural_vegetation_fire,1,natural_vegetation_fire,True,0.00016638142,0.86788046,0.13195314,0.86788046
FW_00242148,22.47173,81.45182,44_162,1,natural_vegetation_fire,1,natural_vegetation_fire,True,8.067654e-05,0.99927014,0.00064923824,0.99927014
FW_00792988,22.04188,84.41474,44_168,1,natural_vegetation_fire,1,natural_vegetation_fire,True,0.00016788767,0.99868244,0.0011496266,0.99868244
FW_00902962,15.7664,77.07442,31_154,1,natural_vegetation_fire,1,natural_vegetation_fire,True,0.00011693522,0.99221486,0.0076682614,0.99221486
FW_01583082,31.05939,75.17511,62_150,1,natural_vegetation_fire,1,natural_vegetation_fire,True,0.00028968335,0.83917767,0.16053261,0.83917767
FW_00214654,19.55907,78.63786,39_157,1,natural_vegetation_fire,1,natural_vegetation_fire,True,0.00012837908,0.9955966,0.004274993,0.9955966
FW_00558707,19.92985,79.12083,39_158,0,industrial_fire_candidate,2,other_uncertain,False,0.20173706,0.0011284389,0.79713446,0.79713446
FW_01616663,30.28479,76.91376,60_153,1,natural_vegetation_fire,1,natural_vegetation_fire,True,0.00027470323,0.9966624,0.0030630007,0.9966624
FW_00461560,31.96222,75.28952,63_150,1,natural_vegetation_fire,1,natural_vegetation_fire,True,0.00089313654,0.82732344,0.17178345,0.82732344
FW_00569770,15.17758,77.10445,30_154,0,industrial_fire_candidate,2,other_uncertain,False,0.0013418051,0.050532747,0.9481254,0.9481254
FW_00483601,29.97659,75.71011,59_151,1,natural_vegetation_fire,1,natural_vegetation_fire,True,8.3382554e-05,0.98272943,0.017187119,0.98272943
FW_01165247,20.79487,85.25246,41_170,2,other_uncertain,2,other_uncertain,True,0.012867535,0.0089796465,0.9781528,0.9781528
FW_01464402,12.92204,79.30978,25_158,1,natural_vegetation_fire,1,natural_vegetation_fire,True,0.003665422,0.8521484,0.14418618,0.8521484
FW_00899223,26.04866,85.82922,52_171,2,other_uncertain,1,natural_vegetation_fire,False,0.00023249158,0.9652637,0.034503788,0.9652637
FW_00594469,20.80606,85.25734,41_170,2,other_uncertain,2,other_uncertain,True,0.17065106,0.0024550108,0.8268939,0.8268939
FW_01584510,29.12491,75.7811,58_151,2,other_uncertain,2,other_uncertain,True,0.155329,0.017588383,0.82708263,0.82708263
FW_01454091,27.4888,81.51183,54_163,1,natural_vegetation_fire,1,natural_vegetation_fire,True,0.0004246811,0.94063455,0.05894073,0.94063455
FW_00170067,22.3269,78.03937,44_156,1,natural_vegetation_fire,1,natural_vegetation_fire,True,3.2626434e-05,0.99602854,0.003938811,0.99602854
FW_00493151,31.37389,75.30176,62_150,1,natural_vegetation_fire,1,natural_vegetation_fire,True,2.8094057e-05,0.9926725,0.0072993725,0.9926725
FW_00209990,23.59181,84.8979,47_169,1,natural_vegetation_fire,1,natural_vegetation_fire,True,4.268664e-05,0.9933483,0.006608987,0.9933483
FW_00089535,14.69441,78.90659,29_157,1,natural_vegetation_fire,1,natural_vegetation_fire,True,5.7919755e-05,0.997661,0.0022811447,0.997661
FW_00123339,20.94622,85.01442,41_170,2,other_uncertain,2,other_uncertain,True,2.5719917e-05,0.0048973025,0.99507695,0.99507695
FW_00375036,16.54975,79.44277,33_158,1,natural_vegetation_fire,1,natural_vegetation_fire,True,7.950918e-05,0.93821514,0.061705384,0.93821514
FW_00003101,20.94489,85.01449,41_170,2,other_uncertain,2,other_uncertain,True,0.00013463412,0.0017073571,0.99815804,0.99815804
FW_00607274,15.33399,76.28421,30_152,2,other_uncertain,2,other_uncertain,True,0.0007396629,0.0019819993,0.9972784,0.9972784
FW_00781219,24.48045,92.88914,48_185,1,natural_vegetation_fire,1,natural_vegetation_fire,True,2.1057911e-05,0.9966221,0.0033568635,0.9966221
FW_01301906,25.41516,86.02838,50_172,0,industrial_fire_candidate,2,other_uncertain,False,0.012061255,0.10470636,0.88323236,0.88323236
FW_00079767,24.20167,92.64897,48_185,1,natural_vegetation_fire,1,natural_vegetation_fire,True,0.00014296698,0.99493825,0.004918805,0.99493825
FW_01632141,20.97191,85.17425,41_170,2,other_uncertain,2,other_uncertain,True,7.0472044e-05,0.032512084,0.9674174,0.9674174
FW_00307306,17.46309,80.98993,34_161,1,natural_vegetation_fire,1,natural_vegetation_fire,True,8.925558e-05,0.9992912,0.00061953533,0.9992912
FW_00620770,19.30721,81.6356,38_163,1,natural_vegetation_fire,1,natural_vegetation_fire,True,1.9471001e-05,0.9989134,0.0010671711,0.9989134
FW_00573646,21.79589,72.09075,43_144,2,other_uncertain,1,natural_vegetation_fire,False,0.00027616209,0.69926405,0.30045977,0.69926405
FW_01678638,25.20585,83.22955,50_166,1,natural_vegetation_fire,1,natural_vegetation_fire,True,5.4271015e-05,0.96617717,0.03376857,0.96617717
FW_00545333,20.79591,85.2522,41_170,2,other_uncertain,2,other_uncertain,True,0.046439435,0.008522845,0.94503766,0.94503766
FW_00367668,29.73056,75.59317,59_151,1,natural_vegetation_fire,1,natural_vegetation_fire,True,0.0006598023,0.9811493,0.018190887,0.9811493
FW_00274069,22.21205,84.86227,44_169,2,other_uncertain,2,other_uncertain,True,0.15507673,0.0017047677,0.84321856,0.84321856
FW_00014931,20.96427,85.17938,41_170,2,other_uncertain,2,other_uncertain,True,7.426031e-05,0.00085366657,0.9990721,0.9990721
FW_00063965,27.29352,95.27781,54_190,1,natural_vegetation_fire,1,natural_vegetation_fire,True,0.00014332934,0.9769917,0.022864964,0.9769917
FW_01044281,20.96918,85.17516,41_170,2,other_uncertain,2,other_uncertain,True,7.8741854e-05,0.03538305,0.9645382,0.9645382
FW_00762321,24.90452,94.18995,49_188,1,natural_vegetation_fire,1,natural_vegetation_fire,True,4.1400734e-05,0.9982017,0.0017568826,0.9982017
FW_00586616,25.80732,82.26397,51_164,1,natural_vegetation_fire,1,natural_vegetation_fire,True,0.00021738597,0.9610505,0.03873217,0.9610505
FW_01121225,20.80809,85.25713,41_170,2,other_uncertain,2,other_uncertain,True,0.03632492,0.00072189944,0.9629532,0.9629532
FW_00444897,24.16404,82.68008,48_165,2,other_uncertain,2,other_uncertain,True,0.002239083,0.022863042,0.97489786,0.97489786
FW_01580917,22.8174,72.28164,45_144,1,natural_vegetation_fire,1,natural_vegetation_fire,True,3.5147947e-05,0.99580777,0.004157138,0.99580777
FW_01127493,20.79545,85.25131,41_170,2,other_uncertain,2,other_uncertain,True,0.018697178,0.13731934,0.84398353,0.84398353
FW_00006514,24.1432,82.5686,48_165,2,other_uncertain,2,other_uncertain,True,0.004053988,0.09078185,0.9051642,0.9051642
FW_00208641,22.00443,80.25832,44_160,1,natural_vegetation_fire,1,natural_vegetation_fire,True,4.7778824e-05,0.9986798,0.0012723595,0.9986798
FW_00620762,19.1662,76.56742,38_153,1,natural_vegetation_fire,1,natural_vegetation_fire,True,4.8124275e-05,0.9986286,0.0013232914,0.9986286
FW_00742395,19.35338,82.7421,38_165,1,natural_vegetation_fire,1,natural_vegetation_fire,True,0.00014855349,0.97648686,0.02336455,0.97648686
FW_00756956,12.67539,78.22652,25_156,1,natural_vegetation_fire,1,natural_vegetation_fire,True,0.00033089166,0.9970842,0.0025848993,0.9970842
FW_01153353,20.76033,85.29308,41_170,2,other_uncertain,2,other_uncertain,True,0.00018648517,0.0937777,0.90603584,0.90603584
FW_00996088,23.54073,81.01727,47_162,1,natural_vegetation_fire,1,natural_vegetation_fire,True,6.146235e-05,0.9983101,0.0016284208,0.9983101
FW_01013540,17.01724,79.64473,34_159,1,natural_vegetation_fire,1,natural_vegetation_fire,True,0.00010426635,0.98157054,0.018325144,0.98157054
FW_00672434,23.62405,69.50795,47_139,1,natural_vegetation_fire,1,natural_vegetation_fire,True,0.00021476424,0.9991115,0.00067376666,0.9991115
FW_00327145,27.11932,83.63194,54_167,1,natural_vegetation_fire,1,natural_vegetation_fire,True,4.979985e-05,0.99868554,0.0012646058,0.99868554
FW_01528989,28.50198,76.4585,57_152,1,natural_vegetation_fire,1,natural_vegetation_fire,True,0.0001114411,0.97502214,0.024866425,0.97502214
FW_00892497,19.10258,82.80451,38_165,1,natural_vegetation_fire,1,natural_vegetation_fire,True,2.4866209e-05,0.99956566,0.0004094351,0.99956566
FW_00345289,20.90774,79.22424,41_158,2,other_uncertain,1,natural_vegetation_fire,False,0.00043752693,0.6140929,0.3854696,0.6140929
FW_00693723,25.00825,87.67195,50_175,1,natural_vegetation_fire,1,natural_vegetation_fire,True,3.7723345e-05,0.9862092,0.013753052,0.9862092
FW_00797018,25.67283,94.54095,51_189,1,natural_vegetation_fire,1,natural_vegetation_fire,True,0.0004151166,0.9564547,0.0431302,0.9564547
FW_00147808,20.53144,79.6054,41_159,1,natural_vegetation_fire,1,natural_vegetation_fire,True,0.0011627635,0.99558264,0.0032546148,0.99558264
FW_00055999,21.24976,74.94025,42_149,1,natural_vegetation_fire,1,natural_vegetation_fire,True,2.9226987e-05,0.99637324,0.0035975121,0.99637324
FW_00335528,30.59801,74.29505,61_148,1,natural_vegetation_fire,1,natural_vegetation_fire,True,9.883814e-05,0.9812166,0.018684562,0.9812166
FW_01065481,20.96984,85.01701,41_170,2,other_uncertain,2,other_uncertain,True,0.00033979912,0.06970277,0.9299574,0.9299574
FW_01654197,19.46813,75.49083,38_150,1,natural_vegetation_fire,1,natural_vegetation_fire,True,2.8266455e-05,0.99740005,0.0025716808,0.99740005
FW_00412794,24.16493,82.68133,48_165,2,other_uncertain,2,other_uncertain,True,9.7615e-05,0.00075597997,0.99914634,0.99914634
FW_00839459,9.44706,76.36054,18_152,1,natural_vegetation_fire,1,natural_vegetation_fire,True,0.0002720084,0.97468275,0.025045218,0.97468275
FW_00379288,24.13377,82.59057,48_165,2,other_uncertain,2,other_uncertain,True,0.00028059984,0.009565684,0.99015373,0.99015373
FW_01222911,17.26201,78.07636,34_156,1,natural_vegetation_fire,1,natural_vegetation_fire,True,0.00020366885,0.9866062,0.013190123,0.9866062
FW_00598807,20.25031,85.48088,40_170,1,natural_vegetation_fire,1,natural_vegetation_fire,True,0.0006433298,0.895252,0.10410465,0.895252
FW_00470161,30.26034,76.55083,60_153,1,natural_vegetation_fire,1,natural_vegetation_fire,True,0.00010425541,0.89110374,0.108792074,0.89110374
FW_01698096,15.62675,76.87503,31_153,2,other_uncertain,1,natural_vegetation_fire,False,1.5361229e-05,0.93988997,0.06009471,0.93988997
FW_00052465,17.61123,73.86812,35_147,1,natural_vegetation_fire,1,natural_vegetation_fire,True,5.3780932e-05,0.978136,0.021810146,0.978136
FW_01577939,20.76067,85.29314,41_170,2,other_uncertain,2,other_uncertain,True,8.595087e-05,0.008617576,0.9912964,0.9912964
FW_01071636,31.40734,75.04769,62_150,1,natural_vegetation_fire,1,natural_vegetation_fire,True,0.00017907302,0.9956884,0.0041325293,0.9956884
FW_01404720,12.96968,78.18917,25_156,2,other_uncertain,1,natural_vegetation_fire,False,0.0010000682,0.53264284,0.4663571,0.53264284
FW_01411180,24.10335,93.84572,48_187,1,natural_vegetation_fire,1,natural_vegetation_fire,True,9.037753e-05,0.99904484,0.0008647686,0.99904484
FW_00444922,20.977,85.14709,41_170,2,other_uncertain,2,other_uncertain,True,0.00058942684,0.16622788,0.83318275,0.83318275
FW_00722803,20.99454,85.39157,41_170,1,natural_vegetation_fire,1,natural_vegetation_fire,True,0.00069269154,0.9805048,0.018802535,0.9805048
FW_01257230,26.1689,85.89308,52_171,2,other_uncertain,2,other_uncertain,True,0.0023404048,0.4447659,0.5528937,0.5528937
FW_01560390,31.93904,75.49589,63_150,1,natural_vegetation_fire,1,natural_vegetation_fire,True,2.5677262e-05,0.9944798,0.0054945718,0.9944798
FW_00705414,25.41639,86.02964,50_172,0,industrial_fire_candidate,2,other_uncertain,False,0.0022381179,0.04311112,0.95465076,0.95465076
FW_01056843,20.96263,85.17477,41_170,2,other_uncertain,2,other_uncertain,True,2.4287121e-05,0.010763952,0.9892118,0.9892118
FW_01610165,10.10508,78.77245,20_157,1,natural_vegetation_fire,1,natural_vegetation_fire,True,0.00626183,0.91587937,0.077858746,0.91587937
FW_01006895,31.53246,75.43427,63_150,1,natural_vegetation_fire,1,natural_vegetation_fire,True,1.7771341e-05,0.9937483,0.006233892,0.9937483
FW_01097303,30.23813,76.35626,60_152,1,natural_vegetation_fire,1,natural_vegetation_fire,True,0.00011077562,0.91394216,0.08594711,0.91394216
FW_00267742,24.45044,82.95667,48_165,2,other_uncertain,0,industrial_fire_candidate,False,0.5147792,0.27380508,0.21141568,0.5147792
FW_01580949,27.53098,70.67934,55_141,1,natural_vegetation_fire,2,other_uncertain,False,0.0006047479,0.04278901,0.9566062,0.9566062
FW_01705419,32.5685,76.46603,65_152,1,natural_vegetation_fire,1,natural_vegetation_fire,True,0.00032417112,0.9872662,0.012409702,0.9872662
FW_00049344,18.19797,77.44763,36_154,1,natural_vegetation_fire,2,other_uncertain,False,0.04086739,0.20218657,0.7569461,0.7569461
FW_01562755,31.0118,75.36832,62_150,1,natural_vegetation_fire,1,natural_vegetation_fire,True,6.6360946e-05,0.9871482,0.012785397,0.9871482
FW_01390772,15.88839,79.9556,31_159,1,natural_vegetation_fire,1,natural_vegetation_fire,True,0.00017347913,0.99260336,0.007223182,0.99260336
FW_00359605,21.26105,79.5197,42_159,1,natural_vegetation_fire,1,natural_vegetation_fire,True,0.00026024063,0.98233896,0.017400812,0.98233896
FW_01611619,20.97036,85.17606,41_170,2,other_uncertain,2,other_uncertain,True,9.582912e-05,0.029395383,0.97050875,0.97050875
FW_00349587,31.52766,75.45071,63_150,1,natural_vegetation_fire,1,natural_vegetation_fire,True,5.7998077e-05,0.9783748,0.021567158,0.9783748
FW_00883241,24.74049,94.20116,49_188,1,natural_vegetation_fire,1,natural_vegetation_fire,True,2.2602542e-05,0.99885297,0.0011244096,0.99885297
FW_00223390,24.18817,82.53197,48_165,1,natural_vegetation_fire,1,natural_vegetation_fire,True,5.3205196e-05,0.988064,0.011882747,0.988064
FW_01125332,30.61534,74.201,61_148,1,natural_vegetation_fire,1,natural_vegetation_fire,True,0.00014799694,0.8747531,0.12509885,0.8747531
FW_01104572,25.76318,82.33888,51_164,1,natural_vegetation_fire,1,natural_vegetation_fire,True,7.0628186e-05,0.98534876,0.014580576,0.98534876
FW_01020460,22.16155,73.45469,44_146,1,natural_vegetation_fire,1,natural_vegetation_fire,True,0.00012480323,0.92041624,0.079459004,0.92041624
FW_00399716,20.96401,85.17123,41_170,2,other_uncertain,2,other_uncertain,True,0.00012634118,0.0033373132,0.9965364,0.9965364
