observation_id,latitude,longitude,spatial_group,actual_class_id,actual_class,predicted_class_id,predicted_class,correct,prob_industrial_fire_candidate,prob_natural_vegetation_fire,prob_other_uncertain,max_probability
FW_00501709,30.76631,74.42885,61_148,1,natural_vegetation_fire,1,natural_vegetation_fire,True,0.0004115578082366803,0.9654739766427147,0.034114465549048525,0.9654739766427147
FW_00059227,15.3835,77.85237,30_155,1,natural_vegetation_fire,2,other_uncertain,False,0.029285728799723718,0.466695003958316,0.5040192672419602,0.5040192672419602
FW_00239656,24.12165,82.61414,48_165,2,other_uncertain,2,other_uncertain,True,0.03624884032996368,0.06148353683688263,0.9022676228331536,0.9022676228331536
FW_01587012,20.9826,85.13423,41_170,2,other_uncertain,2,other_uncertain,True,0.0008891033314315494,0.017642691365412314,0.981468205303156,0.981468205303156
FW_00058775,30.03339,80.58723,60_161,1,natural_vegetation_fire,1,natural_vegetation_fire,True,0.00041373271424481096,0.9833700767454918,0.01621619054026341,0.9833700767454918
FW_00446635,20.9755,85.13471,41_170,2,other_uncertain,2,other_uncertain,True,0.001975951594584129,0.06928233727542657,0.9287417111299893,0.9287417111299893
FW_00647476,17.70963,73.87038,35_147,1,natural_vegetation_fire,1,natural_vegetation_fire,True,0.0010170057680196616,0.9267505626077007,0.07223243162427945,0.9267505626077007
FW_00351867,20.79319,85.25222,41_170,2,other_uncertain,2,other_uncertain,True,0.043851662644562,0.012239483935380775,0.9439088534200571,0.9439088534200571
FW_01369279,21.68359,79.44989,43_158,1,natural_vegetation_fire,1,natural_vegetation_fire,True,0.0021889478635894618,0.9695100597322509,0.02830099240415978,0.9695100597322509
FW_00870874,23.67986,84.63904,47_169,1,natural_vegetation_fire,1,natural_vegetation_fire,True,0.000976911432840048,0.926434764355686,0.07258832421147393,0.926434764355686
FW_00401337,31.59083,75.08582,63_150,1,natural_vegetation_fire,1,natural_vegetation_fire,True,0.0010530338316827655,0.6809519331214517,0.31799503304686544,0.6809519331214517
FW_00487836,29.97312,75.70296,59_151,1,natural_vegetation_fire,1,natural_vegetation_fire,True,0.003140140850140497,0.8465418827705706,0.15031797637928884,0.8465418827705706
FW_00201903,22.49478,77.46163,44_154,1,natural_vegetation_fire,1,natural_vegetation_fire,True,0.004356822671291892,0.7161749949373614,0.27946818239134685,0.7161749949373614
FW_00692431,20.97389,85.1722,41_170,2,other_uncertain,2,other_uncertain,True,0.002809314353387691,0.016158894335796103,0.9810317913108161,0.9810317913108161
FW_01549487,29.96433,75.97034,59_151,1,natural_vegetation_fire,1,natural_vegetation_fire,True,0.004064797741100378,0.7402065428202919,0.2557286594386078,0.7402065428202919
FW_00273934,24.4251,82.9408,48_165,2,other_uncertain,1,natural_vegetation_fire,False,0.0010270027185111342,0.8798850774256742,0.1190879198558146,0.8798850774256742
FW_01326950,19.57822,79.53756,39_159,1,natural_vegetation_fire,1,natural_vegetation_fire,True,0.0010572918868190144,0.9829607398088859,0.01598196830429511,0.9829607398088859
FW_01093624,29.97165,75.70154,59_151,1,natural_vegetation_fire,1,natural_vegetation_fire,True,0.008787411203406193,0.8864166095314776,0.10479597926511602,0.8864166095314776
FW_00406183,31.36398,75.27506,62_150,1,natural_vegetation_fire,1,natural_vegetation_fire,True,0.0011763709311374269,0.9524185746394468,0.04640505442941574,0.9524185746394468
FW_00044098,17.47551,78.45539,34_156,2,other_uncertain,1,natural_vegetation_fire,False,0.059237188323156026,0.5602089814609424,0.3805538302159015,0.5602089814609424
FW_00513874,30.58096,74.30906,61_148,1,natural_vegetation_fire,1,natural_vegetation_fire,True,0.002431890524737665,0.9677226138612627,0.02984549561399968,0.9677226138612627
FW_01128107,20.96236,85.17518,41_170,2,other_uncertain,2,other_uncertain,True,0.0008767964290477643,0.025923432682323833,0.9731997708886284,0.9731997708886284
FW_00601520,19.72302,79.17346,39_158,0,industrial_fire_candidate,2,other_uncertain,False,0.2424536826910197,0.023696614240616535,0.7338497030683638,0.7338497030683638
FW_00472477,29.55618,75.53979,59_151,1,natural_vegetation_fire,1,natural_vegetation_fire,True,0.06861468428473697,0.8035781191728544,0.12780719654240869,0.8035781191728544
FW_00831754,20.96189,85.17382,41_170,2,other_uncertain,2,other_uncertain,True,0.0007368633033736482,0.01759855905779691,0.9816645776388295,0.9816645776388295
FW_01627520,25.24708,75.92477,50_151,1,natural_vegetation_fire,1,natural_vegetation_fire,True,0.0020374593369045578,0.8466879145811824,0.15127462608191306,0.8466879145811824
FW_00453011,31.39459,75.06087,62_150,1,natural_vegetation_fire,1,natural_vegetation_fire,True,0.001743699793568175,0.8068170303690608,0.19143926983737097,0.8068170303690608
FW_00861401,9.46025,76.42058,18_152,2,other_uncertain,1,natural_vegetation_fire,False,0.009300086094586244,0.6573557341324,0.3333441797730136,0.6573557341324
FW_00241777,20.79759,85.25902,41_170,2,other_uncertain,2,other_uncertain,True,0.34274235986472035,0.02252581344689395,0.6347318266883857,0.6347318266883857
FW_00392998,31.06729,75.22839,62_150,1,natural_vegetation_fire,1,natural_vegetation_fire,True,0.0022243007165630314,0.7881933785216448,0.20958232076179217,0.7881933785216448
FW_01093603,29.96334,75.97634,59_151,1,natural_vegetation_fire,1,natural_vegetation_fire,True,0.002536777577808078,0.8211152849344038,0.17634793748778818,0.8211152849344038
FW_00827189,9.67894,76.49619,19_152,1,natural_vegetation_fire,1,natural_vegetation_fire,True,0.002706101661363882,0.8181872791907104,0.17910661914792567,0.8181872791907104
FW_01286811,23.80258,92.55355,47_185,1,natural_vegetation_fire,1,natural_vegetation_fire,True,0.0002508731852776275,0.9953774728314917,0.004371653983230569,0.9953774728314917
FW_00493165,31.46989,75.27615,62_150,1,natural_vegetation_fire,1,natural_vegetation_fire,True,0.0006458824161753949,0.8524011613991066,0.14695295618471782,0.8524011613991066
FW_01692006,9.97866,76.37612,19_152,2,other_uncertain,2,other_uncertain,True,0.3341241903460181,0.005748850205885175,0.6601269594480967,0.6601269594480967
FW_01182628,26.01556,85.7341,52_171,1,natural_vegetation_fire,1,natural_vegetation_fire,True,0.00431276560740506,0.5018536981959747,0.49383353619662024,0.5018536981959747
FW_00148607,22.35121,80.11906,44_160,1,natural_vegetation_fire,1,natural_vegetation_fire,True,0.0006734927517307447,0.9858916545960017,0.013434852652267565,0.9858916545960017
FW_00109867,24.33519,92.89869,48_185,1,natural_vegetation_fire,1,natural_vegetation_fire,True,0.0023881415059236683,0.8376824387626906,0.15992941973138564,0.8376824387626906
FW_00334280,25.30287,83.49904,50_166,1,natural_vegetation_fire,1,natural_vegetation_fire,True,0.0006057448711059186,0.9773689908553685,0.022025264273525646,0.9773689908553685
FW_01567752,30.49718,76.76963,60_153,1,natural_vegetation_fire,1,natural_vegetation_fire,True,0.0017711567569498926,0.7949777622783678,0.20325108096468222,0.7949777622783678
FW_00016767,27.45997,95.47503,54_190,2,other_uncertain,1,natural_vegetation_fire,False,0.0074147824215093526,0.6355157394188445,0.35706947815964624,0.6355157394188445
FW_01070375,17.13994,77.17563,34_154,0,industrial_fire_candidate,2,other_uncertain,False,0.48904640314310455,0.009643606611538248,0.5013099902453572,0.5013099902453572
FW_01541517,25.42664,75.95255,50_151,1,natural_vegetation_fire,1,natural_vegetation_fire,True,0.0006751576906612544,0.9541332744870533,0.04519156782228524,0.9541332744870533
FW_00442354,24.17252,82.64666,48_165,2,other_uncertain,2,other_uncertain,True,0.018461089953411367,0.05397475006658368,0.927564159980005,0.927564159980005
FW_01345134,21.51262,76.19573,43_152,1,natural_vegetation_fire,1,natural_vegetation_fire,True,0.000962619438280064,0.9439007443681909,0.05513663619352917,0.9439007443681909
FW_01581336,22.24848,78.30606,44_156,1,natural_vegetation_fire,1,natural_vegetation_fire,True,0.0004439174648673116,0.9317626441832021,0.0677934383519306,0.9317626441832021
FW_01095201,31.30648,75.26761,62_150,1,natural_vegetation_fire,1,natural_vegetation_fire,True,0.0036949688739322194,0.7493781352012053,0.24692689592486253,0.7493781352012053
FW_01129842,19.96279,79.33357,39_158,2,other_uncertain,0,industrial_fire_candidate,False,0.8695348358199421,0.00400904707246282,0.12645611710759516,0.8695348358199421
FW_00129829,25.7061,90.49995,51_180,1,natural_vegetation_fire,1,natural_vegetation_fire,True,0.00015698486426319027,0.9931597134045725,0.0066833017311643044,0.9931597134045725
FW_00052222,20.79452,85.25465,41_170,2,other_uncertain,2,other_uncertain,True,0.162578072243059,0.008943252972635887,0.828478674784305,0.828478674784305
FW_01155525,20.79457,85.25243,41_170,2,other_uncertain,2,other_uncertain,True,0.15134033015376966,0.02930691009526434,0.819352759750966,0.819352759750966
FW_01668808,24.11775,86.35081,48_172,2,other_uncertain,2,other_uncertain,True,0.009584047997549796,0.021191922236686967,0.9692240297657632,0.9692240297657632
FW_00537464,22.30042,71.16919,44_142,1,natural_vegetation_fire,1,natural_vegetation_fire,True,0.0027319163445782666,0.6766859853165021,0.32058209833891954,0.6766859853165021
FW_00443664,24.20476,82.71164,48_165,1,natural_vegetation_fire,2,other_uncertain,False,0.16762667353132085,0.03688397682295689,0.7954893496457223,0.7954893496457223
FW_00753730,25.5222,94.55535,51_189,1,natural_vegetation_fire,1,natural_vegetation_fire,True,0.0006540285952872242,0.9888015160051637,0.010544455399549004,0.9888015160051637
FW_01162099,24.20704,82.7066,48_165,2,other_uncertain,2,other_uncertain,True,0.018752262185904214,0.02000765405043489,0.9612400837636609,0.9612400837636609
FW_00001804,28.13577,77.06302,56_154,2,other_uncertain,1,natural_vegetation_fire,False,0.017515378252951807,0.5928708535414005,0.38961376820564786,0.5928708535414005
FW_00694399,12.91964,79.72605,25_159,1,natural_vegetation_fire,1,natural_vegetation_fire,True,0.0009843219551516715,0.9764385652791471,0.022577112765701256,0.9764385652791471
FW_00339116,19.95736,79.33961,39_158,1,natural_vegetation_fire,0,industrial_fire_candidate,False,0.7470806060422246,0.04334088634756363,0.20957850761021177,0.7470806060422246
FW_01482670,19.78528,79.14627,39_158,0,industrial_fire_candidate,2,other_uncertain,False,0.03562958479843144,0.029046862254908833,0.9353235529466598,0.9353235529466598
FW_01614691,28.27115,77.27496,56_154,1,natural_vegetation_fire,2,other_uncertain,False,0.32402568085726735,0.22894465635855418,0.4470296627841784,0.4470296627841784
FW_01078391,29.94559,75.72118,59_151,1,natural_vegetation_fire,1,natural_vegetation_fire,True,0.0012462118002744737,0.8909207419949434,0.10783304620478211,0.8909207419949434
FW_01456321,22.11062,80.43148,44_160,1,natural_vegetation_fire,1,natural_vegetation_fire,True,0.0011207245516168848,0.9795787796846249,0.019300495763758276,0.9795787796846249
FW_00645555,12.24843,75.2373,24_150,1,natural_vegetation_fire,1,natural_vegetation_fire,True,0.1623930070934082,0.5967534517897614,0.24085354111683044,0.5967534517897614
FW_00504778,30.87784,74.38483,61_148,1,natural_vegetation_fire,1,natural_vegetation_fire,True,0.0012033734080637286,0.5644180422952358,0.4343785842967004,0.5644180422952358
FW_01593514,11.35075,78.4759,22_156,1,natural_vegetation_fire,1,natural_vegetation_fire,True,0.0005386116090021153,0.8993742586345839,0.10008712975641389,0.8993742586345839
FW_01186021,24.13946,82.57179,48_165,2,other_uncertain,2,other_uncertain,True,0.01831296010971276,0.20164210070898775,0.7800449391812996,0.7800449391812996
FW_01589227,23.83031,84.92589,47_169,2,other_uncertain,2,other_uncertain,True,0.0004089639357080942,0.030593677664277733,0.9689973584000141,0.9689973584000141
FW_00518181,31.00017,75.38127,62_150,1,natural_vegetation_fire,1,natural_vegetation_fire,True,0.0007764286811125459,0.8913056301668814,0.10791794115200609,0.8913056301668814
FW_00544937,20.95822,85.18365,41_170,2,other_uncertain,2,other_uncertain,True,0.0009334434385819518,0.01512709821364089,0.9839394583477771,0.9839394583477771
FW_00003794,20.96132,85.15427,41_170,2,other_uncertain,2,other_uncertain,True,0.010981080941388839,0.03782610980727254,0.9511928092513385,0.9511928092513385
FW_01049670,27.51214,70.3783,55_140,1,natural_vegetation_fire,2,other_uncertain,False,0.0010469157773300404,0.2948662499331839,0.704086834289486,0.704086834289486
FW_00965145,25.32772,83.57346,50_167,1,natural_vegetation_fire,1,natural_vegetation_fire,True,0.0009866260220215456,0.9100562644039573,0.08895710957402121,0.9100562644039573
FW_00910762,22.09377,78.17985,44_156,0,industrial_fire_candidate,1,natural_vegetation_fire,False,0.2534900428160419,0.48473451506010967,0.2617754421238483,0.48473451506010967
FW_01699370,27.15011,84.62742,54_169,1,natural_vegetation_fire,1,natural_vegetation_fire,True,0.003701292714570734,0.685203921206585,0.31109478607884433,0.685203921206585
FW_01646537,20.58877,75.34357,41_150,1,natural_vegetation_fire,1,natural_vegetation_fire,True,0.0009381357158645224,0.9579738413426645,0.0410880229414709,0.9579738413426645
FW_01511943,24.22149,82.9978,48_165,1,natural_vegetation_fire,1,natural_vegetation_fire,True,0.014531294099730497,0.7443709011888854,0.24109780471138412,0.7443709011888854
FW_00733363,15.28658,75.08033,30_150,1,natural_vegetation_fire,1,natural_vegetation_fire,True,0.00039477543193956293,0.9751789186440877,0.02442630592397266,0.9751789186440877
FW_00074150,29.12518,75.77819,58_151,2,other_uncertain,2,other_uncertain,True,0.2087317300611112,0.04606322864501194,0.745205041293877,0.745205041293877
FW_01474518,25.3714,83.49213,50_166,1,natural_vegetation_fire,1,natural_vegetation_fire,True,0.0008975719336156004,0.8780311507146661,0.12107127735171823,0.8780311507146661
FW_00371808,20.97438,85.16824,41_170,2,other_uncertain,2,other_uncertain,True,0.0012251369313758178,0.029216969239797528,0.9695578938288267,0.9695578938288267
FW_00762268,24.72832,94.18786,49_188,1,natural_vegetation_fire,1,natural_vegetation_fire,True,0.0003764273980441319,0.9902812746047605,0.009342297997195277,0.9902812746047605
FW_01413854,23.6852,91.88898,47_183,1,natural_vegetation_fire,1,natural_vegetation_fire,True,0.0004946775761941547,0.9800169989684889,0.019488323455317032,0.9800169989684889
FW_01115740,18.31238,74.5667,36_149,2,other_uncertain,2,other_uncertain,True,0.034353563727427636,0.320140624879714,0.6455058113928583,0.6455058113928583
FW_00268769,20.94912,85.01223,41_170,2,other_uncertain,2,other_uncertain,True,0.001594623058621074,0.011989847657063539,0.9864155292843154,0.9864155292843154
FW_00349181,29.91844,75.57759,59_151,1,natural_vegetation_fire,1,natural_vegetation_fire,True,0.0006798284868850313,0.9266165345869343,0.07270363692618058,0.9266165345869343
FW_00048791,9.6404,76.46542,19_152,2,other_uncertain,1,natural_vegetation_fire,False,0.0018971023708748101,0.8095352381420133,0.18856765948711182,0.8095352381420133
FW_01702192,28.05272,77.28837,56_154,1,natural_vegetation_fire,1,natural_vegetation_fire,True,0.002506728514422899,0.8126653383155867,0.1848279331699904,0.8126653383155867
FW_01722875,21.61278,71.56731,43_143,1,natural_vegetation_fire,1,natural_vegetation_fire,True,0.002362324575907981,0.9398240654610512,0.05781360996304091,0.9398240654610512
FW_00827430,15.17561,77.5557,30_155,1,natural_vegetation_fire,1,natural_vegetation_fire,True,0.0008209745919889833,0.9754781799809132,0.023700845427097692,0.9754781799809132
FW_00066001,13.73937,76.69637,27_153,1,natural_vegetation_fire,1,natural_vegetation_fire,True,0.0013277114616652304,0.8464647197961608,0.152207568742174,0.8464647197961608
FW_00868117,14.62665,78.9203,29_157,1,natural_vegetation_fire,1,natural_vegetation_fire,True,0.00047468974589736794,0.9701592516534439,0.02936605860065879,0.9701592516534439
FW_00004558,22.21284,84.86497,44_169,2,other_uncertain,2,other_uncertain,True,0.22955696721967953,0.011394858940437468,0.7590481738398831,0.7590481738398831
FW_00650314,20.55507,74.0174,41_148,1,natural_vegetation_fire,1,natural_vegetation_fire,True,0.0012047467679240007,0.9521574177841369,0.04663783544793914,0.9521574177841369
FW_01238911,24.39658,73.61776,48_147,1,natural_vegetation_fire,1,natural_vegetation_fire,True,0.0013220112181929343,0.9612250727835923,0.03745291599821466,0.9612250727835923
FW_01513832,23.12572,75.82848,46_151,1,natural_vegetation_fire,2,other_uncertain,False,0.002497429175226634,0.4531832201181653,0.5443193507066081,0.5443193507066081
FW_00082499,23.82447,92.99522,47_185,1,natural_vegetation_fire,1,natural_vegetation_fire,True,0.00042512514122975564,0.9850146599867338,0.014560214872036467,0.9850146599867338
FW_01566148,31.69069,75.03693,63_150,1,natural_vegetation_fire,1,natural_vegetation_fire,True,0.004257539283278567,0.812230531744272,0.1835119289724496,0.812230531744272
FW_01391033,17.51137,77.52155,35_155,1,natural_vegetation_fire,1,natural_vegetation_fire,True,0.0011071590833008544,0.9637969603692497,0.03509588054744943,0.9637969603692497
FW_00888383,25.06463,83.89117,50_167,1,natural_vegetation_fire,1,natural_vegetation_fire,True,0.0031249462277917507,0.9324318250720535,0.06444322870015495,0.9324318250720535
FW_00446629,20.96229,85.1759,41_170,2,other_uncertain,2,other_uncertain,True,0.0008651026985458113,0.030168483120895616,0.9689664141805586,0.9689664141805586
FW_01123966,30.70158,74.23226,61_148,1,natural_vegetation_fire,1,natural_vegetation_fire,True,0.001618059037366078,0.8797815351504945,0.1186004058121395,0.8797815351504945
FW_00223988,18.85938,72.92815,37_145,0,industrial_fire_candidate,2,other_uncertain,False,0.38690213215471847,0.04024353168311641,0.5728543361621652,0.5728543361621652
FW_01138776,15.31596,76.25436,30_152,0,industrial_fire_candidate,2,other_uncertain,False,0.026853153948530634,0.13766605809280627,0.8354807879586631,0.8354807879586631
FW_01393433,20.96272,85.17056,41_170,2,other_uncertain,2,other_uncertain,True,0.0026117492417542898,0.03707267337326996,0.9603155773849759,0.9603155773849759
FW_01218307,15.23096,74.05865,30_148,1,natural_vegetation_fire,1,natural_vegetation_fire,True,0.0031365757448433276,0.8729021111686095,0.12396131308654712,0.8729021111686095
FW_00479767,24.16744,82.68203,48_165,2,other_uncertain,2,other_uncertain,True,0.0039729308556415216,0.013204822579850893,0.9828222465645075,0.9828222465645075
FW_00306699,24.14869,82.69758,48_165,2,other_uncertain,2,other_uncertain,True,0.05097441573974446,0.03493625385796978,0.9140893304022857,0.9140893304022857
FW_00998163,22.21399,84.87076,44_169,2,other_uncertain,2,other_uncertain,True,0.396867048539547,0.009784131286313773,0.5933488201741391,0.5933488201741391
FW_01254885,23.83702,84.95256,47_169,2,other_uncertain,2,other_uncertain,True,0.0006252798413857355,0.02308670576431017,0.9762880143943042,0.9762880143943042
FW_01601359,23.83116,84.9257,47_169,2,other_uncertain,2,other_uncertain,True,0.0002615770041182207,0.011960937636915078,0.9877774853589667,0.9877774853589667
FW_01085649,29.92153,75.86205,59_151,1,natural_vegetation_fire,2,other_uncertain,False,0.0019235500960131818,0.3540131145525571,0.6440633353514299,0.6440633353514299
FW_00109749,24.08954,92.87655,48_185,1,natural_vegetation_fire,1,natural_vegetation_fire,True,0.00020907919329299368,0.995895770330772,0.003895150475935036,0.995895770330772
FW_00894490,24.41047,92.69812,48_185,1,natural_vegetation_fire,1,natural_vegetation_fire,True,0.0004350811883464667,0.9762708611236032,0.02329405768805022,0.9762708611236032
FW_00607714,17.49759,76.07923,34_152,1,natural_vegetation_fire,1,natural_vegetation_fire,True,0.0031058228516138314,0.8553908987965694,0.1415032783518168,0.8553908987965694
FW_00334079,25.03008,87.68233,50_175,1,natural_vegetation_fire,1,natural_vegetation_fire,True,0.009950012255677229,0.9255752773155959,0.06447471042872685,0.9255752773155959
FW_01427552,20.96759,85.17159,41_170,2,other_uncertain,2,other_uncertain,True,0.0005010874977847354,0.0328492883752553,0.96664962412696,0.96664962412696
FW_00024961,28.62179,74.81576,57_149,1,natural_vegetation_fire,2,other_uncertain,False,0.003752859164035806,0.21861227748305595,0.7776348633529081,0.7776348633529081
FW_01560028,31.64732,75.18984,63_150,1,natural_vegetation_fire,1,natural_vegetation_fire,True,0.00107934874031141,0.8558589079348837,0.14306174332480467,0.8558589079348837
FW_01163227,25.09206,83.83347,50_167,1,natural_vegetation_fire,1,natural_vegetation_fire,True,0.000816522776855623,0.9016330494807295,0.09755042774241482,0.9016330494807295
FW_00706986,23.58303,92.95249,47_185,1,natural_vegetation_fire,1,natural_vegetation_fire,True,0.0005692551779788606,0.9809928063279035,0.018437938494117612,0.9809928063279035
FW_00595530,17.1398,77.18397,34_154,0,industrial_fire_candidate,0,industrial_fire_candidate,True,0.8419525337477226,0.004323370662975903,0.15372409558930156,0.8419525337477226
FW_00443372,25.37266,85.18485,50_170,1,natural_vegetation_fire,1,natural_vegetation_fire,True,0.0029810773061870236,0.706202326815248,0.29081659587856495,0.706202326815248
FW_01213709,24.14998,86.33101,48_172,1,natural_vegetation_fire,2,other_uncertain,False,0.3557772920485252,0.1967455346478273,0.4474771733036476,0.4474771733036476
FW_01025195,30.13159,76.596,60_153,1,natural_vegetation_fire,1,natural_vegetation_fire,True,0.002501150306614393,0.9527580209672807,0.04474082872610498,0.9527580209672807
FW_01248604,24.11581,73.69704,48_147,1,natural_vegetation_fire,1,natural_vegetation_fire,True,0.0011517370526924187,0.8018821438746275,0.19696611907268013,0.8018821438746275
FW_00099968,22.80761,74.17554,45_148,1,natural_vegetation_fire,1,natural_vegetation_fire,True,0.000878768811465653,0.9806975484060374,0.01842368278249681,0.9806975484060374
FW_01663781,24.14803,86.33076,48_172,2,other_uncertain,0,industrial_fire_candidate,False,0.5767309425438853,0.13753001299166903,0.2857390444644456,0.5767309425438853
FW_00210506,23.94774,84.55602,47_169,1,natural_vegetation_fire,1,natural_vegetation_fire,True,0.00039537122286565615,0.9908628575793476,0.008741771197786822,0.9908628575793476
FW_00540565,21.58286,72.2547,43_144,2,other_uncertain,1,natural_vegetation_fire,False,0.0008596829969835799,0.5896450327352705,0.40949528426774595,0.5896450327352705
FW_01579661,23.83895,84.95447,47_169,2,other_uncertain,2,other_uncertain,True,0.0003574526331457791,0.011187363937841813,0.9884551834290124,0.9884551834290124
FW_00683901,15.91547,77.36283,31_154,2,other_uncertain,2,other_uncertain,True,0.0034445682135397547,0.048867986000749215,0.9476874457857111,0.9476874457857111
FW_01012808,22.5859,71.94295,45_143,1,natural_vegetation_fire,1,natural_vegetation_fire,True,0.0018220536798666872,0.8207035536482054,0.17747439267192794,0.8207035536482054
FW_01379162,24.19104,85.45502,48_170,1,natural_vegetation_fire,1,natural_vegetation_fire,True,0.0019340698083813023,0.9825511013406352,0.015514828850983571,0.9825511013406352
FW_00839920,19.5882,78.7523,39_157,1,natural_vegetation_fire,1,natural_vegetation_fire,True,0.0016117660655830572,0.9479002649577343,0.05048796897668272,0.9479002649577343
FW_00975868,9.96063,76.39945,19_152,2,other_uncertain,2,other_uncertain,True,0.36762606475384435,0.09539491168261333,0.5369790235635422,0.5369790235635422
FW_01587737,23.82965,84.92785,47_169,2,other_uncertain,2,other_uncertain,True,0.00042555492076540183,0.021038379172060324,0.9785360659071743,0.9785360659071743
FW_00854170,23.92295,91.8231,47_183,1,natural_vegetation_fire,2,other_uncertain,False,0.17276385643500994,0.32546843130257014,0.5017677122624199,0.5017677122624199
FW_00856722,20.97088,85.14519,41_170,2,other_uncertain,2,other_uncertain,True,0.0031969614543577033,0.021484642272139098,0.9753183962735033,0.9753183962735033
FW_00994374,31.8855,75.07093,63_150,1,natural_vegetation_fire,1,natural_vegetation_fire,True,0.0032642438717556937,0.7402624390246175,0.2564733171036267,0.7402624390246175
FW_01081513,30.13062,76.3557,60_152,1,natural_vegetation_fire,1,natural_vegetation_fire,True,0.0006462140566220303,0.9668390653991329,0.03251472054424517,0.9668390653991329
FW_00920240,23.56647,80.88395,47_161,1,natural_vegetation_fire,1,natural_vegetation_fire,True,0.006725374117017584,0.9708739732537068,0.0224006526292756,0.9708739732537068
FW_00989815,22.87287,71.78658,45_143,1,natural_vegetation_fire,1,natural_vegetation_fire,True,0.002880893923274612,0.9136341314336249,0.08348497464310038,0.9136341314336249
FW_01311001,12.57867,79.94823,25_159,1,natural_vegetation_fire,1,natural_vegetation_fire,True,0.0013258319844735343,0.8970519634511523,0.10162220456437418,0.8970519634511523
FW_00707516,15.73988,77.32638,31_154,1,natural_vegetation_fire,1,natural_vegetation_fire,True,0.005460560024041676,0.9300759095648936,0.06446353041106463,0.9300759095648936
FW_00857094,22.35226,77.20226,44_154,1,natural_vegetation_fire,1,natural_vegetation_fire,True,0.001289173722728022,0.8456741459973887,0.15303668027988324,0.8456741459973887
FW_01534228,26.53865,77.75574,53_155,2,other_uncertain,1,natural_vegetation_fire,False,0.002390635976090851,0.7400368441976076,0.2575725198263015,0.7400368441976076
FW_01680293,27.24764,83.71884,54_167,1,natural_vegetation_fire,1,natural_vegetation_fire,True,0.0007803275300926548,0.6531345708838789,0.3460851015860285,0.6531345708838789
FW_00069506,12.09894,75.30691,24_150,1,natural_vegetation_fire,1,natural_vegetation_fire,True,0.0033122484083926373,0.8325699240787992,0.1641178275128083,0.8325699240787992
FW_00666841,15.33129,74.14206,30_148,2,other_uncertain,1,natural_vegetation_fire,False,0.004681722598736881,0.8874353143652776,0.10788296303598563,0.8874353143652776
FW_00214659,19.56414,81.25557,39_162,1,natural_vegetation_fire,1,natural_vegetation_fire,True,0.002124755421439538,0.9273202728552787,0.07055497172328172,0.9273202728552787
FW_01028869,22.19764,84.88511,44_169,1,natural_vegetation_fire,2,other_uncertain,False,0.14862821227243245,0.39049809748647346,0.46087369024109404,0.46087369024109404
FW_00172410,25.0355,87.69135,50_175,1,natural_vegetation_fire,1,natural_vegetation_fire,True,0.008797958251635412,0.9356410641973498,0.05556097755101475,0.9356410641973498
FW_00528628,23.835,84.95522,47_169,2,other_uncertain,1,natural_vegetation_fire,False,0.007484303044471975,0.6697228901479148,0.3227928068076133,0.6697228901479148
FW_00045205,14.09491,78.37415,28_156,1,natural_vegetation_fire,1,natural_vegetation_fire,True,0.0016550178008308532,0.9561879773279416,0.04215700487122748,0.9561879773279416
FW_00635898,17.50599,75.32611,35_150,1,natural_vegetation_fire,1,natural_vegetation_fire,True,0.0020999832674314283,0.9615500660907768,0.036349950641791834,0.9615500660907768
FW_01002741,25.49362,87.69463,50_175,1,natural_vegetation_fire,1,natural_vegetation_fire,True,0.0007504817023344457,0.8450292926208934,0.15422022567677227,0.8450292926208934
FW_00418955,17.02014,76.39312,34_152,1,natural_vegetation_fire,1,natural_vegetation_fire,True,0.006622458066859916,0.7555583441735951,0.237819197759545,0.7555583441735951
FW_00447208,18.85766,72.92856,37_145,0,industrial_fire_candidate,2,other_uncertain,False,0.10620519369460825,0.059721084120338344,0.8340737221850535,0.8340737221850535
FW_01513910,24.45771,73.84377,48_147,1,natural_vegetation_fire,1,natural_vegetation_fire,True,0.004088201878145083,0.688311750756307,0.3076000473655479,0.688311750756307
FW_00101936,25.92516,94.91193,51_189,1,natural_vegetation_fire,1,natural_vegetation_fire,True,0.0009828174234104467,0.9849470766529232,0.014070105923666434,0.9849470766529232
FW_01437009,11.95676,79.06422,23_158,1,natural_vegetation_fire,1,natural_vegetation_fire,True,0.0006582754595770187,0.966814784627735,0.032526939912687965,0.966814784627735
FW_01486299,19.92424,85.65755,39_171,1,natural_vegetation_fire,1,natural_vegetation_fire,True,0.006001446319599038,0.9511843375391119,0.042814216141289094,0.9511843375391119
FW_00944885,27.13864,83.54707,54_167,2,other_uncertain,1,natural_vegetation_fire,False,0.0009889603440791392,0.8163128294188848,0.18269821023703595,0.8163128294188848
FW_01159188,22.21145,84.86012,44_169,2,other_uncertain,2,other_uncertain,True,0.1972327304436802,0.02335451004525474,0.7794127595110651,0.7794127595110651
FW_00990713,31.53026,75.40973,63_150,2,other_uncertain,1,natural_vegetation_fire,False,0.0017431285960265322,0.7193568327275733,0.27890003867640006,0.7193568327275733
FW_00487814,29.96109,75.7774,59_151,2,other_uncertain,2,other_uncertain,True,0.0013561992444841519,0.13654651466475054,0.8620972860907654,0.8620972860907654
FW_00662745,22.20662,77.48911,44_154,1,natural_vegetation_fire,1,natural_vegetation_fire,True,0.0008658132101206088,0.985838457605346,0.013295729184533218,0.985838457605346
FW_01659500,17.02279,82.13847,34_164,2,other_uncertain,2,other_uncertain,True,0.04874174667129128,0.374615299227563,0.5766429541011456,0.5766429541011456
FW_01565926,31.5223,75.42887,63_150,1,natural_vegetation_fire,1,natural_vegetation_fire,True,0.002604620693444237,0.634741575710837,0.36265380359571875,0.634741575710837
FW_00180681,22.03135,77.13533,44_154,1,natural_vegetation_fire,1,natural_vegetation_fire,True,0.002105144369035001,0.9765521192338461,0.021342736397118887,0.9765521192338461
FW_01345011,19.05968,82.76053,38_165,1,natural_vegetation_fire,1,natural_vegetation_fire,True,0.00046977882434366187,0.9833110919188774,0.016219129256778864,0.9833110919188774
FW_00691401,18.37782,74.89112,36_149,1,natural_vegetation_fire,1,natural_vegetation_fire,True,0.002017728406734153,0.9281735149292588,0.06980875666400715,0.9281735149292588
FW_01277126,19.90958,78.75608,39_157,1,natural_vegetation_fire,1,natural_vegetation_fire,True,0.0025150605540946737,0.9637072292158539,0.03377771023005153,0.9637072292158539
FW_00031437,22.21494,84.86796,44_169,2,other_uncertain,2,other_uncertain,True,0.3992758986780204,0.006108754095838072,0.5946153472261415,0.5946153472261415
FW_00915601,14.25803,79.38298,28_158,1,natural_vegetation_fire,1,natural_vegetation_fire,True,0.0003930095661771957,0.9945891303886799,0.005017860045143024,0.9945891303886799
FW_00052978,23.43002,68.71482,46_137,2,other_uncertain,2,other_uncertain,True,0.03780329427974623,0.03855196610663208,0.9236447396136218,0.9236447396136218
FW_01221350,17.94208,73.73858,35_147,1,natural_vegetation_fire,1,natural_vegetation_fire,True,0.0008660533502113856,0.9534207868089104,0.045713159840878204,0.9534207868089104
FW_00995441,16.79765,79.26803,33_158,1,natural_vegetation_fire,1,natural_vegetation_fire,True,0.0009820999934226787,0.7508678348714775,0.2481500651350998,0.7508678348714775
FW_00257542,24.20602,74.40488,48_148,1,natural_vegetation_fire,1,natural_vegetation_fire,True,0.0038123872885211557,0.9838896018756135,0.012298010835865585,0.9838896018756135
FW_01428233,23.70943,91.79095,47_183,1,natural_vegetation_fire,1,natural_vegetation_fire,True,0.0005387143798748075,0.9778276672194215,0.021633618400703634,0.9778276672194215
FW_00338017,23.07397,75.80012,46_151,1,natural_vegetation_fire,1,natural_vegetation_fire,True,0.0008997411460311115,0.7773360342313977,0.22176422462257114,0.7773360342313977
FW_01027058,15.17768,77.10188,30_154,0,industrial_fire_candidate,2,other_uncertain,False,0.09663079971190078,0.21977912598185273,0.6835900743062465,0.6835900743062465
FW_00443881,17.14127,77.18391,34_154,0,industrial_fire_candidate,0,industrial_fire_candidate,True,0.6692995024627785,0.008710526771349324,0.32198997076587216,0.6692995024627785
FW_01710306,15.63787,76.65591,31_153,1,natural_vegetation_fire,1,natural_vegetation_fire,True,0.0018800377599320999,0.9106354971478747,0.08748446509219317,0.9106354971478747
FW_00478768,30.28917,76.05598,60_152,1,natural_vegetation_fire,1,natural_vegetation_fire,True,0.003753738940199083,0.6443298686239591,0.3519163924358418,0.6443298686239591
FW_00464563,30.77757,74.35803,61_148,1,natural_vegetation_fire,1,natural_vegetation_fire,True,0.0010590354391150226,0.9390604937880799,0.05988047077280497,0.9390604937880799
FW_01572217,30.46776,78.12345,60_156,1,natural_vegetation_fire,1,natural_vegetation_fire,True,0.0010014722239545658,0.9610892892460293,0.03790923853001603,0.9610892892460293
FW_00433356,23.82532,84.91851,47_169,2,other_uncertain,2,other_uncertain,True,0.0007421299304248016,0.033587254073997964,0.9656706159955771,0.9656706159955771
FW_01087393,21.22989,72.02167,42_144,1,natural_vegetation_fire,2,other_uncertain,False,0.023378119614930807,0.36437350448803124,0.612248375897038,0.612248375897038
FW_01134035,17.14615,78.22596,34_156,1,natural_vegetation_fire,2,other_uncertain,False,0.00424402249623341,0.29031236700016105,0.7054436105036055,0.7054436105036055
FW_01091632,31.37542,75.06342,62_150,1,natural_vegetation_fire,1,natural_vegetation_fire,True,0.0004420552435448941,0.8156551619400554,0.1839027828163997,0.8156551619400554
FW_01506237,27.32339,84.58381,54_169,2,other_uncertain,2,other_uncertain,True,0.002672604339772624,0.36975316611477,0.6275742295454573,0.6275742295454573
FW_00268530,24.15906,82.60898,48_165,2,other_uncertain,2,other_uncertain,True,0.010869214684532679,0.07151972023381736,0.9176110650816499,0.9176110650816499
FW_00725566,25.9476,94.66798,51_189,1,natural_vegetation_fire,1,natural_vegetation_fire,True,0.0007538047797321067,0.9774214330332839,0.021824762186984002,0.9774214330332839
FW_00026708,20.95063,85.01199,41_170,2,other_uncertain,2,other_uncertain,True,0.0014087567251896032,0.009140718796123467,0.9894505244786869,0.9894505244786869
FW_00567093,19.96305,79.3309,39_158,2,other_uncertain,0,industrial_fire_candidate,False,0.7330343626789484,0.010248970991162608,0.2567166663298888,0.7330343626789484
FW_00584015,25.43421,86.06745,50_172,2,other_uncertain,2,other_uncertain,True,0.021387980366557213,0.05985186188743766,0.9187601577460052,0.9187601577460052
FW_00125910,25.64554,90.10823,51_180,1,natural_vegetation_fire,1,natural_vegetation_fire,True,0.0006667065407842948,0.9837512363763035,0.01558205708291215,0.9837512363763035
FW_01559827,31.37918,75.12902,62_150,0,industrial_fire_candidate,1,natural_vegetation_fire,False,0.01796190304461939,0.5911446486466306,0.39089344830875006,0.5911446486466306
FW_01409533,24.92242,94.27116,49_188,1,natural_vegetation_fire,1,natural_vegetation_fire,True,0.000666246688005909,0.9801021599374002,0.019231593374593736,0.9801021599374002
FW_00437275,20.96427,85.17629,41_170,2,other_uncertain,2,other_uncertain,True,0.0022638628168957205,0.10463164158033318,0.8931044956027712,0.8931044956027712
FW_01216254,14.74572,78.61447,29_157,1,natural_vegetation_fire,1,natural_vegetation_fire,True,0.01806678848978606,0.7206185013973212,0.26131471011289276,0.7206185013973212
FW_00553419,24.16683,82.56048,48_165,2,other_uncertain,2,other_uncertain,True,0.0009884012798535371,0.01574191868132718,0.9832696800388193,0.9832696800388193
FW_00892950,20.79426,85.25661,41_170,2,other_uncertain,2,other_uncertain,True,0.12409283135555266,0.04207094459948121,0.8338362240449663,0.8338362240449663
FW_00958784,29.52036,75.54648,59_151,1,natural_vegetation_fire,1,natural_vegetation_fire,True,0.0011845265692763582,0.867780130087767,0.13103534334295644,0.867780130087767
FW_01661576,30.6344,74.23049,61_148,2,other_uncertain,2,other_uncertain,True,0.004075378886373291,0.377288358689977,0.6186362624236497,0.6186362624236497
FW_00722475,24.17353,82.56526,48_165,2,other_uncertain,2,other_uncertain,True,0.0009282721156928608,0.01273683200160538,0.9863348958827017,0.9863348958827017
FW_01665754,20.55927,79.90509,41_159,1,natural_vegetation_fire,1,natural_vegetation_fire,True,0.005942004889298232,0.6951536187227515,0.2989043763879503,0.6951536187227515
FW_00877021,20.9777,85.16925,41_170,2,other_uncertain,2,other_uncertain,True,0.0006619295691636406,0.030670429069837395,0.9686676413609989,0.9686676413609989
FW_00756506,20.2328,85.07614,40_170,1,natural_vegetation_fire,1,natural_vegetation_fire,True,0.0026756189504609377,0.9854309563512463,0.011893424698292642,0.9854309563512463
FW_00302887,19.68502,81.0025,39_162,1,natural_vegetation_fire,1,natural_vegetation_fire,True,0.00043609742990256134,0.9804743289496646,0.019089573620432964,0.9804743289496646
FW_00484277,30.23952,76.08295,60_152,1,natural_vegetation_fire,1,natural_vegetation_fire,True,0.0006168909736059032,0.6510766045886891,0.34830650443770494,0.6510766045886891
FW_01252533,23.82575,84.92861,47_169,1,natural_vegetation_fire,2,other_uncertain,False,0.0006425664198327887,0.016406549046676832,0.9829508845334904,0.9829508845334904
FW_00217616,20.96464,85.17331,41_170,2,other_uncertain,2,other_uncertain,True,0.0011791699758208064,0.02114983081551213,0.9776709992086671,0.9776709992086671
FW_01152801,25.33916,83.47503,50_166,1,natural_vegetation_fire,1,natural_vegetation_fire,True,0.0007285649145843186,0.9155177414475417,0.08375369363787394,0.9155177414475417
FW_01185568,33.78097,73.99383,67_147,1,natural_vegetation_fire,1,natural_vegetation_fire,True,0.0010568846565123743,0.9891466461030707,0.009796469240416964,0.9891466461030707
FW_01504527,22.01606,85.84586,44_171,1,natural_vegetation_fire,1,natural_vegetation_fire,True,0.00026991873235184487,0.9939461574369168,0.00578392383073117,0.9939461574369168
FW_01474811,25.79638,82.45177,51_164,1,natural_vegetation_fire,1,natural_vegetation_fire,True,0.0010786211570259002,0.9729841710255311,0.025937207817443034,0.9729841710255311
FW_01269031,25.76258,90.19511,51_180,1,natural_vegetation_fire,1,natural_vegetation_fire,True,0.0006292021592573737,0.9803578600094663,0.019012937831276295,0.9803578600094663
FW_01338881,11.89657,78.44833,23_156,1,natural_vegetation_fire,1,natural_vegetation_fire,True,0.0021492593465289272,0.9537288347060892,0.044121905947381884,0.9537288347060892
FW_00189415,23.81843,80.16434,47_160,1,natural_vegetation_fire,1,natural_vegetation_fire,True,0.0009385176269268383,0.9694578743667566,0.029603608006316586,0.9694578743667566
FW_00676448,22.24114,81.29097,44_162,1,natural_vegetation_fire,1,natural_vegetation_fire,True,0.002513722197207442,0.9840142789665199,0.013471998836272807,0.9840142789665199
FW_01557233,23.34317,91.37578,46_182,1,natural_vegetation_fire,1,natural_vegetation_fire,True,0.004868568656317517,0.6638201454199674,0.3313112859237151,0.6638201454199674
FW_00154857,22.49078,81.02538,44_162,1,natural_vegetation_fire,1,natural_vegetation_fire,True,0.0003435960287558749,0.9796195433359298,0.02003686063531428,0.9796195433359298
FW_00990768,31.636,75.32725,63_150,1,natural_vegetation_fire,1,natural_vegetation_fire,True,0.0010966082306171608,0.9321109119367672,0.0667924798326156,0.9321109119367672
FW_01156551,19.33529,75.06973,38_150,1,natural_vegetation_fire,1,natural_vegetation_fire,True,0.000508884989473483,0.9064047114699869,0.09308640354053978,0.9064047114699869
FW_00984331,27.50987,92.90428,55_185,1,natural_vegetation_fire,1,natural_vegetation_fire,True,0.00037622781436903117,0.9838446058653382,0.015779166320292866,0.9838446058653382
FW_00020228,18.85355,72.92986,37_145,0,industrial_fire_candidate,2,other_uncertain,False,0.04991156147117849,0.36887497647594214,0.5812134620528793,0.5812134620528793
FW_00008156,18.85599,72.92638,37_145,0,industrial_fire_candidate,2,other_uncertain,False,0.43247711661766414,0.12325938565469102,0.4442634977276448,0.4442634977276448
FW_00691154,15.13365,75.04858,30_150,1,natural_vegetation_fire,1,natural_vegetation_fire,True,0.00048705331895246653,0.9813512670275797,0.018161679653467724,0.9813512670275797
FW_00054259,23.67105,84.99076,47_169,2,other_uncertain,2,other_uncertain,True,0.024637803337664143,0.022180284244184424,0.9531819124181515,0.9531819124181515
FW_01254909,24.774,92.24324,49_184,1,natural_vegetation_fire,1,natural_vegetation_fire,True,0.0013534562736381263,0.982034761584033,0.016611782142328994,0.982034761584033
FW_00628254,31.58954,77.94292,63_155,1,natural_vegetation_fire,1,natural_vegetation_fire,True,0.011491861856182381,0.7130726373269476,0.27543550081687,0.7130726373269476
FW_00487528,29.76763,75.94409,59_151,1,natural_vegetation_fire,1,natural_vegetation_fire,True,0.0006609877005750472,0.9244661712304244,0.07487284106900055,0.9244661712304244
FW_00902677,13.50949,76.89799,27_153,1,natural_vegetation_fire,1,natural_vegetation_fire,True,0.0020372016685197523,0.937323854895602,0.060638943435878195,0.937323854895602
FW_00046898,13.80441,76.75292,27_153,1,natural_vegetation_fire,1,natural_vegetation_fire,True,0.011521360847832009,0.7582204855392746,0.23025815361289337,0.7582204855392746
FW_00006892,27.38493,96.82137,54_193,1,natural_vegetation_fire,1,natural_vegetation_fire,True,0.0014501123211547698,0.9612426343305684,0.037307253348276816,0.9612426343305684
FW_01617939,22.21129,84.86281,44_169,2,other_uncertain,2,other_uncertain,True,0.03502292486820645,0.016716454739481492,0.9482606203923122,0.9482606203923122
FW_00905508,24.36057,73.8057,48_147,1,natural_vegetation_fire,1,natural_vegetation_fire,True,0.0014909430796977258,0.9548306678104432,0.04367838910985909,0.9548306678104432
FW_01194706,23.20725,68.7338,46_137,1,natural_vegetation_fire,1,natural_vegetation_fire,True,0.01588944663081223,0.702987671928463,0.2811228814407247,0.702987671928463
FW_00300183,28.34263,77.20671,56_154,1,natural_vegetation_fire,1,natural_vegetation_fire,True,0.002122481579308984,0.7389391809839292,0.25893833743676176,0.7389391809839292
FW_00470151,30.25276,76.18748,60_152,1,natural_vegetation_fire,1,natural_vegetation_fire,True,0.004278406750115383,0.8372590041604129,0.15846258908947175,0.8372590041604129
FW_00186807,20.71408,79.97556,41_159,1,natural_vegetation_fire,1,natural_vegetation_fire,True,0.000989598366931553,0.9920070112652339,0.007003390367834632,0.9920070112652339
FW_00254394,11.93166,76.93927,23_153,2,other_uncertain,2,other_uncertain,True,0.1448521503653544,0.31620888811619274,0.5389389615184529,0.5389389615184529
FW_01558535,28.02389,78.63244,56_157,1,natural_vegetation_fire,1,natural_vegetation_fire,True,0.0014148168853439934,0.9635046523595969,0.0350805307550592,0.9635046523595969
FW_01508558,22.45049,80.00028,44_160,1,natural_vegetation_fire,1,natural_vegetation_fire,True,0.006152250357096883,0.8177885741509643,0.17605917549193895,0.8177885741509643
FW_00172201,24.81346,83.48123,49_166,1,natural_vegetation_fire,1,natural_vegetation_fire,True,0.002366541576580305,0.918014747612184,0.07961871081123577,0.918014747612184
FW_00393016,31.07749,75.23109,62_150,1,natural_vegetation_fire,1,natural_vegetation_fire,True,0.006698453892202837,0.7563304268988994,0.2369711192088978,0.7563304268988994
FW_01204692,18.88996,72.97079,37_145,0,industrial_fire_candidate,0,industrial_fire_candidate,True,0.8116337408954983,0.052789046359266,0.13557721274523568,0.8116337408954983
FW_00515222,22.38405,73.10536,44_146,0,industrial_fire_candidate,1,natural_vegetation_fire,False,0.311552919932804,0.4742125869409787,0.21423449312621734,0.4742125869409787
FW_00936720,27.97932,80.46432,55_160,1,natural_vegetation_fire,1,natural_vegetation_fire,True,0.0097634467882715,0.8903696051139637,0.09986694809776493,0.8903696051139637
FW_00220067,22.92173,71.62832,45_143,1,natural_vegetation_fire,1,natural_vegetation_fire,True,0.0034007068240576805,0.7913752581430427,0.20522403503289946,0.7913752581430427
FW_01550471,22.19681,84.84833,44_169,2,other_uncertain,2,other_uncertain,True,0.13128739744263504,0.08155388961667709,0.7871587129406878,0.7871587129406878
FW_01043567,24.14083,82.57185,48_165,2,other_uncertain,2,other_uncertain,True,0.012260880387384198,0.44355979721163385,0.544179322400982,0.544179322400982
FW_01328085,22.49816,88.59145,44_177,1,natural_vegetation_fire,1,natural_vegetation_fire,True,0.002161642560562515,0.9669014999597451,0.030936857479692534,0.9669014999597451
FW_01568139,31.07455,75.07644,62_150,1,natural_vegetation_fire,1,natural_vegetation_fire,True,0.002680200750235899,0.8670716002398743,0.13024819900988982,0.8670716002398743
FW_01559828,31.38324,75.13108,62_150,0,industrial_fire_candidate,1,natural_vegetation_fire,False,0.10305821713436905,0.7617086665955884,0.13523311627004247,0.7617086665955884
FW_00911041,22.63659,72.03338,45_144,1,natural_vegetation_fire,1,natural_vegetation_fire,True,0.001497276812198201,0.8180856263662537,0.18041709682154805,0.8180856263662537
FW_00465847,29.64462,75.92672,59_151,1,natural_vegetation_fire,1,natural_vegetation_fire,True,0.0018835695070388606,0.9471513791850131,0.050965051307948,0.9471513791850131
FW_00144468,22.21246,84.84118,44_169,2,other_uncertain,2,other_uncertain,True,0.011365060102194109,0.007653314229838748,0.9809816256679671,0.9809816256679671
FW_00462549,30.03465,76.29987,60_152,1,natural_vegetation_fire,1,natural_vegetation_fire,True,0.0042943891776562465,0.8821551871513872,0.11355042367095661,0.8821551871513872
FW_00987781,31.92757,75.16635,63_150,1,natural_vegetation_fire,1,natural_vegetation_fire,True,0.0007847379442985046,0.9382467232334604,0.06096853882224108,0.9382467232334604
FW_00162940,24.44999,92.72162,48_185,1,natural_vegetation_fire,1,natural_vegetation_fire,True,0.0002380164696419722,0.9900449149680545,0.00971706856230348,0.9900449149680545
FW_01332590,22.39802,77.24184,44_154,1,natural_vegetation_fire,1,natural_vegetation_fire,True,0.0007228219960199092,0.9403640121390084,0.05891316586497174,0.9403640121390084
FW_00766085,25.98507,94.97018,51_189,1,natural_vegetation_fire,1,natural_vegetation_fire,True,0.0006719508821370463,0.970970829966936,0.028357219150926944,0.970970829966936
FW_01236186,20.98455,85.12521,41_170,1,natural_vegetation_fire,2,other_uncertain,False,0.0008443589731172617,0.03990767857861101,0.9592479624482717,0.9592479624482717
FW_00973854,26.09262,85.97194,52_171,1,natural_vegetation_fire,1,natural_vegetation_fire,True,0.012352354259261613,0.8774863480102715,0.11016129773046678,0.8774863480102715
FW_00003790,20.95894,85.14488,41_170,1,natural_vegetation_fire,2,other_uncertain,False,0.0419063326406932,0.1298165309666343,0.8282771363926724,0.8282771363926724
FW_00447381,20.7932,85.25435,41_170,2,other_uncertain,2,other_uncertain,True,0.14315979691864297,0.01841341557001123,0.8384267875113459,0.8384267875113459
FW_00404777,29.85169,75.58407,59_151,1,natural_vegetation_fire,1,natural_vegetation_fire,True,0.0021210092523628403,0.8090464375339969,0.18883255321364034,0.8090464375339969
FW_00887080,23.52024,80.60111,47_161,1,natural_vegetation_fire,1,natural_vegetation_fire,True,0.002869252978754449,0.9642327322861329,0.032898014735112585,0.9642327322861329
FW_01092293,21.85039,76.43923,43_152,1,natural_vegetation_fire,1,natural_vegetation_fire,True,0.010877820930308426,0.6736377154259858,0.3154844636437057,0.6736377154259858
FW_00681050,14.59308,78.84258,29_157,1,natural_vegetation_fire,1,natural_vegetation_fire,True,0.002390338781328064,0.9428887342544929,0.05472092696417904,0.9428887342544929
FW_01024997,21.84375,76.10624,43_152,2,other_uncertain,2,other_uncertain,True,0.2802815229915772,0.02522125585688309,0.6944972211515397,0.6944972211515397
FW_01693894,23.84163,84.9511,47_169,2,other_uncertain,2,other_uncertain,True,0.0031553097528207756,0.0902285174748951,0.906616172772284,0.906616172772284
FW_00268542,24.1816,82.57011,48_165,2,other_uncertain,2,other_uncertain,True,0.0014518501789883363,0.04113266943866711,0.9574154803823445,0.9574154803823445
FW_01445709,24.32982,86.41555,48_172,1,natural_vegetation_fire,1,natural_vegetation_fire,True,0.00039546022136937464,0.9762606475215192,0.023343892257111424,0.9762606475215192
FW_00150575,23.85774,91.93855,47_183,1,natural_vegetation_fire,1,natural_vegetation_fire,True,0.0006263549545012557,0.989584391800776,0.009789253244722868,0.989584391800776
FW_00078034,20.80428,85.25635,41_170,2,other_uncertain,2,other_uncertain,True,0.4542225825023015,0.0060023429022357825,0.5397750745954627,0.5397750745954627
FW_00130603,19.55901,79.43084,39_158,1,natural_vegetation_fire,1,natural_vegetation_fire,True,0.0013790791618705004,0.9766680865114035,0.021952834326726053,0.9766680865114035
FW_01228642,17.50393,77.96328,35_155,1,natural_vegetation_fire,1,natural_vegetation_fire,True,0.0021887291471273363,0.9082813422945376,0.08952992855833504,0.9082813422945376
FW_00468943,20.96357,85.17536,41_170,2,other_uncertain,2,other_uncertain,True,0.0006588887399664899,0.04432305766623172,0.9550180535938018,0.9550180535938018
FW_01668229,28.63288,74.62253,57_149,1,natural_vegetation_fire,1,natural_vegetation_fire,True,0.000630852726502992,0.6799961795392306,0.3193729677342663,0.6799961795392306
FW_00747171,21.79612,72.09152,43_144,2,other_uncertain,2,other_uncertain,True,0.026840730784973246,0.130841990981969,0.8423172782330577,0.8423172782330577
FW_01018605,20.96503,85.12815,41_170,2,other_uncertain,2,other_uncertain,True,0.004219484039780019,0.042945380190594754,0.9528351357696253,0.9528351357696253
FW_01539908,23.65343,80.12405,47_160,1,natural_vegetation_fire,1,natural_vegetation_fire,True,0.0016892929591250524,0.9365431331499509,0.06176757389092405,0.9365431331499509
FW_00137587,19.17945,76.9213,38_153,1,natural_vegetation_fire,1,natural_vegetation_fire,True,0.00195662091409574,0.8290954861895367,0.1689478928963675,0.8290954861895367
FW_00661504,15.2136,77.71165,30_155,1,natural_vegetation_fire,1,natural_vegetation_fire,True,0.0009651795089746288,0.9746521070189946,0.024382713472030696,0.9746521070189946
FW_01006655,30.47262,76.2467,60_152,1,natural_vegetation_fire,1,natural_vegetation_fire,True,0.00129155694967485,0.8208678127533047,0.17784063029702046,0.8208678127533047
FW_01484876,23.42148,68.85738,46_137,1,natural_vegetation_fire,1,natural_vegetation_fire,True,0.005945308805050012,0.8486950005125351,0.14535969068241494,0.8486950005125351
FW_01143488,15.33545,76.28509,30_152,2,other_uncertain,2,other_uncertain,True,0.06300362723112209,0.015775401676334278,0.9212209710925435,0.9212209710925435
FW_00453450,31.49099,75.22607,62_150,1,natural_vegetation_fire,1,natural_vegetation_fire,True,0.01217918188189074,0.8466434977460235,0.14117732037208575,0.8466434977460235
FW_01007112,31.47058,75.31805,62_150,2,other_uncertain,1,natural_vegetation_fire,False,0.0012266358146831354,0.7138496008283836,0.28492376335693337,0.7138496008283836
FW_01585102,32.76365,76.52468,65_153,1,natural_vegetation_fire,1,natural_vegetation_fire,True,0.0010036456069479752,0.970078404502289,0.028917949890762892,0.970078404502289
FW_01607251,24.14629,86.33273,48_172,2,other_uncertain,2,other_uncertain,True,0.10190531589913826,0.04492295283412639,0.8531717312667354,0.8531717312667354
FW_01685971,23.38181,88.27429,46_176,1,natural_vegetation_fire,1,natural_vegetation_fire,True,0.00046984577727873176,0.8785919840753543,0.12093817014736695,0.8785919840753543
FW_01086069,30.29315,76.17686,60_152,1,natural_vegetation_fire,1,natural_vegetation_fire,True,0.0009319716923235315,0.7699696431192556,0.22909838518842085,0.7699696431192556
FW_00694200,9.97433,76.37571,19_152,2,other_uncertain,2,other_uncertain,True,0.13430231416531785,0.03710439648491441,0.8285932893497677,0.8285932893497677
FW_01680444,30.23787,80.97401,60_161,2,other_uncertain,2,other_uncertain,True,0.0018806009534651218,0.10780447083809967,0.8903149282084352,0.8903149282084352
FW_01363372,24.20089,73.25463,48_146,1,natural_vegetation_fire,1,natural_vegetation_fire,True,0.0011023364975472052,0.9896081933187448,0.009289470183707791,0.9896081933187448
FW_01687871,18.10852,74.8372,36_149,1,natural_vegetation_fire,1,natural_vegetation_fire,True,0.0007512740264831377,0.948308969244163,0.05093975672935385,0.948308969244163
FW_01112668,26.23809,73.03157,52_146,1,natural_vegetation_fire,2,other_uncertain,False,0.03501481202616453,0.419203689498188,0.5457814984756474,0.5457814984756474
FW_01067152,29.42323,75.90427,58_151,1,natural_vegetation_fire,1,natural_vegetation_fire,True,0.0006585978556797083,0.9213606434844904,0.07798075865983006,0.9213606434844904
FW_00569489,24.14657,86.33004,48_172,2,other_uncertain,0,industrial_fire_candidate,False,0.4774735058140343,0.11367203772224395,0.40885445646372165,0.4774735058140343
FW_00579234,17.20601,76.22018,34_152,1,natural_vegetation_fire,1,natural_vegetation_fire,True,0.014173126161135837,0.6303354333008951,0.3554914405379689,0.6303354333008951
FW_01228098,11.70362,78.02635,23_156,2,other_uncertain,1,natural_vegetation_fire,False,0.0030228443081687555,0.7378256815440969,0.2591514741477344,0.7378256815440969
FW_00987729,31.89317,75.48376,63_150,2,other_uncertain,1,natural_vegetation_fire,False,0.0013403595957131316,0.6807296092380318,0.317930031166255,0.6807296092380318
FW_00656729,15.97865,76.68873,31_153,1,natural_vegetation_fire,1,natural_vegetation_fire,True,0.0012075006518300457,0.9096613284272377,0.08913117092093231,0.9096613284272377
FW_00501150,30.5108,74.10368,61_148,1,natural_vegetation_fire,1,natural_vegetation_fire,True,0.00404022963607121,0.897535356865935,0.09842441349799362,0.897535356865935
FW_00482052,31.11322,75.18928,62_150,1,natural_vegetation_fire,1,natural_vegetation_fire,True,0.0006589330647933805,0.953264721345686,0.04607634558952064,0.953264721345686
FW_01579668,24.15668,82.67486,48_165,2,other_uncertain,2,other_uncertain,True,0.03716008947120753,0.05948983713547975,0.9033500733933126,0.9033500733933126
FW_01706080,15.79171,76.72287,31_153,1,natural_vegetation_fire,1,natural_vegetation_fire,True,0.0011235923752990046,0.914751640322558,0.084124767302143,0.914751640322558
FW_01467848,25.10994,87.68237,50_175,1,natural_vegetation_fire,1,natural_vegetation_fire,True,0.00683537670238572,0.9537513297665818,0.03941329353103253,0.9537513297665818
FW_00007817,9.97938,79.19131,19_158,1,natural_vegetation_fire,1,natural_vegetation_fire,True,0.0008041885479816414,0.9813224601885707,0.017873351263447572,0.9813224601885707
FW_00690962,13.56874,76.84048,27_153,1,natural_vegetation_fire,1,natural_vegetation_fire,True,0.0007465769574193897,0.9131589493788864,0.08609447366369419,0.9131589493788864
FW_01504799,22.54485,86.90267,45_173,1,natural_vegetation_fire,1,natural_vegetation_fire,True,0.0018105339620915987,0.9687982366728616,0.02939122936504676,0.9687982366728616
FW_00529618,29.37842,73.97624,58_147,1,natural_vegetation_fire,1,natural_vegetation_fire,True,0.00134972004969495,0.8815939045569622,0.11705637539334297,0.8815939045569622
FW_00693316,20.96216,85.17464,41_170,2,other_uncertain,2,other_uncertain,True,0.0010925989056162788,0.040177905380811084,0.9587294957135726,0.9587294957135726
FW_00424720,24.16434,82.68044,48_165,2,other_uncertain,2,other_uncertain,True,0.0021475804597646422,0.006470149535049671,0.9913822700051858,0.9913822700051858
FW_01604728,23.83289,84.92101,47_169,2,other_uncertain,2,other_uncertain,True,0.001404020534086654,0.02190984395697712,0.9766861355089361,0.9766861355089361
FW_00500950,30.44425,76.44061,60_152,1,natural_vegetation_fire,1,natural_vegetation_fire,True,0.0005116536201891766,0.9005792901052514,0.09890905627455945,0.9005792901052514
FW_00478147,31.14222,75.14062,62_150,1,natural_vegetation_fire,1,natural_vegetation_fire,True,0.00042119373294330917,0.8934023411064378,0.10617646516061886,0.8934023411064378
FW_00641782,20.96159,85.16541,41_170,2,other_uncertain,2,other_uncertain,True,0.0020585672237787046,0.017087241447355035,0.9808541913288662,0.9808541913288662
FW_00498733,30.50939,74.17825,61_148,1,natural_vegetation_fire,1,natural_vegetation_fire,True,0.0019497966706983783,0.9631889857006531,0.0348612176286484,0.9631889857006531
FW_01702928,19.80321,78.86438,39_157,1,natural_vegetation_fire,1,natural_vegetation_fire,True,0.024944507636613603,0.5132022618026022,0.4618532305607842,0.5132022618026022
FW_00148553,22.28975,78.03094,44_156,1,natural_vegetation_fire,1,natural_vegetation_fire,True,0.0008273299971338146,0.9638713364078042,0.03530133359506202,0.9638713364078042
FW_01274998,24.2765,93.65011,48_187,1,natural_vegetation_fire,1,natural_vegetation_fire,True,0.001404262727505958,0.9643549931641406,0.03424074410835345,0.9643549931641406
FW_00272194,22.99784,76.01006,45_152,1,natural_vegetation_fire,1,natural_vegetation_fire,True,0.0016418035484060973,0.8811825510878951,0.1171756453636989,0.8811825510878951
FW_01028643,20.96441,85.17475,41_170,2,other_uncertain,2,other_uncertain,True,0.0008019840932859284,0.01996374640049779,0.9792342695062164,0.9792342695062164
FW_00287044,20.68663,83.39883,41_166,1,natural_vegetation_fire,1,natural_vegetation_fire,True,0.0050422223108398554,0.9823977040230548,0.012560073666105107,0.9823977040230548
FW_01181499,34.33488,73.88017,68_147,1,natural_vegetation_fire,1,natural_vegetation_fire,True,0.0006353925306282779,0.9494562802272347,0.049908327242137014,0.9494562802272347
FW_01253854,27.45071,79.84004,54_159,1,natural_vegetation_fire,1,natural_vegetation_fire,True,0.0049348280980011,0.9393557292999645,0.055709442602034476,0.9393557292999645
FW_01565945,31.54588,75.41564,63_150,1,natural_vegetation_fire,1,natural_vegetation_fire,True,0.0028404418885675277,0.8546863818131648,0.14247317629826758,0.8546863818131648
FW_01366415,16.8503,76.9865,33_153,1,natural_vegetation_fire,1,natural_vegetation_fire,True,0.002418142093788435,0.8969901398415591,0.10059171806465246,0.8969901398415591
FW_00145226,23.53976,80.76,47_161,1,natural_vegetation_fire,1,natural_vegetation_fire,True,0.0022870258792348857,0.9702480533513343,0.02746492076943085,0.9702480533513343
FW_01221302,17.58904,77.89162,35_155,2,other_uncertain,2,other_uncertain,True,0.008211610525428924,0.3080051182449637,0.6837832712296074,0.6837832712296074
FW_00530292,30.51814,74.34889,61_148,1,natural_vegetation_fire,1,natural_vegetation_fire,True,0.0019209249966065146,0.9186195765861194,0.07945949841727414,0.9186195765861194
FW_01075689,29.93674,75.75698,59_151,1,natural_vegetation_fire,1,natural_vegetation_fire,True,0.0005232167773493311,0.8802349106317349,0.11924187259091573,0.8802349106317349
FW_01356811,23.84001,84.95155,47_169,2,other_uncertain,2,other_uncertain,True,0.0007419267353759359,0.04790306599004389,0.9513550072745801,0.9513550072745801
FW_00601868,12.19968,78.18742,24_156,1,natural_vegetation_fire,1,natural_vegetation_fire,True,0.0008374220881955922,0.9322586760662556,0.06690390184554902,0.9322586760662556
FW_00273679,22.53431,74.29438,45_148,1,natural_vegetation_fire,1,natural_vegetation_fire,True,0.0015951568789567435,0.9830836385224411,0.01532120459860216,0.9830836385224411
FW_00400710,28.32022,77.37907,56_154,2,other_uncertain,2,other_uncertain,True,0.008405783919758096,0.49006043460576026,0.5015337814744817,0.5015337814744817
FW_00612430,24.74864,94.10512,49_188,1,natural_vegetation_fire,1,natural_vegetation_fire,True,0.000499155792322774,0.976419504869931,0.023081339337746146,0.976419504869931
FW_00965780,29.73122,75.58883,59_151,1,natural_vegetation_fire,1,natural_vegetation_fire,True,0.023671625875497822,0.6587471281961212,0.31758124592838083,0.6587471281961212
FW_01474880,26.08846,78.14927,52_156,1,natural_vegetation_fire,1,natural_vegetation_fire,True,0.0027529947992329315,0.9352654462309089,0.06198155896985815,0.9352654462309089
FW_01125282,30.55723,74.25404,61_148,1,natural_vegetation_fire,1,natural_vegetation_fire,True,0.001281138070020353,0.8248912452719666,0.17382761665801327,0.8248912452719666
FW_01585423,23.83158,84.92021,47_169,2,other_uncertain,2,other_uncertain,True,0.0002494663047422009,0.009093276928114444,0.9906572567671433,0.9906572567671433
FW_00474776,22.22069,84.7592,44_169,2,other_uncertain,2,other_uncertain,True,0.022216205028349152,0.08103373068423772,0.8967500642874131,0.8967500642874131
FW_00720646,11.63729,79.17262,23_158,1,natural_vegetation_fire,1,natural_vegetation_fire,True,0.01154311095515322,0.827323145417724,0.16113374362712274,0.827323145417724
FW_00341872,31.53965,75.4905,63_150,1,natural_vegetation_fire,1,natural_vegetation_fire,True,0.0029376247653044884,0.7741897435845725,0.22287263165012303,0.7741897435845725
FW_00986660,31.05367,75.06866,62_150,1,natural_vegetation_fire,1,natural_vegetation_fire,True,0.0019034138346228598,0.8936945830229793,0.10440200314239775,0.8936945830229793
FW_01661589,30.6504,74.37807,61_148,1,natural_vegetation_fire,1,natural_vegetation_fire,True,0.0020762830294217736,0.8593179647541772,0.1386057522164009,0.8593179647541772
FW_00377854,31.29811,75.28046,62_150,1,natural_vegetation_fire,1,natural_vegetation_fire,True,0.002076080667955045,0.695852344785291,0.3020715745467538,0.695852344785291
FW_01301967,26.80978,91.72236,53_183,1,natural_vegetation_fire,1,natural_vegetation_fire,True,0.0004884469584217487,0.9598622948713466,0.03964925817023181,0.9598622948713466
FW_01535066,30.57125,74.24104,61_148,1,natural_vegetation_fire,1,natural_vegetation_fire,True,0.0012817377106963416,0.7907073174941095,0.2080109447951942,0.7907073174941095
FW_01693902,24.15254,82.6376,48_165,2,other_uncertain,2,other_uncertain,True,0.007906424331382835,0.010510249089543688,0.9815833265790735,0.9815833265790735
FW_01204693,18.89275,72.96657,37_145,0,industrial_fire_candidate,0,industrial_fire_candidate,True,0.7878588168674916,0.07276199625697242,0.13937918687553602,0.7878588168674916
FW_01604895,24.15903,82.6731,48_165,2,other_uncertain,2,other_uncertain,True,0.03027153343597894,0.01772284857394186,0.9520056179900791,0.9520056179900791
FW_01659953,22.47689,73.45734,44_146,2,other_uncertain,2,other_uncertain,True,0.012165848670336236,0.31060665163975326,0.6772274996899104,0.6772274996899104
FW_00279231,23.51007,80.06241,47_160,1,natural_vegetation_fire,1,natural_vegetation_fire,True,0.0004496426927666167,0.9742725507826305,0.025277806524602965,0.9742725507826305
FW_00469693,29.85192,75.84822,59_151,1,natural_vegetation_fire,1,natural_vegetation_fire,True,0.001421053552186678,0.9372161126998779,0.061362833747935434,0.9372161126998779
FW_01591470,23.83274,84.92346,47_169,1,natural_vegetation_fire,2,other_uncertain,False,0.00046475548661888605,0.022755079339849722,0.9767801651735314,0.9767801651735314
FW_01253900,9.98866,76.24893,19_152,2,other_uncertain,2,other_uncertain,True,0.15624954866326443,0.04077805459919058,0.8029723967375451,0.8029723967375451
FW_00413372,24.16204,82.68182,48_165,2,other_uncertain,2,other_uncertain,True,0.003202890263878534,0.03283897357345751,0.9639581361626639,0.9639581361626639
FW_01383658,19.84915,81.05395,39_162,1,natural_vegetation_fire,1,natural_vegetation_fire,True,0.0008122582156626309,0.9643962333424198,0.03479150844191761,0.9643962333424198
FW_00514521,31.02148,75.19844,62_150,1,natural_vegetation_fire,1,natural_vegetation_fire,True,0.0009348829342052545,0.9301685295801321,0.06889658748566271,0.9301685295801321
FW_00309482,24.29796,82.96501,48_165,1,natural_vegetation_fire,1,natural_vegetation_fire,True,0.0046236298773040235,0.952782444022135,0.04259392610056095,0.952782444022135
FW_00169054,25.18302,87.73447,50_175,1,natural_vegetation_fire,1,natural_vegetation_fire,True,0.001078434503178749,0.9734458805770293,0.025475684919791786,0.9734458805770293
FW_00561214,25.38415,83.44348,50_166,1,natural_vegetation_fire,1,natural_vegetation_fire,True,0.001960734548260527,0.8966822333881069,0.1013570320636326,0.8966822333881069
FW_01198132,20.96377,85.17271,41_170,2,other_uncertain,2,other_uncertain,True,0.0015011788876700463,0.011453903746046091,0.9870449173662837,0.9870449173662837
FW_01579321,31.87694,75.29175,63_150,1,natural_vegetation_fire,2,other_uncertain,False,0.05113317745601332,0.2858470345147321,0.6630197880292545,0.6630197880292545
FW_00960976,24.91891,94.00674,49_188,1,natural_vegetation_fire,1,natural_vegetation_fire,True,0.0004659136867766507,0.9849133369975094,0.014620749315713959,0.9849133369975094
FW_00835179,25.80763,89.8427,51_179,2,other_uncertain,2,other_uncertain,True,0.0009233918482706283,0.1605196275689852,0.8385569805827442,0.8385569805827442
FW_00262554,24.31626,93.82697,48_187,1,natural_vegetation_fire,1,natural_vegetation_fire,True,0.0012846341170476355,0.9479300337842688,0.05078533209868354,0.9479300337842688
FW_01308204,20.96551,85.08496,41_170,2,other_uncertain,2,other_uncertain,True,0.005483063975543667,0.042407043344940866,0.9521098926795154,0.9521098926795154
FW_00652709,13.20427,76.23386,26_152,1,natural_vegetation_fire,1,natural_vegetation_fire,True,0.004095385606673386,0.9511207410725923,0.04478387332073446,0.9511207410725923
FW_00999146,16.84582,76.90887,33_153,1,natural_vegetation_fire,1,natural_vegetation_fire,True,0.0031457502518554012,0.778743634524905,0.21811061522323955,0.778743634524905
FW_00490146,31.04918,75.36334,62_150,1,natural_vegetation_fire,1,natural_vegetation_fire,True,0.001987284765171454,0.8257657597761898,0.17224695545863877,0.8257657597761898
FW_00990009,26.24999,78.34474,52_156,1,natural_vegetation_fire,1,natural_vegetation_fire,True,0.0036130840437888553,0.9053884967008395,0.09099841925537142,0.9053884967008395
FW_00328485,30.48002,76.21468,60_152,1,natural_vegetation_fire,1,natural_vegetation_fire,True,0.0008110831079667859,0.9198812846451215,0.07930763224691154,0.9198812846451215
FW_00003577,13.82489,76.76698,27_153,1,natural_vegetation_fire,2,other_uncertain,False,0.09518407437853034,0.3658245760197429,0.5389913496017267,0.5389913496017267
FW_01160475,24.12104,86.35464,48_172,2,other_uncertain,2,other_uncertain,True,0.009653964815212648,0.03088872731139224,0.9594573078733952,0.9594573078733952
FW_00216373,15.9081,76.56163,31_153,1,natural_vegetation_fire,2,other_uncertain,False,0.03939866954271129,0.4405742119697139,0.5200271184875748,0.5200271184875748
FW_01123904,30.58161,74.26002,61_148,1,natural_vegetation_fire,1,natural_vegetation_fire,True,0.001841391475094238,0.7814742791039342,0.21668432942097157,0.7814742791039342
FW_00630298,26.96133,77.74268,53_155,2,other_uncertain,2,other_uncertain,True,0.007165470476257684,0.3176156670309694,0.6752188624927729,0.6752188624927729
FW_01242286,22.82663,74.8866,45_149,1,natural_vegetation_fire,1,natural_vegetation_fire,True,0.0009600729154579056,0.8171072435442989,0.1819326835402432,0.8171072435442989
FW_00981331,23.63572,80.97591,47_161,1,natural_vegetation_fire,1,natural_vegetation_fire,True,0.002966434531289003,0.9130755805855574,0.08395798488315352,0.9130755805855574
FW_01457847,22.35337,84.11575,44_168,1,natural_vegetation_fire,1,natural_vegetation_fire,True,0.0016615211215370866,0.9881225522322757,0.010215926646187316,0.9881225522322757
FW_00723200,22.27154,85.86731,44_171,1,natural_vegetation_fire,1,natural_vegetation_fire,True,0.0009556485889815365,0.9771503140600337,0.021894037350984802,0.9771503140600337
FW_01385858,25.51908,90.49319,51_180,1,natural_vegetation_fire,1,natural_vegetation_fire,True,0.00028605678153262526,0.992749496984811,0.006964446233656337,0.992749496984811
FW_01423720,24.22363,93.81745,48_187,1,natural_vegetation_fire,1,natural_vegetation_fire,True,0.0005632384789772511,0.9854249377295863,0.014011823791436541,0.9854249377295863
FW_01499244,25.33366,83.4127,50_166,1,natural_vegetation_fire,1,natural_vegetation_fire,True,0.0008398391827055991,0.8969799837260298,0.10218017709126467,0.8969799837260298
FW_01498776,24.17761,82.65237,48_165,2,other_uncertain,2,other_uncertain,True,0.04580173040502146,0.09925625507818214,0.8549420145167964,0.8549420145167964
FW_00944667,25.49248,82.28103,50_164,1,natural_vegetation_fire,1,natural_vegetation_fire,True,0.009929772394868398,0.8578269649864714,0.13224326261866026,0.8578269649864714
FW_00975461,31.55498,75.28968,63_150,1,natural_vegetation_fire,1,natural_vegetation_fire,True,0.007165806192555308,0.508602226745699,0.4842319670617457,0.508602226745699
FW_01489196,27.23749,83.6543,54_167,1,natural_vegetation_fire,1,natural_vegetation_fire,True,0.006073880123740152,0.8532145636815831,0.14071155619467665,0.8532145636815831
FW_00946141,22.1026,75.52386,44_151,1,natural_vegetation_fire,1,natural_vegetation_fire,True,0.0017476919163019492,0.9070067051176499,0.09124560296604832,0.9070067051176499
FW_01599220,22.41145,71.33476,44_142,1,natural_vegetation_fire,2,other_uncertain,False,0.02792326320365874,0.17729049022621746,0.7947862465701238,0.7947862465701238
FW_00134837,24.27845,92.58045,48_185,1,natural_vegetation_fire,1,natural_vegetation_fire,True,0.000263740214052492,0.9848491087577775,0.01488715102816982,0.9848491087577775
FW_01521900,13.87282,76.74097,27_153,1,natural_vegetation_fire,2,other_uncertain,False,0.015466279738530132,0.10761842073742323,0.8769152995240466,0.8769152995240466
FW_00001017,20.78942,85.2653,41_170,2,other_uncertain,2,other_uncertain,True,0.0711269461372768,0.023946278398434398,0.9049267754642888,0.9049267754642888
FW_00054750,20.9668,85.17242,41_170,2,other_uncertain,2,other_uncertain,True,0.0008873525929607272,0.04239258958954111,0.9567200578174981,0.9567200578174981
FW_01573291,31.81805,75.00137,63_150,1,natural_vegetation_fire,1,natural_vegetation_fire,True,0.056051729150412066,0.7726616127015501,0.17128665814803784,0.7726616127015501
FW_01610087,26.25335,73.00475,52_146,2,other_uncertain,2,other_uncertain,True,0.1458249495490148,0.04306837486092882,0.8111066755900563,0.8111066755900563
FW_00036538,20.96523,85.17097,41_170,2,other_uncertain,2,other_uncertain,True,0.0010463008633875648,0.018381867732584177,0.9805718314040284,0.9805718314040284
FW_01459067,27.39613,83.96035,54_167,1,natural_vegetation_fire,1,natural_vegetation_fire,True,0.0019397242339744712,0.8784795590219461,0.11958071674407939,0.8784795590219461
FW_00284020,27.21222,83.53101,54_167,1,natural_vegetation_fire,1,natural_vegetation_fire,True,0.0019023318435336825,0.9079757611280876,0.09012190702837886,0.9079757611280876
FW_01160818,15.84732,76.67569,31_153,1,natural_vegetation_fire,1,natural_vegetation_fire,True,0.0008324828109995641,0.9657355547354386,0.0334319624535619,0.9657355547354386
FW_00575764,28.83421,76.44641,57_152,1,natural_vegetation_fire,1,natural_vegetation_fire,True,0.0011684995503199358,0.7246071028403802,0.27422439760929973,0.7246071028403802
FW_01029830,16.10882,74.17201,32_148,1,natural_vegetation_fire,1,natural_vegetation_fire,True,0.0014305768172881224,0.650874170103154,0.3476952530795579,0.650874170103154
FW_00074052,30.4454,76.96435,60_153,1,natural_vegetation_fire,1,natural_vegetation_fire,True,0.0016132775558149919,0.9559598367453573,0.04242688569882779,0.9559598367453573
FW_00191623,22.29406,80.24976,44_160,1,natural_vegetation_fire,1,natural_vegetation_fire,True,0.0006575542786905501,0.9722189729540537,0.02712347276725564,0.9722189729540537
FW_00054037,18.37984,77.47759,36_154,1,natural_vegetation_fire,1,natural_vegetation_fire,True,0.001407874071414883,0.9343507832451883,0.06424134268339682,0.9343507832451883
FW_00449430,20.97512,85.14832,41_170,2,other_uncertain,2,other_uncertain,True,0.009028364742156295,0.1148097647883825,0.8761618704694611,0.8761618704694611
FW_01446734,27.20144,83.67944,54_167,1,natural_vegetation_fire,1,natural_vegetation_fire,True,0.0008416803609905572,0.9237690966335186,0.07538922300549078,0.9237690966335186
FW_01260226,19.91509,79.3077,39_158,2,other_uncertain,2,other_uncertain,True,0.004790042972509516,0.0500587423605478,0.9451512146669426,0.9451512146669426
FW_00517504,30.62043,74.27608,61_148,2,other_uncertain,2,other_uncertain,True,0.0017108363033351416,0.4777374576095383,0.5205517060871265,0.5205517060871265
FW_00966743,31.06094,75.48123,62_150,1,natural_vegetation_fire,1,natural_vegetation_fire,True,0.09023891238928664,0.5645308882546394,0.34523019935607396,0.5645308882546394
FW_00073669,23.89561,92.78146,47_185,1,natural_vegetation_fire,1,natural_vegetation_fire,True,0.0011008138878936227,0.9910426173369407,0.00785656877516568,0.9910426173369407
FW_00240490,14.10658,79.39086,28_158,1,natural_vegetation_fire,1,natural_vegetation_fire,True,0.0018445498093587088,0.9734985459387271,0.024656904251914153,0.9734985459387271
FW_01706089,15.84671,76.64848,31_153,1,natural_vegetation_fire,1,natural_vegetation_fire,True,0.0006150996415092472,0.9590837733886035,0.0403011269698873,0.9590837733886035
FW_00403966,24.14609,82.65779,48_165,2,other_uncertain,2,other_uncertain,True,0.0018821219625078638,0.009169672391967155,0.988948205645525,0.988948205645525
FW_01609309,15.33483,76.28552,30_152,2,other_uncertain,2,other_uncertain,True,0.03339810448094499,0.04079542099556043,0.9258064745234945,0.9258064745234945
FW_00635141,20.95404,85.05161,41_170,1,natural_vegetation_fire,2,other_uncertain,False,0.006063311134562618,0.043981881495364146,0.9499548073700732,0.9499548073700732
FW_00567914,22.39192,85.77091,44_171,2,other_uncertain,2,other_uncertain,True,0.009324660036022734,0.1019336011207455,0.8887417388432318,0.8887417388432318
FW_01204044,23.82605,84.92926,47_169,1,natural_vegetation_fire,2,other_uncertain,False,0.0010046973910755486,0.039706737367087755,0.9592885652418367,0.9592885652418367
FW_00982540,30.16538,76.50697,60_153,1,natural_vegetation_fire,1,natural_vegetation_fire,True,0.0010417378694226498,0.8870012438362167,0.11195701829436064,0.8870012438362167
FW_00047667,24.44883,93.81615,48_187,1,natural_vegetation_fire,1,natural_vegetation_fire,True,0.0017984484763950885,0.9361754884381122,0.062026063085492786,0.9361754884381122
FW_00037859,15.91496,77.36283,31_154,2,other_uncertain,2,other_uncertain,True,0.000983850894428512,0.02320151362064332,0.9758146354849283,0.9758146354849283
FW_00856184,24.18107,74.48116,48_148,1,natural_vegetation_fire,1,natural_vegetation_fire,True,0.0027402342531923324,0.9595185555207741,0.0377412102260337,0.9595185555207741
FW_01218153,28.00658,78.8323,56_157,1,natural_vegetation_fire,1,natural_vegetation_fire,True,0.01802386687326641,0.8076291841112337,0.17434694901549977,0.8076291841112337
FW_01042095,23.82642,84.91885,47_169,2,other_uncertain,2,other_uncertain,True,0.0014395237716428439,0.12194120027885903,0.8766192759494982,0.8766192759494982
FW_00356282,31.3284,75.05884,62_150,1,natural_vegetation_fire,1,natural_vegetation_fire,True,0.0004629887707892103,0.9359176046548612,0.0636194065743497,0.9359176046548612
FW_00413374,24.16446,82.68134,48_165,2,other_uncertain,2,other_uncertain,True,0.0018162153291890536,0.005729427654508099,0.9924543570163028,0.9924543570163028
FW_00402551,24.16508,82.67937,48_165,2,other_uncertain,2,other_uncertain,True,0.0032545323390955326,0.010787083623177098,0.9859583840377273,0.9859583840377273
FW_00260145,17.46419,80.99504,34_161,1,natural_vegetation_fire,2,other_uncertain,False,0.00621768440530777,0.36084502362819665,0.6329372919664956,0.6329372919664956
FW_00523035,20.96317,85.18188,41_170,2,other_uncertain,2,other_uncertain,True,0.0023531611729750955,0.0152005967044655,0.9824462421225594,0.9824462421225594
FW_01102167,24.20433,82.71319,48_165,2,other_uncertain,2,other_uncertain,True,0.04211681098627766,0.07247088361687831,0.885412305396844,0.885412305396844
FW_01143314,19.97161,79.08947,39_158,2,other_uncertain,2,other_uncertain,True,0.005597836864508298,0.2003959962488946,0.7940061668865972,0.7940061668865972
FW_00975002,30.51791,74.09464,61_148,1,natural_vegetation_fire,1,natural_vegetation_fire,True,0.0019830515385260714,0.7957999659211187,0.20221698254035525,0.7957999659211187
FW_01163763,20.96237,85.16484,41_170,2,other_uncertain,2,other_uncertain,True,0.004291449099663225,0.0561435283581285,0.9395650225422083,0.9395650225422083
FW_01300198,18.16431,74.54538,36_149,1,natural_vegetation_fire,1,natural_vegetation_fire,True,0.004102747783508299,0.7810656381638629,0.21483161405262893,0.7810656381638629
FW_00070682,24.10651,74.08129,48_148,1,natural_vegetation_fire,1,natural_vegetation_fire,True,0.0008337646118510442,0.9782685353633227,0.02089770002482619,0.9782685353633227
FW_01563092,31.52365,75.18919,63_150,1,natural_vegetation_fire,1,natural_vegetation_fire,True,0.051788550303141064,0.6708587411434016,0.2773527085534575,0.6708587411434016
FW_01535761,24.15621,82.60159,48_165,2,other_uncertain,2,other_uncertain,True,0.0075214010570962475,0.18079191453679558,0.8116866844061081,0.8116866844061081
FW_00393295,31.60783,75.01052,63_150,1,natural_vegetation_fire,1,natural_vegetation_fire,True,0.0021577097211580858,0.7428076840018836,0.25503460627695834,0.7428076840018836
FW_00254996,14.47878,79.02874,28_158,1,natural_vegetation_fire,1,natural_vegetation_fire,True,0.001038847070611815,0.9750887040161008,0.02387244891328729,0.9750887040161008
FW_00438306,23.82723,84.91801,47_169,2,other_uncertain,2,other_uncertain,True,0.001989735334774737,0.04416726313147423,0.953843001533751,0.953843001533751
FW_00756265,19.40431,82.72701,38_165,1,natural_vegetation_fire,1,natural_vegetation_fire,True,0.0007300731252251832,0.9746793004015679,0.024590626473206898,0.9746793004015679
FW_01586772,26.5753,85.7665,53_171,1,natural_vegetation_fire,1,natural_vegetation_fire,True,0.0037767572151471964,0.7341932362486925,0.26203000653616026,0.7341932362486925
FW_01265132,15.31686,77.01949,30_154,1,natural_vegetation_fire,1,natural_vegetation_fire,True,0.0003562197357098771,0.9417652175925743,0.05787856267171582,0.9417652175925743
FW_00456915,14.60561,78.52099,29_157,2,other_uncertain,2,other_uncertain,True,0.043919745829550945,0.023347602237041666,0.9327326519334074,0.9327326519334074
FW_00883172,17.14782,78.22298,34_156,1,natural_vegetation_fire,2,other_uncertain,False,0.002497198114886662,0.3215450166026194,0.675957785282494,0.675957785282494
FW_00841046,20.79779,85.25469,41_170,2,other_uncertain,2,other_uncertain,True,0.15810571759205927,0.030530310881099004,0.8113639715268418,0.8113639715268418
FW_00679185,21.49523,74.50589,42_149,1,natural_vegetation_fire,1,natural_vegetation_fire,True,0.0011039701755543837,0.9622661975435974,0.036629832280848054,0.9622661975435974
FW_00473402,30.38884,76.36508,60_152,1,natural_vegetation_fire,1,natural_vegetation_fire,True,0.0015692801332412734,0.831402434080382,0.16702828578637685,0.831402434080382
FW_00581435,20.96485,85.18085,41_170,2,other_uncertain,2,other_uncertain,True,0.0010472830026380425,0.02048729156214468,0.9784654254352172,0.9784654254352172
FW_01060132,20.96247,85.17644,41_170,2,other_uncertain,2,other_uncertain,True,0.0020290942876587574,0.0340736654425294,0.9638972402698119,0.9638972402698119
FW_01541000,31.99657,75.33087,63_150,1,natural_vegetation_fire,1,natural_vegetation_fire,True,0.0015932974836210959,0.8635311255556317,0.13487557696074715,0.8635311255556317
FW_01030212,20.96632,85.17596,41_170,2,other_uncertain,2,other_uncertain,True,0.0008023540134712629,0.045097845551927744,0.954099800434601,0.954099800434601
FW_00769470,15.31509,74.46581,30_148,1,natural_vegetation_fire,1,natural_vegetation_fire,True,0.0006076063928651822,0.9857177161831602,0.013674677423974572,0.9857177161831602
FW_01572491,23.84159,84.95387,47_169,2,other_uncertain,2,other_uncertain,True,0.0005575928720329004,0.06563896427402284,0.9338034428539442,0.9338034428539442
FW_00414861,17.21463,82.37589,34_164,1,natural_vegetation_fire,1,natural_vegetation_fire,True,0.0010249980796449391,0.8390876684936371,0.1598873334267181,0.8390876684936371
FW_01470796,27.24109,83.54346,54_167,1,natural_vegetation_fire,1,natural_vegetation_fire,True,0.00026719399197908426,0.9786944152430712,0.0210383907649496,0.9786944152430712
FW_00189150,23.69589,84.8522,47_169,1,natural_vegetation_fire,1,natural_vegetation_fire,True,0.0007156583747405171,0.9399225130793903,0.05936182854586907,0.9399225130793903
FW_01316288,21.55362,76.45106,43_152,1,natural_vegetation_fire,1,natural_vegetation_fire,True,0.0022078898991222374,0.9892157782443015,0.0085763318565762,0.9892157782443015
FW_01309931,24.34813,73.73278,48_147,0,industrial_fire_candidate,1,natural_vegetation_fire,False,0.13123111775448915,0.6123324128179933,0.2564364694275174,0.6123324128179933
FW_00354035,18.85812,72.92815,37_145,0,industrial_fire_candidate,2,other_uncertain,False,0.30921446476385467,0.03597095793679607,0.6548145772993493,0.6548145772993493
FW_01113483,29.97414,75.68159,59_151,1,natural_vegetation_fire,1,natural_vegetation_fire,True,0.001561913066580598,0.7486181438587606,0.24981994307465874,0.7486181438587606
FW_00446692,18.86095,72.92525,37_145,0,industrial_fire_candidate,2,other_uncertain,False,0.17790396798002706,0.04403645676692923,0.7780595752530437,0.7780595752530437
FW_00484203,30.2098,76.05319,60_152,1,natural_vegetation_fire,1,natural_vegetation_fire,True,0.0009489319320928476,0.9061165848073548,0.0929344832605522,0.9061165848073548
FW_01040521,8.06272,93.58321,16_187,1,natural_vegetation_fire,1,natural_vegetation_fire,True,0.0005221473228318069,0.9873803040312156,0.0120975486459526,0.9873803040312156
FW_00524917,22.45924,73.43369,44_146,1,natural_vegetation_fire,1,natural_vegetation_fire,True,0.09522208722300843,0.7550345980063863,0.1497433147706052,0.7550345980063863
FW_01338718,9.48003,76.47849,18_152,2,other_uncertain,1,natural_vegetation_fire,False,0.002627559840427179,0.8634186921274605,0.13395374803211216,0.8634186921274605
FW_00177974,23.74031,84.93459,47_169,1,natural_vegetation_fire,1,natural_vegetation_fire,True,0.0020097718564423793,0.9143401336364785,0.08365009450707922,0.9143401336364785
FW_00769739,12.31756,75.42336,24_150,1,natural_vegetation_fire,1,natural_vegetation_fire,True,0.00034629024106885056,0.9879718431819913,0.011681866576939925,0.9879718431819913
FW_00388927,20.97758,85.1458,41_170,2,other_uncertain,2,other_uncertain,True,0.001008788117503097,0.035705435757678324,0.9632857761248187,0.9632857761248187
FW_01686517,26.8257,85.58044,53_171,1,natural_vegetation_fire,1,natural_vegetation_fire,True,0.004634856676746035,0.8087230457235463,0.18664209759970762,0.8087230457235463
FW_00713132,14.32617,78.23088,28_156,1,natural_vegetation_fire,1,natural_vegetation_fire,True,0.0027736741175332555,0.9163534633674267,0.08087286251504013,0.9163534633674267
FW_01619470,26.84373,72.44427,53_144,1,natural_vegetation_fire,1,natural_vegetation_fire,True,0.0008725265603550987,0.9549052480595877,0.0442222253800573,0.9549052480595877
FW_00148073,21.16642,70.07899,42_140,1,natural_vegetation_fire,1,natural_vegetation_fire,True,0.0010070827579642578,0.9584605164541304,0.0405324007879051,0.9584605164541304
FW_01135260,20.79852,85.26079,41_170,2,other_uncertain,2,other_uncertain,True,0.1611822970517921,0.00735677181623976,0.8314609311319681,0.8314609311319681
FW_01204054,24.19112,82.57591,48_165,2,other_uncertain,2,other_uncertain,True,0.004313293858347226,0.029695226986185257,0.9659914791554675,0.9659914791554675
FW_00159918,20.84996,83.28058,41_166,1,natural_vegetation_fire,1,natural_vegetation_fire,True,0.0008820058038153929,0.9897217554046619,0.009396238791522812,0.9897217554046619
FW_00044475,25.09546,82.36019,50_164,1,natural_vegetation_fire,1,natural_vegetation_fire,True,0.09602183541434128,0.497287927877992,0.4066902367076668,0.497287927877992
FW_01487873,17.14769,77.2715,34_154,2,other_uncertain,2,other_uncertain,True,0.006375479729209666,0.4836511742218575,0.5099733460489329,0.5099733460489329
FW_00331104,22.90779,74.47511,45_148,1,natural_vegetation_fire,1,natural_vegetation_fire,True,0.006784966370760669,0.9470331759495472,0.04618185767969218,0.9470331759495472
FW_00512571,29.93638,75.79451,59_151,1,natural_vegetation_fire,1,natural_vegetation_fire,True,0.001457462762095629,0.8631863127477173,0.1353562244901869,0.8631863127477173
FW_00631090,13.2762,76.15199,26_152,1,natural_vegetation_fire,1,natural_vegetation_fire,True,0.0011581286408172556,0.9477561780165678,0.05108569334261494,0.9477561780165678
FW_00362511,31.53962,75.48128,63_150,1,natural_vegetation_fire,1,natural_vegetation_fire,True,0.00533723242215286,0.9556045531611777,0.03905821441666947,0.9556045531611777
FW_00609098,15.17205,76.37645,30_152,0,industrial_fire_candidate,2,other_uncertain,False,0.21504991166780943,0.006214760037713874,0.7787353282944767,0.7787353282944767
FW_01253127,24.11786,92.70221,48_185,1,natural_vegetation_fire,1,natural_vegetation_fire,True,0.00033147453172983356,0.9919121762366844,0.0077563492315856465,0.9919121762366844
FW_00361634,30.27559,76.70881,60_153,1,natural_vegetation_fire,1,natural_vegetation_fire,True,0.0015959716660106516,0.8829797613276777,0.11542426700631171,0.8829797613276777
FW_00823548,25.76454,90.44327,51_180,1,natural_vegetation_fire,1,natural_vegetation_fire,True,0.0003597061835706634,0.9813127725867021,0.018327521229727316,0.9813127725867021
FW_00292463,22.43399,80.05249,44_160,2,other_uncertain,1,natural_vegetation_fire,False,0.004555968129230412,0.827523597708188,0.16792043416258146,0.827523597708188
FW_01661604,30.70331,74.32451,61_148,1,natural_vegetation_fire,1,natural_vegetation_fire,True,0.0011684740351285338,0.8018764402850764,0.196955085679795,0.8018764402850764
FW_01171311,23.43169,68.71088,46_137,2,other_uncertain,2,other_uncertain,True,0.06750080944836047,0.10307501982383709,0.8294241707278024,0.8294241707278024
FW_00566712,25.93541,74.88271,51_149,1,natural_vegetation_fire,1,natural_vegetation_fire,True,0.004475184164246121,0.9144483654883845,0.08107645034736959,0.9144483654883845
FW_01593518,12.28704,79.81596,24_159,2,other_uncertain,1,natural_vegetation_fire,False,0.001301877188439261,0.785365774989355,0.21333234782220573,0.785365774989355
FW_00753446,25.15853,86.46292,50_172,1,natural_vegetation_fire,1,natural_vegetation_fire,True,0.0006603080180805741,0.9585669895875154,0.040772702394404045,0.9585669895875154
FW_01575813,31.80579,75.48994,63_150,1,natural_vegetation_fire,1,natural_vegetation_fire,True,0.0014232047133268554,0.8915117579268078,0.10706503735986549,0.8915117579268078
FW_00755397,22.12579,85.53089,44_171,1,natural_vegetation_fire,1,natural_vegetation_fire,True,0.004835843148156566,0.8863811747452217,0.10878298210662178,0.8863811747452217
FW_01398262,23.83003,84.93109,47_169,1,natural_vegetation_fire,2,other_uncertain,False,0.00023246307288465862,0.02045861124756042,0.9793089256795549,0.9793089256795549
FW_00459008,31.11325,75.1868,62_150,1,natural_vegetation_fire,1,natural_vegetation_fire,True,0.0006752491301855464,0.8723113179824002,0.12701343288741423,0.8723113179824002
FW_00902676,13.50649,76.89873,27_153,1,natural_vegetation_fire,1,natural_vegetation_fire,True,0.004018087250562485,0.9315557349833126,0.064426177766125,0.9315557349833126
FW_00994277,31.6402,75.01424,63_150,1,natural_vegetation_fire,1,natural_vegetation_fire,True,0.005505333881346317,0.8499845540267432,0.1445101120919103,0.8499845540267432
FW_00323987,15.11953,77.66411,30_155,1,natural_vegetation_fire,1,natural_vegetation_fire,True,0.003975716861715001,0.9453381396820931,0.05068614345619165,0.9453381396820931
FW_01472627,19.4368,82.98998,38_165,1,natural_vegetation_fire,1,natural_vegetation_fire,True,0.0010774916703953212,0.9919216415533579,0.007000866776246683,0.9919216415533579
FW_01122898,19.34321,81.90171,38_163,1,natural_vegetation_fire,1,natural_vegetation_fire,True,0.0012826768011572258,0.9431191414552996,0.0555981817435432,0.9431191414552996
FW_00426888,18.85685,72.92874,37_145,0,industrial_fire_candidate,2,other_uncertain,False,0.32971051355492037,0.04467266990101452,0.6256168165440652,0.6256168165440652
FW_00809145,19.4718,85.14005,38_170,1,natural_vegetation_fire,1,natural_vegetation_fire,True,0.0049820607484998445,0.9524546288495732,0.04256331040192694,0.9524546288495732
FW_00267740,24.44654,82.95349,48_165,2,other_uncertain,0,industrial_fire_candidate,False,0.5333282149303994,0.17649926998777518,0.29017251508182546,0.5333282149303994
FW_01061225,10.12132,78.7746,20_157,1,natural_vegetation_fire,1,natural_vegetation_fire,True,0.0011450843487267022,0.9258199148335055,0.07303500081776804,0.9258199148335055
FW_00721411,15.16166,76.48633,30_152,1,natural_vegetation_fire,1,natural_vegetation_fire,True,0.002189641056209395,0.8945041229116453,0.10330623603214523,0.8945041229116453
FW_00563456,19.056,75.38625,38_150,1,natural_vegetation_fire,1,natural_vegetation_fire,True,0.0007901379602410087,0.8654629792589885,0.13374688278077063,0.8654629792589885
FW_00449941,25.41418,86.02704,50_172,0,industrial_fire_candidate,0,industrial_fire_candidate,True,0.5003003824494371,0.01634686946790669,0.4833527480826562,0.5003003824494371
FW_01305234,16.43227,74.14513,32_148,1,natural_vegetation_fire,0,industrial_fire_candidate,False,0.4671898971921777,0.07707962875178057,0.45573047405604183,0.4671898971921777
FW_01624843,31.312,75.18539,62_150,1,natural_vegetation_fire,1,natural_vegetation_fire,True,0.005588105621603071,0.5396819063726593,0.45472998800573755,0.5396819063726593
FW_01045093,31.93155,77.70431,63_155,2,other_uncertain,1,natural_vegetation_fire,False,0.00047833358129268543,0.9387956855893791,0.06072598082932836,0.9387956855893791
FW_01694279,16.79763,76.57626,33_153,1,natural_vegetation_fire,1,natural_vegetation_fire,True,0.000541253941782826,0.9455856806781734,0.05387306538004395,0.9455856806781734
FW_01681345,21.73879,72.02348,43_144,1,natural_vegetation_fire,2,other_uncertain,False,0.03065930647720074,0.3896274168833332,0.579713276639466,0.579713276639466
FW_01198223,17.14693,78.22128,34_156,1,natural_vegetation_fire,2,other_uncertain,False,0.002609262639134816,0.32324547126514774,0.6741452660957175,0.6741452660957175
FW_01582226,23.84032,84.95078,47_169,2,other_uncertain,2,other_uncertain,True,0.0007624973259879448,0.08219185413942218,0.9170456485345899,0.9170456485345899
FW_01141856,24.1403,82.5662,48_165,2,other_uncertain,2,other_uncertain,True,0.006558643979297893,0.4057926947172602,0.587648661303442,0.587648661303442
FW_00889512,27.96667,94.70581,55_189,1,natural_vegetation_fire,1,natural_vegetation_fire,True,0.0004248010253120134,0.9910804641115772,0.008494734863110838,0.9910804641115772
FW_00223987,18.85526,72.92865,37_145,0,industrial_fire_candidate,2,other_uncertain,False,0.1949821525994485,0.08086358682837173,0.7241542605721797,0.7241542605721797
FW_00022951,26.63164,72.19241,53_144,1,natural_vegetation_fire,1,natural_vegetation_fire,True,0.0013224566602031051,0.5405531601950524,0.4581243831447446,0.5405531601950524
FW_00616741,19.7865,79.14897,39_158,0,industrial_fire_candidate,2,other_uncertain,False,0.07992578400819281,0.01027342024644706,0.9098007957453601,0.9098007957453601
FW_00576690,19.00845,81.84534,38_163,1,natural_vegetation_fire,2,other_uncertain,False,0.004549825833089481,0.4792778777880651,0.5161722963788454,0.5161722963788454
FW_00023320,20.79338,85.25155,41_170,2,other_uncertain,2,other_uncertain,True,0.059523285617059385,0.008795376823738479,0.931681337559202,0.931681337559202
FW_00243858,24.53769,79.59727,49_159,1,natural_vegetation_fire,1,natural_vegetation_fire,True,0.0018657603048847923,0.9930726506353752,0.005061589059739805,0.9930726506353752
FW_00832251,22.8418,76.15257,45_152,1,natural_vegetation_fire,2,other_uncertain,False,0.001802003681523544,0.38644081399997177,0.6117571823185046,0.6117571823185046
FW_00071056,20.95333,85.01206,41_170,2,other_uncertain,2,other_uncertain,True,0.0014177417954925416,0.009716530095192705,0.9888657281093146,0.9888657281093146
FW_01166223,20.97073,85.17713,41_170,2,other_uncertain,2,other_uncertain,True,0.002343986348164028,0.07220148002478655,0.9254545336270494,0.9254545336270494
FW_01689981,22.36684,73.11494,44_146,0,industrial_fire_candidate,0,industrial_fire_candidate,True,0.5548925844982882,0.024798392338827045,0.4203090231628848,0.5548925844982882
FW_01301371,17.32969,77.49207,34_154,1,natural_vegetation_fire,2,other_uncertain,False,0.06333074904326119,0.08249061857043717,0.8541786323863017,0.8541786323863017
FW_00041370,22.08752,73.17419,44_146,2,other_uncertain,2,other_uncertain,True,0.028728824228960538,0.34263007316888733,0.6286411026021521,0.6286411026021521
FW_00630238,25.51151,94.71227,51_189,1,natural_vegetation_fire,1,natural_vegetation_fire,True,0.00030454765191331544,0.9844184916674202,0.015276960680666342,0.9844184916674202
FW_01707475,27.66092,94.97331,55_189,1,natural_vegetation_fire,1,natural_vegetation_fire,True,0.0009190088857470517,0.9753019645232635,0.02377902659098965,0.9753019645232635
FW_01059904,20.78804,85.26164,41_170,2,other_uncertain,2,other_uncertain,True,0.020440762797212964,0.01126014101408082,0.9682990961887062,0.9682990961887062
FW_00815052,15.1668,76.37924,30_152,0,industrial_fire_candidate,2,other_uncertain,False,0.14336603933117242,0.012976646654204909,0.8436573140146226,0.8436573140146226
FW_00747438,22.13351,85.93083,44_171,1,natural_vegetation_fire,1,natural_vegetation_fire,True,0.0017866335965169313,0.9763732729967146,0.02184009340676843,0.9763732729967146
FW_00489640,30.67554,74.45147,61_148,1,natural_vegetation_fire,1,natural_vegetation_fire,True,0.0008755233393088681,0.9185572782266154,0.08056719843407571,0.9185572782266154
FW_01470834,27.28751,83.67272,54_167,1,natural_vegetation_fire,1,natural_vegetation_fire,True,0.019637103856435634,0.7015634201437144,0.27879947599984983,0.7015634201437144
FW_00942486,25.11264,80.86523,50_161,1,natural_vegetation_fire,1,natural_vegetation_fire,True,0.00114030053213204,0.9580054684344999,0.040854231033368,0.9580054684344999
FW_00016171,17.14538,78.22143,34_156,1,natural_vegetation_fire,2,other_uncertain,False,0.0023065467594008122,0.15447553601659197,0.8432179172240072,0.8432179172240072
FW_01686313,25.31011,83.81406,50_167,1,natural_vegetation_fire,1,natural_vegetation_fire,True,0.0006239055803960894,0.9536446094292441,0.04573148499035982,0.9536446094292441
FW_01702851,22.39061,73.11501,44_146,2,other_uncertain,2,other_uncertain,True,0.2523132923386112,0.03086702923176623,0.7168196784296226,0.7168196784296226
FW_00490806,15.30857,76.25442,30_152,0,industrial_fire_candidate,1,natural_vegetation_fire,False,0.02864453871244806,0.5744181210465239,0.39693734024102806,0.5744181210465239
FW_01455657,25.26287,83.93932,50_167,1,natural_vegetation_fire,1,natural_vegetation_fire,True,0.001165958398216592,0.961500179700582,0.03733386190120139,0.961500179700582
FW_01620394,30.4211,76.65466,60_153,1,natural_vegetation_fire,1,natural_vegetation_fire,True,0.003599605998212415,0.6843663125165095,0.31203408148527806,0.6843663125165095
FW_00679577,28.46517,77.1487,56_154,2,other_uncertain,1,natural_vegetation_fire,False,0.002133940467861292,0.5645899717753518,0.4332760877567869,0.5645899717753518
FW_01191588,27.3766,95.08549,54_190,1,natural_vegetation_fire,2,other_uncertain,False,0.013208441317791303,0.4681195048778413,0.5186720538043674,0.5186720538043674
FW_01524599,31.57058,75.47221,63_150,1,natural_vegetation_fire,1,natural_vegetation_fire,True,0.00043312465908495497,0.9130673121120652,0.08649956322884993,0.9130673121120652
FW_01560708,23.83008,84.93114,47_169,1,natural_vegetation_fire,2,other_uncertain,False,0.00019661525699049272,0.012923523786350692,0.9868798609566588,0.9868798609566588
FW_00257264,23.96769,84.59393,47_169,1,natural_vegetation_fire,1,natural_vegetation_fire,True,0.0004239285610161652,0.9913112405342865,0.008264830904697389,0.9913112405342865
FW_00461222,31.42225,75.03741,62_150,1,natural_vegetation_fire,1,natural_vegetation_fire,True,0.006446899556409512,0.5839153058767469,0.4096377945668437,0.5839153058767469
FW_01411247,24.32882,92.59481,48_185,1,natural_vegetation_fire,1,natural_vegetation_fire,True,0.00029647848241531264,0.9822125664426118,0.01749095507497279,0.9822125664426118
FW_00141363,24.76621,94.11884,49_188,1,natural_vegetation_fire,1,natural_vegetation_fire,True,0.00038737091718268435,0.9810016143831476,0.018611014699669727,0.9810016143831476
FW_00915873,14.09233,79.45723,28_158,1,natural_vegetation_fire,1,natural_vegetation_fire,True,0.0004568882739392127,0.9929600057473181,0.0065831059787426725,0.9929600057473181
FW_00459066,31.22121,75.18107,62_150,1,natural_vegetation_fire,1,natural_vegetation_fire,True,0.03593275689638133,0.5886278330350291,0.37543941006858955,0.5886278330350291
FW_01586044,23.82827,84.92542,47_169,2,other_uncertain,2,other_uncertain,True,0.00032591082895047906,0.012127653070416404,0.9875464361006331,0.9875464361006331
FW_00855469,27.3615,83.60876,54_167,1,natural_vegetation_fire,1,natural_vegetation_fire,True,0.0009500195766435132,0.9390063247693371,0.06004365565401933,0.9390063247693371
FW_01127168,30.61915,74.35625,61_148,2,other_uncertain,1,natural_vegetation_fire,False,0.0014643981028675886,0.6541839271932683,0.3443516747038641,0.6541839271932683
FW_00207442,20.52734,79.66788,41_159,1,natural_vegetation_fire,1,natural_vegetation_fire,True,0.003297499747888899,0.9635218688955721,0.03318063135653913,0.9635218688955721
FW_00877017,20.96283,85.17496,41_170,2,other_uncertain,2,other_uncertain,True,0.0007707230499101729,0.020168429882519535,0.9790608470675704,0.9790608470675704
FW_00685105,18.70717,76.86269,37_153,1,natural_vegetation_fire,1,natural_vegetation_fire,True,0.009900288550560372,0.9280015747820232,0.06209813666741659,0.9280015747820232
FW_00005049,23.66884,84.99537,47_169,2,other_uncertain,2,other_uncertain,True,0.2777660276170404,0.21813783346431825,0.5040961389186414,0.5040961389186414
FW_01661284,29.36109,73.72443,58_147,1,natural_vegetation_fire,1,natural_vegetation_fire,True,0.0006662159557923163,0.9156445595137772,0.08368922453043055,0.9156445595137772
FW_01048315,20.96356,85.16686,41_170,2,other_uncertain,2,other_uncertain,True,0.0010365201779305386,0.032886323100884074,0.9660771567211853,0.9660771567211853
FW_01695422,25.4124,83.24373,50_166,1,natural_vegetation_fire,1,natural_vegetation_fire,True,0.0009246615116695974,0.8092472105377407,0.18982812795058965,0.8092472105377407
FW_00030789,20.79498,85.2555,41_170,2,other_uncertain,2,other_uncertain,True,0.10327073243751639,0.007901164118916134,0.8888281034435676,0.8888281034435676
FW_00465848,29.64975,75.91735,59_151,1,natural_vegetation_fire,1,natural_vegetation_fire,True,0.002946378790101891,0.9380657398827553,0.05898788132714273,0.9380657398827553
FW_01607907,20.79496,85.2571,41_170,2,other_uncertain,0,industrial_fire_candidate,False,0.560608488589924,0.02896551361734271,0.4104259977927335,0.560608488589924
FW_00387528,31.97234,75.34396,63_150,2,other_uncertain,1,natural_vegetation_fire,False,0.01824394650680763,0.8021352250341937,0.17962082845899865,0.8021352250341937
FW_00325536,24.97947,83.09702,49_166,1,natural_vegetation_fire,1,natural_vegetation_fire,True,0.0012264060663539492,0.9730181965052421,0.025755397428403947,0.9730181965052421
FW_00721542,15.48629,74.04999,30_148,1,natural_vegetation_fire,1,natural_vegetation_fire,True,0.01513821272110862,0.8976507126329846,0.0872110746459067,0.8976507126329846
FW_00079717,23.75171,92.51193,47_185,1,natural_vegetation_fire,1,natural_vegetation_fire,True,0.001287878788118917,0.9598594248686633,0.0388526963432178,0.9598594248686633
FW_00426600,12.04267,79.76869,24_159,1,natural_vegetation_fire,1,natural_vegetation_fire,True,0.005249695942537425,0.8064837583625207,0.18826654569494192,0.8064837583625207
FW_00673145,14.0985,78.2026,28_156,1,natural_vegetation_fire,1,natural_vegetation_fire,True,0.0014201031796559635,0.9234032987906347,0.07517659802970934,0.9234032987906347
FW_00457582,30.01275,76.21428,60_152,1,natural_vegetation_fire,1,natural_vegetation_fire,True,0.0010967579348771315,0.8744838713982068,0.1244193706669162,0.8744838713982068
FW_01445988,25.14535,83.34841,50_166,1,natural_vegetation_fire,1,natural_vegetation_fire,True,0.00045805003901215694,0.9438207838687526,0.05572116609223536,0.9438207838687526
FW_01470018,24.15658,82.67506,48_165,2,other_uncertain,2,other_uncertain,True,0.00748273442225264,0.05194198148755696,0.9405752840901903,0.9405752840901903
FW_00025602,20.79329,85.25465,41_170,2,other_uncertain,2,other_uncertain,True,0.06035927639860585,0.006935483349469222,0.9327052402519249,0.9327052402519249
FW_00189026,23.61428,81.18375,47_162,1,natural_vegetation_fire,1,natural_vegetation_fire,True,0.0003214566510010319,0.9657353815746273,0.033943161774371615,0.9657353815746273
FW_00190871,27.34768,76.51224,54_153,1,natural_vegetation_fire,1,natural_vegetation_fire,True,0.0011770525659108746,0.981384157771496,0.017438789662592977,0.981384157771496
FW_01643817,29.3565,73.70479,58_147,2,other_uncertain,1,natural_vegetation_fire,False,0.0006221004517727639,0.8273820296672372,0.17199586988099008,0.8273820296672372
FW_01225014,23.63393,92.86183,47_185,1,natural_vegetation_fire,1,natural_vegetation_fire,True,0.003401581909191993,0.9816990484734086,0.014899369617399554,0.9816990484734086
FW_00963910,27.31738,95.26553,54_190,1,natural_vegetation_fire,1,natural_vegetation_fire,True,0.00324370883437871,0.8609867518422065,0.1357695393234148,0.8609867518422065
FW_00822281,20.62963,79.24207,41_158,1,natural_vegetation_fire,1,natural_vegetation_fire,True,0.0027971010489365594,0.8954445863118421,0.10175831263922126,0.8954445863118421
FW_00487538,29.77163,75.94743,59_151,1,natural_vegetation_fire,1,natural_vegetation_fire,True,0.000438559822274054,0.9698252414926736,0.029736198685052295,0.9698252414926736
FW_01035362,14.36088,79.33351,28_158,1,natural_vegetation_fire,1,natural_vegetation_fire,True,0.0003876956880987992,0.9885440195680033,0.011068284743897795,0.9885440195680033
FW_00093750,20.9773,85.16867,41_170,2,other_uncertain,2,other_uncertain,True,0.0015349764339944616,0.026506625839211827,0.9719583977267938,0.9719583977267938
FW_00203699,19.69917,79.99547,39_159,1,natural_vegetation_fire,1,natural_vegetation_fire,True,0.0012041114657605297,0.9901467061559347,0.008649182378304768,0.9901467061559347
FW_01160530,20.96914,85.15866,41_170,2,other_uncertain,2,other_uncertain,True,0.021552443599327026,0.07816823687149493,0.9002793195291781,0.9002793195291781
FW_00753115,24.60114,94.13803,49_188,1,natural_vegetation_fire,1,natural_vegetation_fire,True,0.00028377388280963076,0.9897503766575131,0.009965849459677184,0.9897503766575131
FW_00032423,21.48524,70.17467,42_140,1,natural_vegetation_fire,1,natural_vegetation_fire,True,0.011395883867942077,0.9344125071488975,0.05419160898316046,0.9344125071488975
FW_00096870,15.14271,76.40674,30_152,2,other_uncertain,1,natural_vegetation_fire,False,0.004685696446007106,0.8382070340408707,0.15710726951312223,0.8382070340408707
FW_00887355,23.77405,91.85633,47_183,1,natural_vegetation_fire,1,natural_vegetation_fire,True,0.000253002353266291,0.9930753193483518,0.006671678298381739,0.9930753193483518
FW_01071117,28.32852,78.75665,56_157,2,other_uncertain,1,natural_vegetation_fire,False,0.00286321460667964,0.87974959174556,0.11738719364776028,0.87974959174556
FW_01089779,30.28899,76.07481,60_152,1,natural_vegetation_fire,1,natural_vegetation_fire,True,0.001197568960608966,0.6718204578624613,0.32698197317692973,0.6718204578624613
FW_01621022,21.90958,72.10503,43_144,2,other_uncertain,2,other_uncertain,True,0.04851777979812187,0.2152831061916983,0.7361991140101798,0.7361991140101798
FW_01162118,20.76133,85.29244,41_170,2,other_uncertain,2,other_uncertain,True,0.005667266892065831,0.14236598199577905,0.8519667511121553,0.8519667511121553
FW_01540787,30.64997,74.22192,61_148,1,natural_vegetation_fire,1,natural_vegetation_fire,True,0.0014650445188386487,0.8900699189235578,0.10846503655760344,0.8900699189235578
FW_00873456,23.80168,91.93317,47_183,1,natural_vegetation_fire,1,natural_vegetation_fire,True,0.00026360376725640094,0.9957682371778952,0.003968159054848357,0.9957682371778952
FW_00832288,22.97925,76.11827,45_152,1,natural_vegetation_fire,2,other_uncertain,False,0.020062067223429448,0.4017075468099253,0.5782303859666452,0.5782303859666452
FW_01552873,28.77179,76.24947,57_152,1,natural_vegetation_fire,1,natural_vegetation_fire,True,0.0006437827700948842,0.916372051667766,0.08298416556213906,0.916372051667766
FW_01055345,20.96748,85.15306,41_170,2,other_uncertain,2,other_uncertain,True,0.01752705485405548,0.044027713427228235,0.9384452317187164,0.9384452317187164
FW_00210528,23.98195,80.38131,47_160,1,natural_vegetation_fire,1,natural_vegetation_fire,True,0.0029128080121573236,0.9576416122506309,0.03944557973721171,0.9576416122506309
FW_00054168,22.38408,73.1041,44_146,0,industrial_fire_candidate,0,industrial_fire_candidate,True,0.4509907450024713,0.28264300543200876,0.2663662495655199,0.4509907450024713
FW_01668674,32.54308,76.48206,65_152,1,natural_vegetation_fire,1,natural_vegetation_fire,True,0.003111491233350564,0.9298208995073884,0.06706760925926095,0.9298208995073884
FW_00056223,24.18301,82.57061,48_165,2,other_uncertain,2,other_uncertain,True,0.0033471054403859334,0.11851108885968305,0.878141805699931,0.878141805699931
FW_01439434,23.93283,80.33797,47_160,1,natural_vegetation_fire,1,natural_vegetation_fire,True,0.0006705964003263799,0.9716605547964745,0.027668848803198975,0.9716605547964745
FW_00566311,22.36547,73.11723,44_146,0,industrial_fire_candidate,0,industrial_fire_candidate,True,0.6567806966681451,0.020058251761065696,0.32316105157078934,0.6567806966681451
FW_01069513,30.19245,76.40775,60_152,1,natural_vegetation_fire,1,natural_vegetation_fire,True,0.0020756245541666165,0.7901736543407062,0.20775072110512718,0.7901736543407062
FW_00508453,29.98775,75.98265,59_151,2,other_uncertain,1,natural_vegetation_fire,False,0.002019702455235799,0.5653385712198454,0.43264172632491876,0.5653385712198454
FW_01177310,22.14515,88.71176,44_177,1,natural_vegetation_fire,1,natural_vegetation_fire,True,0.0015417862362185467,0.7769103827726878,0.2215478309910937,0.7769103827726878
FW_01040137,23.83562,84.95107,47_169,2,other_uncertain,2,other_uncertain,True,0.00034253593657009046,0.025063385584809725,0.9745940784786202,0.9745940784786202
FW_01596857,23.67358,84.99565,47_169,1,natural_vegetation_fire,1,natural_vegetation_fire,True,0.06706011158251247,0.5624973482387394,0.3704425401787481,0.5624973482387394
FW_00362714,31.8454,75.35546,63_150,1,natural_vegetation_fire,1,natural_vegetation_fire,True,0.000970487559962734,0.7625509706480263,0.2364785417920109,0.7625509706480263
FW_00123955,27.46801,95.42234,54_190,1,natural_vegetation_fire,2,other_uncertain,False,0.10351428582098028,0.42756331490070615,0.46892239927831353,0.46892239927831353
FW_00343441,25.31406,83.391,50_166,1,natural_vegetation_fire,1,natural_vegetation_fire,True,0.002308135810287149,0.8691989468751813,0.1284929173145316,0.8691989468751813
FW_01513904,24.45192,73.84449,48_147,1,natural_vegetation_fire,1,natural_vegetation_fire,True,0.0017859874119943535,0.868365953388075,0.12984805919993062,0.868365953388075
FW_00013065,18.50239,76.58598,37_153,1,natural_vegetation_fire,1,natural_vegetation_fire,True,0.0054546823036704635,0.500889138516343,0.49365617917998655,0.500889138516343
FW_00898611,24.18552,93.56118,48_187,1,natural_vegetation_fire,1,natural_vegetation_fire,True,0.0007117753125231407,0.9891918501029227,0.010096374584554094,0.9891918501029227
FW_00640412,22.66029,76.43506,45_152,1,natural_vegetation_fire,1,natural_vegetation_fire,True,0.001325749894930872,0.9671920881387588,0.031482161966310256,0.9671920881387588
FW_01219421,9.96848,76.39017,19_152,2,other_uncertain,2,other_uncertain,True,0.09958866813571825,0.06552855472457954,0.8348827771397022,0.8348827771397022
FW_01286941,24.03044,92.50585,48_185,1,natural_vegetation_fire,1,natural_vegetation_fire,True,0.0002375128485658198,0.9934560073074721,0.006306479843962187,0.9934560073074721
FW_00241600,18.8555,72.92642,37_145,0,industrial_fire_candidate,2,other_uncertain,False,0.07160523368947488,0.11427203820438485,0.8141227281061404,0.8141227281061404
FW_00691432,18.85515,72.92812,37_145,0,industrial_fire_candidate,2,other_uncertain,False,0.12532901218245318,0.03895966105539609,0.8357113267621508,0.8357113267621508
FW_01680215,26.7255,85.54422,53_171,1,natural_vegetation_fire,2,other_uncertain,False,0.0023188653664017976,0.4971570754207213,0.5005240592128769,0.5005240592128769
FW_00929894,24.01218,85.21089,48_170,1,natural_vegetation_fire,1,natural_vegetation_fire,True,0.001773706818960361,0.9639266985261359,0.03429959465490364,0.9639266985261359
FW_00372608,29.60146,75.5557,59_151,1,natural_vegetation_fire,1,natural_vegetation_fire,True,0.007391518164950134,0.870354922246592,0.1222535595884577,0.870354922246592
FW_00373741,31.56054,75.45454,63_150,1,natural_vegetation_fire,1,natural_vegetation_fire,True,0.0013560150710530926,0.8120933094410692,0.18655067548787774,0.8120933094410692
FW_01178093,22.17511,88.88338,44_177,1,natural_vegetation_fire,1,natural_vegetation_fire,True,0.0010147025257149047,0.8674237785510018,0.13156151892328322,0.8674237785510018
FW_00951504,20.78987,85.26949,41_170,2,other_uncertain,2,other_uncertain,True,0.006183173142429143,0.017146381484907464,0.9766704453726635,0.9766704453726635
FW_01292354,25.53038,89.85502,51_179,1,natural_vegetation_fire,1,natural_vegetation_fire,True,0.0006660383131817717,0.9083501057231727,0.0909838559636456,0.9083501057231727
FW_01580137,20.96261,85.17207,41_170,2,other_uncertain,2,other_uncertain,True,0.000516298246965646,0.0210475053172502,0.9784361964357843,0.9784361964357843
FW_00079319,20.97542,83.08424,41_166,1,natural_vegetation_fire,1,natural_vegetation_fire,True,0.1623769423505046,0.7218042275364452,0.11581883011305007,0.7218042275364452
FW_01072170,15.33368,76.28797,30_152,2,other_uncertain,2,other_uncertain,True,0.01645731947358764,0.008459055329912151,0.9750836251965003,0.9750836251965003
FW_00983114,31.09371,75.20042,62_150,1,natural_vegetation_fire,1,natural_vegetation_fire,True,0.0011342472707234579,0.8629812088392503,0.13588454389002638,0.8629812088392503
FW_00820887,26.42065,73.43759,52_146,1,natural_vegetation_fire,1,natural_vegetation_fire,True,0.002721505909274428,0.8970324278168099,0.10024606627391573,0.8970324278168099
FW_01222503,15.31641,76.25491,30_152,0,industrial_fire_candidate,2,other_uncertain,False,0.044924590367322846,0.027207419914531045,0.9278679897181461,0.9278679897181461
FW_00136208,22.20725,84.84716,44_169,2,other_uncertain,2,other_uncertain,True,0.08940921269032942,0.015516452825816093,0.8950743344838544,0.8950743344838544
FW_00983278,31.44533,75.20916,62_150,1,natural_vegetation_fire,1,natural_vegetation_fire,True,0.0038039186372078346,0.9096228093656248,0.0865732719971675,0.9096228093656248
FW_00990958,31.89356,75.04088,63_150,1,natural_vegetation_fire,1,natural_vegetation_fire,True,0.003840133873798792,0.6272879747063138,0.3688718914198874,0.6272879747063138
FW_00701538,14.43286,79.20692,28_158,1,natural_vegetation_fire,1,natural_vegetation_fire,True,0.0003750381114353142,0.9939168725904187,0.005708089298145803,0.9939168725904187
FW_00070918,22.21545,84.84108,44_169,2,other_uncertain,2,other_uncertain,True,0.026002062701222125,0.059312456091925474,0.9146854812068524,0.9146854812068524
FW_01116066,22.77358,72.3917,45_144,1,natural_vegetation_fire,1,natural_vegetation_fire,True,0.0025877145191202443,0.5884012087759765,0.4090110767049033,0.5884012087759765
FW_00995888,20.96236,85.17624,41_170,2,other_uncertain,2,other_uncertain,True,0.0007912963846232786,0.021953751660654143,0.9772549519547226,0.9772549519547226
FW_01608509,24.20669,82.71195,48_165,2,other_uncertain,2,other_uncertain,True,0.2406449599416853,0.0717084284618202,0.6876466115964944,0.6876466115964944
FW_00484999,30.49541,76.30418,60_152,1,natural_vegetation_fire,1,natural_vegetation_fire,True,0.009043472775082308,0.6877433885526335,0.3032131386722843,0.6877433885526335
FW_00414567,20.96537,85.17915,41_170,2,other_uncertain,2,other_uncertain,True,0.0012939156114444722,0.020555740294995014,0.9781503440935605,0.9781503440935605
FW_00696960,27.0411,75.79904,54_151,2,other_uncertain,2,other_uncertain,True,0.004329799311706174,0.4362501150244719,0.5594200856638218,0.5594200856638218
FW_00857681,23.60156,91.91091,47_183,1,natural_vegetation_fire,1,natural_vegetation_fire,True,0.0003196051739342976,0.9925418782908052,0.007138516535260405,0.9925418782908052
FW_00928807,22.32934,84.28473,44_168,1,natural_vegetation_fire,1,natural_vegetation_fire,True,0.0029557739388038603,0.9870986110604374,0.009945615000758983,0.9870986110604374
FW_01521485,22.68095,88.2468,45_176,1,natural_vegetation_fire,1,natural_vegetation_fire,True,0.0058160511231867785,0.8911936891301957,0.10299025974661753,0.8911936891301957
FW_01219191,17.25783,76.33117,34_152,1,natural_vegetation_fire,1,natural_vegetation_fire,True,0.0020934715901718337,0.8161090890856061,0.18179743932422215,0.8161090890856061
FW_00061140,20.79614,85.25593,41_170,2,other_uncertain,2,other_uncertain,True,0.15342756871942245,0.010200343455396279,0.8363720878251811,0.8363720878251811
FW_01011621,24.73582,79.9752,49_159,1,natural_vegetation_fire,1,natural_vegetation_fire,True,0.0006828325121917569,0.9861048100461943,0.013212357441613776,0.9861048100461943
FW_01129287,30.59559,74.21518,61_148,1,natural_vegetation_fire,1,natural_vegetation_fire,True,0.004440192038118606,0.5116042065104235,0.483955601451458,0.5116042065104235
FW_01038337,25.31124,83.01292,50_166,2,other_uncertain,2,other_uncertain,True,0.04174794111151521,0.1011895977905482,0.8570624610979365,0.8570624610979365
FW_00839873,19.30388,76.51087,38_153,1,natural_vegetation_fire,1,natural_vegetation_fire,True,0.0028312624607221442,0.9431773861288877,0.05399135141039019,0.9431773861288877
FW_01609370,20.97673,85.1588,41_170,2,other_uncertain,2,other_uncertain,True,0.03611259446402895,0.09486264022338668,0.8690247653125844,0.8690247653125844
FW_00795423,23.78236,92.99476,47_185,1,natural_vegetation_fire,1,natural_vegetation_fire,True,0.0003803602291879137,0.9856690193408794,0.013950620429932826,0.9856690193408794
FW_01199073,24.14605,86.33326,48_172,2,other_uncertain,2,other_uncertain,True,0.41548543729820975,0.023048991013822764,0.5614655716879675,0.5614655716879675
FW_00322032,23.80423,84.84296,47_169,1,natural_vegetation_fire,2,other_uncertain,False,0.00892216805381644,0.12785433760628076,0.8632234943399028,0.8632234943399028
FW_00491688,29.96669,75.53763,59_151,1,natural_vegetation_fire,1,natural_vegetation_fire,True,0.002216321574561629,0.8362201239531808,0.16156355447225754,0.8362201239531808
FW_01070535,20.79341,85.25478,41_170,2,other_uncertain,2,other_uncertain,True,0.05122478205318957,0.009551086714596408,0.939224131232214,0.939224131232214
FW_00456416,31.23923,75.16427,62_150,1,natural_vegetation_fire,1,natural_vegetation_fire,True,0.002272997792593227,0.5991277709054424,0.3985992313019643,0.5991277709054424
FW_00008465,11.98234,79.0112,23_158,1,natural_vegetation_fire,1,natural_vegetation_fire,True,0.000602050353210467,0.9526141756872258,0.0467837739595637,0.9526141756872258
FW_00922001,24.05505,93.91272,48_187,1,natural_vegetation_fire,1,natural_vegetation_fire,True,0.002302109584160051,0.9764374789983876,0.021260411417452448,0.9764374789983876
FW_01097072,30.07209,76.04328,60_152,1,natural_vegetation_fire,1,natural_vegetation_fire,True,0.0026959710393937345,0.973621303885322,0.023682725075284277,0.973621303885322
FW_00873474,23.8139,91.74375,47_183,1,natural_vegetation_fire,1,natural_vegetation_fire,True,0.0012008939183635347,0.9839264897211873,0.014872616360449111,0.9839264897211873
FW_01479656,20.96932,85.05047,41_170,1,natural_vegetation_fire,1,natural_vegetation_fire,True,0.007852797342684292,0.9293766481041206,0.06277055455319508,0.9293766481041206
FW_00441898,22.21214,84.84133,44_169,2,other_uncertain,2,other_uncertain,True,0.011530430595530262,0.04047905017451901,0.9479905192299508,0.9479905192299508
FW_00040519,24.39133,92.76124,48_185,1,natural_vegetation_fire,1,natural_vegetation_fire,True,0.00040735090986623765,0.9837765323932072,0.015816116696926473,0.9837765323932072
FW_00643050,20.97156,85.14252,41_170,2,other_uncertain,2,other_uncertain,True,0.002131721716749034,0.012766475082525888,0.985101803200725,0.985101803200725
FW_00033765,17.32059,78.03247,34_156,1,natural_vegetation_fire,1,natural_vegetation_fire,True,0.0034482849754687407,0.9286552265862115,0.06789648843831991,0.9286552265862115
FW_00087223,14.00674,78.23985,28_156,1,natural_vegetation_fire,1,natural_vegetation_fire,True,0.0006456436166219432,0.9818082419300636,0.017546114453314367,0.9818082419300636
FW_00879993,25.01396,87.93182,50_175,1,natural_vegetation_fire,1,natural_vegetation_fire,True,0.002255649435143866,0.8914368048807774,0.1063075456840787,0.8914368048807774
FW_00072054,28.08397,96.04869,56_192,1,natural_vegetation_fire,1,natural_vegetation_fire,True,0.00036848886719607335,0.98800343442612,0.011628076706683796,0.98800343442612
FW_00349687,32.48597,74.95392,64_149,1,natural_vegetation_fire,1,natural_vegetation_fire,True,0.0006773968279385835,0.9434305272708213,0.055892075901240124,0.9434305272708213
FW_01585296,32.64676,76.76431,65_153,2,other_uncertain,1,natural_vegetation_fire,False,0.010094997674483621,0.7505433980865956,0.23936160423892078,0.7505433980865956
FW_00695879,18.73312,72.93553,37_145,1,natural_vegetation_fire,1,natural_vegetation_fire,True,0.0016360757962843525,0.852508382193844,0.1458555420098717,0.852508382193844
FW_01532341,15.16819,76.38056,30_152,0,industrial_fire_candidate,2,other_uncertain,False,0.30492258217587104,0.004078746688930771,0.6909986711351982,0.6909986711351982
FW_00446102,20.80725,85.2555,41_170,2,other_uncertain,2,other_uncertain,True,0.2153383856255167,0.007639172288669895,0.7770224420858135,0.7770224420858135
FW_01225812,20.97475,85.03444,41_170,2,other_uncertain,2,other_uncertain,True,0.09242398372362942,0.4499559840938941,0.45762003218247654,0.45762003218247654
FW_00196542,21.55819,79.48711,43_158,1,natural_vegetation_fire,1,natural_vegetation_fire,True,0.003160718046333672,0.985129521810738,0.011709760142928174,0.985129521810738
FW_00319303,18.85943,72.92653,37_145,0,industrial_fire_candidate,0,industrial_fire_candidate,True,0.5040777104884998,0.0337857003330079,0.4621365891784922,0.5040777104884998
FW_01099538,30.41107,76.43534,60_152,1,natural_vegetation_fire,1,natural_vegetation_fire,True,0.0018711168688299292,0.8184725034076632,0.17965637972350695,0.8184725034076632
FW_01422724,21.14865,74.8811,42_149,1,natural_vegetation_fire,1,natural_vegetation_fire,True,0.004373648403251308,0.5125540539135292,0.48307229768321946,0.5125540539135292
FW_01698570,18.9395,76.74567,37_153,2,other_uncertain,1,natural_vegetation_fire,False,0.017345760517088162,0.7266177865937288,0.256036452889183,0.7266177865937288
FW_00524920,22.4624,73.42986,44_146,2,other_uncertain,1,natural_vegetation_fire,False,0.04860158835320747,0.5067479615754856,0.4446504500713068,0.5067479615754856
FW_00528240,30.59545,74.36161,61_148,1,natural_vegetation_fire,1,natural_vegetation_fire,True,0.0008656830545226064,0.8911778386784395,0.10795647826703791,0.8911778386784395
FW_01595015,29.12504,75.77763,58_151,2,other_uncertain,2,other_uncertain,True,0.42835019770910837,0.043260532045887104,0.5283892702450046,0.5283892702450046
FW_01389036,11.51906,76.7989,23_153,1,natural_vegetation_fire,1,natural_vegetation_fire,True,0.0017976612023358602,0.9845071764771015,0.013695162320562717,0.9845071764771015
FW_00728610,19.77735,85.73805,39_171,1,natural_vegetation_fire,1,natural_vegetation_fire,True,0.0008232550456049488,0.9447101197364772,0.054466625217917904,0.9447101197364772
FW_00803885,22.79823,71.74496,45_143,1,natural_vegetation_fire,1,natural_vegetation_fire,True,0.0013611781171250362,0.8555150347397541,0.143123787143121,0.8555150347397541
FW_01545774,20.76076,85.29439,41_170,2,other_uncertain,2,other_uncertain,True,0.0016613947820728208,0.04687032276484792,0.9514682824530794,0.9514682824530794
FW_00129300,22.21503,78.11012,44_156,1,natural_vegetation_fire,1,natural_vegetation_fire,True,0.001367113092316567,0.9607795660500854,0.03785332085759795,0.9607795660500854
FW_01123925,30.61463,74.23931,61_148,1,natural_vegetation_fire,2,other_uncertain,False,0.010221388903414534,0.2028836841072173,0.7868949269893681,0.7868949269893681
FW_01565924,31.51265,75.17057,63_150,1,natural_vegetation_fire,1,natural_vegetation_fire,True,0.050584654568677896,0.6795430227486624,0.26987232268265976,0.6795430227486624
FW_00466967,20.96562,85.17645,41_170,2,other_uncertain,2,other_uncertain,True,0.000681035440045261,0.08674490426652426,0.9125740602934306,0.9125740602934306
FW_01147782,15.6455,76.86913,31_153,0,industrial_fire_candidate,1,natural_vegetation_fire,False,0.00927721652518728,0.6017622510149743,0.38896053245983847,0.6017622510149743
FW_01558938,30.34278,76.61114,60_153,1,natural_vegetation_fire,1,natural_vegetation_fire,True,0.0061074506104545475,0.6329219513617338,0.3609705980278117,0.6329219513617338
FW_00513068,30.27886,76.30497,60_152,1,natural_vegetation_fire,1,natural_vegetation_fire,True,0.007201273201848864,0.5286715903708851,0.46412713642726605,0.5286715903708851
FW_01074034,29.95022,75.71762,59_151,1,natural_vegetation_fire,1,natural_vegetation_fire,True,0.005716186967237275,0.5855531531701118,0.40873065986265095,0.5855531531701118
FW_01130965,30.62912,74.27232,61_148,1,natural_vegetation_fire,1,natural_vegetation_fire,True,0.0023866074801382926,0.7206145673221492,0.27699882519771246,0.7206145673221492
FW_01024110,15.10532,74.13641,30_148,1,natural_vegetation_fire,1,natural_vegetation_fire,True,0.004714922353591009,0.8838586172214626,0.11142646042494639,0.8838586172214626
FW_01444491,22.02721,84.87975,44_169,1,natural_vegetation_fire,1,natural_vegetation_fire,True,0.0007543967888497445,0.9240021068563486,0.07524349635480158,0.9240021068563486
FW_01605845,31.11938,75.3259,62_150,1,natural_vegetation_fire,1,natural_vegetation_fire,True,0.005548999852246289,0.5680325631496089,0.42641843699814475,0.5680325631496089
FW_01088642,29.7863,75.96413,59_151,1,natural_vegetation_fire,1,natural_vegetation_fire,True,0.0013789459673928916,0.8341118156156578,0.16450923841694914,0.8341118156156578
FW_00993953,31.05014,75.49249,62_150,1,natural_vegetation_fire,1,natural_vegetation_fire,True,0.026694730375402584,0.7282148377281369,0.24509043189646051,0.7282148377281369
FW_00268765,20.94515,85.01538,41_170,2,other_uncertain,2,other_uncertain,True,0.0007687712704526015,0.0099459118101237,0.9892853169194238,0.9892853169194238
FW_00583867,22.62693,72.16336,45_144,2,other_uncertain,2,other_uncertain,True,0.15554207077288829,0.24786266491396738,0.5965952643131444,0.5965952643131444
FW_01412670,21.76884,72.11785,43_144,1,natural_vegetation_fire,1,natural_vegetation_fire,True,0.04472251510411391,0.7634537437435299,0.1918237411523562,0.7634537437435299
FW_00038930,20.97493,85.13612,41_170,2,other_uncertain,2,other_uncertain,True,0.0008988487286054628,0.017757052513482842,0.9813440987579117,0.9813440987579117
FW_01049086,20.96748,85.16832,41_170,2,other_uncertain,2,other_uncertain,True,0.003646517333577153,0.08848742375113237,0.9078660589152906,0.9078660589152906
FW_00447434,15.1783,77.10143,30_154,0,industrial_fire_candidate,1,natural_vegetation_fire,False,0.18092426003726292,0.4558357662933746,0.3632399736693625,0.4558357662933746
FW_01060919,22.21055,84.8411,44_169,2,other_uncertain,2,other_uncertain,True,0.01904765305812313,0.017668776303086182,0.9632835706387907,0.9632835706387907
FW_00728269,18.44636,74.64463,36_149,2,other_uncertain,1,natural_vegetation_fire,False,0.0060332273191777116,0.8796030255265577,0.11436374715426446,0.8796030255265577
FW_01210574,24.47589,93.88469,48_187,1,natural_vegetation_fire,1,natural_vegetation_fire,True,0.0010816458414440184,0.9339485139842401,0.06496984017431592,0.9339485139842401
FW_00419367,19.81888,79.42393,39_158,2,other_uncertain,1,natural_vegetation_fire,False,0.0010179931917621,0.8756961656466227,0.12328584116161527,0.8756961656466227
FW_01412417,17.08144,78.25151,34_156,1,natural_vegetation_fire,1,natural_vegetation_fire,True,0.0021166308214160623,0.559554128859838,0.43832924031874587,0.559554128859838
FW_00994360,31.87099,75.17825,63_150,2,other_uncertain,1,natural_vegetation_fire,False,0.003221720785343135,0.8022155824873941,0.19456269672726265,0.8022155824873941
FW_00688853,14.18211,78.16,28_156,1,natural_vegetation_fire,1,natural_vegetation_fire,True,0.0018094883667455423,0.8245515273248152,0.1736389843084392,0.8245515273248152
FW_00001030,20.96324,85.18723,41_170,2,other_uncertain,2,other_uncertain,True,0.006134936355749733,0.03313610028863582,0.9607289633556145,0.9607289633556145
FW_01324638,23.53863,81.43462,47_162,1,natural_vegetation_fire,1,natural_vegetation_fire,True,0.0008848077266695108,0.9821844393665881,0.016930752906742595,0.9821844393665881
FW_00574577,22.22694,84.75166,44_169,2,other_uncertain,2,other_uncertain,True,0.021749261137760503,0.04436800579249148,0.933882733069748,0.933882733069748
FW_01578498,20.79624,85.25319,41_170,2,other_uncertain,2,other_uncertain,True,0.25965622932766264,0.010899743220582956,0.7294440274517544,0.7294440274517544
FW_01275105,24.45406,93.50714,48_187,1,natural_vegetation_fire,1,natural_vegetation_fire,True,0.00019794879899409315,0.9937662424962471,0.006035808704758904,0.9937662424962471
FW_00320465,27.42464,81.88114,54_163,1,natural_vegetation_fire,1,natural_vegetation_fire,True,0.0003529339804713975,0.9572220831488665,0.042424982870662126,0.9572220831488665
FW_01469199,19.08859,82.7902,38_165,1,natural_vegetation_fire,1,natural_vegetation_fire,True,0.0005647609745980585,0.9941811134598648,0.005254125565537089,0.9941811134598648
FW_01592518,20.95345,85.01108,41_170,2,other_uncertain,2,other_uncertain,True,0.001381409331220588,0.023923127004900284,0.974695463663879,0.974695463663879
FW_00078038,20.94199,85.0145,41_170,2,other_uncertain,2,other_uncertain,True,0.002909890883642338,0.04400574241358779,0.95308436670277,0.95308436670277
FW_00457594,30.20079,76.54469,60_153,2,other_uncertain,1,natural_vegetation_fire,False,0.0023851530478804822,0.9509595408148263,0.046655306137293184,0.9509595408148263
FW_01116258,23.5307,80.1795,47_160,1,natural_vegetation_fire,1,natural_vegetation_fire,True,0.0012755782869351827,0.9622751302469437,0.03644929146612114,0.9622751302469437
FW_00658292,26.67553,91.84101,53_183,1,natural_vegetation_fire,1,natural_vegetation_fire,True,0.0015389108976773217,0.9282797975128017,0.07018129158952117,0.9282797975128017
FW_01617488,20.78893,85.26559,41_170,2,other_uncertain,2,other_uncertain,True,0.10307762708080867,0.23038133233255859,0.6665410405866327,0.6665410405866327
FW_00226191,24.23269,92.72484,48_185,1,natural_vegetation_fire,1,natural_vegetation_fire,True,0.0009188888024550427,0.9501435747444352,0.04893753645310978,0.9501435747444352
FW_01583294,23.84193,84.95136,47_169,2,other_uncertain,2,other_uncertain,True,0.0005806041798887251,0.06211459954547381,0.9373047962746375,0.9373047962746375
FW_01291820,24.21993,92.93298,48_185,1,natural_vegetation_fire,1,natural_vegetation_fire,True,0.0003091517438621614,0.9946977837913508,0.0049930644647871785,0.9946977837913508
FW_00475550,29.76698,75.88761,59_151,1,natural_vegetation_fire,1,natural_vegetation_fire,True,0.0007206954019988445,0.8574478248989015,0.14183147969909962,0.8574478248989015
FW_00647392,16.25973,74.25557,32_148,1,natural_vegetation_fire,1,natural_vegetation_fire,True,0.017423314187491587,0.7611646170119165,0.22141206880059194,0.7611646170119165
FW_00415228,24.17183,82.67886,48_165,2,other_uncertain,2,other_uncertain,True,0.0052203279906421094,0.04007598116076895,0.954703690848589,0.954703690848589
FW_01534017,25.37241,85.02496,50_170,1,natural_vegetation_fire,1,natural_vegetation_fire,True,0.006006487687944359,0.6515560305087916,0.34243748180326405,0.6515560305087916
FW_00451226,31.5743,75.2254,63_150,1,natural_vegetation_fire,1,natural_vegetation_fire,True,0.0731924890550764,0.8100582079067076,0.11674930303821587,0.8100582079067076
FW_00965359,26.3184,78.12446,52_156,1,natural_vegetation_fire,2,other_uncertain,False,0.0016076282446134081,0.46529666242533513,0.5330957093300515,0.5330957093300515
FW_01040205,28.79423,76.12959,57_152,2,other_uncertain,2,other_uncertain,True,0.04594242734360897,0.11234503071868103,0.84171254193771,0.84171254193771
FW_00448917,20.96184,85.18885,41_170,2,other_uncertain,2,other_uncertain,True,0.00806949188234096,0.057523919404303,0.9344065887133561,0.9344065887133561
FW_00551813,27.31668,95.26489,54_190,1,natural_vegetation_fire,1,natural_vegetation_fire,True,0.007981202724985904,0.7989989407683636,0.1930198565066505,0.7989989407683636
FW_00597998,30.53955,79.49171,61_158,1,natural_vegetation_fire,1,natural_vegetation_fire,True,0.003019546209921524,0.8874914448393241,0.10948900895075445,0.8874914448393241
FW_01070543,20.96897,85.01743,41_170,2,other_uncertain,2,other_uncertain,True,0.0015563444945268735,0.04484320031787177,0.9536004551876014,0.9536004551876014
FW_00865159,23.6636,91.7767,47_183,1,natural_vegetation_fire,1,natural_vegetation_fire,True,0.0004484002591554113,0.988755136630879,0.010796463109965692,0.988755136630879
FW_01531627,30.09668,78.37399,60_156,1,natural_vegetation_fire,1,natural_vegetation_fire,True,0.0014672274315427238,0.9635771350629763,0.034955637505481175,0.9635771350629763
FW_00361128,29.65117,75.7534,59_151,1,natural_vegetation_fire,1,natural_vegetation_fire,True,0.002869207629940345,0.8520922968262475,0.14503849554381218,0.8520922968262475
FW_01279023,23.8861,92.58235,47_185,1,natural_vegetation_fire,1,natural_vegetation_fire,True,0.0002694378196725679,0.9911445460314874,0.00858601614884004,0.9911445460314874
FW_00679851,22.21453,84.83975,44_169,1,natural_vegetation_fire,2,other_uncertain,False,0.026905933688161545,0.10686372922353789,0.8662303370883006,0.8662303370883006
FW_00979846,29.37255,75.89668,58_151,2,other_uncertain,1,natural_vegetation_fire,False,0.01299908164758226,0.6834644999917133,0.30353641836070444,0.6834644999917133
FW_00705739,22.22661,84.75156,44_169,2,other_uncertain,2,other_uncertain,True,0.015260576717588107,0.15781943436706705,0.8269199889153449,0.8269199889153449
FW_00223673,15.24561,75.07745,30_150,1,natural_vegetation_fire,1,natural_vegetation_fire,True,0.0017912619237387402,0.9073849431229479,0.09082379495331332,0.9073849431229479
FW_01615815,22.20728,84.86034,44_169,2,other_uncertain,2,other_uncertain,True,0.11147789924302527,0.03414818974185889,0.8543739110151157,0.8543739110151157
FW_00049300,17.86292,77.98605,35_155,1,natural_vegetation_fire,1,natural_vegetation_fire,True,0.00967551635177541,0.8109757486109971,0.17934873503722742,0.8109757486109971
FW_00415557,24.16372,82.68195,48_165,2,other_uncertain,2,other_uncertain,True,0.0017577349674894125,0.014030104810037435,0.984212160222473,0.984212160222473
FW_00499995,29.82646,75.9437,59_151,1,natural_vegetation_fire,1,natural_vegetation_fire,True,0.001069941499859286,0.6386134154504182,0.36031664304972266,0.6386134154504182
FW_00483903,30.11189,76.16049,60_152,1,natural_vegetation_fire,1,natural_vegetation_fire,True,0.0013812710184874669,0.8330813128570694,0.16553741612444312,0.8330813128570694
FW_00407338,20.96033,85.17644,41_170,2,other_uncertain,2,other_uncertain,True,0.0007004076709596869,0.028304129517863114,0.9709954628111771,0.9709954628111771
FW_00194615,19.68727,79.89918,39_159,1,natural_vegetation_fire,1,natural_vegetation_fire,True,0.006267273293720674,0.9842447498848128,0.009487976821466515,0.9842447498848128
FW_00288241,24.03166,82.89774,48_165,1,natural_vegetation_fire,1,natural_vegetation_fire,True,0.011438331852923957,0.9013815381521535,0.08718012999492246,0.9013815381521535
FW_01557012,23.83828,84.95036,47_169,2,other_uncertain,2,other_uncertain,True,0.00039770617506495136,0.025702695674136498,0.9738995981507985,0.9738995981507985
FW_01116996,29.88055,75.93185,59_151,1,natural_vegetation_fire,1,natural_vegetation_fire,True,0.000813395665644866,0.9035550328636217,0.09563157147073348,0.9035550328636217
FW_00235705,20.96415,85.15543,41_170,2,other_uncertain,2,other_uncertain,True,0.0006518943408459586,0.02277484735410778,0.9765732583050462,0.9765732583050462
FW_00898271,23.81073,91.9211,47_183,1,natural_vegetation_fire,1,natural_vegetation_fire,True,0.00024867448878931756,0.9936560407125108,0.006095284798700026,0.9936560407125108
FW_01043189,23.8348,84.95058,47_169,2,other_uncertain,2,other_uncertain,True,0.001543616206429493,0.03370612764908959,0.9647502561444811,0.9647502561444811
FW_00035704,19.9043,81.40069,39_162,1,natural_vegetation_fire,1,natural_vegetation_fire,True,0.002437357543842144,0.9773345858239455,0.0202280566322123,0.9773345858239455
FW_00845635,21.53203,79.33101,43_158,1,natural_vegetation_fire,1,natural_vegetation_fire,True,0.007524468746829831,0.9670009520866889,0.02547457916648137,0.9670009520866889
FW_01209097,24.16895,82.64109,48_165,2,other_uncertain,2,other_uncertain,True,0.030400633914884147,0.05092288258032185,0.918676483504794,0.918676483504794
FW_01449202,20.76085,85.29646,41_170,2,other_uncertain,2,other_uncertain,True,0.001357973327282345,0.04625471411381056,0.9523873125589071,0.9523873125589071
FW_00237437,24.22563,82.82134,48_165,2,other_uncertain,1,natural_vegetation_fire,False,0.006731817743207618,0.7266318712642937,0.26663631099249874,0.7266318712642937
FW_01546243,26.2324,84.03175,52_168,1,natural_vegetation_fire,1,natural_vegetation_fire,True,0.0009108600454163167,0.89863278578078,0.10045635417380377,0.89863278578078
FW_00873357,23.73143,91.93285,47_183,1,natural_vegetation_fire,1,natural_vegetation_fire,True,0.0002429741226065611,0.9903156996901191,0.009441326187274349,0.9903156996901191
FW_00433881,24.16276,82.62614,48_165,2,other_uncertain,2,other_uncertain,True,0.0195809903643841,0.08965116994996669,0.8907678396856492,0.8907678396856492
FW_00555087,27.37913,95.08676,54_190,1,natural_vegetation_fire,1,natural_vegetation_fire,True,0.021146884505865347,0.7472159217979891,0.23163719369614547,0.7472159217979891
FW_01723614,15.30835,76.25241,30_152,0,industrial_fire_candidate,2,other_uncertain,False,0.03464296516838253,0.19742456911257958,0.767932465719038,0.767932465719038
FW_00674776,12.86711,79.14087,25_158,1,natural_vegetation_fire,1,natural_vegetation_fire,True,0.08373184957225005,0.7032989888621161,0.21296916156563395,0.7032989888621161
FW_01208781,20.96391,85.17462,41_170,2,other_uncertain,2,other_uncertain,True,0.0024495907508470917,0.02236426574548626,0.9751861435036667,0.9751861435036667
FW_00344939,18.50957,75.78013,37_151,1,natural_vegetation_fire,1,natural_vegetation_fire,True,0.0018594336980844032,0.9174358756887725,0.08070469061314307,0.9174358756887725
FW_01004482,23.78918,80.57944,47_161,1,natural_vegetation_fire,1,natural_vegetation_fire,True,0.0018112809984997236,0.975580418341211,0.022608300660289384,0.975580418341211
FW_00254367,23.43117,68.71201,46_137,2,other_uncertain,2,other_uncertain,True,0.039857251516267955,0.026018412436018132,0.9341243360477138,0.9341243360477138
FW_01124192,20.96803,85.01817,41_170,2,other_uncertain,2,other_uncertain,True,0.0021879023567476217,0.03864774456261176,0.9591643530806406,0.9591643530806406
FW_00211321,21.36578,70.07525,42_140,1,natural_vegetation_fire,1,natural_vegetation_fire,True,0.000812605882142372,0.8894411433032646,0.10974625081459286,0.8894411433032646
FW_00750090,17.14952,77.33761,34_154,2,other_uncertain,1,natural_vegetation_fire,False,0.004653593755740775,0.7516516979759753,0.24369470826828396,0.7516516979759753
FW_01074835,20.80617,85.25799,41_170,2,other_uncertain,2,other_uncertain,True,0.15361943063516506,0.003538658002558557,0.8428419113622765,0.8428419113622765
FW_01121979,29.81879,75.95567,59_151,1,natural_vegetation_fire,1,natural_vegetation_fire,True,0.0011132508258717435,0.7931120317890147,0.20577471738511371,0.7931120317890147
FW_00452914,22.21262,84.87503,44_169,2,other_uncertain,2,other_uncertain,True,0.05825655974275197,0.0038672372798596597,0.9378762029773884,0.9378762029773884
FW_00560566,20.7953,85.25877,41_170,2,other_uncertain,2,other_uncertain,True,0.06346693037037983,0.006626933620749257,0.929906136008871,0.929906136008871
FW_01586048,23.83948,84.95425,47_169,2,other_uncertain,2,other_uncertain,True,0.00022484346834369197,0.01009086386178638,0.9896842926698699,0.9896842926698699
FW_00520902,29.95695,75.99297,59_151,1,natural_vegetation_fire,1,natural_vegetation_fire,True,0.001732914910073455,0.6658763824393762,0.33239070265055043,0.6658763824393762
FW_00866085,24.19811,93.55518,48_187,1,natural_vegetation_fire,1,natural_vegetation_fire,True,0.0002953581249354784,0.9852586023739028,0.014446039501161726,0.9852586023739028
FW_00671184,13.15046,76.09485,26_152,1,natural_vegetation_fire,1,natural_vegetation_fire,True,0.0010587021828257176,0.9606537725042106,0.03828752531296372,0.9606537725042106
FW_01539963,24.94941,79.90904,49_159,2,other_uncertain,1,natural_vegetation_fire,False,0.0008316652671026128,0.9172248087928971,0.08194352594000028,0.9172248087928971
FW_01548343,20.78506,85.26434,41_170,2,other_uncertain,2,other_uncertain,True,0.0060887463432729595,0.010310011196532196,0.9836012424601949,0.9836012424601949
FW_01625248,25.10732,77.05297,50_154,1,natural_vegetation_fire,1,natural_vegetation_fire,True,0.0008478068873399923,0.9526193356190208,0.04653285749363935,0.9526193356190208
FW_01067247,29.96856,75.99203,59_151,1,natural_vegetation_fire,1,natural_vegetation_fire,True,0.001097154225836984,0.9609116195592637,0.037991226214899365,0.9609116195592637
FW_01211046,15.77559,76.83044,31_153,1,natural_vegetation_fire,1,natural_vegetation_fire,True,0.0022090060651306594,0.8313504768441489,0.1664405170907203,0.8313504768441489
FW_01099786,31.32755,75.27253,62_150,1,natural_vegetation_fire,1,natural_vegetation_fire,True,0.002266846400558431,0.8358796486271244,0.16185350497231718,0.8358796486271244
FW_00372420,26.79337,72.00654,53_144,0,industrial_fire_candidate,2,other_uncertain,False,0.15454145480280956,0.08967905544129555,0.7557794897558948,0.7557794897558948
FW_01616118,31.51207,75.07935,63_150,1,natural_vegetation_fire,1,natural_vegetation_fire,True,0.0018498100380979683,0.9306365841858445,0.06751360577605754,0.9306365841858445
FW_00244007,24.91228,83.2902,49_166,1,natural_vegetation_fire,1,natural_vegetation_fire,True,0.0021068487333691017,0.9746391943047011,0.023253956961929806,0.9746391943047011
FW_01350089,19.19996,82.88464,38_165,1,natural_vegetation_fire,1,natural_vegetation_fire,True,0.00033624416433931015,0.98849590179801,0.011167854037650794,0.98849590179801
FW_00015673,22.3646,73.11724,44_146,2,other_uncertain,0,industrial_fire_candidate,False,0.49602565968349016,0.05373861586064239,0.45023572445586735,0.49602565968349016
FW_00049598,27.23464,79.72047,54_159,1,natural_vegetation_fire,1,natural_vegetation_fire,True,0.0007817164498996953,0.9255186850073979,0.07369959854270243,0.9255186850073979
FW_01617642,34.06172,73.9015,68_147,1,natural_vegetation_fire,1,natural_vegetation_fire,True,0.0007739060764620602,0.9572431970830675,0.04198289684047056,0.9572431970830675
FW_01317416,22.37996,77.30975,44_154,1,natural_vegetation_fire,1,natural_vegetation_fire,True,0.0009836169167025434,0.9275130634525056,0.07150331963079186,0.9275130634525056
FW_00592172,27.32059,95.26699,54_190,1,natural_vegetation_fire,2,other_uncertain,False,0.012865858899130304,0.42109501596948995,0.5660391251313797,0.5660391251313797
FW_00829742,22.81826,72.39069,45_144,1,natural_vegetation_fire,1,natural_vegetation_fire,True,0.005416141997657155,0.5838562194760946,0.4107276385262482,0.5838562194760946
FW_00384077,31.89877,75.01714,63_150,1,natural_vegetation_fire,1,natural_vegetation_fire,True,0.0019980252091346433,0.8432127292787857,0.15478924551207984,0.8432127292787857
FW_01066395,20.96209,85.17236,41_170,2,other_uncertain,2,other_uncertain,True,0.0006660585810091814,0.04584483284819954,0.9534891085707913,0.9534891085707913
FW_01577940,20.76144,85.29234,41_170,2,other_uncertain,2,other_uncertain,True,0.0012813913983940226,0.04560350031944569,0.9531151082821604,0.9531151082821604
FW_00615198,20.78474,85.25924,41_170,2,other_uncertain,2,other_uncertain,True,0.011373068750856266,0.024019646151134763,0.964607285098009,0.964607285098009
FW_00619728,18.85475,72.93101,37_145,0,industrial_fire_candidate,2,other_uncertain,False,0.17907179042806964,0.32498078636658273,0.4959474232053475,0.4959474232053475
FW_00937081,19.40229,76.67112,38_153,1,natural_vegetation_fire,1,natural_vegetation_fire,True,0.0005947715805513352,0.9680911813328547,0.031314047086594014,0.9680911813328547
FW_00031789,18.85568,72.92731,37_145,0,industrial_fire_candidate,2,other_uncertain,False,0.24100640702168769,0.04937952928683823,0.7096140636914741,0.7096140636914741
FW_01397384,24.2326,73.19573,48_146,1,natural_vegetation_fire,1,natural_vegetation_fire,True,0.002895078241383552,0.9857492768133219,0.011355644945294365,0.9857492768133219
FW_00475520,29.69733,75.86939,59_151,1,natural_vegetation_fire,1,natural_vegetation_fire,True,0.0017960708293821778,0.8750453878395871,0.12315854133103066,0.8750453878395871
FW_00269530,23.5331,80.13017,47_160,1,natural_vegetation_fire,1,natural_vegetation_fire,True,0.018080853532442574,0.7903788264271021,0.19154032004045535,0.7903788264271021
FW_00306348,23.30357,75.86478,46_151,1,natural_vegetation_fire,1,natural_vegetation_fire,True,0.005486405272021914,0.7256759367939357,0.2688376579340424,0.7256759367939357
FW_00528865,25.56944,82.12969,51_164,2,other_uncertain,1,natural_vegetation_fire,False,0.000700916752385236,0.8007913411623463,0.19850774208526845,0.8007913411623463
FW_00219529,25.01734,87.85064,50_175,1,natural_vegetation_fire,1,natural_vegetation_fire,True,0.013054887508031356,0.8627138020766838,0.12423131041528472,0.8627138020766838
FW_00102838,24.18319,82.56971,48_165,2,other_uncertain,2,other_uncertain,True,0.002096873571389427,0.12973438196032158,0.8681687444682891,0.8681687444682891
FW_00898261,23.80213,91.80312,47_183,1,natural_vegetation_fire,1,natural_vegetation_fire,True,0.0012872453909709952,0.966049853078527,0.032662901530502074,0.966049853078527
FW_00028409,18.8304,75.92332,37_151,1,natural_vegetation_fire,1,natural_vegetation_fire,True,0.001971208418502945,0.9531555536745773,0.044873237906919695,0.9531555536745773
FW_01163741,20.79907,85.25785,41_170,2,other_uncertain,2,other_uncertain,True,0.16542232559605596,0.016258704942002742,0.8183189694619414,0.8183189694619414
FW_00372915,30.16837,76.03383,60_152,1,natural_vegetation_fire,1,natural_vegetation_fire,True,0.0011049830869326043,0.875502273670193,0.12339274324287436,0.875502273670193
FW_01043343,24.20526,82.5249,48_165,2,other_uncertain,2,other_uncertain,True,0.009778776342533088,0.3615791613207576,0.6286420623367093,0.6286420623367093
FW_00473140,30.23561,76.31422,60_152,1,natural_vegetation_fire,1,natural_vegetation_fire,True,0.0033006546260358803,0.8296731453644522,0.16702620000951185,0.8296731453644522
FW_01723445,20.96202,85.16478,41_170,2,other_uncertain,2,other_uncertain,True,0.002234239354444324,0.017478214595148315,0.9802875460504074,0.9802875460504074
FW_01281693,23.89019,81.47549,47_162,1,natural_vegetation_fire,1,natural_vegetation_fire,True,0.0008948312117724713,0.9847806737636631,0.014324495024564522,0.9847806737636631
FW_00592513,15.33223,76.24747,30_152,0,industrial_fire_candidate,2,other_uncertain,False,0.033762615291132905,0.04308895859880333,0.9231484261100636,0.9231484261100636
FW_00400452,23.91159,80.82444,47_161,1,natural_vegetation_fire,1,natural_vegetation_fire,True,0.0008244837850319961,0.8636187427946489,0.13555677342031908,0.8636187427946489
FW_00363851,25.35655,75.82243,50_151,1,natural_vegetation_fire,1,natural_vegetation_fire,True,0.0012316325384326724,0.9167004865664392,0.08206788089512813,0.9167004865664392
FW_00737402,29.12497,75.77724,58_151,2,other_uncertain,2,other_uncertain,True,0.272714015986147,0.01878610167860762,0.7084998823352453,0.7084998823352453
FW_00479115,30.62741,74.33147,61_148,1,natural_vegetation_fire,1,natural_vegetation_fire,True,0.0008764759246771123,0.7995859852088153,0.19953753886650752,0.7995859852088153
FW_01626712,29.36194,73.51589,58_147,2,other_uncertain,1,natural_vegetation_fire,False,0.0008648255067501053,0.8050618944923454,0.19407328000090432,0.8050618944923454
FW_00402998,22.45317,73.31638,44_146,1,natural_vegetation_fire,1,natural_vegetation_fire,True,0.0346991854715317,0.6306979379174066,0.3346028766110616,0.6306979379174066
FW_01071243,29.94632,75.86662,59_151,1,natural_vegetation_fire,1,natural_vegetation_fire,True,0.0017293267012570208,0.682364421803229,0.31590625149551405,0.682364421803229
FW_01524798,13.36309,93.01418,26_186,1,natural_vegetation_fire,1,natural_vegetation_fire,True,0.00033799228850621703,0.9911721681649135,0.008489839546580438,0.9911721681649135
FW_00452675,31.70511,75.04299,63_150,1,natural_vegetation_fire,1,natural_vegetation_fire,True,0.00071582304583077,0.8948376535605227,0.10444652339364659,0.8948376535605227
FW_01097366,30.27537,76.00759,60_152,1,natural_vegetation_fire,1,natural_vegetation_fire,True,0.0007857389506552796,0.8498829510638406,0.14933130998550415,0.8498829510638406
FW_01205401,19.92149,79.11234,39_158,0,industrial_fire_candidate,2,other_uncertain,False,0.07736365289833559,0.05117437636678025,0.8714619707348842,0.8714619707348842
FW_00530336,30.54918,74.31187,61_148,1,natural_vegetation_fire,1,natural_vegetation_fire,True,0.0006276767124838689,0.8795057846324139,0.1198665386551021,0.8795057846324139
FW_00084753,20.94497,85.01412,41_170,2,other_uncertain,2,other_uncertain,True,0.0005725850162980505,0.013457915186413726,0.9859694997972881,0.9859694997972881
FW_00347902,30.51529,74.07443,61_148,1,natural_vegetation_fire,1,natural_vegetation_fire,True,0.0013288643480867082,0.8255959784205416,0.17307515723137182,0.8255959784205416
FW_01038435,22.21068,84.87743,44_169,2,other_uncertain,2,other_uncertain,True,0.12859965392441025,0.006407213469986692,0.8649931326056031,0.8649931326056031
FW_00710036,24.61234,92.22028,49_184,1,natural_vegetation_fire,1,natural_vegetation_fire,True,0.0012816598959464929,0.8051105252148978,0.19360781488915565,0.8051105252148978
FW_01598372,30.19675,78.39034,60_156,1,natural_vegetation_fire,1,natural_vegetation_fire,True,0.0002859206504371547,0.9669247028939907,0.03278937645557211,0.9669247028939907
FW_01110025,22.20169,84.57687,44_169,2,other_uncertain,0,industrial_fire_candidate,False,0.5431713605143238,0.021720957345673503,0.4351076821400027,0.5431713605143238
FW_01251317,14.12085,78.20919,28_156,1,natural_vegetation_fire,1,natural_vegetation_fire,True,0.0011583945298578647,0.9122202063929995,0.08662139907714267,0.9122202063929995
FW_00088503,20.96267,85.17002,41_170,2,other_uncertain,2,other_uncertain,True,0.0009962553689851598,0.02057236340749502,0.9784313812235198,0.9784313812235198
FW_00168991,25.11787,86.31099,50_172,1,natural_vegetation_fire,1,natural_vegetation_fire,True,0.000510112889383397,0.9845716001535869,0.014918286957029661,0.9845716001535869
FW_01164696,25.38772,83.97101,50_167,1,natural_vegetation_fire,1,natural_vegetation_fire,True,0.0008555911377132699,0.7346449170197765,0.26449949184251015,0.7346449170197765
FW_01358473,12.1715,79.92343,24_159,1,natural_vegetation_fire,1,natural_vegetation_fire,True,0.008090960835087448,0.9184654121081961,0.07344362705671653,0.9184654121081961
FW_01366233,15.12307,75.08376,30_150,1,natural_vegetation_fire,1,natural_vegetation_fire,True,0.002179062596849722,0.9389994246338113,0.058821512769338974,0.9389994246338113
FW_00455656,31.40236,75.11766,62_150,2,other_uncertain,1,natural_vegetation_fire,False,0.0011198200583471382,0.7207705821592973,0.2781095977823556,0.7207705821592973
FW_00685519,20.65982,83.34917,41_166,1,natural_vegetation_fire,1,natural_vegetation_fire,True,0.0013164254949067072,0.9410504045187161,0.05763316998637717,0.9410504045187161
FW_01274699,23.5802,92.63579,47_185,1,natural_vegetation_fire,1,natural_vegetation_fire,True,0.00039597706051697413,0.9945549622961186,0.005049060643364307,0.9945549622961186
FW_00929983,24.12365,93.96598,48_187,1,natural_vegetation_fire,1,natural_vegetation_fire,True,0.0027833958635983666,0.9703889378687622,0.02682766626763942,0.9703889378687622
FW_00623208,17.06049,77.01093,34_154,2,other_uncertain,1,natural_vegetation_fire,False,0.032001883636452365,0.5248447935117343,0.44315332285181336,0.5248447935117343
FW_01174269,24.17023,82.63959,48_165,2,other_uncertain,2,other_uncertain,True,0.05299465472435062,0.06284833159939829,0.8841570136762512,0.8841570136762512
FW_01463871,26.14109,84.38757,52_168,1,natural_vegetation_fire,1,natural_vegetation_fire,True,0.0015872605890324461,0.9010055270746897,0.09740721233627779,0.9010055270746897
FW_01238047,17.6456,73.90145,35_147,1,natural_vegetation_fire,1,natural_vegetation_fire,True,0.0033493029990881613,0.8716775470514725,0.12497314994943935,0.8716775470514725
FW_00613455,11.82971,76.65604,23_153,1,natural_vegetation_fire,1,natural_vegetation_fire,True,0.003991750239212413,0.9312112154136214,0.06479703434716613,0.9312112154136214
FW_00990726,31.55915,75.45915,63_150,1,natural_vegetation_fire,1,natural_vegetation_fire,True,0.0037804380529634436,0.9375637906710468,0.05865577127598986,0.9375637906710468
FW_00968325,28.60943,76.19101,57_152,1,natural_vegetation_fire,1,natural_vegetation_fire,True,0.0009231378773600683,0.8286284110946135,0.17044845102802658,0.8286284110946135
FW_00990714,31.53909,75.02122,63_150,1,natural_vegetation_fire,1,natural_vegetation_fire,True,0.0029442948836691206,0.8866443544684443,0.11041135064788649,0.8866443544684443
FW_01716368,15.16564,76.37988,30_152,0,industrial_fire_candidate,2,other_uncertain,False,0.3269476285299087,0.005634533562633018,0.6674178379074582,0.6674178379074582
FW_00371806,20.96701,85.11555,41_170,2,other_uncertain,2,other_uncertain,True,0.0013460175080577024,0.07520750318939333,0.923446479302549,0.923446479302549
FW_00481044,30.28439,76.30136,60_152,1,natural_vegetation_fire,1,natural_vegetation_fire,True,0.017608851895488522,0.7558619921371157,0.22652915596739578,0.7558619921371157
FW_01472985,20.49293,85.45587,40_170,1,natural_vegetation_fire,1,natural_vegetation_fire,True,0.0005454044347800956,0.9717454887760681,0.02770910678915167,0.9717454887760681
FW_00898694,24.87556,94.42649,49_188,1,natural_vegetation_fire,1,natural_vegetation_fire,True,0.0011538741439273096,0.973631699365653,0.02521442649041957,0.973631699365653
FW_01521917,14.21632,78.0698,28_156,2,other_uncertain,2,other_uncertain,True,0.016563874554750852,0.1065000664963939,0.8769360589488552,0.8769360589488552
FW_01039750,22.51107,81.76378,45_163,1,natural_vegetation_fire,1,natural_vegetation_fire,True,0.00025294951277817017,0.9890384223591439,0.010708628128078098,0.9890384223591439
FW_01243379,12.42453,75.96995,24_151,2,other_uncertain,1,natural_vegetation_fire,False,0.0017532370683665318,0.8756172393493743,0.12262952358225912,0.8756172393493743
FW_00459471,29.12333,75.7795,58_151,2,other_uncertain,2,other_uncertain,True,0.18535136236042574,0.0548399618275786,0.7598086758119956,0.7598086758119956
FW_01671249,29.24471,73.54783,58_147,1,natural_vegetation_fire,1,natural_vegetation_fire,True,0.0006753842842179225,0.8549441957643856,0.14438041995139655,0.8549441957643856
FW_00481789,30.84927,74.39931,61_148,1,natural_vegetation_fire,1,natural_vegetation_fire,True,0.0005647967081385063,0.912358542848039,0.0870766604438224,0.912358542848039
FW_00601974,15.23253,77.74269,30_155,2,other_uncertain,1,natural_vegetation_fire,False,0.01272406952787308,0.7259293308887967,0.2613465995833301,0.7259293308887967
FW_00216245,10.4629,78.73363,20_157,2,other_uncertain,2,other_uncertain,True,0.009116927959591752,0.2211718965464158,0.7697111754939924,0.7697111754939924
FW_00935624,23.84488,84.94958,47_169,2,other_uncertain,2,other_uncertain,True,0.001378289434284467,0.13510078016620286,0.8635209303995127,0.8635209303995127
FW_01536841,23.83238,84.92445,47_169,1,natural_vegetation_fire,2,other_uncertain,False,0.0005179231269489839,0.01225592091417071,0.9872261559588804,0.9872261559588804
FW_01711130,24.1657,82.62712,48_165,2,other_uncertain,2,other_uncertain,True,0.01273274603707832,0.0465417862674459,0.9407254676954757,0.9407254676954757
FW_01106484,29.93983,75.74177,59_151,1,natural_vegetation_fire,1,natural_vegetation_fire,True,0.0014687660329863502,0.8898297730275367,0.10870146093947677,0.8898297730275367
FW_01390198,12.22173,75.64434,24_151,1,natural_vegetation_fire,1,natural_vegetation_fire,True,0.000367269260778638,0.9918722341092561,0.007760496629965175,0.9918722341092561
FW_01598636,23.83356,84.92157,47_169,2,other_uncertain,2,other_uncertain,True,0.0003725483605564776,0.009904201616532327,0.9897232500229113,0.9897232500229113
FW_00439998,29.1271,75.77775,58_151,2,other_uncertain,2,other_uncertain,True,0.25930081224435775,0.07488892737733319,0.665810260378309,0.665810260378309
FW_01504738,22.41933,80.40842,44_160,1,natural_vegetation_fire,1,natural_vegetation_fire,True,0.003933751760994329,0.8351891220354244,0.1608771262035813,0.8351891220354244
FW_00919230,22.21309,84.86604,44_169,2,other_uncertain,2,other_uncertain,True,0.3202822597409618,0.011221451281101776,0.6684962889779364,0.6684962889779364
FW_00762151,24.36666,93.65709,48_187,1,natural_vegetation_fire,1,natural_vegetation_fire,True,0.0004675156980738452,0.9870241083687028,0.012508375933223575,0.9870241083687028
FW_00227099,20.81495,73.51258,41_147,1,natural_vegetation_fire,1,natural_vegetation_fire,True,0.004750109996405909,0.9774236862242658,0.01782620377932845,0.9774236862242658
FW_01686626,32.58469,76.37064,65_152,1,natural_vegetation_fire,1,natural_vegetation_fire,True,0.00143764175011003,0.9338950101074794,0.06466734814241071,0.9338950101074794
FW_01575251,24.19153,73.98891,48_147,1,natural_vegetation_fire,1,natural_vegetation_fire,True,0.0009948373061037586,0.975319354825276,0.023685807868620446,0.975319354825276
FW_00730781,24.15015,82.69827,48_165,2,other_uncertain,2,other_uncertain,True,0.04110176284945495,0.023354823782288453,0.9355434133682566,0.9355434133682566
FW_01067314,30.39542,76.53868,60_153,1,natural_vegetation_fire,1,natural_vegetation_fire,True,0.0007251406646548701,0.8707166532462298,0.1285582060891153,0.8707166532462298
FW_00059311,17.30931,77.47628,34_154,2,other_uncertain,2,other_uncertain,True,0.23616290764492198,0.037650292914060905,0.726186799441017,0.726186799441017
FW_00796051,24.33478,92.9985,48_185,1,natural_vegetation_fire,1,natural_vegetation_fire,True,0.0002956991856730116,0.9889458118739005,0.010758488940426556,0.9889458118739005
FW_00290469,20.9776,85.13223,41_170,2,other_uncertain,2,other_uncertain,True,0.002426593428130521,0.027791351839781854,0.9697820547320876,0.9697820547320876
FW_00829850,24.1212,82.59177,48_165,2,other_uncertain,2,other_uncertain,True,0.03473767015152116,0.020895145836512682,0.9443671840119662,0.9443671840119662
FW_00417374,17.30276,77.43757,34_154,2,other_uncertain,2,other_uncertain,True,0.13767918811838384,0.07528624329870569,0.7870345685829105,0.7870345685829105
FW_00500106,29.96471,75.53416,59_151,2,other_uncertain,1,natural_vegetation_fire,False,0.0013934710169637302,0.8371878029846317,0.16141872599840454,0.8371878029846317
FW_01702148,27.06237,76.89941,54_153,1,natural_vegetation_fire,1,natural_vegetation_fire,True,0.0014468178329264064,0.9548317628663117,0.04372141930076201,0.9548317628663117
FW_01237088,23.85845,70.75995,47_141,1,natural_vegetation_fire,1,natural_vegetation_fire,True,0.003388691822378248,0.5139547850307675,0.48265652314685425,0.5139547850307675
FW_00383027,30.01062,76.14945,60_152,1,natural_vegetation_fire,1,natural_vegetation_fire,True,0.0007114648227414559,0.9330111525456968,0.06627738263156169,0.9330111525456968
FW_01266468,23.83936,92.53557,47_185,1,natural_vegetation_fire,1,natural_vegetation_fire,True,0.00019779100475617904,0.9930503361834312,0.0067518728118125,0.9930503361834312
FW_00206261,19.75349,79.87019,39_159,1,natural_vegetation_fire,1,natural_vegetation_fire,True,0.0032125519547349848,0.9572016595984468,0.039585788446818204,0.9572016595984468
FW_01688796,27.34019,75.68726,54_151,1,natural_vegetation_fire,1,natural_vegetation_fire,True,0.0049585307923417695,0.6129896020734762,0.38205186713418204,0.6129896020734762
FW_01000417,12.97472,79.99457,25_159,2,other_uncertain,2,other_uncertain,True,0.0036360980331369822,0.49188392589975166,0.5044799760671115,0.5044799760671115
FW_00545073,22.08273,84.86189,44_169,2,other_uncertain,2,other_uncertain,True,0.10797876392144257,0.13073057988371634,0.761290656194841,0.761290656194841
FW_01135858,20.96982,85.17083,41_170,2,other_uncertain,2,other_uncertain,True,0.0013162269471171221,0.02095692448606199,0.9777268485668209,0.9777268485668209
FW_00485539,30.79658,74.3588,61_148,1,natural_vegetation_fire,1,natural_vegetation_fire,True,0.0007708688954896388,0.9760026635425236,0.0232264675619867,0.9760026635425236
FW_01030868,24.84894,83.36596,49_166,1,natural_vegetation_fire,1,natural_vegetation_fire,True,0.0018481026909134884,0.9360078937136548,0.06214400359543167,0.9360078937136548
FW_00448388,20.76089,85.29289,41_170,2,other_uncertain,2,other_uncertain,True,0.00806514147599101,0.1194940285825643,0.8724408299414447,0.8724408299414447
FW_00414642,30.18346,78.46477,60_156,1,natural_vegetation_fire,1,natural_vegetation_fire,True,0.0008902507497482024,0.9456068575832857,0.05350289166696602,0.9456068575832857
FW_00590427,11.73793,76.7065,23_153,1,natural_vegetation_fire,1,natural_vegetation_fire,True,0.0005443827070796512,0.9086321740434086,0.09082344324951178,0.9086321740434086
FW_00637054,24.80537,94.12627,49_188,1,natural_vegetation_fire,1,natural_vegetation_fire,True,0.00030511745838897455,0.9800221949778283,0.01967268756378272,0.9800221949778283
FW_00143490,22.33907,78.2529,44_156,1,natural_vegetation_fire,1,natural_vegetation_fire,True,0.000623480375902834,0.9750697538169087,0.024306765807188446,0.9750697538169087
FW_01617297,20.97254,85.17258,41_170,2,other_uncertain,2,other_uncertain,True,0.001334189234987801,0.02232892400643998,0.9763368867585723,0.9763368867585723
FW_00138793,24.52697,92.75985,49_185,1,natural_vegetation_fire,1,natural_vegetation_fire,True,0.0013823178748686024,0.931933844421585,0.0666838377035464,0.931933844421585
FW_01246781,23.5586,92.55504,47_185,1,natural_vegetation_fire,1,natural_vegetation_fire,True,0.000748429117090713,0.9741249695789238,0.025126601303985627,0.9741249695789238
FW_01691829,21.23288,79.63125,42_159,0,industrial_fire_candidate,2,other_uncertain,False,0.06178768588836551,0.027971472372996423,0.9102408417386381,0.9102408417386381
FW_01723615,15.3127,76.26781,30_152,0,industrial_fire_candidate,2,other_uncertain,False,0.05169159508006106,0.2175703202449263,0.7307380846750126,0.7307380846750126
FW_00619371,20.9643,85.17823,41_170,2,other_uncertain,2,other_uncertain,True,0.0011381342605377798,0.03391406166570862,0.9649478040737537,0.9649478040737537
FW_00514068,30.6783,74.33405,61_148,1,natural_vegetation_fire,1,natural_vegetation_fire,True,0.0008730082476847508,0.9474358550485762,0.051691136703739,0.9474358550485762
FW_01014648,23.83435,84.95492,47_169,2,other_uncertain,2,other_uncertain,True,0.000809122675453202,0.0233941785812767,0.9757966987432702,0.9757966987432702
FW_01343398,24.44284,73.74109,48_147,1,natural_vegetation_fire,1,natural_vegetation_fire,True,0.004623732454218202,0.895884180545352,0.09949208700042975,0.895884180545352
FW_01591212,20.78597,85.26031,41_170,2,other_uncertain,2,other_uncertain,True,0.03400932114781638,0.1115764788205658,0.8544142000316179,0.8544142000316179
FW_00483340,29.7664,75.88989,59_151,1,natural_vegetation_fire,1,natural_vegetation_fire,True,0.0003616801057909563,0.9359107768732097,0.06372754302099949,0.9359107768732097
FW_01361301,20.43814,81.00751,40_162,1,natural_vegetation_fire,1,natural_vegetation_fire,True,0.0021360647249079687,0.9831359743309765,0.014727960944115367,0.9831359743309765
FW_01039146,17.99425,73.92067,35_147,1,natural_vegetation_fire,1,natural_vegetation_fire,True,0.0008649517914747286,0.8533953259367288,0.14573972227179655,0.8533953259367288
FW_00915909,24.90179,94.25927,49_188,1,natural_vegetation_fire,1,natural_vegetation_fire,True,0.000557520598879084,0.9798373696546584,0.0196051097464626,0.9798373696546584
FW_01074852,20.96734,85.17529,41_170,2,other_uncertain,2,other_uncertain,True,0.000912750893175706,0.03274258114091177,0.9663446679659126,0.9663446679659126
FW_00478417,29.83782,75.83216,59_151,1,natural_vegetation_fire,1,natural_vegetation_fire,True,0.0006339227104812188,0.9428938053191169,0.056472271970401944,0.9428938053191169
FW_01106891,30.27773,76.08202,60_152,1,natural_vegetation_fire,2,other_uncertain,False,0.0030386959407728295,0.3320843255064016,0.6648769785528256,0.6648769785528256
FW_01145360,25.26183,83.94613,50_167,1,natural_vegetation_fire,1,natural_vegetation_fire,True,0.00032114886442945786,0.9113353702290449,0.08834348090652577,0.9113353702290449
FW_00514889,24.16718,82.64104,48_165,2,other_uncertain,2,other_uncertain,True,0.024379209313172546,0.03141108033844328,0.9442097103483841,0.9442097103483841
FW_01188653,22.31385,84.77264,44_169,2,other_uncertain,2,other_uncertain,True,0.10160960530363303,0.035833610930130204,0.8625567837662368,0.8625567837662368
FW_01491507,15.11599,77.62319,30_155,1,natural_vegetation_fire,1,natural_vegetation_fire,True,0.003817350482826055,0.8621657986933815,0.1340168508237924,0.8621657986933815
FW_00817643,20.78701,85.25955,41_170,2,other_uncertain,2,other_uncertain,True,0.022609081393561454,0.08020707949836027,0.8971838391080782,0.8971838391080782
FW_00463911,20.8071,85.25782,41_170,2,other_uncertain,2,other_uncertain,True,0.2635741039859279,0.01476553699110724,0.7216603590229649,0.7216603590229649
FW_01446601,27.09533,83.5798,54_167,1,natural_vegetation_fire,1,natural_vegetation_fire,True,0.00023589118229188838,0.9741061699286645,0.025657938889043705,0.9741061699286645
FW_00876092,19.33513,82.93681,38_165,1,natural_vegetation_fire,1,natural_vegetation_fire,True,0.0013233990677877722,0.9794189414826495,0.019257659449562568,0.9794189414826495
FW_01693380,25.39748,83.48177,50_166,1,natural_vegetation_fire,1,natural_vegetation_fire,True,0.008771131308591988,0.8353075329449413,0.15592133574646663,0.8353075329449413
FW_00359508,20.94498,85.01395,41_170,2,other_uncertain,2,other_uncertain,True,0.0003796295472359094,0.0145293791991662,0.9850909912535979,0.9850909912535979
FW_00902693,13.68653,76.50549,27_153,1,natural_vegetation_fire,1,natural_vegetation_fire,True,0.015833898972644037,0.863595017960666,0.12057108306669016,0.863595017960666
FW_00670015,23.38996,68.59457,46_137,2,other_uncertain,1,natural_vegetation_fire,False,0.01595565937655572,0.5534690955000011,0.43057524512344314,0.5534690955000011
FW_00828781,14.78601,78.86002,29_157,1,natural_vegetation_fire,1,natural_vegetation_fire,True,0.0015094973195653788,0.9402540468942049,0.05823645578622964,0.9402540468942049
FW_01657773,29.24314,73.55013,58_147,1,natural_vegetation_fire,1,natural_vegetation_fire,True,0.001438040349069087,0.8853589984334329,0.11320296121749791,0.8853589984334329
FW_01630875,29.97208,75.51814,59_151,1,natural_vegetation_fire,1,natural_vegetation_fire,True,0.00040792135378783524,0.9446851868279632,0.054906891818249065,0.9446851868279632
FW_01427160,19.15328,82.81497,38_165,1,natural_vegetation_fire,1,natural_vegetation_fire,True,0.0025508149900331976,0.9774113060731846,0.02003787893678232,0.9774113060731846
FW_00927680,19.82303,81.15184,39_162,1,natural_vegetation_fire,1,natural_vegetation_fire,True,0.006172113423079375,0.9469076037609018,0.046920282816019024,0.9469076037609018
FW_01040944,12.48831,78.26913,24_156,1,natural_vegetation_fire,1,natural_vegetation_fire,True,0.007686031616260858,0.5555244138423168,0.43678955454142243,0.5555244138423168
FW_00897059,12.64427,79.69837,25_159,2,other_uncertain,2,other_uncertain,True,0.013003320662178635,0.21533094034888567,0.7716657389889356,0.7716657389889356
FW_00482220,31.32334,75.06731,62_150,1,natural_vegetation_fire,1,natural_vegetation_fire,True,0.00044795595085202146,0.8689004058728238,0.13065163817632425,0.8689004058728238
FW_01687497,25.17648,83.52833,50_167,1,natural_vegetation_fire,1,natural_vegetation_fire,True,0.0009233881312762554,0.9640676221266655,0.035008989742058176,0.9640676221266655
FW_01058585,29.64357,75.78418,59_151,1,natural_vegetation_fire,1,natural_vegetation_fire,True,0.0012304039947276402,0.8505069143076138,0.14826268169765855,0.8505069143076138
FW_00089998,27.73776,94.72118,55_189,1,natural_vegetation_fire,1,natural_vegetation_fire,True,0.0006646865487042728,0.9804441617364246,0.018891151714871265,0.9804441617364246
FW_00829896,29.12517,75.77625,58_151,2,other_uncertain,2,other_uncertain,True,0.234270955627813,0.07173575764193775,0.6939932867302493,0.6939932867302493
FW_00314406,9.97868,76.37701,19_152,2,other_uncertain,2,other_uncertain,True,0.4418826051961758,0.017990983039385913,0.5401264117644382,0.5401264117644382
FW_01093358,29.65799,75.81776,59_151,1,natural_vegetation_fire,1,natural_vegetation_fire,True,0.025225506346997384,0.7973546534593343,0.1774198401936683,0.7973546534593343
FW_01702727,20.97853,85.13525,41_170,2,other_uncertain,2,other_uncertain,True,0.004718140970402573,0.0232312511551731,0.9720506078744242,0.9720506078744242
FW_00994258,31.61512,75.14691,63_150,1,natural_vegetation_fire,1,natural_vegetation_fire,True,0.0027741158276786125,0.7514076246372656,0.24581825953505582,0.7514076246372656
FW_01275877,11.14883,78.02752,22_156,1,natural_vegetation_fire,1,natural_vegetation_fire,True,0.002267043652826862,0.9585737127912057,0.039159243555967366,0.9585737127912057
FW_00212214,22.41382,81.05616,44_162,1,natural_vegetation_fire,1,natural_vegetation_fire,True,0.0010707162209154305,0.9932010890717491,0.005728194707335568,0.9932010890717491
FW_01398264,23.84067,84.95236,47_169,2,other_uncertain,2,other_uncertain,True,0.00043070639933340374,0.02689991734429433,0.9726693762563722,0.9726693762563722
FW_01481973,20.97898,85.1442,41_170,2,other_uncertain,2,other_uncertain,True,0.0026534208291498457,0.032953450577852476,0.9643931285929978,0.9643931285929978
FW_00345272,20.79425,79.3053,41_158,1,natural_vegetation_fire,1,natural_vegetation_fire,True,0.004438685710321886,0.9148856032965368,0.08067571099314132,0.9148856032965368
FW_00096238,25.91872,94.78571,51_189,1,natural_vegetation_fire,1,natural_vegetation_fire,True,0.0006400769603213196,0.977336862497788,0.022023060541890682,0.977336862497788
FW_00788601,24.33822,93.6639,48_187,1,natural_vegetation_fire,1,natural_vegetation_fire,True,0.0017404689701256775,0.9582059361174942,0.04005359491238021,0.9582059361174942
FW_01058880,20.9616,85.16384,41_170,2,other_uncertain,2,other_uncertain,True,0.0029754502852996976,0.0200413231060147,0.9769832266086856,0.9769832266086856
FW_01630881,29.99294,75.62117,59_151,1,natural_vegetation_fire,1,natural_vegetation_fire,True,0.0002701589890214309,0.9342371308176792,0.06549271019329928,0.9342371308176792
FW_00589252,15.17303,76.37752,30_152,0,industrial_fire_candidate,2,other_uncertain,False,0.14748910064791154,0.007292728386008405,0.8452181709660802,0.8452181709660802
FW_01043707,27.47079,95.4241,54_190,2,other_uncertain,1,natural_vegetation_fire,False,0.07226046798577533,0.47819792092607144,0.44954161108815327,0.47819792092607144
FW_01652961,26.47686,78.41272,52_156,1,natural_vegetation_fire,1,natural_vegetation_fire,True,0.0019213046325266675,0.9511018452015526,0.04697685016592071,0.9511018452015526
FW_01504814,22.58555,88.03234,45_176,1,natural_vegetation_fire,1,natural_vegetation_fire,True,0.0014256488769164052,0.9713356154164182,0.02723873570666536,0.9713356154164182
FW_00795298,23.66424,92.77624,47_185,1,natural_vegetation_fire,1,natural_vegetation_fire,True,0.0021493467961882996,0.8751575671653211,0.12269308603849044,0.8751575671653211
FW_01555884,31.39312,75.13801,62_150,0,industrial_fire_candidate,0,industrial_fire_candidate,True,0.6383082928106175,0.124942321601518,0.23674938558786443,0.6383082928106175
FW_01038511,19.98701,79.08046,39_158,2,other_uncertain,2,other_uncertain,True,0.0024587840456699326,0.1687664897947645,0.8287747261595655,0.8287747261595655
FW_01059050,20.96893,85.17437,41_170,2,other_uncertain,2,other_uncertain,True,0.0016767542432530873,0.037637050462519375,0.9606861952942275,0.9606861952942275
FW_00109856,24.30883,92.8505,48_185,1,natural_vegetation_fire,1,natural_vegetation_fire,True,0.0008675027583434794,0.8824665129185464,0.11666598432311004,0.8824665129185464
FW_01477606,22.21232,84.86223,44_169,2,other_uncertain,2,other_uncertain,True,0.21748095328387596,0.011374144852882271,0.7711449018632419,0.7711449018632419
FW_00028460,20.794,85.25533,41_170,2,other_uncertain,2,other_uncertain,True,0.1383938866300348,0.007528949430781114,0.8540771639391841,0.8540771639391841
FW_00254393,11.93031,76.93954,23_153,2,other_uncertain,2,other_uncertain,True,0.11907628777561119,0.06257775116468361,0.8183459610597051,0.8183459610597051
FW_00522988,24.16718,82.63844,48_165,2,other_uncertain,2,other_uncertain,True,0.04666887457973086,0.06424753932581125,0.8890835860944579,0.8890835860944579
FW_00763249,26.86732,91.92506,53_183,1,natural_vegetation_fire,1,natural_vegetation_fire,True,0.0003767641461902888,0.9619829921825692,0.03764024367124051,0.9619829921825692
FW_00702037,24.27057,93.70808,48_187,1,natural_vegetation_fire,1,natural_vegetation_fire,True,0.0004240774153064787,0.9833986327650851,0.016177289819608483,0.9833986327650851
FW_01025263,25.2634,86.31601,50_172,1,natural_vegetation_fire,1,natural_vegetation_fire,True,0.0021016718530297972,0.9067744817078475,0.09112384643912287,0.9067744817078475
FW_00366658,24.60927,83.30676,49_166,1,natural_vegetation_fire,1,natural_vegetation_fire,True,0.001788233759288089,0.961694249506057,0.03651751673465497,0.961694249506057
FW_00414205,24.70597,78.82796,49_157,1,natural_vegetation_fire,1,natural_vegetation_fire,True,0.0003630245862204336,0.9561210548347643,0.04351592057901523,0.9561210548347643
FW_01207920,22.62482,88.37834,45_176,2,other_uncertain,2,other_uncertain,True,0.2483267956938012,0.06933298524985386,0.682340219056345,0.682340219056345
FW_00944483,23.07538,75.65133,46_151,1,natural_vegetation_fire,1,natural_vegetation_fire,True,0.0007983896199793863,0.9404034357936671,0.05879817458635364,0.9404034357936671
FW_00470399,30.45898,76.50465,60_153,1,natural_vegetation_fire,1,natural_vegetation_fire,True,0.0005587883359931421,0.9070659618507215,0.09237524981328522,0.9070659618507215
FW_01707862,32.99648,76.51436,65_153,1,natural_vegetation_fire,2,other_uncertain,False,0.003084254287140498,0.32389928569539606,0.6730164600174635,0.6730164600174635
FW_01084873,17.46607,80.65434,34_161,1,natural_vegetation_fire,1,natural_vegetation_fire,True,0.24166595090687848,0.5594017202431806,0.198932328849941,0.5594017202431806
FW_01579720,20.96468,85.16713,41_170,2,other_uncertain,2,other_uncertain,True,0.0011946464846411837,0.024213661837060783,0.9745916916782981,0.9745916916782981
FW_00394162,20.9597,85.1819,41_170,2,other_uncertain,2,other_uncertain,True,0.002025172018708642,0.014872622352997293,0.983102205628294,0.983102205628294
FW_01321248,22.69608,76.46147,45_152,1,natural_vegetation_fire,1,natural_vegetation_fire,True,0.0039101123593616,0.8032309375794237,0.19285895006121462,0.8032309375794237
FW_01297404,24.26458,74.45986,48_148,1,natural_vegetation_fire,1,natural_vegetation_fire,True,0.001623162544995227,0.9741671115796587,0.02420972587534623,0.9741671115796587
FW_00445368,20.78568,85.26498,41_170,2,other_uncertain,2,other_uncertain,True,0.05204311828335674,0.08442671952305171,0.8635301621935915,0.8635301621935915
FW_00541137,31.00873,75.24187,62_150,1,natural_vegetation_fire,1,natural_vegetation_fire,True,0.0004909520373451724,0.9160772072152117,0.08343184074744317,0.9160772072152117
FW_00006137,15.18004,77.10332,30_154,0,industrial_fire_candidate,2,other_uncertain,False,0.027113758583732477,0.05109780853532568,0.9217884328809417,0.9217884328809417
FW_00981892,22.48122,81.4713,44_162,1,natural_vegetation_fire,1,natural_vegetation_fire,True,0.00025298623823655437,0.9875454147611589,0.012201599000604562,0.9875454147611589
FW_01325550,24.13733,82.70747,48_165,2,other_uncertain,2,other_uncertain,True,0.029084910507915458,0.038551741422801954,0.9323633480692824,0.9323633480692824
FW_00946108,21.91341,79.01741,43_158,1,natural_vegetation_fire,1,natural_vegetation_fire,True,0.0010988877347800894,0.882906475167094,0.11599463709812594,0.882906475167094
FW_01291379,23.91584,92.88858,47_185,1,natural_vegetation_fire,1,natural_vegetation_fire,True,0.00043592624594659816,0.989869071323115,0.009695002430938503,0.989869071323115
FW_00582610,15.17875,77.10149,30_154,0,industrial_fire_candidate,2,other_uncertain,False,0.007247857210965676,0.08368844389237669,0.9090636988966577,0.9090636988966577
FW_01102031,31.44987,75.34364,62_150,1,natural_vegetation_fire,1,natural_vegetation_fire,True,0.0020873977412205324,0.7916422709461949,0.2062703313125845,0.7916422709461949
FW_00444295,10.13456,78.58447,20_157,1,natural_vegetation_fire,1,natural_vegetation_fire,True,0.0012332255508584588,0.6755625991257905,0.323204175323351,0.6755625991257905
FW_00947314,20.96799,85.01302,41_170,2,other_uncertain,2,other_uncertain,True,0.006806736986708389,0.05121015526178495,0.9419831077515067,0.9419831077515067
FW_01343409,24.67239,78.77972,49_157,1,natural_vegetation_fire,1,natural_vegetation_fire,True,0.0017265075281182641,0.9257040762877413,0.0725694161841403,0.9257040762877413
FW_01504525,22.0133,75.93026,44_151,1,natural_vegetation_fire,1,natural_vegetation_fire,True,0.0025180525665130502,0.9010026342807328,0.09647931315275413,0.9010026342807328
FW_01525664,25.24167,83.74776,50_167,1,natural_vegetation_fire,1,natural_vegetation_fire,True,0.004139485020538938,0.8924393650855904,0.10342114989387072,0.8924393650855904
FW_00047922,14.22502,74.46016,28_148,1,natural_vegetation_fire,1,natural_vegetation_fire,True,0.001067357903519486,0.9834442694994213,0.015488372597059404,0.9834442694994213
FW_01567491,29.98419,75.77983,59_151,1,natural_vegetation_fire,1,natural_vegetation_fire,True,0.0013525151638345374,0.8115824771178398,0.1870650077183257,0.8115824771178398
FW_01481605,30.36365,78.46777,60_156,1,natural_vegetation_fire,1,natural_vegetation_fire,True,0.018774829882628095,0.9117723627225719,0.06945280739480009,0.9117723627225719
FW_01301591,19.66039,79.92314,39_159,1,natural_vegetation_fire,1,natural_vegetation_fire,True,0.002549130546440954,0.9472644959918372,0.05018637346172183,0.9472644959918372
FW_01401995,23.81037,91.92651,47_183,1,natural_vegetation_fire,1,natural_vegetation_fire,True,0.0009785486730040358,0.9028274527825767,0.09619399854441935,0.9028274527825767
FW_00115068,25.85731,94.92433,51_189,1,natural_vegetation_fire,1,natural_vegetation_fire,True,0.0014944333377573174,0.976520509136007,0.02198505752623567,0.976520509136007
FW_00498070,23.14468,71.17754,46_142,1,natural_vegetation_fire,1,natural_vegetation_fire,True,0.004845370314454707,0.948180468291131,0.04697416139441442,0.948180468291131
FW_01582227,23.84043,84.95253,47_169,2,other_uncertain,2,other_uncertain,True,0.00025188761589457764,0.026767462347532398,0.9729806500365731,0.9729806500365731
FW_00605190,20.96575,85.17847,41_170,2,other_uncertain,2,other_uncertain,True,0.0013362064583281024,0.015896924490423372,0.9827668690512484,0.9827668690512484
FW_00649825,17.10766,77.24519,34_154,2,other_uncertain,2,other_uncertain,True,0.01087117616439039,0.15781565440933812,0.8313131694262714,0.8313131694262714
FW_00998826,31.44695,75.32678,62_150,2,other_uncertain,2,other_uncertain,True,0.005081865194405266,0.42425422599884804,0.5706639088067467,0.5706639088067467
FW_01496741,19.09888,82.98492,38_165,1,natural_vegetation_fire,1,natural_vegetation_fire,True,0.0034338955107000245,0.9729845329385501,0.023581571550749726,0.9729845329385501
FW_00512075,22.9606,68.99524,45_137,1,natural_vegetation_fire,1,natural_vegetation_fire,True,0.00822506080040689,0.8917286773614885,0.10004626183810454,0.8917286773614885
FW_01179683,20.78759,85.26115,41_170,2,other_uncertain,2,other_uncertain,True,0.007020682368461257,0.012250525560346535,0.9807287920711921,0.9807287920711921
FW_01039454,31.15603,75.33161,62_150,1,natural_vegetation_fire,1,natural_vegetation_fire,True,0.0026297805775958817,0.9260549097061779,0.0713153097162263,0.9260549097061779
FW_00174326,25.0251,87.65588,50_175,1,natural_vegetation_fire,1,natural_vegetation_fire,True,0.05173567102841958,0.8038121763405244,0.14445215263105593,0.8038121763405244
FW_01689932,19.72429,79.17611,39_158,0,industrial_fire_candidate,2,other_uncertain,False,0.3389931034450758,0.013676444345540528,0.6473304522093837,0.6473304522093837
FW_00839161,20.57232,73.8518,41_147,1,natural_vegetation_fire,1,natural_vegetation_fire,True,0.003443619828302813,0.7906756352509066,0.20588074492079067,0.7906756352509066
FW_01297958,26.6965,89.90065,53_179,1,natural_vegetation_fire,1,natural_vegetation_fire,True,0.0009486945118402473,0.9778015617226502,0.021249743765509508,0.9778015617226502
FW_00118755,28.3527,77.32192,56_154,2,other_uncertain,2,other_uncertain,True,0.4602085416743007,0.04447806261581184,0.4953133957098876,0.4953133957098876
FW_00858363,24.50423,92.74503,49_185,1,natural_vegetation_fire,1,natural_vegetation_fire,True,0.0010168045861322368,0.9538655292816537,0.04511766613221399,0.9538655292816537
FW_01031036,23.82872,84.91524,47_169,1,natural_vegetation_fire,2,other_uncertain,False,0.0032635486081358032,0.49507927277004243,0.5016571786218217,0.5016571786218217
FW_01547287,30.64412,74.33618,61_148,1,natural_vegetation_fire,1,natural_vegetation_fire,True,0.0007429690911267236,0.898935473683716,0.10032155722515719,0.898935473683716
FW_01241705,24.9308,92.57944,49_185,1,natural_vegetation_fire,1,natural_vegetation_fire,True,0.12059879633289648,0.6146615029790833,0.2647397006880202,0.6146615029790833
FW_01052562,21.23378,79.62777,42_159,0,industrial_fire_candidate,2,other_uncertain,False,0.24622710333256345,0.01652400164203451,0.737248895025402,0.737248895025402
FW_00786205,20.28706,85.41933,40_170,1,natural_vegetation_fire,1,natural_vegetation_fire,True,0.0023788362053998634,0.9803015970868092,0.017319566707790997,0.9803015970868092
FW_00726507,13.74045,76.5167,27_153,1,natural_vegetation_fire,1,natural_vegetation_fire,True,0.0049423124359426265,0.829432931393341,0.16562475617071645,0.829432931393341
FW_00669623,18.40186,72.97151,36_145,1,natural_vegetation_fire,1,natural_vegetation_fire,True,0.00046460972840788733,0.9778600497247895,0.0216753405468025,0.9778600497247895
FW_00253482,22.21021,84.84798,44_169,2,other_uncertain,2,other_uncertain,True,0.06602914863702486,0.014593259390864184,0.919377591972111,0.919377591972111
FW_01076088,30.65182,74.29272,61_148,2,other_uncertain,1,natural_vegetation_fire,False,0.0014945252739374142,0.848200343727264,0.15030513099879853,0.848200343727264
FW_00034989,23.82613,84.92167,47_169,2,other_uncertain,2,other_uncertain,True,0.0017879247990335498,0.08311028896426294,0.9151017862367036,0.9151017862367036
FW_00809213,20.79391,85.25302,41_170,2,other_uncertain,2,other_uncertain,True,0.15750808964186605,0.012870080312247659,0.8296218300458863,0.8296218300458863
FW_01420940,12.99204,78.43306,25_156,1,natural_vegetation_fire,1,natural_vegetation_fire,True,0.0047645921202253095,0.9112395051418015,0.0839959027379731,0.9112395051418015
FW_00502130,31.13295,75.22226,62_150,1,natural_vegetation_fire,1,natural_vegetation_fire,True,0.0006714339493638685,0.9601701062940166,0.03915845975661969,0.9601701062940166
FW_01069612,30.47202,76.53697,60_153,1,natural_vegetation_fire,1,natural_vegetation_fire,True,0.005193411333690913,0.6134113256001431,0.38139526306616595,0.6134113256001431
FW_00821574,22.42911,77.10809,44_154,1,natural_vegetation_fire,1,natural_vegetation_fire,True,0.002240310029240393,0.8671432788727929,0.13061641109796668,0.8671432788727929
FW_00668852,24.47312,93.69242,48_187,1,natural_vegetation_fire,1,natural_vegetation_fire,True,0.0007033529995807914,0.9758838786332888,0.023412768367130122,0.9758838786332888
FW_01389349,16.13846,74.26881,32_148,1,natural_vegetation_fire,1,natural_vegetation_fire,True,0.0012742230220192225,0.975680230344612,0.023045546633368698,0.975680230344612
FW_01617039,20.97046,85.17596,41_170,2,other_uncertain,2,other_uncertain,True,0.0008639602235262874,0.032589538289412294,0.9665465014870614,0.9665465014870614
FW_00603168,19.72166,79.17494,39_158,0,industrial_fire_candidate,0,industrial_fire_candidate,True,0.8595277728134586,0.004075203865220176,0.1363970233213211,0.8595277728134586
FW_01494180,20.79006,85.25889,41_170,2,other_uncertain,2,other_uncertain,True,0.018000730975780734,0.07586570262995859,0.9061335663942607,0.9061335663942607
FW_01095355,20.96485,85.17467,41_170,2,other_uncertain,2,other_uncertain,True,0.0037891805707370957,0.026724305197625763,0.9694865142316371,0.9694865142316371
FW_01599145,20.99374,79.65124,41_159,1,natural_vegetation_fire,1,natural_vegetation_fire,True,0.001017152732979494,0.9171635463041535,0.08181930096286696,0.9171635463041535
FW_01493428,25.2268,75.92449,50_151,1,natural_vegetation_fire,1,natural_vegetation_fire,True,0.0014256368337356776,0.8179809927949261,0.18059337037133819,0.8179809927949261
FW_00497235,31.05268,75.28259,62_150,1,natural_vegetation_fire,1,natural_vegetation_fire,True,0.0006047116857932028,0.713854165967613,0.2855411223465938,0.713854165967613
FW_00590607,17.10959,80.89332,34_161,1,natural_vegetation_fire,2,other_uncertain,False,0.00525278035306586,0.49583102272647067,0.4989161969204635,0.4989161969204635
FW_00534267,23.81296,80.35337,47_160,1,natural_vegetation_fire,1,natural_vegetation_fire,True,0.001169475583080982,0.7195422879308656,0.2792882364860534,0.7195422879308656
FW_00231535,23.75363,80.13477,47_160,1,natural_vegetation_fire,1,natural_vegetation_fire,True,0.0019691182508215104,0.9662901724995596,0.031740709249618776,0.9662901724995596
FW_00796012,24.24117,92.56931,48_185,1,natural_vegetation_fire,1,natural_vegetation_fire,True,0.000644010066152138,0.970505399102787,0.02885059083106083,0.970505399102787
FW_01685119,24.14524,86.33192,48_172,2,other_uncertain,2,other_uncertain,True,0.2237069525189714,0.07471014871795933,0.7015828987630692,0.7015828987630692
FW_00059403,12.23048,75.60488,24_151,1,natural_vegetation_fire,1,natural_vegetation_fire,True,0.0007873038302805246,0.9833502988857843,0.015862397283935133,0.9833502988857843
FW_00397925,34.14567,77.59492,68_155,2,other_uncertain,2,other_uncertain,True,0.022923345727205356,0.22919298050911596,0.7478836737636787,0.7478836737636787
FW_01416637,24.15618,93.79489,48_187,1,natural_vegetation_fire,1,natural_vegetation_fire,True,0.0004652125385430165,0.9878300938442919,0.011704693617165146,0.9878300938442919
FW_01065873,26.97727,77.86015,53_155,1,natural_vegetation_fire,1,natural_vegetation_fire,True,0.0008972921313054308,0.8653855489582195,0.13371715891047511,0.8653855489582195
FW_00423636,20.96476,85.17866,41_170,2,other_uncertain,2,other_uncertain,True,0.0013011319298103776,0.022958952393988277,0.9757399156762014,0.9757399156762014
FW_00127110,16.39708,74.12259,32_148,1,natural_vegetation_fire,1,natural_vegetation_fire,True,0.0011669817836482224,0.8950992925180871,0.10373372569826474,0.8950992925180871
FW_00553652,14.58869,78.58035,29_157,2,other_uncertain,2,other_uncertain,True,0.07566855732476277,0.023182961886088118,0.9011484807891492,0.9011484807891492
FW_01178895,30.55014,79.16188,61_158,1,natural_vegetation_fire,1,natural_vegetation_fire,True,0.0018650091647886141,0.9338715790031021,0.06426341183210943,0.9338715790031021
FW_00520182,26.90751,72.05471,53_144,2,other_uncertain,2,other_uncertain,True,0.0035812550310759337,0.14479698138894426,0.8516217635799798,0.8516217635799798
FW_01109604,30.57065,74.13322,61_148,1,natural_vegetation_fire,1,natural_vegetation_fire,True,0.0022294555727429004,0.731025664794707,0.26674487963255017,0.731025664794707
FW_00487464,29.6557,75.75639,59_151,1,natural_vegetation_fire,1,natural_vegetation_fire,True,0.0026845105726204734,0.9353055260272941,0.06200996340008532,0.9353055260272941
FW_00144828,20.79513,85.25428,41_170,2,other_uncertain,2,other_uncertain,True,0.1169980997227321,0.010414556446647849,0.8725873438306201,0.8725873438306201
FW_01164002,23.83706,84.95103,47_169,2,other_uncertain,2,other_uncertain,True,0.0007332788901798293,0.025428995000454382,0.9738377261093658,0.9738377261093658
FW_01465770,24.75985,79.74086,49_159,1,natural_vegetation_fire,1,natural_vegetation_fire,True,0.002667446407450858,0.9162905931904423,0.08104196040210679,0.9162905931904423
FW_00546089,16.58298,76.9831,33_153,1,natural_vegetation_fire,1,natural_vegetation_fire,True,0.001239417568783929,0.914792920142399,0.08396766228881715,0.914792920142399
FW_01116337,25.12223,77.11459,50_154,1,natural_vegetation_fire,1,natural_vegetation_fire,True,0.0007738993007267359,0.9427172551826272,0.056508845516646346,0.9427172551826272
FW_00830778,13.02193,76.26969,26_152,1,natural_vegetation_fire,1,natural_vegetation_fire,True,0.006744948548707859,0.7213222239812451,0.27193282747004693,0.7213222239812451
FW_00928830,22.36009,84.72384,44_169,1,natural_vegetation_fire,1,natural_vegetation_fire,True,0.004575173364511552,0.9682380099472601,0.027186816688228393,0.9682380099472601
FW_00958079,20.96431,85.17934,41_170,2,other_uncertain,2,other_uncertain,True,0.00157878505028227,0.01586962338226742,0.9825515915674503,0.9825515915674503
FW_01088901,29.94239,75.85377,59_151,1,natural_vegetation_fire,1,natural_vegetation_fire,True,0.0011616877004034557,0.9531873896355304,0.04565092266406611,0.9531873896355304
FW_01489421,25.26924,87.82344,50_175,1,natural_vegetation_fire,1,natural_vegetation_fire,True,0.0012537247163191408,0.7496541470961263,0.24909212818755458,0.7496541470961263
FW_01050080,27.61443,70.78976,55_141,2,other_uncertain,2,other_uncertain,True,0.001206511852871306,0.21895422049295094,0.7798392676541778,0.7798392676541778
FW_00232434,22.26911,77.44391,44_154,1,natural_vegetation_fire,1,natural_vegetation_fire,True,0.001473998545820438,0.9553905542297806,0.04313544722439893,0.9553905542297806
FW_00249702,24.91544,83.30343,49_166,1,natural_vegetation_fire,1,natural_vegetation_fire,True,0.002101888862241343,0.9708600362255144,0.02703807491224424,0.9708600362255144
FW_00932501,23.23996,75.683,46_151,1,natural_vegetation_fire,2,other_uncertain,False,0.0034498742415170727,0.39687638007510007,0.5996737456833827,0.5996737456833827
FW_00463315,31.56291,75.27357,63_150,1,natural_vegetation_fire,1,natural_vegetation_fire,True,0.009602476620348143,0.7548372681766767,0.23556025520297508,0.7548372681766767
FW_00571298,20.97854,85.13663,41_170,2,other_uncertain,2,other_uncertain,True,0.0015342807332837088,0.01878390421796607,0.9796818150487503,0.9796818150487503
FW_00687044,21.17062,70.07159,42_140,1,natural_vegetation_fire,1,natural_vegetation_fire,True,0.00024897744542874684,0.9686863998663741,0.031064622688197242,0.9686863998663741
FW_00390165,20.79566,85.25502,41_170,2,other_uncertain,2,other_uncertain,True,0.12439562547963062,0.0074340095198190265,0.8681703650005503,0.8681703650005503
FW_00368343,30.92902,74.43236,61_148,1,natural_vegetation_fire,1,natural_vegetation_fire,True,0.0016287263757508853,0.9599152962992534,0.03845597732499558,0.9599152962992534
FW_00858319,24.44153,93.96758,48_187,1,natural_vegetation_fire,1,natural_vegetation_fire,True,0.003488658511677574,0.9668348704726105,0.029676471015711827,0.9668348704726105
FW_01630696,26.44414,78.38414,52_156,1,natural_vegetation_fire,1,natural_vegetation_fire,True,0.0011507701984197355,0.9766545788580123,0.022194650943567748,0.9766545788580123
FW_00279111,22.92526,72.26032,45_144,1,natural_vegetation_fire,1,natural_vegetation_fire,True,0.0012292362257202664,0.7957444282564902,0.2030263355177895,0.7957444282564902
FW_00242148,22.47173,81.45182,44_162,1,natural_vegetation_fire,1,natural_vegetation_fire,True,0.0011835977528473268,0.9902192580266026,0.008597144220549946,0.9902192580266026
FW_00792988,22.04188,84.41474,44_168,1,natural_vegetation_fire,1,natural_vegetation_fire,True,0.004999605608396363,0.9785997460402212,0.01640064835138232,0.9785997460402212
FW_00902962,15.7664,77.07442,31_154,1,natural_vegetation_fire,1,natural_vegetation_fire,True,0.0009176115202457113,0.9698567599927519,0.029225628487002456,0.9698567599927519
FW_01583082,31.05939,75.17511,62_150,1,natural_vegetation_fire,1,natural_vegetation_fire,True,0.0010584521834512502,0.893674008963524,0.10526753885302487,0.893674008963524
FW_00214654,19.55907,78.63786,39_157,1,natural_vegetation_fire,1,natural_vegetation_fire,True,0.0013762458788876442,0.9765732917839662,0.02205046233714607,0.9765732917839662
FW_00558707,19.92985,79.12083,39_158,0,industrial_fire_candidate,2,other_uncertain,False,0.29974579482633623,0.004961375927632748,0.695292829246031,0.695292829246031
FW_01616663,30.28479,76.91376,60_153,1,natural_vegetation_fire,1,natural_vegetation_fire,True,0.005889951300615027,0.9113013793865085,0.08280866931287646,0.9113013793865085
FW_00461560,31.96222,75.28952,63_150,1,natural_vegetation_fire,1,natural_vegetation_fire,True,0.021565743501410897,0.5081209662063684,0.47031329029222074,0.5081209662063684
FW_00569770,15.17758,77.10445,30_154,0,industrial_fire_candidate,2,other_uncertain,False,0.01887777308755357,0.08037000721173178,0.9007522197007146,0.9007522197007146
FW_00483601,29.97659,75.71011,59_151,1,natural_vegetation_fire,1,natural_vegetation_fire,True,0.000774021320418666,0.9203091223707623,0.07891685630881892,0.9203091223707623
FW_01165247,20.79487,85.25246,41_170,2,other_uncertain,2,other_uncertain,True,0.08054400651180176,0.014504075371383358,0.9049519181168147,0.9049519181168147
FW_01464402,12.92204,79.30978,25_158,1,natural_vegetation_fire,1,natural_vegetation_fire,True,0.029476469469234122,0.5253791600693745,0.4451443704613913,0.5253791600693745
FW_00899223,26.04866,85.82922,52_171,2,other_uncertain,1,natural_vegetation_fire,False,0.005421184424666986,0.8375998402989414,0.15697897527639157,0.8375998402989414
FW_00594469,20.80606,85.25734,41_170,2,other_uncertain,2,other_uncertain,True,0.4172458272482673,0.0058991311106595,0.5768550416410732,0.5768550416410732
FW_01584510,29.12491,75.7811,58_151,2,other_uncertain,2,other_uncertain,True,0.41862559821297535,0.06524015074858434,0.5161342510384404,0.5161342510384404
FW_01454091,27.4888,81.51183,54_163,1,natural_vegetation_fire,1,natural_vegetation_fire,True,0.004480470214540036,0.891253095855342,0.10426643393011788,0.891253095855342
FW_00170067,22.3269,78.03937,44_156,1,natural_vegetation_fire,1,natural_vegetation_fire,True,0.0004175750888467363,0.9642121953999585,0.03537022951119465,0.9642121953999585
FW_00493151,31.37389,75.30176,62_150,1,natural_vegetation_fire,1,natural_vegetation_fire,True,0.0013642210348385972,0.9384177400391601,0.060218038926001284,0.9384177400391601
FW_00209990,23.59181,84.8979,47_169,1,natural_vegetation_fire,1,natural_vegetation_fire,True,0.0008868920883243135,0.9289189654997031,0.0701941424119725,0.9289189654997031
FW_00089535,14.69441,78.90659,29_157,1,natural_vegetation_fire,1,natural_vegetation_fire,True,0.0010451917683752812,0.9727722810855894,0.026182527146035327,0.9727722810855894
FW_00123339,20.94622,85.01442,41_170,2,other_uncertain,2,other_uncertain,True,0.0005542958960603863,0.015231369590388507,0.9842143345135512,0.9842143345135512
FW_00375036,16.54975,79.44277,33_158,1,natural_vegetation_fire,1,natural_vegetation_fire,True,0.0013993798142912803,0.825521085650769,0.17307953453493966,0.825521085650769
FW_00003101,20.94489,85.01449,41_170,2,other_uncertain,2,other_uncertain,True,0.0023973294179345087,0.00796647748032235,0.9896361931017431,0.9896361931017431
FW_00607274,15.33399,76.28421,30_152,2,other_uncertain,2,other_uncertain,True,0.015362043498948636,0.01693430350556083,0.9677036529954905,0.9677036529954905
FW_00781219,24.48045,92.88914,48_185,1,natural_vegetation_fire,1,natural_vegetation_fire,True,0.00047738059021695594,0.9745221698184261,0.02500044959135689,0.9745221698184261
FW_01301906,25.41516,86.02838,50_172,0,industrial_fire_candidate,2,other_uncertain,False,0.2523089493897944,0.1350949102106891,0.6125961403995165,0.6125961403995165
FW_00079767,24.20167,92.64897,48_185,1,natural_vegetation_fire,1,natural_vegetation_fire,True,0.0013132417515083897,0.9420359545241976,0.05665080372429397,0.9420359545241976
FW_01632141,20.97191,85.17425,41_170,2,other_uncertain,2,other_uncertain,True,0.002091809405298317,0.15012235718746425,0.8477858334072375,0.8477858334072375
FW_00307306,17.46309,80.98993,34_161,1,natural_vegetation_fire,1,natural_vegetation_fire,True,0.0016713965125577713,0.9923238778300381,0.006004725657404118,0.9923238778300381
FW_00620770,19.30721,81.6356,38_163,1,natural_vegetation_fire,1,natural_vegetation_fire,True,0.0004687157645424801,0.9819821494485197,0.017549134786937766,0.9819821494485197
FW_00573646,21.79589,72.09075,43_144,2,other_uncertain,2,other_uncertain,True,0.004281351924703032,0.2253485134231602,0.7703701346521368,0.7703701346521368
FW_01678638,25.20585,83.22955,50_166,1,natural_vegetation_fire,1,natural_vegetation_fire,True,0.0008485935310736867,0.8203506395943939,0.1788007668745323,0.8203506395943939
FW_00545333,20.79591,85.2522,41_170,2,other_uncertain,2,other_uncertain,True,0.11539869541738002,0.007827474837940804,0.8767738297446791,0.8767738297446791
FW_00367668,29.73056,75.59317,59_151,1,natural_vegetation_fire,1,natural_vegetation_fire,True,0.009605266144972606,0.9155196486997464,0.07487508515528091,0.9155196486997464
FW_00274069,22.21205,84.86227,44_169,2,other_uncertain,2,other_uncertain,True,0.23183315574808622,0.008307516374332602,0.7598593278775811,0.7598593278775811
FW_00014931,20.96427,85.17938,41_170,2,other_uncertain,2,other_uncertain,True,0.002712759647357361,0.010638895913356327,0.9866483444392863,0.9866483444392863
FW_00063965,27.29352,95.27781,54_190,1,natural_vegetation_fire,1,natural_vegetation_fire,True,0.002211953433310493,0.9290503017758229,0.06873774479086661,0.9290503017758229
FW_01044281,20.96918,85.17516,41_170,2,other_uncertain,2,other_uncertain,True,0.002634092686238771,0.05610326204412202,0.9412626452696392,0.9412626452696392
FW_00762321,24.90452,94.18995,49_188,1,natural_vegetation_fire,1,natural_vegetation_fire,True,0.0006311620015163636,0.9528510020435369,0.04651783595494676,0.9528510020435369
FW_00586616,25.80732,82.26397,51_164,1,natural_vegetation_fire,1,natural_vegetation_fire,True,0.0008991336580396689,0.8367868054105375,0.16231406093142292,0.8367868054105375
FW_01121225,20.80809,85.25713,41_170,2,other_uncertain,2,other_uncertain,True,0.30863513956974065,0.004880423789357356,0.6864844366409019,0.6864844366409019
FW_00444897,24.16404,82.68008,48_165,2,other_uncertain,2,other_uncertain,True,0.025295083218593965,0.05539757774383634,0.9193073390375698,0.9193073390375698
FW_01580917,22.8174,72.28164,45_144,1,natural_vegetation_fire,1,natural_vegetation_fire,True,0.0010451139532683242,0.9339396244153418,0.06501526163138992,0.9339396244153418
FW_01127493,20.79545,85.25131,41_170,2,other_uncertain,2,other_uncertain,True,0.12418382092158127,0.039280371569309115,0.8365358075091097,0.8365358075091097
FW_00006514,24.1432,82.5686,48_165,2,other_uncertain,2,other_uncertain,True,0.01618561876631795,0.2023922730930979,0.7814221081405841,0.7814221081405841
FW_00208641,22.00443,80.25832,44_160,1,natural_vegetation_fire,1,natural_vegetation_fire,True,0.0010413410385390546,0.980882268738998,0.01807639022246293,0.980882268738998
FW_00620762,19.1662,76.56742,38_153,1,natural_vegetation_fire,1,natural_vegetation_fire,True,0.0004342344145652743,0.9760656820706866,0.02350008351474813,0.9760656820706866
FW_00742395,19.35338,82.7421,38_165,1,natural_vegetation_fire,1,natural_vegetation_fire,True,0.0007479486249420225,0.9576989655395592,0.041553085835498715,0.9576989655395592
FW_00756956,12.67539,78.22652,25_156,1,natural_vegetation_fire,1,natural_vegetation_fire,True,0.009884767320171094,0.9552275027030376,0.03488772997679129,0.9552275027030376
FW_01153353,20.76033,85.29308,41_170,2,other_uncertain,2,other_uncertain,True,0.01135866906641213,0.1504674968573019,0.8381738340762859,0.8381738340762859
FW_00996088,23.54073,81.01727,47_162,1,natural_vegetation_fire,1,natural_vegetation_fire,True,0.00034624196713665836,0.9780232791396117,0.02163047889325168,0.9780232791396117
FW_01013540,17.01724,79.64473,34_159,1,natural_vegetation_fire,1,natural_vegetation_fire,True,0.0027821717830795274,0.9305090986179635,0.066708729598957,0.9305090986179635
FW_00672434,23.62405,69.50795,47_139,1,natural_vegetation_fire,1,natural_vegetation_fire,True,0.0013635277828983698,0.9833232497892723,0.015313222427829254,0.9833232497892723
FW_00327145,27.11932,83.63194,54_167,1,natural_vegetation_fire,1,natural_vegetation_fire,True,0.0004823650036031018,0.9726376555306098,0.026879979465787355,0.9726376555306098
FW_01528989,28.50198,76.4585,57_152,1,natural_vegetation_fire,1,natural_vegetation_fire,True,0.0015064701596471531,0.8834854503939349,0.11500807944641808,0.8834854503939349
FW_00892497,19.10258,82.80451,38_165,1,natural_vegetation_fire,1,natural_vegetation_fire,True,0.00025826458420411886,0.9914392547419868,0.008302480673808982,0.9914392547419868
FW_00345289,20.90774,79.22424,41_158,2,other_uncertain,1,natural_vegetation_fire,False,0.002426744841859541,0.5210540561772222,0.4765191989809182,0.5210540561772222
FW_00693723,25.00825,87.67195,50_175,1,natural_vegetation_fire,1,natural_vegetation_fire,True,0.00171660062056468,0.9129471758954589,0.08533622348397647,0.9129471758954589
FW_00797018,25.67283,94.54095,51_189,1,natural_vegetation_fire,1,natural_vegetation_fire,True,0.0008491600174208458,0.8855408108806874,0.11361002910189183,0.8855408108806874
FW_00147808,20.53144,79.6054,41_159,1,natural_vegetation_fire,1,natural_vegetation_fire,True,0.0018711525513501236,0.9602349651759639,0.037893882272686,0.9602349651759639
FW_00055999,21.24976,74.94025,42_149,1,natural_vegetation_fire,1,natural_vegetation_fire,True,0.00019940875841467385,0.9813592612143175,0.01844133002726789,0.9813592612143175
FW_00335528,30.59801,74.29505,61_148,1,natural_vegetation_fire,1,natural_vegetation_fire,True,0.0010931994607756399,0.9184929203219583,0.08041388021726603,0.9184929203219583
FW_01065481,20.96984,85.01701,41_170,2,other_uncertain,2,other_uncertain,True,0.005918989791894376,0.11351853551877128,0.8805624746893344,0.8805624746893344
FW_01654197,19.46813,75.49083,38_150,1,natural_vegetation_fire,1,natural_vegetation_fire,True,0.0002475846161013917,0.9735923206174796,0.02616009476641913,0.9735923206174796
FW_00412794,24.16493,82.68133,48_165,2,other_uncertain,2,other_uncertain,True,0.0018561695074280143,0.005394281990928018,0.9927495485016439,0.9927495485016439
FW_00839459,9.44706,76.36054,18_152,1,natural_vegetation_fire,1,natural_vegetation_fire,True,0.004819334202385481,0.8990088416167231,0.09617182418089144,0.8990088416167231
FW_00379288,24.13377,82.59057,48_165,2,other_uncertain,2,other_uncertain,True,0.005712311178806926,0.01431605106936971,0.9799716377518234,0.9799716377518234
FW_01222911,17.26201,78.07636,34_156,1,natural_vegetation_fire,1,natural_vegetation_fire,True,0.0030634574912327714,0.9233964975935186,0.07354004491524878,0.9233964975935186
FW_00598807,20.25031,85.48088,40_170,1,natural_vegetation_fire,1,natural_vegetation_fire,True,0.0071680245822146275,0.8720265276511285,0.12080544776665679,0.8720265276511285
FW_00470161,30.26034,76.55083,60_153,1,natural_vegetation_fire,1,natural_vegetation_fire,True,0.0027943128825092694,0.7800084814942748,0.21719720562321587,0.7800084814942748
FW_01698096,15.62675,76.87503,31_153,2,other_uncertain,1,natural_vegetation_fire,False,0.0007271603277259288,0.6794362737100687,0.3198365659622055,0.6794362737100687
FW_00052465,17.61123,73.86812,35_147,1,natural_vegetation_fire,1,natural_vegetation_fire,True,0.001087988092089575,0.9284758500439151,0.0704361618639953,0.9284758500439151
FW_01577939,20.76067,85.29314,41_170,2,other_uncertain,2,other_uncertain,True,0.0010487392325912274,0.04221015936317406,0.9567411014042347,0.9567411014042347
FW_01071636,31.40734,75.04769,62_150,1,natural_vegetation_fire,1,natural_vegetation_fire,True,0.004095043963663689,0.9306269580755455,0.06527799796079087,0.9306269580755455
FW_01404720,12.96968,78.18917,25_156,2,other_uncertain,1,natural_vegetation_fire,False,0.0020889767749984003,0.546110162904785,0.45180086032021666,0.546110162904785
FW_01411180,24.10335,93.84572,48_187,1,natural_vegetation_fire,1,natural_vegetation_fire,True,0.00037438194061456136,0.9847066973528082,0.014918920706577146,0.9847066973528082
FW_00444922,20.977,85.14709,41_170,2,other_uncertain,2,other_uncertain,True,0.018924239991881822,0.21030287446313478,0.7707728855449834,0.7707728855449834
FW_00722803,20.99454,85.39157,41_170,1,natural_vegetation_fire,1,natural_vegetation_fire,True,0.002686778017416732,0.9498915064263267,0.047421715556256634,0.9498915064263267
FW_01257230,26.1689,85.89308,52_171,2,other_uncertain,2,other_uncertain,True,0.05624467470221217,0.3896094333694234,0.5541458919283644,0.5541458919283644
FW_01560390,31.93904,75.49589,63_150,1,natural_vegetation_fire,1,natural_vegetation_fire,True,0.00032711238467356113,0.951427942987373,0.04824494462795353,0.951427942987373
FW_00705414,25.41639,86.02964,50_172,0,industrial_fire_candidate,2,other_uncertain,False,0.10255316235317209,0.17070649211148192,0.7267403455353459,0.7267403455353459
FW_01056843,20.96263,85.17477,41_170,2,other_uncertain,2,other_uncertain,True,0.0007527725750354113,0.054968722228630904,0.9442785051963337,0.9442785051963337
FW_01610165,10.10508,78.77245,20_157,1,natural_vegetation_fire,1,natural_vegetation_fire,True,0.04436128041330722,0.6374904928435616,0.3181482267431311,0.6374904928435616
FW_01006895,31.53246,75.43427,63_150,1,natural_vegetation_fire,1,natural_vegetation_fire,True,0.0005456676317768792,0.9453392953937698,0.05411503697445316,0.9453392953937698
FW_01097303,30.23813,76.35626,60_152,1,natural_vegetation_fire,1,natural_vegetation_fire,True,0.0014944575277235717,0.8083239088932794,0.19018163357899703,0.8083239088932794
FW_00267742,24.45044,82.95667,48_165,2,other_uncertain,0,industrial_fire_candidate,False,0.4733963480961636,0.2137402650677027,0.31286338683613385,0.4733963480961636
FW_01580949,27.53098,70.67934,55_141,1,natural_vegetation_fire,2,other_uncertain,False,0.0033228189184804917,0.32075618178860815,0.6759209992929114,0.6759209992929114
FW_01705419,32.5685,76.46603,65_152,1,natural_vegetation_fire,1,natural_vegetation_fire,True,0.002712088719208971,0.9121747790107436,0.08511313227004745,0.9121747790107436
FW_00049344,18.19797,77.44763,36_154,1,natural_vegetation_fire,2,other_uncertain,False,0.032109406631938474,0.14147262475101174,0.8264179686170499,0.8264179686170499
FW_01562755,31.0118,75.36832,62_150,1,natural_vegetation_fire,1,natural_vegetation_fire,True,0.0008874984925274885,0.9669332415366659,0.03217925997080649,0.9669332415366659
FW_01390772,15.88839,79.9556,31_159,1,natural_vegetation_fire,1,natural_vegetation_fire,True,0.002706494249304654,0.9285857335776532,0.06870777217304223,0.9285857335776532
FW_00359605,21.26105,79.5197,42_159,1,natural_vegetation_fire,1,natural_vegetation_fire,True,0.0016552944851875486,0.9330667365279084,0.06527796898690413,0.9330667365279084
FW_01611619,20.97036,85.17606,41_170,2,other_uncertain,2,other_uncertain,True,0.0018657579887819606,0.09622820200669238,0.9019060400045257,0.9019060400045257
FW_00349587,31.52766,75.45071,63_150,1,natural_vegetation_fire,1,natural_vegetation_fire,True,0.000485775188353196,0.9168871115411054,0.08262711327054144,0.9168871115411054
FW_00883241,24.74049,94.20116,49_188,1,natural_vegetation_fire,1,natural_vegetation_fire,True,0.00030217031789755034,0.9838276275263089,0.015870202155793614,0.9838276275263089
FW_00223390,24.18817,82.53197,48_165,1,natural_vegetation_fire,1,natural_vegetation_fire,True,0.002603666528244425,0.9092872839639315,0.08810904950782403,0.9092872839639315
FW_01125332,30.61534,74.201,61_148,1,natural_vegetation_fire,1,natural_vegetation_fire,True,0.001394671712089129,0.8083625134358644,0.19024281485204647,0.8083625134358644
FW_01104572,25.76318,82.33888,51_164,1,natural_vegetation_fire,1,natural_vegetation_fire,True,0.0010878899730453501,0.9353007977284636,0.06361131229849097,0.9353007977284636
FW_01020460,22.16155,73.45469,44_146,1,natural_vegetation_fire,1,natural_vegetation_fire,True,0.0014052006079249822,0.878864129066447,0.11973067032562805,0.878864129066447
FW_00399716,20.96401,85.17123,41_170,2,other_uncertain,2,other_uncertain,True,0.002301746562155666,0.023204489835653687,0.9744937636021906,0.9744937636021906
