observation_id,actual_class,predicted_class,prob_industrial,prob_natural,prob_other
FW_00501709,natural_vegetation_fire,natural_vegetation_fire,0.0014652533565101514,0.943972303043879,0.0545624435996108
FW_00059227,natural_vegetation_fire,other_uncertain,0.05513975920335643,0.4062781318842362,0.5385821089124074
FW_00239656,other_uncertain,other_uncertain,0.04504095412133664,0.08230961765760796,0.8726494282210554
FW_01587012,other_uncertain,other_uncertain,0.0013049207272987477,0.014468313696235285,0.9842267655764659
FW_00058775,natural_vegetation_fire,natural_vegetation_fire,0.0005630704252260541,0.984422429069655,0.015014500505118983
FW_00446635,other_uncertain,other_uncertain,0.005070186924916494,0.07436512313294098,0.9205646899421427
FW_00647476,natural_vegetation_fire,natural_vegetation_fire,0.0016177239077752954,0.9379724091576754,0.06040986693454935
FW_00351867,other_uncertain,other_uncertain,0.09736127973755145,0.011365693295726752,0.8912730269667218
FW_01369279,natural_vegetation_fire,natural_vegetation_fire,0.0021571798042764826,0.9662377535523472,0.03160506664337642
FW_00870874,natural_vegetation_fire,natural_vegetation_fire,0.0012032025787052513,0.932574602273744,0.06622219514755076
FW_00401337,natural_vegetation_fire,natural_vegetation_fire,0.0018947405220824543,0.7058596457916693,0.2922456136862483
FW_00487836,natural_vegetation_fire,natural_vegetation_fire,0.010657749330575382,0.8536873617813384,0.13565488888808624
FW_00201903,natural_vegetation_fire,natural_vegetation_fire,0.007327219286255736,0.6100337904358869,0.3826389902778573
FW_00692431,other_uncertain,other_uncertain,0.0041499742127603465,0.015382124282455072,0.9804679015047846
FW_01549487,natural_vegetation_fire,natural_vegetation_fire,0.008033887714331337,0.7448026340820284,0.24716347820364026
FW_00273934,other_uncertain,natural_vegetation_fire,0.002313613816559329,0.8700535808759798,0.1276328053074608
FW_01326950,natural_vegetation_fire,natural_vegetation_fire,0.0016341967129002526,0.9779356147709996,0.02043018851610005
FW_01093624,natural_vegetation_fire,natural_vegetation_fire,0.012871136241207913,0.8815697948646243,0.10555906889416777
FW_00406183,natural_vegetation_fire,natural_vegetation_fire,0.002577266905719327,0.9278355095350846,0.069587223559196
FW_00044098,other_uncertain,natural_vegetation_fire,0.09560697449288806,0.47908582900397595,0.4253071965031359
FW_00513874,natural_vegetation_fire,natural_vegetation_fire,0.004126840321066232,0.9574765212390398,0.038396638439893924
FW_01128107,other_uncertain,other_uncertain,0.0010433050727274263,0.028488484251590257,0.9704682106756822
FW_00601520,industrial_fire_candidate,other_uncertain,0.21634326639059687,0.02603931337458122,0.7576174202348219
FW_00472477,natural_vegetation_fire,natural_vegetation_fire,0.10484903728507129,0.7856846453588294,0.10946631735609927
FW_00831754,other_uncertain,other_uncertain,0.0006784158954208301,0.01937310068600012,0.9799484834185791
FW_01627520,natural_vegetation_fire,natural_vegetation_fire,0.00290247781000996,0.7860721293179329,0.21102539287205713
FW_00453011,natural_vegetation_fire,natural_vegetation_fire,0.006123008638399243,0.7191761543347164,0.27470083702688447
FW_00861401,other_uncertain,natural_vegetation_fire,0.017299491135379447,0.667615386298246,0.3150851225663745
FW_00241777,other_uncertain,other_uncertain,0.39484716865459285,0.018942183941332305,0.5862106474040749
FW_00392998,natural_vegetation_fire,natural_vegetation_fire,0.00490648956510236,0.8648609289846989,0.13023258145019875
FW_01093603,natural_vegetation_fire,natural_vegetation_fire,0.004531239983624792,0.8149988845512903,0.1804698754650849
FW_00827189,natural_vegetation_fire,natural_vegetation_fire,0.0040781763869066805,0.7705722939186043,0.2253495296944891
FW_01286811,natural_vegetation_fire,natural_vegetation_fire,0.0004947319983733756,0.9947413402335918,0.004763927768034954
FW_00493165,natural_vegetation_fire,natural_vegetation_fire,0.0013426540055166587,0.8227908679256389,0.17586647806884437
FW_01692006,other_uncertain,other_uncertain,0.36073005642941325,0.0072537556202062065,0.6320161879503805
FW_01182628,natural_vegetation_fire,other_uncertain,0.00922221382390412,0.446042222321235,0.5447355638548609
FW_00148607,natural_vegetation_fire,natural_vegetation_fire,0.0009358962236026714,0.9868957337601869,0.012168370016210347
FW_00109867,natural_vegetation_fire,natural_vegetation_fire,0.0017808276411302136,0.8752965269636818,0.12292264539518807
FW_00334280,natural_vegetation_fire,natural_vegetation_fire,0.0014253770145277625,0.9769228082123911,0.02165181477308122
FW_01567752,natural_vegetation_fire,natural_vegetation_fire,0.0029790074235996737,0.7966187055720555,0.2004022870043448
FW_00016767,other_uncertain,natural_vegetation_fire,0.013500945051473348,0.6036071939727194,0.38289186097580713
FW_01070375,industrial_fire_candidate,industrial_fire_candidate,0.5674011154523926,0.011705416308791681,0.4208934682388158
FW_01541517,natural_vegetation_fire,natural_vegetation_fire,0.001144830968628036,0.953664211519918,0.045190957511454
FW_00442354,other_uncertain,other_uncertain,0.015781953829656862,0.06002955701378351,0.9241884891565596
FW_01345134,natural_vegetation_fire,natural_vegetation_fire,0.0014566413648272386,0.9379240298916359,0.060619328743536954
FW_01581336,natural_vegetation_fire,natural_vegetation_fire,0.0009540943328824827,0.921287777792303,0.07775812787481438
FW_01095201,natural_vegetation_fire,natural_vegetation_fire,0.005889598863271796,0.6948893637082659,0.2992210374284622
FW_01129842,other_uncertain,industrial_fire_candidate,0.8847575401173339,0.00459676699676138,0.11064569288590476
FW_00129829,natural_vegetation_fire,natural_vegetation_fire,0.0003969661523052973,0.985702929478508,0.013900104369186586
FW_00052222,other_uncertain,other_uncertain,0.20704906492229513,0.009524700237335582,0.7834262348403692
FW_01155525,other_uncertain,other_uncertain,0.1473589750361176,0.033246695098880126,0.8193943298650023
FW_01668808,other_uncertain,other_uncertain,0.010296992456159924,0.023593066156681487,0.9661099413871587
FW_00537464,natural_vegetation_fire,natural_vegetation_fire,0.006581953571221892,0.5344682830810406,0.4589497633477374
FW_00443664,natural_vegetation_fire,other_uncertain,0.23349222981628312,0.03809891966381078,0.7284088505199061
FW_00753730,natural_vegetation_fire,natural_vegetation_fire,0.0006452950697002406,0.9920435813084706,0.0073111236218291395
FW_01162099,other_uncertain,other_uncertain,0.02631204316661955,0.0236112706955384,0.9500766861378421
FW_00001804,other_uncertain,natural_vegetation_fire,0.023074316384279345,0.6035492221120659,0.3733764615036548
FW_00694399,natural_vegetation_fire,natural_vegetation_fire,0.0013215209081299702,0.9784133348255223,0.020265144266347748
FW_00339116,natural_vegetation_fire,industrial_fire_candidate,0.7989360740912288,0.036897859245902054,0.1641660666628692
FW_01482670,industrial_fire_candidate,other_uncertain,0.05174104801063344,0.03719311078552826,0.9110658412038383
FW_01614691,natural_vegetation_fire,other_uncertain,0.3282097836686491,0.20694491685307687,0.46484529947827413
FW_01078391,natural_vegetation_fire,natural_vegetation_fire,0.003929429243208378,0.8946250785905517,0.10144549216623991
FW_01456321,natural_vegetation_fire,natural_vegetation_fire,0.0019131686713535995,0.9765697467765823,0.021517084552064202
FW_00645555,natural_vegetation_fire,natural_vegetation_fire,0.1699172303502231,0.5719158985556959,0.258166871094081
FW_00504778,natural_vegetation_fire,natural_vegetation_fire,0.0034139544615033536,0.5593740364711253,0.43721200906737145
FW_01593514,natural_vegetation_fire,natural_vegetation_fire,0.0007456329114534468,0.9040210093439198,0.09523335774462689
FW_01186021,other_uncertain,other_uncertain,0.029245880144445294,0.21412064817779447,0.7566334716777602
FW_01589227,other_uncertain,other_uncertain,0.0010296677424098052,0.04179695196261763,0.9571733802949725
FW_00518181,natural_vegetation_fire,natural_vegetation_fire,0.002065377866058355,0.8396383978589896,0.15829622427495219
FW_00544937,other_uncertain,other_uncertain,0.0013499253477031804,0.012103247263155315,0.9865468273891415
FW_00003794,other_uncertain,other_uncertain,0.013450955478196143,0.050709070041784654,0.9358399744800192
FW_01049670,natural_vegetation_fire,other_uncertain,0.002118045085216449,0.27105871136282533,0.7268232435519583
FW_00965145,natural_vegetation_fire,natural_vegetation_fire,0.0017111704960299737,0.9048383388888741,0.0934504906150959
FW_00910762,industrial_fire_candidate,natural_vegetation_fire,0.31719668843026627,0.48032282537027887,0.20248048619945497
FW_01699370,natural_vegetation_fire,natural_vegetation_fire,0.0043371449777546475,0.6611231024067442,0.3345397526155012
FW_01646537,natural_vegetation_fire,natural_vegetation_fire,0.0013487973643447897,0.9587288471253587,0.039922355510296534
FW_01511943,natural_vegetation_fire,natural_vegetation_fire,0.01446789336332265,0.7304992782439038,0.2550328283927735
FW_00733363,natural_vegetation_fire,natural_vegetation_fire,0.0011647306138636668,0.9717780631289066,0.027057206257229675
FW_00074150,other_uncertain,other_uncertain,0.21561813782570013,0.0549458055422378,0.729436056632062
FW_01474518,natural_vegetation_fire,natural_vegetation_fire,0.00152296203713563,0.8897220916366756,0.10875494632618866
FW_00371808,other_uncertain,other_uncertain,0.001859201657757916,0.02624763080805837,0.9718931675341838
FW_00762268,natural_vegetation_fire,natural_vegetation_fire,0.0006339418710204726,0.9862759867563705,0.013090071372608932
FW_01413854,natural_vegetation_fire,natural_vegetation_fire,0.0008829996656631828,0.974995256906647,0.024121743427689666
FW_01115740,other_uncertain,other_uncertain,0.044217214866989395,0.26805125215162534,0.6877315329813852
FW_00268769,other_uncertain,other_uncertain,0.001858887890446895,0.014429004623883464,0.9837121074856696
FW_00349181,natural_vegetation_fire,natural_vegetation_fire,0.002034560456961026,0.9298156398543236,0.06814979968871546
FW_00048791,other_uncertain,natural_vegetation_fire,0.0026152290525764325,0.8225201535281317,0.17486461741929188
FW_01702192,natural_vegetation_fire,natural_vegetation_fire,0.0025889811967137223,0.7887613061949578,0.20864971260832843
FW_01722875,natural_vegetation_fire,natural_vegetation_fire,0.00436401995274579,0.9339910355974207,0.061644944449833594
FW_00827430,natural_vegetation_fire,natural_vegetation_fire,0.0016141807211290113,0.9762596938144477,0.022126125464423337
FW_00066001,natural_vegetation_fire,natural_vegetation_fire,0.0014361678272172516,0.8235507307887093,0.17501310138407347
FW_00868117,natural_vegetation_fire,natural_vegetation_fire,0.000904654990587669,0.9680561390833677,0.031039205926044564
FW_00004558,other_uncertain,other_uncertain,0.17214611336360974,0.013869179040189061,0.8139847075962012
FW_00650314,natural_vegetation_fire,natural_vegetation_fire,0.0012459796932943082,0.9343491068713907,0.06440491343531501
FW_01238911,natural_vegetation_fire,natural_vegetation_fire,0.002480464273243422,0.9621931942589816,0.03532634146777497
FW_01513832,natural_vegetation_fire,natural_vegetation_fire,0.004899490858178435,0.5658921219585936,0.4292083871832279
FW_00082499,natural_vegetation_fire,natural_vegetation_fire,0.0006489653256843906,0.9863828934636161,0.012968141210699419
FW_01566148,natural_vegetation_fire,natural_vegetation_fire,0.008053163658439449,0.8030541041842891,0.18889273215727131
FW_01391033,natural_vegetation_fire,natural_vegetation_fire,0.0015859811070808817,0.9566645061109251,0.04174951278199417
FW_00888383,natural_vegetation_fire,natural_vegetation_fire,0.004161084642255996,0.9159735077241034,0.07986540763364074
FW_00446629,other_uncertain,other_uncertain,0.0011517768007110157,0.02240891643397708,0.9764393067653119
FW_01123966,natural_vegetation_fire,natural_vegetation_fire,0.0032749967126758143,0.8483137601099503,0.14841124317737397
FW_00223988,industrial_fire_candidate,industrial_fire_candidate,0.507886834590933,0.04010640304760914,0.452006762361458
FW_01138776,industrial_fire_candidate,other_uncertain,0.042008502305204386,0.16248564417247846,0.7955058535223171
FW_01393433,other_uncertain,other_uncertain,0.0025646357731353023,0.02149768381657305,0.9759376804102916
FW_01218307,natural_vegetation_fire,natural_vegetation_fire,0.004857487873427094,0.8811989140818295,0.11394359804474352
FW_00479767,other_uncertain,other_uncertain,0.008221669043286188,0.02179977934684878,0.969978551609865
FW_00306699,other_uncertain,other_uncertain,0.05527888452090572,0.04664083734645395,0.8980802781326402
FW_00998163,other_uncertain,other_uncertain,0.4285658932622564,0.008075146017036227,0.5633589607207073
FW_01254885,other_uncertain,other_uncertain,0.0007932601691013412,0.019755795291534473,0.9794509445393642
FW_01601359,other_uncertain,other_uncertain,0.0004964258174879469,0.015587235123345582,0.9839163390591665
FW_01085649,natural_vegetation_fire,other_uncertain,0.0025829996983193133,0.3880907783617179,0.6093262219399627
FW_00109749,natural_vegetation_fire,natural_vegetation_fire,0.0003177366365583571,0.9934230830764919,0.006259180286949647
FW_00894490,natural_vegetation_fire,natural_vegetation_fire,0.0006134899058146124,0.975260067121513,0.02412644297267231
FW_00607714,natural_vegetation_fire,natural_vegetation_fire,0.004589458133676857,0.7974022850644289,0.19800825680189418
FW_00334079,natural_vegetation_fire,natural_vegetation_fire,0.01164041139048294,0.9251189294971017,0.0632406591124154
FW_01427552,other_uncertain,other_uncertain,0.0010027168713599532,0.027547133038117306,0.9714501500905228
FW_00024961,natural_vegetation_fire,other_uncertain,0.006347280192687201,0.309652756055783,0.6839999637515297
FW_01560028,natural_vegetation_fire,natural_vegetation_fire,0.0025136587985829786,0.8210348712316752,0.17645146996974193
FW_01163227,natural_vegetation_fire,natural_vegetation_fire,0.0013345353016889743,0.871917053791031,0.12674841090728003
FW_00706986,natural_vegetation_fire,natural_vegetation_fire,0.0008778975177381729,0.9812197317855166,0.017902370696745325
FW_00595530,industrial_fire_candidate,industrial_fire_candidate,0.8644312448477192,0.0071650525738171135,0.12840370257846373
FW_00443372,natural_vegetation_fire,natural_vegetation_fire,0.004540901064193068,0.5905470685180227,0.4049120304177842
FW_01213709,natural_vegetation_fire,other_uncertain,0.3193501819273087,0.18360905635481037,0.4970407617178809
FW_01025195,natural_vegetation_fire,natural_vegetation_fire,0.005028764739986683,0.9392860882830165,0.05568514697699683
FW_01248604,natural_vegetation_fire,natural_vegetation_fire,0.0016780220038778398,0.8008311437014198,0.1974908342947023
FW_00099968,natural_vegetation_fire,natural_vegetation_fire,0.001803256423046312,0.9823904603623603,0.01580628321459343
FW_01663781,other_uncertain,industrial_fire_candidate,0.5949954226201077,0.1557035632237245,0.24930101415616776
FW_00210506,natural_vegetation_fire,natural_vegetation_fire,0.0008031600587810907,0.990066113589364,0.00913072635185497
FW_00540565,other_uncertain,natural_vegetation_fire,0.0010233806048925225,0.7033317340019343,0.2956448853931731
FW_01579661,other_uncertain,other_uncertain,0.0004472105913368965,0.008351199850851716,0.9912015895578115
FW_00683901,other_uncertain,other_uncertain,0.00974661057316495,0.06729572424578799,0.922957665181047
FW_01012808,natural_vegetation_fire,natural_vegetation_fire,0.003303052986370818,0.876659217708547,0.12003772930508201
FW_01379162,natural_vegetation_fire,natural_vegetation_fire,0.002841105918680042,0.9724289593351304,0.024729934746189546
FW_00839920,natural_vegetation_fire,natural_vegetation_fire,0.0030076719306494984,0.9548929555671957,0.04209937250215486
FW_00975868,other_uncertain,other_uncertain,0.25920066121386137,0.09326739173215526,0.6475319470539835
FW_01587737,other_uncertain,other_uncertain,0.000658467727784124,0.01976145819082186,0.979580074081394
FW_00854170,natural_vegetation_fire,other_uncertain,0.18303657689252356,0.4076080637650097,0.4093553593424668
FW_00856722,other_uncertain,other_uncertain,0.003998487383034398,0.018951914057720946,0.9770495985592446
FW_00994374,natural_vegetation_fire,natural_vegetation_fire,0.004203336589290563,0.6874640763637557,0.30833258704695377
FW_01081513,natural_vegetation_fire,natural_vegetation_fire,0.0008164932887447359,0.9700318540208347,0.029151652690420467
FW_00920240,natural_vegetation_fire,natural_vegetation_fire,0.00776661776727992,0.9687615389281915,0.023471843304528697
FW_00989815,natural_vegetation_fire,natural_vegetation_fire,0.00832808802523947,0.903580636209224,0.08809127576553662
FW_01311001,natural_vegetation_fire,natural_vegetation_fire,0.0025241496136164106,0.9133417207239852,0.08413412966239826
FW_00707516,natural_vegetation_fire,natural_vegetation_fire,0.005719942886257273,0.928144509821046,0.06613554729269683
FW_00857094,natural_vegetation_fire,natural_vegetation_fire,0.0026152718892592376,0.8548097446006531,0.14257498351008774
FW_01534228,other_uncertain,natural_vegetation_fire,0.0031541683468894193,0.7435422182484651,0.2533036134046454
FW_01680293,natural_vegetation_fire,natural_vegetation_fire,0.0013475582702744619,0.6400932285187465,0.358559213210979
FW_00069506,natural_vegetation_fire,natural_vegetation_fire,0.0041612728899881515,0.8445048214881911,0.15133390562182092
FW_00666841,other_uncertain,natural_vegetation_fire,0.008496226163928693,0.832995749676001,0.1585080241600703
FW_00214659,natural_vegetation_fire,natural_vegetation_fire,0.002996494686231408,0.9208296732662018,0.0761738320475667
FW_01028869,natural_vegetation_fire,other_uncertain,0.15990474303699542,0.4044681740349499,0.4356270829280547
FW_00172410,natural_vegetation_fire,natural_vegetation_fire,0.012468020924351739,0.923291400702122,0.06424057837352626
FW_00528628,other_uncertain,natural_vegetation_fire,0.008361101566735052,0.6458299192520387,0.34580897918122616
FW_00045205,natural_vegetation_fire,natural_vegetation_fire,0.0024802937727468662,0.9628794152744822,0.03464029095277093
FW_00635898,natural_vegetation_fire,natural_vegetation_fire,0.002976730103936758,0.9588368445919301,0.03818642530413325
FW_01002741,natural_vegetation_fire,natural_vegetation_fire,0.0012210626054425995,0.9011306798693839,0.09764825752517359
FW_00418955,natural_vegetation_fire,natural_vegetation_fire,0.006933172036737498,0.7616249934701046,0.2314418344931578
FW_00447208,industrial_fire_candidate,other_uncertain,0.10655165005500009,0.057865390281775266,0.8355829596632247
FW_01513910,natural_vegetation_fire,natural_vegetation_fire,0.004288126050933679,0.7846120684109731,0.2110998055380933
FW_00101936,natural_vegetation_fire,natural_vegetation_fire,0.001735727361973883,0.9873944143814789,0.010869858256547375
FW_01437009,natural_vegetation_fire,natural_vegetation_fire,0.001451230827879627,0.9648247782214594,0.03372399095066106
FW_01486299,natural_vegetation_fire,natural_vegetation_fire,0.00786653160285531,0.9374071125437223,0.05472635585342242
FW_00944885,other_uncertain,natural_vegetation_fire,0.001655356653493337,0.8049367386163367,0.19340790473017
FW_01159188,other_uncertain,other_uncertain,0.16588103643315702,0.031653653172193874,0.8024653103946491
FW_00990713,other_uncertain,natural_vegetation_fire,0.0028889089075804938,0.7505869544452591,0.24652413664716039
FW_00487814,other_uncertain,other_uncertain,0.004343598638180705,0.14605391394112957,0.8496024874206897
FW_00662745,natural_vegetation_fire,natural_vegetation_fire,0.001544252916007975,0.9847621984836156,0.013693548600376458
FW_01659500,other_uncertain,natural_vegetation_fire,0.07169258441283587,0.4719620613230222,0.45634535426414186
FW_01565926,natural_vegetation_fire,natural_vegetation_fire,0.0035544744434704532,0.6484588306804586,0.3479866948760708
FW_00180681,natural_vegetation_fire,natural_vegetation_fire,0.004202258197729912,0.9691709640863321,0.02662677771593788
FW_01345011,natural_vegetation_fire,natural_vegetation_fire,0.0006298213771326916,0.9871536773655456,0.012216501257321485
FW_00691401,natural_vegetation_fire,natural_vegetation_fire,0.002286015658123332,0.9476055737199615,0.0501084106219151
FW_01277126,natural_vegetation_fire,natural_vegetation_fire,0.002808802973457459,0.9634126053801338,0.0337785916464086
FW_00031437,other_uncertain,industrial_fire_candidate,0.5000732936936282,0.005492844830168659,0.4944338614762032
FW_00915601,natural_vegetation_fire,natural_vegetation_fire,0.0005983272069870225,0.9942236296466181,0.005178043146394669
FW_00052978,other_uncertain,other_uncertain,0.04876983102506368,0.04754019540405827,0.903689973570878
FW_01221350,natural_vegetation_fire,natural_vegetation_fire,0.0015824099925897232,0.9406717093639836,0.05774588064342665
FW_00995441,natural_vegetation_fire,natural_vegetation_fire,0.002967247853058718,0.7458461199551156,0.25118663219182563
FW_00257542,natural_vegetation_fire,natural_vegetation_fire,0.008070847617161762,0.9755876622457239,0.01634149013711418
FW_01428233,natural_vegetation_fire,natural_vegetation_fire,0.0007592922073375417,0.9745967044397165,0.024644003352945844
FW_00338017,natural_vegetation_fire,natural_vegetation_fire,0.0023740335367725914,0.7451938346827361,0.2524321317804913
FW_01027058,industrial_fire_candidate,other_uncertain,0.0872802485366445,0.25943062766093533,0.6532891238024201
FW_00443881,industrial_fire_candidate,industrial_fire_candidate,0.7505594732450265,0.011172917516083333,0.2382676092388901
FW_01710306,natural_vegetation_fire,natural_vegetation_fire,0.0052769884306146375,0.8925105267146745,0.10221248485471081
FW_00478768,natural_vegetation_fire,natural_vegetation_fire,0.006523279761481297,0.6172981475184363,0.3761785727200825
FW_00464563,natural_vegetation_fire,natural_vegetation_fire,0.0015059358829661326,0.9522811854608878,0.04621287865614606
FW_01572217,natural_vegetation_fire,natural_vegetation_fire,0.0019926030630157466,0.9481487838127141,0.04985861312427015
FW_00433356,other_uncertain,other_uncertain,0.0011068573756791717,0.03883757512328715,0.9600555675010336
FW_01087393,natural_vegetation_fire,other_uncertain,0.04042776663711343,0.34081462335372453,0.618757610009162
FW_01134035,natural_vegetation_fire,other_uncertain,0.0071925984667335005,0.2915513546902355,0.701256046843031
FW_01091632,natural_vegetation_fire,natural_vegetation_fire,0.0009281794360185894,0.8192090581977646,0.1798627623662168
FW_01506237,other_uncertain,other_uncertain,0.006453967990186481,0.38979869353894914,0.6037473384708644
FW_00268530,other_uncertain,other_uncertain,0.01120043069274583,0.08745044480803538,0.9013491244992187
FW_00725566,natural_vegetation_fire,natural_vegetation_fire,0.0012963903126744193,0.9685510596447506,0.030152550042574725
FW_00026708,other_uncertain,other_uncertain,0.001568487224110086,0.008860184220696525,0.9895713285551934
FW_00567093,other_uncertain,industrial_fire_candidate,0.6173057436948161,0.010405743874644388,0.37228851243053945
FW_00584015,other_uncertain,other_uncertain,0.03006426538692674,0.0711011033025419,0.8988346313105313
FW_00125910,natural_vegetation_fire,natural_vegetation_fire,0.0013908819729040963,0.9805528815488558,0.018056236478240204
FW_01559827,industrial_fire_candidate,natural_vegetation_fire,0.019096398505469615,0.5282475077195327,0.4526560937749978
FW_01409533,natural_vegetation_fire,natural_vegetation_fire,0.0007038725705572557,0.9816969794871109,0.017599147942331837
FW_00437275,other_uncertain,other_uncertain,0.0036179292216894266,0.09694567294909569,0.8994363978292148
FW_01216254,natural_vegetation_fire,natural_vegetation_fire,0.025235672668225725,0.6966025431674228,0.27816178416435156
FW_00553419,other_uncertain,other_uncertain,0.0016784727151615757,0.018095901902239177,0.9802256253825993
FW_00892950,other_uncertain,other_uncertain,0.18493017120931166,0.025270758310879556,0.7897990704798088
FW_00958784,natural_vegetation_fire,natural_vegetation_fire,0.002369182785698234,0.8223182221311165,0.17531259508318536
FW_01661576,other_uncertain,other_uncertain,0.005178815505400571,0.34161766101630525,0.6532035234782941
FW_00722475,other_uncertain,other_uncertain,0.0010863016305015694,0.015890255508705604,0.9830234428607928
FW_01665754,natural_vegetation_fire,natural_vegetation_fire,0.0056976499838024145,0.6655793678644553,0.3287229821517424
FW_00877021,other_uncertain,other_uncertain,0.0015635115791852623,0.03185966004868233,0.9665768283721325
FW_00756506,natural_vegetation_fire,natural_vegetation_fire,0.003309358900163098,0.9812117731359814,0.01547886796385546
FW_00302887,natural_vegetation_fire,natural_vegetation_fire,0.0007090143678129873,0.9738017737840509,0.025489211848136174
FW_00484277,natural_vegetation_fire,natural_vegetation_fire,0.0009087442683169767,0.6960827721465722,0.3030084835851109
FW_01252533,natural_vegetation_fire,other_uncertain,0.0010747875142500815,0.015523371015164024,0.9834018414705858
FW_00217616,other_uncertain,other_uncertain,0.0011972180287761348,0.020565283798605772,0.9782374981726181
FW_01152801,natural_vegetation_fire,natural_vegetation_fire,0.001995623326227494,0.9149860500992608,0.08301832657451161
FW_01185568,natural_vegetation_fire,natural_vegetation_fire,0.001854453149553349,0.9858727057936691,0.01227284105677746
FW_01504527,natural_vegetation_fire,natural_vegetation_fire,0.000528229226165399,0.9893591909332216,0.010112579840613124
FW_01474811,natural_vegetation_fire,natural_vegetation_fire,0.0028896651597532554,0.949230234621397,0.047880100218849794
FW_01269031,natural_vegetation_fire,natural_vegetation_fire,0.0009421585346319781,0.9779051416364917,0.021152699828876298
FW_01338881,natural_vegetation_fire,natural_vegetation_fire,0.004906727489386262,0.9505355451212827,0.044557727389330934
FW_00189415,natural_vegetation_fire,natural_vegetation_fire,0.0019002717617309334,0.9704251335225693,0.02767459471569962
FW_00676448,natural_vegetation_fire,natural_vegetation_fire,0.008244027605058797,0.9746205956272463,0.017135376767694645
FW_01557233,natural_vegetation_fire,natural_vegetation_fire,0.004099575554456591,0.6014346827177046,0.39446574172783877
FW_00154857,natural_vegetation_fire,natural_vegetation_fire,0.00047647869666818236,0.9724876439099964,0.027035877393335423
FW_00990768,natural_vegetation_fire,natural_vegetation_fire,0.0013746558057188753,0.9387262443982828,0.059899099795998445
FW_01156551,natural_vegetation_fire,natural_vegetation_fire,0.0010183657160592182,0.9150730241246189,0.08390861015932187
FW_00984331,natural_vegetation_fire,natural_vegetation_fire,0.0006196788500273019,0.9831079381213621,0.01627238302861057
FW_00020228,industrial_fire_candidate,other_uncertain,0.09405841058305289,0.23931687725286438,0.6666247121640827
FW_00008156,industrial_fire_candidate,industrial_fire_candidate,0.46248307616582424,0.09446527048774457,0.44305165334643115
FW_00691154,natural_vegetation_fire,natural_vegetation_fire,0.0013077675982655834,0.955916554746076,0.042775677655658303
FW_00054259,other_uncertain,other_uncertain,0.03473185027544707,0.02029710150460335,0.9449710482199495
FW_01254909,natural_vegetation_fire,natural_vegetation_fire,0.00244266606181502,0.9792787793241086,0.01827855461407635
FW_00628254,natural_vegetation_fire,natural_vegetation_fire,0.02772002996801733,0.7008158537923893,0.2714641162395933
FW_00487528,natural_vegetation_fire,natural_vegetation_fire,0.0016833471590479456,0.9068407306750288,0.09147592216592318
FW_00902677,natural_vegetation_fire,natural_vegetation_fire,0.002675222539211522,0.9263479529467449,0.07097682451404357
FW_00046898,natural_vegetation_fire,natural_vegetation_fire,0.012790009841265255,0.7945329096415726,0.19267708051716212
FW_00006892,natural_vegetation_fire,natural_vegetation_fire,0.0024267633650031954,0.9633050449271525,0.034268191707844314
FW_01617939,other_uncertain,other_uncertain,0.03242750067282978,0.014092787348187296,0.9534797119789828
FW_00905508,natural_vegetation_fire,natural_vegetation_fire,0.002540288684290018,0.947460737800371,0.04999897351533898
FW_01194706,natural_vegetation_fire,natural_vegetation_fire,0.027028657337526248,0.6317440894388593,0.34122725322361447
FW_00300183,natural_vegetation_fire,natural_vegetation_fire,0.004113338094052444,0.7648796788282768,0.2310069830776708
FW_00470151,natural_vegetation_fire,natural_vegetation_fire,0.005298997743550364,0.8278381493660724,0.16686285289037725
FW_00186807,natural_vegetation_fire,natural_vegetation_fire,0.0013808570559651313,0.9888397955448749,0.009779347399160086
FW_00254394,other_uncertain,other_uncertain,0.1429918230516328,0.2977338042021938,0.5592743727461734
FW_01558535,natural_vegetation_fire,natural_vegetation_fire,0.004455080051105683,0.9428071309822188,0.0527377889666755
FW_01508558,natural_vegetation_fire,natural_vegetation_fire,0.007508659456176745,0.8176778198145825,0.1748135207292406
FW_00172201,natural_vegetation_fire,natural_vegetation_fire,0.003290567381390602,0.932668655236451,0.06404077738215842
FW_00393016,natural_vegetation_fire,natural_vegetation_fire,0.015580253630656378,0.7894091509152026,0.195010595454141
FW_01204692,industrial_fire_candidate,industrial_fire_candidate,0.7706262715512147,0.05320090358891736,0.17617282485986796
FW_00515222,industrial_fire_candidate,natural_vegetation_fire,0.35609192642106097,0.4604939369172324,0.18341413666170675
FW_00936720,natural_vegetation_fire,natural_vegetation_fire,0.01099161135806523,0.8839484022019093,0.10505998644002544
FW_00220067,natural_vegetation_fire,natural_vegetation_fire,0.003156427395551282,0.8105843022857746,0.18625927031867395
FW_01550471,other_uncertain,other_uncertain,0.16072711860468816,0.08430597891267663,0.7549669024826352
FW_01043567,other_uncertain,other_uncertain,0.01184908955764345,0.4206825566268533,0.5674683538155032
FW_01328085,natural_vegetation_fire,natural_vegetation_fire,0.003139877608637596,0.9613540422138264,0.035506080177536065
FW_01568139,natural_vegetation_fire,natural_vegetation_fire,0.0034608458825628103,0.8813786074289846,0.11516054668845263
FW_01559828,industrial_fire_candidate,natural_vegetation_fire,0.16543241687352284,0.7041843836795941,0.13038319944688306
FW_00911041,natural_vegetation_fire,natural_vegetation_fire,0.002788385396846493,0.7538122265816907,0.2433993880214629
FW_00465847,natural_vegetation_fire,natural_vegetation_fire,0.0028240375463776247,0.9474783678708214,0.04969759458280091
FW_00144468,other_uncertain,other_uncertain,0.017182940449961902,0.007692903212593222,0.9751241563374448
FW_00462549,natural_vegetation_fire,natural_vegetation_fire,0.012522016472141698,0.8386350057998888,0.14884297772796956
FW_00987781,natural_vegetation_fire,natural_vegetation_fire,0.002019677076599782,0.9121911776193692,0.08578914530403109
FW_00162940,natural_vegetation_fire,natural_vegetation_fire,0.0004852014684253092,0.9839916325456044,0.01552316598597017
FW_01332590,natural_vegetation_fire,natural_vegetation_fire,0.0014163724958165028,0.9424363779975927,0.05614724950659075
FW_00766085,natural_vegetation_fire,natural_vegetation_fire,0.0014962038971428231,0.9610512750759574,0.037452521026899804
FW_01236186,natural_vegetation_fire,other_uncertain,0.0009598662037011169,0.02287063999271341,0.9761694938035854
FW_00973854,natural_vegetation_fire,natural_vegetation_fire,0.01907319204550726,0.854369361673894,0.1265574462805987
FW_00003790,natural_vegetation_fire,other_uncertain,0.04155607710967725,0.12746434683394212,0.8309795760563806
FW_00447381,other_uncertain,other_uncertain,0.20054502340446792,0.026257339391852784,0.7731976372036793
FW_00404777,natural_vegetation_fire,natural_vegetation_fire,0.004063083555060991,0.8573930465498805,0.13854386989505868
FW_00887080,natural_vegetation_fire,natural_vegetation_fire,0.00408286336665513,0.9639416106887713,0.031975525944573605
FW_01092293,natural_vegetation_fire,natural_vegetation_fire,0.009759585672005067,0.6691739175285198,0.321066496799475
FW_00681050,natural_vegetation_fire,natural_vegetation_fire,0.0037984434341437516,0.9500260072313291,0.0461755493345271
FW_01024997,other_uncertain,other_uncertain,0.3677496076530033,0.03982425119905033,0.5924261411479465
FW_01693894,other_uncertain,other_uncertain,0.007354941887425125,0.0891749083409116,0.9034701497716633
FW_00268542,other_uncertain,other_uncertain,0.0021978646258238414,0.046298319133408365,0.9515038162407677
FW_01445709,natural_vegetation_fire,natural_vegetation_fire,0.0005470549888087643,0.9751399201480478,0.02431302486314347
FW_00150575,natural_vegetation_fire,natural_vegetation_fire,0.0006791809141274145,0.9871200725997885,0.01220074648608389
FW_00078034,other_uncertain,other_uncertain,0.37900353422422334,0.008189616683690878,0.6128068490920858
FW_00130603,natural_vegetation_fire,natural_vegetation_fire,0.002025170541917173,0.9810609294023335,0.016913900055749515
FW_01228642,natural_vegetation_fire,natural_vegetation_fire,0.004575716814490074,0.8569708814928633,0.1384534016926465
FW_00468943,other_uncertain,other_uncertain,0.000849937393783905,0.035140626440045994,0.9640094361661701
FW_01668229,natural_vegetation_fire,natural_vegetation_fire,0.0014119784991191303,0.7339788447676087,0.26460917673327233
FW_00747171,other_uncertain,other_uncertain,0.02784293032160926,0.11934467768380137,0.8528123919945892
FW_01018605,other_uncertain,other_uncertain,0.00630195329124694,0.03598682199744837,0.9577112247113048
FW_01539908,natural_vegetation_fire,natural_vegetation_fire,0.003727290289483858,0.9132448976168394,0.08302781209367659
FW_00137587,natural_vegetation_fire,natural_vegetation_fire,0.002379103217158157,0.8871325297777951,0.11048836700504672
FW_00661504,natural_vegetation_fire,natural_vegetation_fire,0.0014798335327494323,0.9699963173607655,0.028523849106484974
FW_01006655,natural_vegetation_fire,natural_vegetation_fire,0.0023142466642849125,0.8692379956245233,0.12844775771119177
FW_01484876,natural_vegetation_fire,natural_vegetation_fire,0.01231707902405906,0.7980104424620749,0.18967247851386598
FW_01143488,other_uncertain,other_uncertain,0.07532345441262635,0.016944710784145302,0.9077318348032284
FW_00453450,natural_vegetation_fire,natural_vegetation_fire,0.022341998259635506,0.7747565974023541,0.2029014043380102
FW_01007112,other_uncertain,natural_vegetation_fire,0.002347539695502539,0.6959067889013246,0.3017456714031729
FW_01585102,natural_vegetation_fire,natural_vegetation_fire,0.0017655107129844242,0.9542602507420662,0.043974238544949425
FW_01607251,other_uncertain,other_uncertain,0.1467720820660326,0.04085173770364965,0.8123761802303179
FW_01685971,natural_vegetation_fire,natural_vegetation_fire,0.0014495258326477076,0.8598176973850433,0.13873277678230878
FW_01086069,natural_vegetation_fire,natural_vegetation_fire,0.00141415095430857,0.7214628651998436,0.27712298384584777
FW_00694200,other_uncertain,other_uncertain,0.16043959481795,0.034167406579106725,0.8053929986029432
FW_01680444,other_uncertain,other_uncertain,0.0040313818653627854,0.10841527978903127,0.887553338345606
FW_01363372,natural_vegetation_fire,natural_vegetation_fire,0.0012901036672574972,0.9856816659186574,0.013028230414085152
FW_01687871,natural_vegetation_fire,natural_vegetation_fire,0.0009561547496910635,0.9710925640714301,0.02795128117887889
FW_01112668,natural_vegetation_fire,natural_vegetation_fire,0.04827269036339766,0.5025157063483268,0.44921160328827553
FW_01067152,natural_vegetation_fire,natural_vegetation_fire,0.0009391004211664781,0.9073780043870413,0.0916828951917923
FW_00569489,other_uncertain,industrial_fire_candidate,0.5143946704305783,0.10319245905240618,0.3824128705170156
FW_00579234,natural_vegetation_fire,natural_vegetation_fire,0.03528205881591365,0.5536209937270626,0.4110969474570238
FW_01228098,other_uncertain,natural_vegetation_fire,0.002890559066352806,0.7243876248065543,0.2727218161270929
FW_00987729,other_uncertain,natural_vegetation_fire,0.0015174148209816552,0.6834288213696966,0.3150537638093218
FW_00656729,natural_vegetation_fire,natural_vegetation_fire,0.0032788691959620294,0.9024237052427871,0.09429742556125086
FW_00501150,natural_vegetation_fire,natural_vegetation_fire,0.007811877128177898,0.8208529972371434,0.1713351256346786
FW_00482052,natural_vegetation_fire,natural_vegetation_fire,0.0009863498261704633,0.9555651921344804,0.043448458039348964
FW_01579668,other_uncertain,other_uncertain,0.06064426152979754,0.049858213125479604,0.8894975253447228
FW_01706080,natural_vegetation_fire,natural_vegetation_fire,0.002679203870293247,0.8906466951856349,0.10667410094407186
FW_01467848,natural_vegetation_fire,natural_vegetation_fire,0.004760250782361244,0.9523402662087261,0.04289948300891248
FW_00007817,natural_vegetation_fire,natural_vegetation_fire,0.0018581695915533662,0.9768394023406509,0.02130242806779575
FW_00690962,natural_vegetation_fire,natural_vegetation_fire,0.001808316717959413,0.9160970053367055,0.08209467794533522
FW_01504799,natural_vegetation_fire,natural_vegetation_fire,0.0024330160995144428,0.9636021348736359,0.03396484902684974
FW_00529618,natural_vegetation_fire,natural_vegetation_fire,0.0031455704596536774,0.8417317564123271,0.15512267312801917
FW_00693316,other_uncertain,other_uncertain,0.0011699601361030026,0.034533996084882154,0.9642960437790149
FW_00424720,other_uncertain,other_uncertain,0.004749675258285382,0.00815373774660914,0.9870965869951054
FW_01604728,other_uncertain,other_uncertain,0.0014326509981448159,0.01861744766599474,0.9799499013358606
FW_00500950,natural_vegetation_fire,natural_vegetation_fire,0.0015467113065483415,0.9016155832750701,0.09683770541838145
FW_00478147,natural_vegetation_fire,natural_vegetation_fire,0.0011416127094011758,0.9008054583134647,0.09805292897713405
FW_00641782,other_uncertain,other_uncertain,0.002710556912225939,0.011991135495689413,0.9852983075920846
FW_00498733,natural_vegetation_fire,natural_vegetation_fire,0.00348647136622597,0.9511541392313557,0.045359389402418196
FW_01702928,natural_vegetation_fire,natural_vegetation_fire,0.03822997336160331,0.5637502620004896,0.39801976463790717
FW_00148553,natural_vegetation_fire,natural_vegetation_fire,0.0015107663194285493,0.9694052634542358,0.029083970226335815
FW_01274998,natural_vegetation_fire,natural_vegetation_fire,0.0017872176598275015,0.9646802138934768,0.03353256844669581
FW_00272194,natural_vegetation_fire,natural_vegetation_fire,0.004386531021101178,0.8361772676959313,0.15943620128296745
FW_01028643,other_uncertain,other_uncertain,0.0007818218075296305,0.01849001210164421,0.980728166090826
FW_00287044,natural_vegetation_fire,natural_vegetation_fire,0.00561039000270981,0.9707683825642076,0.02362122743308253
FW_01181499,natural_vegetation_fire,natural_vegetation_fire,0.001278807245102591,0.9207187909615859,0.07800240179331146
FW_01253854,natural_vegetation_fire,natural_vegetation_fire,0.0060498054209682,0.9424565160485052,0.05149367853052658
FW_01565945,natural_vegetation_fire,natural_vegetation_fire,0.003530669735909493,0.8248590950151485,0.17161023524894198
FW_01366415,natural_vegetation_fire,natural_vegetation_fire,0.0033034696701276993,0.9003807190471855,0.09631581128268656
FW_00145226,natural_vegetation_fire,natural_vegetation_fire,0.003511026982412571,0.9634511078121883,0.03303786520539894
FW_01221302,other_uncertain,other_uncertain,0.01078268900129816,0.3134271696784795,0.6757901413202223
FW_00530292,natural_vegetation_fire,natural_vegetation_fire,0.0020061595254236638,0.9333141679035226,0.06467967257105364
FW_01075689,natural_vegetation_fire,natural_vegetation_fire,0.0008932117253762241,0.8888227628551449,0.11028402541947897
FW_01356811,other_uncertain,other_uncertain,0.0010901804268708287,0.03973395968407662,0.9591758598890525
FW_00601868,natural_vegetation_fire,natural_vegetation_fire,0.0027671154751367057,0.9118526920911728,0.08538019243369051
FW_00273679,natural_vegetation_fire,natural_vegetation_fire,0.003416875760834169,0.9838384201278432,0.012744704111322584
FW_00400710,other_uncertain,other_uncertain,0.011643045499035314,0.44252337818508586,0.5458335763158788
FW_00612430,natural_vegetation_fire,natural_vegetation_fire,0.0007342168898294596,0.97380467923188,0.02546110387829064
FW_00965780,natural_vegetation_fire,natural_vegetation_fire,0.04366042144109751,0.5918813624606991,0.3644582160982034
FW_01474880,natural_vegetation_fire,natural_vegetation_fire,0.006282860944426175,0.9365812802486276,0.05713585880694633
FW_01125282,natural_vegetation_fire,natural_vegetation_fire,0.0030547587376639437,0.8022856131791257,0.19465962808321027
FW_01585423,other_uncertain,other_uncertain,0.0003378193216151188,0.00784686215776112,0.9918153185206238
FW_00474776,other_uncertain,other_uncertain,0.03426878405833568,0.11337823355281461,0.8523529823888497
FW_00720646,natural_vegetation_fire,natural_vegetation_fire,0.015733942318796133,0.7884744496954753,0.19579160798572845
FW_00341872,natural_vegetation_fire,natural_vegetation_fire,0.0049238561522889504,0.8082430606573583,0.1868330831903527
FW_00986660,natural_vegetation_fire,natural_vegetation_fire,0.0028781786647469323,0.8882265261658847,0.10889529516936834
FW_01661589,natural_vegetation_fire,natural_vegetation_fire,0.0026313950557138375,0.8546015858943256,0.14276701904996073
FW_00377854,natural_vegetation_fire,natural_vegetation_fire,0.002900935717396583,0.720567380047279,0.2765316842353244
FW_01301967,natural_vegetation_fire,natural_vegetation_fire,0.0008293054920132256,0.9532209877562773,0.04594970675170952
FW_01535066,natural_vegetation_fire,natural_vegetation_fire,0.002429929467252354,0.6783063430547414,0.31926372747800646
FW_01693902,other_uncertain,other_uncertain,0.011163355950520265,0.013785161037155828,0.9750514830123238
FW_01204693,industrial_fire_candidate,industrial_fire_candidate,0.671361389225453,0.1282235781262093,0.20041503264833768
FW_01604895,other_uncertain,other_uncertain,0.056231349584331534,0.026194591607976467,0.9175740588076919
FW_01659953,other_uncertain,other_uncertain,0.01254835377158049,0.27487520293529955,0.71257644329312
FW_00279231,natural_vegetation_fire,natural_vegetation_fire,0.0011243198671840673,0.974183238872966,0.024692441259849863
FW_00469693,natural_vegetation_fire,natural_vegetation_fire,0.003808332562999028,0.8447902749329493,0.1514013925040515
FW_01591470,natural_vegetation_fire,other_uncertain,0.0006273941032864721,0.023697025346667164,0.9756755805500464
FW_01253900,other_uncertain,other_uncertain,0.14606351187638397,0.051437417676116585,0.8024990704474996
FW_00413372,other_uncertain,other_uncertain,0.00587070098628048,0.027783501420516825,0.9663457975932027
FW_01383658,natural_vegetation_fire,natural_vegetation_fire,0.0016105485033676653,0.9664694754036626,0.03191997609296978
FW_00514521,natural_vegetation_fire,natural_vegetation_fire,0.0032430117490161747,0.8961746406786422,0.1005823475723417
FW_00309482,natural_vegetation_fire,natural_vegetation_fire,0.006404672121554767,0.9553213584434375,0.03827396943500791
FW_00169054,natural_vegetation_fire,natural_vegetation_fire,0.0013053861633308059,0.9782443856831204,0.02045022815354881
FW_00561214,natural_vegetation_fire,natural_vegetation_fire,0.0034849979305438066,0.8748142895451443,0.12170071252431203
FW_01198132,other_uncertain,other_uncertain,0.002030705121406106,0.011519556910900773,0.9864497379676931
FW_01579321,natural_vegetation_fire,other_uncertain,0.057321085134375074,0.3379081010071245,0.6047708138585004
FW_00960976,natural_vegetation_fire,natural_vegetation_fire,0.0006523809864574631,0.9825740993352343,0.016773519678308212
FW_00835179,other_uncertain,other_uncertain,0.0020883305340297065,0.23869286084902427,0.759218808616946
FW_00262554,natural_vegetation_fire,natural_vegetation_fire,0.0031130724228235923,0.9264801716438595,0.07040675593331677
FW_01308204,other_uncertain,other_uncertain,0.008859608181634478,0.0338453822179786,0.957295009600387
FW_00652709,natural_vegetation_fire,natural_vegetation_fire,0.0054737256645373475,0.9432877402499157,0.051238534085546995
FW_00999146,natural_vegetation_fire,natural_vegetation_fire,0.004528183949537155,0.7335674961130488,0.26190431993741403
FW_00490146,natural_vegetation_fire,natural_vegetation_fire,0.004615044987509376,0.8144062820442178,0.18097867296827277
FW_00990009,natural_vegetation_fire,natural_vegetation_fire,0.005569467190419455,0.9053159786745218,0.08911455413505853
FW_00328485,natural_vegetation_fire,natural_vegetation_fire,0.0013626241028878894,0.8864191946385042,0.11221818125860797
FW_00003577,natural_vegetation_fire,other_uncertain,0.11128831032813652,0.3408644494982223,0.5478472401736412
FW_01160475,other_uncertain,other_uncertain,0.020003483984377363,0.039212736081821575,0.940783779933801
FW_00216373,natural_vegetation_fire,other_uncertain,0.046552220349138494,0.37110845976416407,0.5823393198866974
FW_01123904,natural_vegetation_fire,natural_vegetation_fire,0.004862315151917355,0.7501702256398766,0.24496745920820603
FW_00630298,other_uncertain,other_uncertain,0.010539075585885148,0.27678372558050546,0.7126771988336095
FW_01242286,natural_vegetation_fire,natural_vegetation_fire,0.0012127405868380366,0.864812992523128,0.1339742668900339
FW_00981331,natural_vegetation_fire,natural_vegetation_fire,0.007363229105171389,0.8610924529026583,0.13154431799217012
FW_01457847,natural_vegetation_fire,natural_vegetation_fire,0.0036916179112100973,0.9815787958215159,0.014729586267274025
FW_00723200,natural_vegetation_fire,natural_vegetation_fire,0.001593153600823649,0.9653281426922955,0.03307870370688084
FW_01385858,natural_vegetation_fire,natural_vegetation_fire,0.0004929469737735027,0.990739349373576,0.008767703652650487
FW_01423720,natural_vegetation_fire,natural_vegetation_fire,0.0010606298439121697,0.9820193478305583,0.016920022325529502
FW_01499244,natural_vegetation_fire,natural_vegetation_fire,0.001649218732569184,0.8754824377265129,0.12286834354091783
FW_01498776,other_uncertain,other_uncertain,0.04721276786751145,0.1175796950283752,0.8352075371041133
FW_00944667,natural_vegetation_fire,natural_vegetation_fire,0.006703873534061973,0.8843238333309561,0.10897229313498197
FW_00975461,natural_vegetation_fire,natural_vegetation_fire,0.010172894304964384,0.5947629720910791,0.3950641336039566
FW_01489196,natural_vegetation_fire,natural_vegetation_fire,0.01625406668317174,0.7856329373562431,0.19811299596058513
FW_00946141,natural_vegetation_fire,natural_vegetation_fire,0.0026011148091203812,0.8737822577129213,0.1236166274779584
FW_01599220,natural_vegetation_fire,other_uncertain,0.029287081699292485,0.20186650830203529,0.7688464099986723
FW_00134837,natural_vegetation_fire,natural_vegetation_fire,0.0004502934562821055,0.978998403495602,0.02055130304811589
FW_01521900,natural_vegetation_fire,other_uncertain,0.02510852659606956,0.13546790065203715,0.8394235727518933
FW_00001017,other_uncertain,other_uncertain,0.14129846677386668,0.038508414986221456,0.8201931182399119
FW_00054750,other_uncertain,other_uncertain,0.0009327399886293023,0.02819227028799043,0.9708749897233802
FW_01573291,natural_vegetation_fire,natural_vegetation_fire,0.06412729345162099,0.7231461410365592,0.21272656551181987
FW_01610087,other_uncertain,other_uncertain,0.11295493506601063,0.04398933438325169,0.8430557305507377
FW_00036538,other_uncertain,other_uncertain,0.0008428315110818664,0.014269244649792878,0.9848879238391253
FW_01459067,natural_vegetation_fire,natural_vegetation_fire,0.003928320732354978,0.8771197557179256,0.11895192354971931
FW_00284020,natural_vegetation_fire,natural_vegetation_fire,0.0020791736704463427,0.9004520357119207,0.09746879061763306
FW_01160818,natural_vegetation_fire,natural_vegetation_fire,0.002142990716302859,0.9460183406523338,0.05183866863136327
FW_00575764,natural_vegetation_fire,natural_vegetation_fire,0.0014027391440556603,0.6228916274999593,0.375705633355985
FW_01029830,natural_vegetation_fire,natural_vegetation_fire,0.0009437835204355947,0.7259273483145456,0.2731288681650188
FW_00074052,natural_vegetation_fire,natural_vegetation_fire,0.0017624409348786264,0.9628386067334301,0.035398952331691054
FW_00191623,natural_vegetation_fire,natural_vegetation_fire,0.0009042032932633233,0.9701208983801416,0.028974898326595132
FW_00054037,natural_vegetation_fire,natural_vegetation_fire,0.002439196167126053,0.9342876627940414,0.06327314103883253
FW_00449430,other_uncertain,other_uncertain,0.011902870764473262,0.09167433666262341,0.8964227925729032
FW_01446734,natural_vegetation_fire,natural_vegetation_fire,0.0019046929278025036,0.8946959018903642,0.10339940518183338
FW_01260226,other_uncertain,other_uncertain,0.00751762477357119,0.03484486115287183,0.957637514073557
FW_00517504,other_uncertain,other_uncertain,0.0039567753440983315,0.4273411991761766,0.568702025479725
FW_00966743,natural_vegetation_fire,natural_vegetation_fire,0.10419296238505608,0.5110028794278767,0.3848041581870672
FW_00073669,natural_vegetation_fire,natural_vegetation_fire,0.0035732800401358776,0.980217749053185,0.016208970906679117
FW_00240490,natural_vegetation_fire,natural_vegetation_fire,0.0030839944509153624,0.9646884925902808,0.032227512958803745
FW_01706089,natural_vegetation_fire,natural_vegetation_fire,0.0012131711741983425,0.9457825347005575,0.053004294125244204
FW_00403966,other_uncertain,other_uncertain,0.001498316246529723,0.008619769448383378,0.9898819143050869
FW_01609309,other_uncertain,other_uncertain,0.04618086209730577,0.057953300105958845,0.8958658377967353
FW_00635141,natural_vegetation_fire,other_uncertain,0.01197238996637095,0.07409868187085329,0.9139289281627757
FW_00567914,other_uncertain,other_uncertain,0.01406639081024553,0.1019896824831205,0.8839439267066339
FW_01204044,natural_vegetation_fire,other_uncertain,0.0016434226025741191,0.03279510580593076,0.9655614715914952
FW_00982540,natural_vegetation_fire,natural_vegetation_fire,0.0021671116164670404,0.8650263023205967,0.1328065860629361
FW_00047667,natural_vegetation_fire,natural_vegetation_fire,0.0021837425942818492,0.948974427454569,0.04884182995114926
FW_00037859,other_uncertain,other_uncertain,0.002142133643140996,0.021684750784497626,0.9761731155723613
FW_00856184,natural_vegetation_fire,natural_vegetation_fire,0.004086053487334995,0.9647296411629419,0.031184305349723093
FW_01218153,natural_vegetation_fire,natural_vegetation_fire,0.017811189580627728,0.8232080521976152,0.15898075822175703
FW_01042095,other_uncertain,other_uncertain,0.004346463767490691,0.13995031411323988,0.8557032221192694
FW_00356282,natural_vegetation_fire,natural_vegetation_fire,0.0010725929380386795,0.9529341856454583,0.045993221416503076
FW_00413374,other_uncertain,other_uncertain,0.0031339468849019207,0.007340273653779025,0.9895257794613189
FW_00402551,other_uncertain,other_uncertain,0.003945919690038433,0.012050175684618003,0.9840039046253435
FW_00260145,natural_vegetation_fire,natural_vegetation_fire,0.013390057506109805,0.5082954893113514,0.47831445318253873
FW_00523035,other_uncertain,other_uncertain,0.003073120710709165,0.016574447233659133,0.9803524320556317
FW_01102167,other_uncertain,other_uncertain,0.056480603402081046,0.058758183407521994,0.884761213190397
FW_01143314,other_uncertain,other_uncertain,0.009310625070023533,0.15973737744414238,0.8309519974858341
FW_00975002,natural_vegetation_fire,natural_vegetation_fire,0.0025144751190521366,0.8276667950235018,0.1698187298574459
FW_01163763,other_uncertain,other_uncertain,0.008838460635779534,0.06561485715522934,0.9255466822089912
FW_01300198,natural_vegetation_fire,natural_vegetation_fire,0.00644784317753588,0.7503554085415178,0.2431967482809463
FW_00070682,natural_vegetation_fire,natural_vegetation_fire,0.0010782541894000354,0.979419239861175,0.019502505949424976
FW_01563092,natural_vegetation_fire,natural_vegetation_fire,0.057190690196273083,0.669832456149691,0.27297685365403584
FW_01535761,other_uncertain,other_uncertain,0.011088717346008518,0.23043651500210185,0.7584747676518895
FW_00393295,natural_vegetation_fire,natural_vegetation_fire,0.004407862608966815,0.7270682791618807,0.2685238582291524
FW_00254996,natural_vegetation_fire,natural_vegetation_fire,0.002139789153880974,0.96909832682391,0.028761884022209132
FW_00438306,other_uncertain,other_uncertain,0.0028354088566198386,0.042594829189108244,0.9545697619542719
FW_00756265,natural_vegetation_fire,natural_vegetation_fire,0.0009353680859096411,0.9717396303647169,0.02732500154937365
FW_01586772,natural_vegetation_fire,natural_vegetation_fire,0.008154130274214372,0.6369414181117571,0.35490445161402845
FW_01265132,natural_vegetation_fire,natural_vegetation_fire,0.0011222000552888792,0.9353907531412582,0.06348704680345305
FW_00456915,other_uncertain,other_uncertain,0.08103833824448736,0.029949499776014743,0.889012161979498
FW_00883172,natural_vegetation_fire,other_uncertain,0.005102629873549111,0.37516016050681006,0.6197372096196407
FW_00841046,other_uncertain,other_uncertain,0.16531467781867323,0.02999324838286577,0.8046920737984611
FW_00679185,natural_vegetation_fire,natural_vegetation_fire,0.002142627815919723,0.971157042407822,0.026700329776258178
FW_00473402,natural_vegetation_fire,natural_vegetation_fire,0.002140095799120721,0.8201776783909606,0.1776822258099189
FW_00581435,other_uncertain,other_uncertain,0.0012404819737140767,0.019319203568798345,0.9794403144574875
FW_01060132,other_uncertain,other_uncertain,0.0025536830040886766,0.028623432498351288,0.9688228844975599
FW_01541000,natural_vegetation_fire,natural_vegetation_fire,0.005456073922211143,0.8244062835866273,0.17013764249116173
FW_01030212,other_uncertain,other_uncertain,0.0007959385446386647,0.03111833232429696,0.9680857291310645
FW_00769470,natural_vegetation_fire,natural_vegetation_fire,0.0014418604662665459,0.9808469081561256,0.017711231377607953
FW_01572491,other_uncertain,other_uncertain,0.001068850846056312,0.07639358616830173,0.9225375629856419
FW_00414861,natural_vegetation_fire,natural_vegetation_fire,0.0015900625055384383,0.7951329460292811,0.20327699146518044
FW_01470796,natural_vegetation_fire,natural_vegetation_fire,0.0007468906798343308,0.9791251560664237,0.02012795325374189
FW_00189150,natural_vegetation_fire,natural_vegetation_fire,0.0007586006929171872,0.9398386434978863,0.059402755809196434
FW_01316288,natural_vegetation_fire,natural_vegetation_fire,0.0032456303654676507,0.9841073067239441,0.01264706291058834
FW_01309931,industrial_fire_candidate,natural_vegetation_fire,0.17751892629917163,0.571168167605883,0.2513129060949454
FW_00354035,industrial_fire_candidate,other_uncertain,0.3357826765733055,0.034446288517772386,0.6297710349089222
FW_01113483,natural_vegetation_fire,natural_vegetation_fire,0.0021848944766509324,0.7097390686825963,0.28807603684075295
FW_00446692,industrial_fire_candidate,other_uncertain,0.13348500490491932,0.03590597075195029,0.8306090243431304
FW_00484203,natural_vegetation_fire,natural_vegetation_fire,0.0022133366602130043,0.9006366582418035,0.09715000509798367
FW_01040521,natural_vegetation_fire,natural_vegetation_fire,0.001094266241666673,0.9841928227729307,0.014712910985402589
FW_00524917,natural_vegetation_fire,natural_vegetation_fire,0.0681721097765213,0.7885283192999205,0.14329957092355827
FW_01338718,other_uncertain,natural_vegetation_fire,0.004358383249718412,0.7887819719551455,0.20685964479513586
FW_00177974,natural_vegetation_fire,natural_vegetation_fire,0.002956540167333683,0.9143357157847078,0.08270774404795851
FW_00769739,natural_vegetation_fire,natural_vegetation_fire,0.0009978891114556837,0.986023224068323,0.01297888682022133
FW_00388927,other_uncertain,other_uncertain,0.0008500829957359138,0.026297907248570434,0.9728520097556935
FW_01686517,natural_vegetation_fire,natural_vegetation_fire,0.010204375988019546,0.6996329402252647,0.2901626837867157
FW_00713132,natural_vegetation_fire,natural_vegetation_fire,0.005297653459434447,0.9170166190364852,0.07768572750408029
FW_01619470,natural_vegetation_fire,natural_vegetation_fire,0.0016134078591004551,0.946658945958468,0.05172764618243157
FW_00148073,natural_vegetation_fire,natural_vegetation_fire,0.0013260643038758636,0.9623598814481107,0.03631405424801345
FW_01135260,other_uncertain,other_uncertain,0.2657430998892127,0.007909657578407206,0.72634724253238
FW_01204054,other_uncertain,other_uncertain,0.0038842252849240286,0.018591331772692166,0.9775244429423838
FW_00159918,natural_vegetation_fire,natural_vegetation_fire,0.0009132607910992891,0.9884498846589588,0.010636854549942088
FW_00044475,natural_vegetation_fire,natural_vegetation_fire,0.2483432546181223,0.4351328877113689,0.31652385767050883
FW_01487873,other_uncertain,other_uncertain,0.006562005672856686,0.4638456196362759,0.5295923746908675
FW_00331104,natural_vegetation_fire,natural_vegetation_fire,0.016000967853712474,0.9109729103349348,0.07302612181135258
FW_00512571,natural_vegetation_fire,natural_vegetation_fire,0.004511937964326272,0.827381125631026,0.16810693640464774
FW_00631090,natural_vegetation_fire,natural_vegetation_fire,0.0019413323971634068,0.9450092458681325,0.05304942173470415
FW_00362511,natural_vegetation_fire,natural_vegetation_fire,0.012168511232048117,0.8878847431416741,0.09994674562627776
FW_00609098,industrial_fire_candidate,other_uncertain,0.2803974112370672,0.008219039267893599,0.7113835494950392
FW_01253127,natural_vegetation_fire,natural_vegetation_fire,0.0006154520226703317,0.9913522000332388,0.008032347944091085
FW_00361634,natural_vegetation_fire,natural_vegetation_fire,0.003196563907779574,0.8665621101084342,0.1302413259837862
FW_00823548,natural_vegetation_fire,natural_vegetation_fire,0.0007136752448600347,0.9750346745591271,0.024251650196012702
FW_00292463,other_uncertain,natural_vegetation_fire,0.010208657699476816,0.8189787941690053,0.1708125481315178
FW_01661604,natural_vegetation_fire,natural_vegetation_fire,0.002068257037206077,0.7793001852101439,0.21863155775265003
FW_01171311,other_uncertain,other_uncertain,0.07463484574682044,0.11622389413756284,0.8091412601156167
FW_00566712,natural_vegetation_fire,natural_vegetation_fire,0.005629433000885568,0.9254935903252675,0.06887697667384698
FW_01593518,other_uncertain,natural_vegetation_fire,0.0017345152759593585,0.786232138315048,0.21203334640899263
FW_00753446,natural_vegetation_fire,natural_vegetation_fire,0.0008536423461139119,0.9652127971344625,0.03393356051942364
FW_01575813,natural_vegetation_fire,natural_vegetation_fire,0.002686161036017276,0.8720659236638415,0.12524791530014132
FW_00755397,natural_vegetation_fire,natural_vegetation_fire,0.0051418331318033765,0.9057046355164834,0.08915353135171325
FW_01398262,natural_vegetation_fire,other_uncertain,0.0004356924726573477,0.020316460397348836,0.9792478471299939
FW_00459008,natural_vegetation_fire,natural_vegetation_fire,0.0011756589190764484,0.8411836831573151,0.15764065792360848
FW_00902676,natural_vegetation_fire,natural_vegetation_fire,0.006120870186221642,0.9016034163412849,0.09227571347249341
FW_00994277,natural_vegetation_fire,natural_vegetation_fire,0.013003192210120886,0.7648588265785426,0.22213798121133646
FW_00323987,natural_vegetation_fire,natural_vegetation_fire,0.011283091451710936,0.927621297818228,0.0610956107300611
FW_01472627,natural_vegetation_fire,natural_vegetation_fire,0.00269485944442303,0.9888036076807559,0.008501532874821171
FW_01122898,natural_vegetation_fire,natural_vegetation_fire,0.001943898352145935,0.9501282057805249,0.047927895867329276
FW_00426888,industrial_fire_candidate,other_uncertain,0.2922395563808056,0.04594123624988619,0.6618192073693082
FW_00809145,natural_vegetation_fire,natural_vegetation_fire,0.005381125561954811,0.9391969387719257,0.05542193566611956
FW_00267740,other_uncertain,industrial_fire_candidate,0.5568656357862707,0.19886080146369392,0.24427356275003537
FW_01061225,natural_vegetation_fire,natural_vegetation_fire,0.002952736356942672,0.8973111654263177,0.09973609821673979
FW_00721411,natural_vegetation_fire,natural_vegetation_fire,0.0027975998759430464,0.8954621658634895,0.10174023426056764
FW_00563456,natural_vegetation_fire,natural_vegetation_fire,0.0012855610361544821,0.8579717160413102,0.1407427229225352
FW_00449941,industrial_fire_candidate,other_uncertain,0.43342845988233153,0.01893648848794174,0.5476350516297268
FW_01305234,natural_vegetation_fire,industrial_fire_candidate,0.5403447200540955,0.06258017429387128,0.39707510565203313
FW_01624843,natural_vegetation_fire,other_uncertain,0.007912506132705976,0.4337247873806088,0.5583627064866852
FW_01045093,other_uncertain,natural_vegetation_fire,0.0009692579044277445,0.9227723376540476,0.07625840444152458
FW_01694279,natural_vegetation_fire,natural_vegetation_fire,0.0011228602928294068,0.9349378055126506,0.06393933419451996
FW_01681345,natural_vegetation_fire,other_uncertain,0.041696909002573224,0.466643103312584,0.49165998768484276
FW_01198223,natural_vegetation_fire,other_uncertain,0.007723697668881346,0.3327122076814646,0.659564094649654
FW_01582226,other_uncertain,other_uncertain,0.0014783689911215736,0.07022844016817378,0.9282931908407046
FW_01141856,other_uncertain,other_uncertain,0.011183397782094935,0.39273925899563933,0.5960773432222657
FW_00889512,natural_vegetation_fire,natural_vegetation_fire,0.00042343376978505023,0.9898450493507089,0.009731516879505844
FW_00223987,industrial_fire_candidate,other_uncertain,0.2427977758427521,0.09575340914686233,0.6614488150103855
FW_00022951,natural_vegetation_fire,natural_vegetation_fire,0.00261395219365237,0.5199429309202162,0.47744311688613145
FW_00616741,industrial_fire_candidate,other_uncertain,0.08591429958322115,0.007459063681614861,0.906626636735164
FW_00576690,natural_vegetation_fire,natural_vegetation_fire,0.011899869093713033,0.5125319043703584,0.47556822653592856
FW_00023320,other_uncertain,other_uncertain,0.11491017704660986,0.010008345031898102,0.875081477921492
FW_00243858,natural_vegetation_fire,natural_vegetation_fire,0.0032611529930663295,0.9893411268989631,0.0073977201079704616
FW_00832251,natural_vegetation_fire,other_uncertain,0.002618107157893117,0.38266524303186894,0.6147166498102379
FW_00071056,other_uncertain,other_uncertain,0.001512596246243133,0.008633307786550068,0.9898540959672069
FW_01166223,other_uncertain,other_uncertain,0.004611356773671693,0.0936781802910895,0.9017104629352387
FW_01689981,industrial_fire_candidate,other_uncertain,0.4531476731912431,0.038322439398565715,0.5085298874101912
FW_01301371,natural_vegetation_fire,other_uncertain,0.06608376919540761,0.10725988919337152,0.8266563416112209
FW_00041370,other_uncertain,other_uncertain,0.028166257195122956,0.3157098926102911,0.6561238501945861
FW_00630238,natural_vegetation_fire,natural_vegetation_fire,0.0006339109019794314,0.9744042058523363,0.024961883245684106
FW_01707475,natural_vegetation_fire,natural_vegetation_fire,0.0014608055972446198,0.9710606134843234,0.027478580918431958
FW_01059904,other_uncertain,other_uncertain,0.027796052580612393,0.014029584833149429,0.9581743625862381
FW_00815052,industrial_fire_candidate,other_uncertain,0.22773508950294175,0.021841988424529415,0.7504229220725288
FW_00747438,natural_vegetation_fire,natural_vegetation_fire,0.003040492916545198,0.9708745568726441,0.026084950210810573
FW_00489640,natural_vegetation_fire,natural_vegetation_fire,0.0019473245258681449,0.9312189125911895,0.0668337628829424
FW_01470834,natural_vegetation_fire,natural_vegetation_fire,0.020286996471107748,0.7800508969073249,0.1996621066215673
FW_00942486,natural_vegetation_fire,natural_vegetation_fire,0.0012245097078773459,0.9535237317604421,0.0452517585316804
FW_00016171,natural_vegetation_fire,other_uncertain,0.003709428138022998,0.10777825570275898,0.8885123161592181
FW_01686313,natural_vegetation_fire,natural_vegetation_fire,0.0013329041703285347,0.9523605126295905,0.04630658320008099
FW_01702851,other_uncertain,other_uncertain,0.34382226068262095,0.04293834963654082,0.6132393896808381
FW_00490806,industrial_fire_candidate,natural_vegetation_fire,0.03904293667504372,0.5135984979890127,0.4473585653359436
FW_01455657,natural_vegetation_fire,natural_vegetation_fire,0.0030034216423655636,0.9378450789925097,0.05915149936512475
FW_01620394,natural_vegetation_fire,natural_vegetation_fire,0.003983345639069483,0.7344510831294535,0.26156557123147717
FW_00679577,other_uncertain,natural_vegetation_fire,0.0028073216950965938,0.6077688401891868,0.38942383811571657
FW_01191588,natural_vegetation_fire,other_uncertain,0.02264142808369776,0.4092315701999529,0.5681270017163493
FW_01524599,natural_vegetation_fire,natural_vegetation_fire,0.0009733988270670984,0.8747734710443453,0.12425313012858748
FW_01560708,natural_vegetation_fire,other_uncertain,0.00043189142924653963,0.015113807093779205,0.9844543014769743
FW_00257264,natural_vegetation_fire,natural_vegetation_fire,0.0009187172881765908,0.9867330691169832,0.012348213594840155
FW_00461222,natural_vegetation_fire,natural_vegetation_fire,0.009474110025405645,0.6705581536396934,0.319967736334901
FW_01411247,natural_vegetation_fire,natural_vegetation_fire,0.000677906421668843,0.9729694263936864,0.02635266718464447
FW_00141363,natural_vegetation_fire,natural_vegetation_fire,0.0004908381396543126,0.9847986055062319,0.014710556354113835
FW_00915873,natural_vegetation_fire,natural_vegetation_fire,0.0006536324946259569,0.9911574506214796,0.00818891688389429
FW_00459066,natural_vegetation_fire,natural_vegetation_fire,0.05634068654094559,0.6246956588272001,0.3189636546318543
FW_01586044,other_uncertain,other_uncertain,0.0006963112039694657,0.01149281326767032,0.9878108755283601
FW_00855469,natural_vegetation_fire,natural_vegetation_fire,0.0009271128498269527,0.9400959904453561,0.05897689670481699
FW_01127168,other_uncertain,natural_vegetation_fire,0.002653122525186863,0.6557763680241946,0.3415705094506186
FW_00207442,natural_vegetation_fire,natural_vegetation_fire,0.00332020800170859,0.9670631112839848,0.029616680714306683
FW_00877017,other_uncertain,other_uncertain,0.0010711675309345613,0.02243303977718178,0.9764957926918836
FW_00685105,natural_vegetation_fire,natural_vegetation_fire,0.008502553323398979,0.921174217270982,0.07032322940561891
FW_00005049,other_uncertain,other_uncertain,0.2964037699628386,0.23549223519790616,0.4681039948392553
FW_01661284,natural_vegetation_fire,natural_vegetation_fire,0.0011472177327287434,0.9259159202817386,0.0729368619855328
FW_01048315,other_uncertain,other_uncertain,0.0013306884839027785,0.036784784602183915,0.9618845269139134
FW_01695422,natural_vegetation_fire,natural_vegetation_fire,0.0012616696462090925,0.8347385098162659,0.16399982053752504
FW_00030789,other_uncertain,other_uncertain,0.19849461150518216,0.008686306251399429,0.7928190822434185
FW_00465848,natural_vegetation_fire,natural_vegetation_fire,0.006174442465226474,0.9287456844484139,0.0650798730863595
FW_01607907,other_uncertain,industrial_fire_candidate,0.578964463331628,0.028641123342093695,0.3923944133262782
FW_00387528,other_uncertain,natural_vegetation_fire,0.03878499825621047,0.6231720726688745,0.33804292907491496
FW_00325536,natural_vegetation_fire,natural_vegetation_fire,0.0020709553300753483,0.9682824789052336,0.02964656576469111
FW_00721542,natural_vegetation_fire,natural_vegetation_fire,0.01569937046363559,0.8609961670381695,0.123304462498195
FW_00079717,natural_vegetation_fire,natural_vegetation_fire,0.0009698760830888611,0.9761462614934492,0.02288386242346205
FW_00426600,natural_vegetation_fire,natural_vegetation_fire,0.004353450608490974,0.8451473668807358,0.15049918251077324
FW_00673145,natural_vegetation_fire,natural_vegetation_fire,0.0025667938357753803,0.9075207564345665,0.08991244972965828
FW_00457582,natural_vegetation_fire,natural_vegetation_fire,0.0017336967342574659,0.8709015845654159,0.12736471870032673
FW_01445988,natural_vegetation_fire,natural_vegetation_fire,0.0009807890747938214,0.9483374985275234,0.0506817123976829
FW_01470018,other_uncertain,other_uncertain,0.008293829084277433,0.0391110092382676,0.952595161677455
FW_00025602,other_uncertain,other_uncertain,0.10358457820490312,0.007363623797672922,0.889051797997424
FW_00189026,natural_vegetation_fire,natural_vegetation_fire,0.0006220290771024846,0.9748581328649442,0.024519838057953516
FW_00190871,natural_vegetation_fire,natural_vegetation_fire,0.001979402486737319,0.9822577987243055,0.015762798788957085
FW_01643817,other_uncertain,natural_vegetation_fire,0.0007723893783338613,0.8577243730060634,0.1415032376156028
FW_01225014,natural_vegetation_fire,natural_vegetation_fire,0.005716514997138767,0.9761161410029275,0.01816734399993384
FW_00963910,natural_vegetation_fire,natural_vegetation_fire,0.008903139399528762,0.7325470237139025,0.2585498368865688
FW_00822281,natural_vegetation_fire,natural_vegetation_fire,0.0032487944575984346,0.8877865805310865,0.10896462501131506
FW_00487538,natural_vegetation_fire,natural_vegetation_fire,0.0013931351234246737,0.9429777584503702,0.0556291064262051
FW_01035362,natural_vegetation_fire,natural_vegetation_fire,0.000642491008061792,0.9880259066656197,0.011331602326318564
FW_00093750,other_uncertain,other_uncertain,0.0025213229853479698,0.018896521843251995,0.9785821551714
FW_00203699,natural_vegetation_fire,natural_vegetation_fire,0.0023468131224897463,0.986433380058725,0.011219806818785056
FW_01160530,other_uncertain,other_uncertain,0.023762320638448065,0.07874324408235277,0.8974944352791991
FW_00753115,natural_vegetation_fire,natural_vegetation_fire,0.00038624822434992964,0.989730629413669,0.009883122361981158
FW_00032423,natural_vegetation_fire,natural_vegetation_fire,0.01787140727293534,0.9285743581085373,0.05355423461852746
FW_00096870,other_uncertain,natural_vegetation_fire,0.004674155983453972,0.8320902185154342,0.16323562550111195
FW_00887355,natural_vegetation_fire,natural_vegetation_fire,0.0004994525559740021,0.9899215018186075,0.009579045625418493
FW_01071117,other_uncertain,natural_vegetation_fire,0.004321094645139853,0.7687359797742962,0.22694292558056386
FW_01089779,natural_vegetation_fire,natural_vegetation_fire,0.0021114205332056707,0.6588366000803186,0.33905197938647563
FW_01621022,other_uncertain,other_uncertain,0.028595098740630053,0.20741754909813143,0.7639873521612384
FW_01162118,other_uncertain,other_uncertain,0.007245178453984082,0.16229007271034107,0.8304647488356748
FW_01540787,natural_vegetation_fire,natural_vegetation_fire,0.00283644575530921,0.8550271879179037,0.14213636632678706
FW_00873456,natural_vegetation_fire,natural_vegetation_fire,0.0006229335876787142,0.9918918247116858,0.007485241700635472
FW_00832288,natural_vegetation_fire,other_uncertain,0.037599828181513556,0.36610953216802034,0.5962906396504661
FW_01552873,natural_vegetation_fire,natural_vegetation_fire,0.0015418901934455477,0.8834630298801496,0.1149950799264048
FW_01055345,other_uncertain,other_uncertain,0.024569573851165403,0.051530888443675774,0.9238995377051588
FW_00210528,natural_vegetation_fire,natural_vegetation_fire,0.004490406911299007,0.9558900753669936,0.0396195177217075
FW_00054168,industrial_fire_candidate,industrial_fire_candidate,0.5141432816961253,0.28448966017307487,0.20136705813079978
FW_01668674,natural_vegetation_fire,natural_vegetation_fire,0.004587118415496806,0.9456203154481284,0.04979256613637481
FW_00056223,other_uncertain,other_uncertain,0.003977391055568398,0.06566718514542155,0.93035542379901
FW_01439434,natural_vegetation_fire,natural_vegetation_fire,0.0013829904007987403,0.9721716186776082,0.026445390921593103
FW_00566311,industrial_fire_candidate,industrial_fire_candidate,0.533106944380753,0.03823346064842324,0.42865959497082384
FW_01069513,natural_vegetation_fire,natural_vegetation_fire,0.0017608182390865443,0.8631121006334097,0.1351270811275038
FW_00508453,other_uncertain,natural_vegetation_fire,0.002551588732763959,0.6996024260348245,0.29784598523241146
FW_01177310,natural_vegetation_fire,natural_vegetation_fire,0.0018395517422144722,0.8008044266259344,0.197356021631851
FW_01040137,other_uncertain,other_uncertain,0.0005167717426385987,0.02272764869882189,0.9767555795585394
FW_01596857,natural_vegetation_fire,natural_vegetation_fire,0.09569998816888116,0.5048897177731668,0.3994102940579519
FW_00362714,natural_vegetation_fire,natural_vegetation_fire,0.0016306893195942578,0.7704233109028451,0.22794599977756058
FW_00123955,natural_vegetation_fire,natural_vegetation_fire,0.13315150478666143,0.44864648649341304,0.4182020087199255
FW_00343441,natural_vegetation_fire,natural_vegetation_fire,0.004038249579947093,0.8274661204864999,0.16849562993355305
FW_01513904,natural_vegetation_fire,natural_vegetation_fire,0.0015877136631068673,0.8749344472935598,0.12347783904333316
FW_00013065,natural_vegetation_fire,other_uncertain,0.023153751066112636,0.48580198729918117,0.4910442616347063
FW_00898611,natural_vegetation_fire,natural_vegetation_fire,0.0009157373691116471,0.9862120153593061,0.012872247271582076
FW_00640412,natural_vegetation_fire,natural_vegetation_fire,0.0027329591007131354,0.9660604215546419,0.03120661934464497
FW_01219421,other_uncertain,other_uncertain,0.08299627062730368,0.042491233071076065,0.8745124963016202
FW_01286941,natural_vegetation_fire,natural_vegetation_fire,0.00040415173629293174,0.9911371771097681,0.008458671153938876
FW_00241600,industrial_fire_candidate,other_uncertain,0.1193792584959809,0.08755330703604573,0.7930674344679733
FW_00691432,industrial_fire_candidate,other_uncertain,0.20898399402750092,0.049464785793018246,0.7415512201794808
FW_01680215,natural_vegetation_fire,other_uncertain,0.0024556840929445757,0.46184169205631154,0.5357026238507439
FW_00929894,natural_vegetation_fire,natural_vegetation_fire,0.00439259380609979,0.9617475736531238,0.03385983254077648
FW_00372608,natural_vegetation_fire,natural_vegetation_fire,0.013089213569535033,0.860123302535398,0.12678748389506692
FW_00373741,natural_vegetation_fire,natural_vegetation_fire,0.0038563401454474707,0.7850874638726173,0.21105619598193512
FW_01178093,natural_vegetation_fire,natural_vegetation_fire,0.0013232674434335747,0.8957609452147316,0.10291578734183482
FW_00951504,other_uncertain,other_uncertain,0.008183557361799845,0.017861176591422164,0.973955266046778
FW_01292354,natural_vegetation_fire,natural_vegetation_fire,0.0008237696882427122,0.9304570539112895,0.06871917640046767
FW_01580137,other_uncertain,other_uncertain,0.000650177183188881,0.024143018718692268,0.9752068040981188
FW_00079319,natural_vegetation_fire,natural_vegetation_fire,0.147150326558976,0.7478566667801487,0.10499300666087517
FW_01072170,other_uncertain,other_uncertain,0.013250029317122417,0.01057805048639273,0.9761719201964849
FW_00983114,natural_vegetation_fire,natural_vegetation_fire,0.0025369338184956414,0.8608829109278052,0.13658015525369904
FW_00820887,natural_vegetation_fire,natural_vegetation_fire,0.003404317084026737,0.8945535453098887,0.10204213760608447
FW_01222503,industrial_fire_candidate,other_uncertain,0.06771260835837359,0.043665465221979845,0.8886219264196465
FW_00136208,other_uncertain,other_uncertain,0.0938155477383377,0.0164944293888705,0.8896900228727918
FW_00983278,natural_vegetation_fire,natural_vegetation_fire,0.007823732554279452,0.8943498268057452,0.09782644063997532
FW_00990958,natural_vegetation_fire,natural_vegetation_fire,0.00565006491094665,0.5973499859721397,0.39699994911691366
FW_00701538,natural_vegetation_fire,natural_vegetation_fire,0.0005246685873178827,0.9935892842861416,0.005886047126540472
FW_00070918,other_uncertain,other_uncertain,0.02142635586126276,0.0436098176344241,0.9349638265043131
FW_01116066,natural_vegetation_fire,natural_vegetation_fire,0.003551049696435258,0.6388801709726672,0.3575687793308976
FW_00995888,other_uncertain,other_uncertain,0.0009214591914600283,0.020390219838381605,0.9786883209701583
FW_01608509,other_uncertain,other_uncertain,0.25449054192811027,0.05856374251601077,0.6869457155558789
FW_00484999,natural_vegetation_fire,natural_vegetation_fire,0.009176449738302162,0.6915253878698212,0.2992981623918768
FW_00414567,other_uncertain,other_uncertain,0.0018424220454128697,0.015270447172259588,0.9828871307823276
FW_00696960,other_uncertain,natural_vegetation_fire,0.0045678270822848656,0.5226102361727448,0.47282193674497025
FW_00857681,natural_vegetation_fire,natural_vegetation_fire,0.000685832017404058,0.9869812420609769,0.012332925921619031
FW_00928807,natural_vegetation_fire,natural_vegetation_fire,0.007426031390172331,0.9759549834539243,0.016618985155903463
FW_01521485,natural_vegetation_fire,natural_vegetation_fire,0.005721597747883323,0.8437468766273456,0.15053152562477096
FW_01219191,natural_vegetation_fire,natural_vegetation_fire,0.0036239775716444844,0.770114681444276,0.2262613409840797
FW_00061140,other_uncertain,other_uncertain,0.22714484526591702,0.00879167054972003,0.764063484184363
FW_01011621,natural_vegetation_fire,natural_vegetation_fire,0.0017147334378570546,0.9797540825567338,0.018531184005409037
FW_01129287,natural_vegetation_fire,other_uncertain,0.0066417204586906396,0.41459637417009565,0.5787619053712136
FW_01038337,other_uncertain,other_uncertain,0.04899991910400825,0.14094922238616067,0.8100508585098312
FW_00839873,natural_vegetation_fire,natural_vegetation_fire,0.005234736194690405,0.9236364909113701,0.07112877289393957
FW_01609370,other_uncertain,other_uncertain,0.04465372196887918,0.16456835974083384,0.790777918290287
FW_00795423,natural_vegetation_fire,natural_vegetation_fire,0.0006261977924040057,0.9860252406950595,0.013348561512536666
FW_01199073,other_uncertain,industrial_fire_candidate,0.5314877385788204,0.021821963234712572,0.4466902981864671
FW_00322032,natural_vegetation_fire,other_uncertain,0.00870712930711975,0.08265865980869849,0.9086342108841818
FW_00491688,natural_vegetation_fire,natural_vegetation_fire,0.0027689059184276502,0.8557143261311145,0.1415167679504579
FW_01070535,other_uncertain,other_uncertain,0.09806835999142983,0.0100077043288605,0.8919239356797096
FW_00456416,natural_vegetation_fire,natural_vegetation_fire,0.0052032599421009,0.5609994512088788,0.43379728884902025
FW_00008465,natural_vegetation_fire,natural_vegetation_fire,0.0007165840517160524,0.9561463061485937,0.04313710979969032
FW_00922001,natural_vegetation_fire,natural_vegetation_fire,0.00579238880969458,0.9535072036582942,0.040700407532011214
FW_01097072,natural_vegetation_fire,natural_vegetation_fire,0.003197190054561967,0.9673902836994228,0.02941252624601525
FW_00873474,natural_vegetation_fire,natural_vegetation_fire,0.002389505087498334,0.9791463004897615,0.018464194422740124
FW_01479656,natural_vegetation_fire,natural_vegetation_fire,0.010498429581267954,0.9402410667954596,0.04926050362327238
FW_00441898,other_uncertain,other_uncertain,0.012558108305485857,0.04343516438535039,0.9440067273091638
FW_00040519,natural_vegetation_fire,natural_vegetation_fire,0.0006889981503429459,0.9824677337075388,0.016843268142118357
FW_00643050,other_uncertain,other_uncertain,0.0029264702852145994,0.013455515875681003,0.9836180138391044
FW_00033765,natural_vegetation_fire,natural_vegetation_fire,0.007671287430419191,0.9177413707021513,0.0745873418674296
FW_00087223,natural_vegetation_fire,natural_vegetation_fire,0.001681170018038461,0.9798917413799143,0.018427088602047396
FW_00879993,natural_vegetation_fire,natural_vegetation_fire,0.004352543539503204,0.8596108422452967,0.1360366142152
FW_00072054,natural_vegetation_fire,natural_vegetation_fire,0.0004225808260518978,0.9879223632835284,0.011655055890419519
FW_00349687,natural_vegetation_fire,natural_vegetation_fire,0.001253393366660691,0.9516537610091397,0.047092845624199534
FW_01585296,other_uncertain,natural_vegetation_fire,0.012760254675025,0.6357404156285522,0.3514993296964227
FW_00695879,natural_vegetation_fire,natural_vegetation_fire,0.001499724619906571,0.8331422456010464,0.16535802977904682
FW_01532341,industrial_fire_candidate,other_uncertain,0.31309012494060673,0.004457295403914207,0.6824525796554791
FW_00446102,other_uncertain,other_uncertain,0.14514323711103722,0.011764155474266966,0.8430926074146958
FW_01225812,other_uncertain,other_uncertain,0.12515007507277198,0.40740307542495113,0.4674468495022769
FW_00196542,natural_vegetation_fire,natural_vegetation_fire,0.003753466777919782,0.986682004031592,0.00956452919048824
FW_00319303,industrial_fire_candidate,industrial_fire_candidate,0.5252485177571867,0.029946399836315012,0.4448050824064982
FW_01099538,natural_vegetation_fire,natural_vegetation_fire,0.001951329206821864,0.8371148884470168,0.16093378234616135
FW_01422724,natural_vegetation_fire,other_uncertain,0.0049563484469129825,0.3935122528383902,0.6015313987146969
FW_01698570,other_uncertain,natural_vegetation_fire,0.02844407009164182,0.618782733010672,0.35277319689768616
FW_00524920,other_uncertain,natural_vegetation_fire,0.05725388762583143,0.5062031652521191,0.4365429471220495
FW_00528240,natural_vegetation_fire,natural_vegetation_fire,0.0019120544223004718,0.8939170018524961,0.10417094372520347
FW_01595015,other_uncertain,other_uncertain,0.3019733582451897,0.05336919892087988,0.6446574428339304
FW_01389036,natural_vegetation_fire,natural_vegetation_fire,0.0023106405978322434,0.976582341902454,0.021107017499713776
FW_00728610,natural_vegetation_fire,natural_vegetation_fire,0.0010545857792730738,0.9550539509758252,0.04389146324490163
FW_00803885,natural_vegetation_fire,natural_vegetation_fire,0.0023636366919961584,0.8957239947356538,0.10191236857235011
FW_01545774,other_uncertain,other_uncertain,0.0016596158587089886,0.04250025048702849,0.9558401336542625
FW_00129300,natural_vegetation_fire,natural_vegetation_fire,0.003711430020480744,0.9494709818221073,0.046817588157411896
FW_01123925,natural_vegetation_fire,other_uncertain,0.028726560754623338,0.22235799712240145,0.7489154421229751
FW_01565924,natural_vegetation_fire,natural_vegetation_fire,0.055007760466853996,0.6325546749688271,0.3124375645643189
FW_00466967,other_uncertain,other_uncertain,0.0012161028865416586,0.045306911897847156,0.9534769852156111
FW_01147782,industrial_fire_candidate,natural_vegetation_fire,0.01839840020679183,0.5440479426598301,0.4375536571333781
FW_01558938,natural_vegetation_fire,other_uncertain,0.00940523040918118,0.4914993073109253,0.49909546227989354
FW_00513068,natural_vegetation_fire,natural_vegetation_fire,0.007212853090155064,0.5015721198557418,0.4912150270541031
FW_01074034,natural_vegetation_fire,natural_vegetation_fire,0.010723931420317275,0.5203390975689074,0.4689369710107754
FW_01130965,natural_vegetation_fire,natural_vegetation_fire,0.00496658262123409,0.7023298024041239,0.2927036149746419
FW_01024110,natural_vegetation_fire,natural_vegetation_fire,0.007624613931515177,0.8865621704932838,0.10581321557520099
FW_01444491,natural_vegetation_fire,natural_vegetation_fire,0.0011775744835440278,0.9257155043181649,0.07310692119829108
FW_01605845,natural_vegetation_fire,natural_vegetation_fire,0.00849245510105182,0.5065769682941325,0.4849305766048158
FW_01088642,natural_vegetation_fire,natural_vegetation_fire,0.002135621477969641,0.8769923609781298,0.12087201754390056
FW_00993953,natural_vegetation_fire,natural_vegetation_fire,0.04611094313107445,0.6259201718800784,0.3279688849888471
FW_00268765,other_uncertain,other_uncertain,0.0008423685410246412,0.010632132364957622,0.9885254990940178
FW_00583867,other_uncertain,other_uncertain,0.22542705222746376,0.2700907058047983,0.5044822419677379
FW_01412670,natural_vegetation_fire,natural_vegetation_fire,0.06692520744989812,0.7232960350535949,0.209778757496507
FW_00038930,other_uncertain,other_uncertain,0.000997970506821686,0.01610229403604983,0.9828997354571285
FW_01049086,other_uncertain,other_uncertain,0.006879332597262119,0.06778256917309473,0.9253380982296432
FW_00447434,industrial_fire_candidate,natural_vegetation_fire,0.1997545916225533,0.4303984061190387,0.369847002258408
FW_01060919,other_uncertain,other_uncertain,0.025181462951585118,0.024984987760446036,0.9498335492879689
FW_00728269,other_uncertain,natural_vegetation_fire,0.0033924602768033874,0.897216282667114,0.0993912570560827
FW_01210574,natural_vegetation_fire,natural_vegetation_fire,0.003292804665803076,0.9338588643627886,0.06284833097140821
FW_00419367,other_uncertain,natural_vegetation_fire,0.002456509678726723,0.8622228644815305,0.13532062583974291
FW_01412417,natural_vegetation_fire,natural_vegetation_fire,0.0036761762658003433,0.5002032598082775,0.4961205639259222
FW_00994360,other_uncertain,natural_vegetation_fire,0.004928549909836971,0.8409408109171242,0.15413063917303876
FW_00688853,natural_vegetation_fire,natural_vegetation_fire,0.0028020804468994777,0.8510803226556978,0.14611759689740286
FW_00001030,other_uncertain,other_uncertain,0.015280963802828663,0.028396235190684953,0.9563228010064864
FW_01324638,natural_vegetation_fire,natural_vegetation_fire,0.0013564772546866466,0.9806041688818864,0.018039353863426973
FW_00574577,other_uncertain,other_uncertain,0.022136338282806093,0.057259805964518996,0.9206038557526749
FW_01578498,other_uncertain,other_uncertain,0.3678258019694639,0.009532015552924513,0.6226421824776116
FW_01275105,natural_vegetation_fire,natural_vegetation_fire,0.00035694683863481347,0.9915284008804346,0.008114652280930642
FW_00320465,natural_vegetation_fire,natural_vegetation_fire,0.0008191259901736779,0.9461964330588641,0.05298444095096212
FW_01469199,natural_vegetation_fire,natural_vegetation_fire,0.0009556291563166478,0.9928969829389442,0.00614738790473903
FW_01592518,other_uncertain,other_uncertain,0.0018250867648905334,0.022501563292131734,0.9756733499429778
FW_00078038,other_uncertain,other_uncertain,0.0029296611092437938,0.028792957664285253,0.968277381226471
FW_00457594,other_uncertain,natural_vegetation_fire,0.002759555510724844,0.9188760327187492,0.07836441177052603
FW_01116258,natural_vegetation_fire,natural_vegetation_fire,0.0017232340792098066,0.9382948170536127,0.05998194886717742
FW_00658292,natural_vegetation_fire,natural_vegetation_fire,0.00283940913973258,0.9158492026769746,0.08131138818329299
FW_01617488,other_uncertain,other_uncertain,0.12921499197930864,0.18576014017436734,0.685024867846324
FW_00226191,natural_vegetation_fire,natural_vegetation_fire,0.0008699045144061874,0.947185015255423,0.051945080230170915
FW_01583294,other_uncertain,other_uncertain,0.0011500675414517502,0.04588633076465423,0.952963601693894
FW_01291820,natural_vegetation_fire,natural_vegetation_fire,0.0005194703386769999,0.9917597745595257,0.007720755101797323
FW_00475550,natural_vegetation_fire,natural_vegetation_fire,0.0012531645228431457,0.8299872428190349,0.16875959265812185
FW_00647392,natural_vegetation_fire,natural_vegetation_fire,0.02187038158502362,0.7548631803680518,0.2232664380469245
FW_00415228,other_uncertain,other_uncertain,0.007619978876805453,0.06327619062448651,0.929103830498708
FW_01534017,natural_vegetation_fire,natural_vegetation_fire,0.009555294383027544,0.652732519044311,0.3377121865726615
FW_00451226,natural_vegetation_fire,natural_vegetation_fire,0.09498762791151692,0.734485498133026,0.17052687395545707
FW_00965359,natural_vegetation_fire,other_uncertain,0.004245628827455512,0.39474773616392944,0.601006635008615
FW_01040205,other_uncertain,other_uncertain,0.07530315862182149,0.09156050904385654,0.833136332334322
FW_00448917,other_uncertain,other_uncertain,0.008485708881458746,0.044281583456347445,0.9472327076621938
FW_00551813,natural_vegetation_fire,natural_vegetation_fire,0.012415832263423845,0.7668833999808352,0.22070076775574088
FW_00597998,natural_vegetation_fire,natural_vegetation_fire,0.007188989102014491,0.890157290671404,0.10265372022658158
FW_01070543,other_uncertain,other_uncertain,0.0017390173355758861,0.03991594845778607,0.9583450342066381
FW_00865159,natural_vegetation_fire,natural_vegetation_fire,0.0007940767675692688,0.9856927910718456,0.013513132160585088
FW_01531627,natural_vegetation_fire,natural_vegetation_fire,0.0030534768968453344,0.9575703625400139,0.039376160563140764
FW_00361128,natural_vegetation_fire,natural_vegetation_fire,0.006914985422556577,0.865649830240013,0.12743518433743042
FW_01279023,natural_vegetation_fire,natural_vegetation_fire,0.0005331368991642552,0.9871749031210167,0.012291959979819207
FW_00679851,natural_vegetation_fire,other_uncertain,0.02946781808795577,0.098878637619186,0.8716535442928581
FW_00979846,other_uncertain,natural_vegetation_fire,0.039013666722300555,0.5601873019413398,0.40079903133635963
FW_00705739,other_uncertain,other_uncertain,0.016528299812865674,0.14962321854399382,0.8338484816431404
FW_00223673,natural_vegetation_fire,natural_vegetation_fire,0.0020200461341961977,0.9287716002014309,0.06920835366437283
FW_01615815,other_uncertain,other_uncertain,0.11365445805963509,0.029163172572551018,0.857182369367814
FW_00049300,natural_vegetation_fire,natural_vegetation_fire,0.014059097399133176,0.8081116176276787,0.17782928497318806
FW_00415557,other_uncertain,other_uncertain,0.004456962270985628,0.01498010277603203,0.9805629349529824
FW_00499995,natural_vegetation_fire,natural_vegetation_fire,0.0018175772256871759,0.5740302889613529,0.42415213381295985
FW_00483903,natural_vegetation_fire,natural_vegetation_fire,0.002537697188147084,0.8007574131470667,0.19670488966478622
FW_00407338,other_uncertain,other_uncertain,0.0009767969529697466,0.022262946686319108,0.9767602563607112
FW_00194615,natural_vegetation_fire,natural_vegetation_fire,0.007184403776889343,0.9841378217127073,0.008677774510403365
FW_00288241,natural_vegetation_fire,natural_vegetation_fire,0.011038212074206485,0.8954131378262867,0.09354865009950676
FW_01557012,other_uncertain,other_uncertain,0.0006864111528809243,0.022878538894819347,0.9764350499522997
FW_01116996,natural_vegetation_fire,natural_vegetation_fire,0.0019207002673146147,0.868050241123444,0.13002905860924135
FW_00235705,other_uncertain,other_uncertain,0.0005648229007441674,0.01746406655608758,0.9819711105431683
FW_00898271,natural_vegetation_fire,natural_vegetation_fire,0.0004605546080453772,0.9914152096546819,0.008124235737272733
FW_01043189,other_uncertain,other_uncertain,0.001812986734541153,0.03764019760365092,0.9605468156618079
FW_00035704,natural_vegetation_fire,natural_vegetation_fire,0.0029021780208727623,0.972964981481533,0.02413284049759432
FW_00845635,natural_vegetation_fire,natural_vegetation_fire,0.008509451952187018,0.964585771804437,0.02690477624337583
FW_01209097,other_uncertain,other_uncertain,0.04319807321192136,0.04865310391083428,0.9081488228772444
FW_01449202,other_uncertain,other_uncertain,0.0017892962911203697,0.04556105269967106,0.9526496510092085
FW_00237437,other_uncertain,natural_vegetation_fire,0.008343975014502916,0.7490097562241046,0.24264626876139253
FW_01546243,natural_vegetation_fire,natural_vegetation_fire,0.001397714018052664,0.9034062635609398,0.09519602242100764
FW_00873357,natural_vegetation_fire,natural_vegetation_fire,0.0005677584568242503,0.9853438870864437,0.014088354456731997
FW_00433881,other_uncertain,other_uncertain,0.02439969908740987,0.10780073113613041,0.8677995697764597
FW_00555087,natural_vegetation_fire,natural_vegetation_fire,0.031577165526831416,0.7653710442311974,0.2030517902419712
FW_01723614,industrial_fire_candidate,other_uncertain,0.05481577537027209,0.21552004302753533,0.7296641816021925
FW_00674776,natural_vegetation_fire,natural_vegetation_fire,0.12317326106364695,0.6371876335247392,0.2396391054116139
FW_01208781,other_uncertain,other_uncertain,0.002500831308053651,0.01638803959131884,0.9811111291006276
FW_00344939,natural_vegetation_fire,natural_vegetation_fire,0.0038198228719767482,0.9102909376256484,0.0858892395023749
FW_01004482,natural_vegetation_fire,natural_vegetation_fire,0.003239180742002224,0.9723237240582692,0.02443709519972841
FW_00254367,other_uncertain,other_uncertain,0.03170339539740067,0.04590151914025148,0.9223950854623478
FW_01124192,other_uncertain,other_uncertain,0.0033737958672201,0.027417179091689853,0.96920902504109
FW_00211321,natural_vegetation_fire,natural_vegetation_fire,0.001998674285091,0.8523080790654088,0.14569324664949998
FW_00750090,other_uncertain,natural_vegetation_fire,0.007066524567996837,0.7434272273233895,0.24950624810861374
FW_01074835,other_uncertain,other_uncertain,0.13963260868364566,0.004485090864865989,0.8558823004514883
FW_01121979,natural_vegetation_fire,natural_vegetation_fire,0.002604646942175016,0.8189903689128353,0.1784049841449897
FW_00452914,other_uncertain,other_uncertain,0.13215696000867025,0.006283134391194285,0.8615599056001355
FW_00560566,other_uncertain,other_uncertain,0.14081831938491363,0.008332995906963564,0.8508486847081227
FW_01586048,other_uncertain,other_uncertain,0.00046088086098267745,0.010342251241596906,0.9891968678974205
FW_00520902,natural_vegetation_fire,natural_vegetation_fire,0.004519315377317405,0.6473512099001228,0.3481294747225598
FW_00866085,natural_vegetation_fire,natural_vegetation_fire,0.0005178244525147601,0.9829992049959251,0.01648297055156012
FW_00671184,natural_vegetation_fire,natural_vegetation_fire,0.0016546974555987064,0.9653743783397686,0.03297092420463279
FW_01539963,other_uncertain,natural_vegetation_fire,0.0019907684560799156,0.9060453207773583,0.09196391076656182
FW_01548343,other_uncertain,other_uncertain,0.006785626577754471,0.0118977218845992,0.9813166515376464
FW_01625248,natural_vegetation_fire,natural_vegetation_fire,0.001877578634224878,0.9537448104287682,0.04437761093700673
FW_01067247,natural_vegetation_fire,natural_vegetation_fire,0.0015836281395511195,0.952526054831916,0.04589031702853287
FW_01211046,natural_vegetation_fire,natural_vegetation_fire,0.0030696796839353806,0.7988276304478867,0.19810268986817786
FW_01099786,natural_vegetation_fire,natural_vegetation_fire,0.0023369383457269685,0.8345171565959787,0.16314590505829427
FW_00372420,industrial_fire_candidate,other_uncertain,0.1776562056195774,0.07968311082396373,0.7426606835564589
FW_01616118,natural_vegetation_fire,natural_vegetation_fire,0.00280868765194153,0.9227009496806876,0.07449036266737075
FW_00244007,natural_vegetation_fire,natural_vegetation_fire,0.005068407250261982,0.9643314124753912,0.03060018027434672
FW_01350089,natural_vegetation_fire,natural_vegetation_fire,0.0007207612037007573,0.9808666962087351,0.01841254258756418
FW_00015673,other_uncertain,industrial_fire_candidate,0.5697258502085999,0.06475932536026313,0.365514824431137
FW_00049598,natural_vegetation_fire,natural_vegetation_fire,0.0010708889689939373,0.9143235072380697,0.0846056037929364
FW_01617642,natural_vegetation_fire,natural_vegetation_fire,0.0011557807891221209,0.9440976709904255,0.05474654822045252
FW_01317416,natural_vegetation_fire,natural_vegetation_fire,0.0024987594753448235,0.9106486425523521,0.08685259797230328
FW_00592172,natural_vegetation_fire,other_uncertain,0.020615387510382645,0.47876332803251614,0.5006212844571013
FW_00829742,natural_vegetation_fire,natural_vegetation_fire,0.007183831958541474,0.5987508094181653,0.39406535862329317
FW_00384077,natural_vegetation_fire,natural_vegetation_fire,0.0041170055753226775,0.8527553756792516,0.1431276187454257
FW_01066395,other_uncertain,other_uncertain,0.0008565982241550038,0.03760915248136405,0.961534249294481
FW_01577940,other_uncertain,other_uncertain,0.001365725485878429,0.04941952724286404,0.9492147472712575
FW_00615198,other_uncertain,other_uncertain,0.02257097068950822,0.03128145743586993,0.9461475718746218
FW_00619728,industrial_fire_candidate,other_uncertain,0.2530885962467927,0.23325172615555823,0.5136596775976491
FW_00937081,natural_vegetation_fire,natural_vegetation_fire,0.0006620201865409401,0.9743406173189403,0.024997362494518626
FW_00031789,industrial_fire_candidate,other_uncertain,0.35449390587208784,0.07803150602756057,0.5674745881003516
FW_01397384,natural_vegetation_fire,natural_vegetation_fire,0.004259058483230239,0.9807194160650603,0.015021525451709344
FW_00475520,natural_vegetation_fire,natural_vegetation_fire,0.0057545869754590355,0.7879956050806818,0.2062498079438592
FW_00269530,natural_vegetation_fire,natural_vegetation_fire,0.02245879003296812,0.7111449309773054,0.2663962789897266
FW_00306348,natural_vegetation_fire,natural_vegetation_fire,0.011790517144706393,0.7677483704616932,0.22046111239360036
FW_00528865,other_uncertain,natural_vegetation_fire,0.0012690041481425857,0.7612657105621371,0.2374652852897203
FW_00219529,natural_vegetation_fire,natural_vegetation_fire,0.013998310766720513,0.8801790089687487,0.1058226802645308
FW_00102838,other_uncertain,other_uncertain,0.004067497449258648,0.08703227132684349,0.9089002312238977
FW_00898261,natural_vegetation_fire,natural_vegetation_fire,0.0015599474163504772,0.9676052263592729,0.030834826224376565
FW_00028409,natural_vegetation_fire,natural_vegetation_fire,0.003757343863780298,0.9497898456535886,0.04645281048263093
FW_01163741,other_uncertain,other_uncertain,0.16527272413385474,0.019746537342768645,0.8149807385233766
FW_00372915,natural_vegetation_fire,natural_vegetation_fire,0.001829041012473085,0.8976527698934105,0.10051818909411646
FW_01043343,other_uncertain,other_uncertain,0.017954817310811645,0.3302586789217517,0.6517865037674367
FW_00473140,natural_vegetation_fire,natural_vegetation_fire,0.008464674985370594,0.8026437243544191,0.18889160066021027
FW_01723445,other_uncertain,other_uncertain,0.0036085300372330755,0.014217837080102614,0.9821736328826642
FW_01281693,natural_vegetation_fire,natural_vegetation_fire,0.002145178896152382,0.9822622808622873,0.015592540241560395
FW_00592513,industrial_fire_candidate,other_uncertain,0.03514255969110866,0.045250409735118215,0.919607030573773
FW_00400452,natural_vegetation_fire,natural_vegetation_fire,0.002862861515606929,0.8271398839014433,0.16999725458294976
FW_00363851,natural_vegetation_fire,natural_vegetation_fire,0.0031426148655462863,0.8833284847031092,0.11352890043134456
FW_00737402,other_uncertain,other_uncertain,0.2433430012779624,0.0260345703490096,0.730622428373028
FW_00479115,natural_vegetation_fire,natural_vegetation_fire,0.002449180778374943,0.7406192689168442,0.25693155030478093
FW_01626712,other_uncertain,natural_vegetation_fire,0.0019363256284900834,0.808865270738778,0.1891984036327318
FW_00402998,natural_vegetation_fire,natural_vegetation_fire,0.039045283646046904,0.6603588761794712,0.300595840174482
FW_01071243,natural_vegetation_fire,natural_vegetation_fire,0.0034442587765634706,0.6696801694891353,0.32687557173430126
FW_01524798,natural_vegetation_fire,natural_vegetation_fire,0.0008078167726989998,0.9885539736591249,0.010638209568175997
FW_00452675,natural_vegetation_fire,natural_vegetation_fire,0.0011482945349480383,0.8788247011354156,0.12002700432963635
FW_01097366,natural_vegetation_fire,natural_vegetation_fire,0.0011714152657132646,0.8382410584254663,0.16058752630882037
FW_01205401,industrial_fire_candidate,other_uncertain,0.07015651761939669,0.05088692040948549,0.8789565619711177
FW_00530336,natural_vegetation_fire,natural_vegetation_fire,0.00107953981292425,0.8951574362959556,0.10376302389112013
FW_00084753,other_uncertain,other_uncertain,0.000781567510578445,0.011565158942245244,0.9876532735471762
FW_00347902,natural_vegetation_fire,natural_vegetation_fire,0.002707511711215416,0.7614319375179777,0.23586055077080692
FW_01038435,other_uncertain,other_uncertain,0.0829585204375641,0.004550338534647166,0.9124911410277887
FW_00710036,natural_vegetation_fire,natural_vegetation_fire,0.0012147121518144254,0.8703618884775428,0.12842339937064273
FW_01598372,natural_vegetation_fire,natural_vegetation_fire,0.0005568628822506522,0.9663829529541529,0.03306018416359644
FW_01110025,other_uncertain,industrial_fire_candidate,0.6363363949084985,0.017986760552676343,0.34567684453882525
FW_01251317,natural_vegetation_fire,natural_vegetation_fire,0.0018343257463198832,0.9159859574582698,0.0821797167954104
FW_00088503,other_uncertain,other_uncertain,0.0011697039838462874,0.019323243685173352,0.9795070523309803
FW_00168991,natural_vegetation_fire,natural_vegetation_fire,0.001067190016767893,0.975769144300927,0.02316366568230515
FW_01164696,natural_vegetation_fire,natural_vegetation_fire,0.0016974499361902455,0.7388812214349781,0.2594213286288317
FW_01358473,natural_vegetation_fire,natural_vegetation_fire,0.010251458370368158,0.901170823832832,0.08857771779679982
FW_01366233,natural_vegetation_fire,natural_vegetation_fire,0.002408804090473516,0.9210185587388774,0.07657263717064927
FW_00455656,other_uncertain,natural_vegetation_fire,0.0021360881174208616,0.6874205577566174,0.31044335412596175
FW_00685519,natural_vegetation_fire,natural_vegetation_fire,0.0020684226815580672,0.9450605213207757,0.05287105599766612
FW_01274699,natural_vegetation_fire,natural_vegetation_fire,0.0005955658367985078,0.9938465022948668,0.005557931868334616
FW_00929983,natural_vegetation_fire,natural_vegetation_fire,0.0037235812855488963,0.9683572044746442,0.027919214239806985
FW_00623208,other_uncertain,natural_vegetation_fire,0.03649211795867042,0.5304552439668512,0.43305263807447847
FW_01174269,other_uncertain,other_uncertain,0.06957674976865527,0.05729868415199671,0.873124566079348
FW_01463871,natural_vegetation_fire,natural_vegetation_fire,0.0027168197879802788,0.8997475405110014,0.09753563970101826
FW_01238047,natural_vegetation_fire,natural_vegetation_fire,0.003911234588893296,0.8958338843778054,0.10025488103330114
FW_00613455,natural_vegetation_fire,natural_vegetation_fire,0.0052527243198820465,0.9359176068701994,0.05882966880991846
FW_00990726,natural_vegetation_fire,natural_vegetation_fire,0.010788062254620588,0.8952566342540191,0.09395530349136016
FW_00968325,natural_vegetation_fire,natural_vegetation_fire,0.0016252511756380506,0.8138460846613037,0.18452866416305824
FW_00990714,natural_vegetation_fire,natural_vegetation_fire,0.006051062426532875,0.8751756353217864,0.1187733022516807
FW_01716368,industrial_fire_candidate,other_uncertain,0.4236953013744486,0.008996697471349093,0.5673080011542023
FW_00371806,other_uncertain,other_uncertain,0.0018954479786111886,0.06967353187535806,0.9284310201460308
FW_00481044,natural_vegetation_fire,natural_vegetation_fire,0.02315886258522527,0.6481002343922196,0.32874090302255504
FW_01472985,natural_vegetation_fire,natural_vegetation_fire,0.0008058635907909111,0.9666795477938104,0.0325145886153988
FW_00898694,natural_vegetation_fire,natural_vegetation_fire,0.002862023320802838,0.9635859915361814,0.03355198514301572
FW_01521917,other_uncertain,other_uncertain,0.02187552622001753,0.08479245825408861,0.8933320155258939
FW_01039750,natural_vegetation_fire,natural_vegetation_fire,0.0003817777464676573,0.9881383854932796,0.011479836760252597
FW_01243379,other_uncertain,natural_vegetation_fire,0.0026311154063649394,0.8729952681037024,0.12437361648993274
FW_00459471,other_uncertain,other_uncertain,0.25912108478725787,0.0643742175704316,0.6765046976423105
FW_01671249,natural_vegetation_fire,natural_vegetation_fire,0.001363001029951462,0.8052084065456645,0.193428592424384
FW_00481789,natural_vegetation_fire,natural_vegetation_fire,0.0008900209333947196,0.9449555553839462,0.05415442368265924
FW_00601974,other_uncertain,natural_vegetation_fire,0.032154004785013325,0.6944077364677943,0.2734382587471924
FW_00216245,other_uncertain,other_uncertain,0.0187775764150181,0.2062172844580377,0.7750051391269442
FW_00935624,other_uncertain,other_uncertain,0.001599927113743455,0.12347621957515013,0.8749238533111064
FW_01536841,natural_vegetation_fire,other_uncertain,0.0007376624553642494,0.014636246535577208,0.9846260910090586
FW_01711130,other_uncertain,other_uncertain,0.014404282578853308,0.07920741732682506,0.9063883000943217
FW_01106484,natural_vegetation_fire,natural_vegetation_fire,0.0035256615728014497,0.87815494918198,0.11831938924521845
FW_01390198,natural_vegetation_fire,natural_vegetation_fire,0.0007189186482578822,0.987178458119533,0.01210262323220928
FW_01598636,other_uncertain,other_uncertain,0.0004147683483812287,0.011673840685499686,0.9879113909661191
FW_00439998,other_uncertain,other_uncertain,0.2619463395666847,0.0750435298327229,0.6630101306005924
FW_01504738,natural_vegetation_fire,natural_vegetation_fire,0.005897578077407502,0.7768041684049259,0.21729825351766668
FW_00919230,other_uncertain,other_uncertain,0.30860145343735673,0.01087815376225171,0.6805203928003916
FW_00762151,natural_vegetation_fire,natural_vegetation_fire,0.0007217275202983991,0.9864725189959294,0.012805753483772223
FW_00227099,natural_vegetation_fire,natural_vegetation_fire,0.01209650304511655,0.9629317224549894,0.024971774499894128
FW_01686626,natural_vegetation_fire,natural_vegetation_fire,0.003159256200141529,0.9198839429490995,0.07695680085075893
FW_01575251,natural_vegetation_fire,natural_vegetation_fire,0.002574397015350627,0.967628827830032,0.02979677515461734
FW_00730781,other_uncertain,other_uncertain,0.04063324824062226,0.02605969444786882,0.9333070573115089
FW_01067314,natural_vegetation_fire,natural_vegetation_fire,0.0020078865732398453,0.8525700645231143,0.1454220489036458
FW_00059311,other_uncertain,other_uncertain,0.22660239156315143,0.037389797816744175,0.7360078106201045
FW_00796051,natural_vegetation_fire,natural_vegetation_fire,0.0007331082089091757,0.9860286126920794,0.013238279099011457
FW_00290469,other_uncertain,other_uncertain,0.0022136300940589285,0.02406441816143594,0.973721951744505
FW_00829850,other_uncertain,other_uncertain,0.056720367242564976,0.04320651626939493,0.9000731164880401
FW_00417374,other_uncertain,other_uncertain,0.11044241486576258,0.06445242947055015,0.8251051556636874
FW_00500106,other_uncertain,natural_vegetation_fire,0.0016461399066094542,0.8568163695794834,0.14153749051390727
FW_01702148,natural_vegetation_fire,natural_vegetation_fire,0.0034146910886835575,0.9016326669495646,0.09495264196175202
FW_01237088,natural_vegetation_fire,other_uncertain,0.009122736887712509,0.4417141187005861,0.5491631444117013
FW_00383027,natural_vegetation_fire,natural_vegetation_fire,0.0013347629177314268,0.9350017924612548,0.06366344462101384
FW_01266468,natural_vegetation_fire,natural_vegetation_fire,0.00028063271435069324,0.9919321251580312,0.007787242127618111
FW_00206261,natural_vegetation_fire,natural_vegetation_fire,0.004648947603596511,0.9507960400531706,0.04455501234323283
FW_01688796,natural_vegetation_fire,natural_vegetation_fire,0.011902737834746394,0.5757061618829067,0.4123911002823469
FW_01000417,other_uncertain,other_uncertain,0.004263714892374896,0.4270186308568263,0.5687176542507988
FW_00545073,other_uncertain,other_uncertain,0.12075356092411527,0.16224823761970336,0.7169982014561814
FW_01135858,other_uncertain,other_uncertain,0.0019120976588895252,0.01927198107756823,0.9788159212635422
FW_00485539,natural_vegetation_fire,natural_vegetation_fire,0.0014431513063641469,0.9729500584550226,0.025606790238613047
FW_01030868,natural_vegetation_fire,natural_vegetation_fire,0.003246630702206074,0.9282993995396015,0.06845396975819229
FW_00448388,other_uncertain,other_uncertain,0.00886506587837799,0.11472687790684294,0.876408056214779
FW_00414642,natural_vegetation_fire,natural_vegetation_fire,0.0012673133808947237,0.9396348921168594,0.05909779450224603
FW_00590427,natural_vegetation_fire,natural_vegetation_fire,0.0011432206659012093,0.9157351210099338,0.08312165832416499
FW_00637054,natural_vegetation_fire,natural_vegetation_fire,0.0005648457227353001,0.9762814093344456,0.023153744942819094
FW_00143490,natural_vegetation_fire,natural_vegetation_fire,0.001126450200546015,0.9770075443195886,0.02186600547986562
FW_01617297,other_uncertain,other_uncertain,0.0016910852446892861,0.021658120391426366,0.9766507943638842
FW_00138793,natural_vegetation_fire,natural_vegetation_fire,0.0013088670994292496,0.9321898489126645,0.06650128398790624
FW_01246781,natural_vegetation_fire,natural_vegetation_fire,0.0013305825211781545,0.9722500262194886,0.02641939125933318
FW_01691829,industrial_fire_candidate,other_uncertain,0.06639760608744658,0.03786191104919659,0.8957404828633568
FW_01723615,industrial_fire_candidate,other_uncertain,0.060337895305053034,0.2493998190647068,0.6902622856302403
FW_00619371,other_uncertain,other_uncertain,0.0016093790693827953,0.025644872432605027,0.9727457484980122
FW_00514068,natural_vegetation_fire,natural_vegetation_fire,0.001649883110751432,0.9132615314865362,0.08508858540271223
FW_01014648,other_uncertain,other_uncertain,0.0014242208717655934,0.021764684435141714,0.9768110946930928
FW_01343398,natural_vegetation_fire,natural_vegetation_fire,0.004346664559930641,0.9167867009166006,0.0788666345234687
FW_01591212,other_uncertain,other_uncertain,0.029018027757622758,0.09250489030884665,0.8784770819335306
FW_00483340,natural_vegetation_fire,natural_vegetation_fire,0.0008482225525833826,0.9150864392768919,0.08406533817052471
FW_01361301,natural_vegetation_fire,natural_vegetation_fire,0.002806582421390308,0.9748801060227029,0.022313311555906875
FW_01039146,natural_vegetation_fire,natural_vegetation_fire,0.0013677033453147911,0.8756136449208519,0.12301865173383325
FW_00915909,natural_vegetation_fire,natural_vegetation_fire,0.000709689836732325,0.9766352940316544,0.022655016131613276
FW_01074852,other_uncertain,other_uncertain,0.0013544017597156663,0.020722166696126233,0.977923431544158
FW_00478417,natural_vegetation_fire,natural_vegetation_fire,0.001799348374776967,0.9015126542534098,0.09668799737181324
FW_01106891,natural_vegetation_fire,other_uncertain,0.003789869863619554,0.351995128797097,0.6442150013392834
FW_01145360,natural_vegetation_fire,natural_vegetation_fire,0.0008648075614027007,0.9025798979236449,0.09655529451495234
FW_00514889,other_uncertain,other_uncertain,0.030240828874654253,0.03154119498420673,0.9382179761411391
FW_01188653,other_uncertain,other_uncertain,0.1995690484819848,0.040879721308504605,0.7595512302095105
FW_01491507,natural_vegetation_fire,natural_vegetation_fire,0.0057720336125412835,0.8156096195444434,0.17861834684301522
FW_00817643,other_uncertain,other_uncertain,0.039241311551229494,0.07637656719303271,0.8843821212557378
FW_00463911,other_uncertain,other_uncertain,0.2218578175731897,0.01761754002322886,0.7605246424035815
FW_01446601,natural_vegetation_fire,natural_vegetation_fire,0.0007031346754936919,0.9723040908331384,0.026992774491367787
FW_00876092,natural_vegetation_fire,natural_vegetation_fire,0.0026912050315067667,0.979200313664087,0.018108481304406166
FW_01693380,natural_vegetation_fire,natural_vegetation_fire,0.009717471783006472,0.8282867517678448,0.16199577644914884
FW_00359508,other_uncertain,other_uncertain,0.0005091696669494402,0.01198189826170833,0.9875089320713424
FW_00902693,natural_vegetation_fire,natural_vegetation_fire,0.011317703202188714,0.8982051516941779,0.0904771451036335
FW_00670015,other_uncertain,natural_vegetation_fire,0.02843129426706329,0.48824783928606874,0.48332086644686795
FW_00828781,natural_vegetation_fire,natural_vegetation_fire,0.0019645835442053928,0.9396908960250699,0.05834452043072458
FW_01657773,natural_vegetation_fire,natural_vegetation_fire,0.0027703992680244392,0.8304564001511239,0.16677320058085157
FW_01630875,natural_vegetation_fire,natural_vegetation_fire,0.0006613319825287981,0.9449799683931377,0.05435869962433348
FW_01427160,natural_vegetation_fire,natural_vegetation_fire,0.0044758239605096175,0.9764486673691922,0.01907550867029795
FW_00927680,natural_vegetation_fire,natural_vegetation_fire,0.007993009937300554,0.9234921203091342,0.06851486975356545
FW_01040944,natural_vegetation_fire,natural_vegetation_fire,0.00748374646727187,0.49779634294166747,0.4947199105910607
FW_00897059,other_uncertain,other_uncertain,0.04559883646408328,0.15788881610000674,0.79651234743591
FW_00482220,natural_vegetation_fire,natural_vegetation_fire,0.000898485537853579,0.8823777409133027,0.11672377354884371
FW_01687497,natural_vegetation_fire,natural_vegetation_fire,0.0021670588385103015,0.9482126380981967,0.04962030306329299
FW_01058585,natural_vegetation_fire,natural_vegetation_fire,0.0025236195758495095,0.8163873550015655,0.18108902542258512
FW_00089998,natural_vegetation_fire,natural_vegetation_fire,0.0010393370078582776,0.9826635466571619,0.01629711633497981
FW_00829896,other_uncertain,other_uncertain,0.18835938398619312,0.08391723837909433,0.7277233776347125
FW_00314406,other_uncertain,other_uncertain,0.3798071344962042,0.022089894959255868,0.59810297054454
FW_01093358,natural_vegetation_fire,natural_vegetation_fire,0.03391174252991344,0.7655352893102766,0.20055296815980989
FW_01702727,other_uncertain,other_uncertain,0.006206656423778892,0.018266698682377326,0.9755266448938438
FW_00994258,natural_vegetation_fire,natural_vegetation_fire,0.004322698522712623,0.7105877732611575,0.2850895282161299
FW_01275877,natural_vegetation_fire,natural_vegetation_fire,0.0030058138372322353,0.9514273198653398,0.04556686629742809
FW_00212214,natural_vegetation_fire,natural_vegetation_fire,0.0017815126436352437,0.9909821706986846,0.007236316657680204
FW_01398264,other_uncertain,other_uncertain,0.0005767266266399309,0.019430054338534907,0.9799932190348251
FW_01481973,other_uncertain,other_uncertain,0.0030318019970479427,0.024952483240913093,0.972015714762039
FW_00345272,natural_vegetation_fire,natural_vegetation_fire,0.005848574301912172,0.9082874608509444,0.08586396484714359
FW_00096238,natural_vegetation_fire,natural_vegetation_fire,0.0014232658217500208,0.980973136138368,0.017603598039881794
FW_00788601,natural_vegetation_fire,natural_vegetation_fire,0.002307366673773258,0.9639220638529798,0.03377056947324686
FW_01058880,other_uncertain,other_uncertain,0.0035375527489563668,0.01433724324411915,0.9821252040069245
FW_01630881,natural_vegetation_fire,natural_vegetation_fire,0.0007742308919918114,0.9099490194199886,0.08927674968801957
FW_00589252,industrial_fire_candidate,other_uncertain,0.2188612654913744,0.010646653164271344,0.7704920813443543
FW_01043707,other_uncertain,natural_vegetation_fire,0.11528677758196716,0.4604858879466081,0.42422733447142474
FW_01652961,natural_vegetation_fire,natural_vegetation_fire,0.004113893360046071,0.9429006415846806,0.05298546505527326
FW_01504814,natural_vegetation_fire,natural_vegetation_fire,0.0018454351475356075,0.963544867080611,0.03460969777185349
FW_00795298,natural_vegetation_fire,natural_vegetation_fire,0.0024574763644448767,0.9169073191931464,0.08063520444240885
FW_01555884,industrial_fire_candidate,industrial_fire_candidate,0.6639663619671283,0.14999639150952634,0.18603724652334516
FW_01038511,other_uncertain,other_uncertain,0.0053338741667792846,0.17730290637911755,0.8173632194541032
FW_01059050,other_uncertain,other_uncertain,0.002444488240443024,0.036025629106833094,0.9615298826527239
FW_00109856,natural_vegetation_fire,natural_vegetation_fire,0.001083636641752847,0.8884388092324453,0.1104775541258019
FW_01477606,other_uncertain,other_uncertain,0.21944640362331658,0.008253322142469308,0.7723002742342141
FW_00028460,other_uncertain,other_uncertain,0.16621803433425328,0.007873548764193744,0.825908416901553
FW_00254393,other_uncertain,other_uncertain,0.09721306222100388,0.04360265061618864,0.8591842871628075
FW_00522988,other_uncertain,other_uncertain,0.04738033584876023,0.04947872876945668,0.9031409353817831
FW_00763249,natural_vegetation_fire,natural_vegetation_fire,0.0006183962208053885,0.9578844242834692,0.041497179495725414
FW_00702037,natural_vegetation_fire,natural_vegetation_fire,0.0007705925676614383,0.9826968239209202,0.016532583511418262
FW_01025263,natural_vegetation_fire,natural_vegetation_fire,0.00409490643950381,0.9262050502149818,0.06970004334551434
FW_00366658,natural_vegetation_fire,natural_vegetation_fire,0.002329169777125956,0.9642203384757277,0.03345049174714619
FW_00414205,natural_vegetation_fire,natural_vegetation_fire,0.0009683025117344197,0.9453292127874259,0.05370248470083975
FW_01207920,other_uncertain,other_uncertain,0.2770121868338465,0.06543364915246763,0.6575541640136859
FW_00944483,natural_vegetation_fire,natural_vegetation_fire,0.0015444658691056367,0.9275235137154126,0.07093202041548172
FW_00470399,natural_vegetation_fire,natural_vegetation_fire,0.00143087605928454,0.9188959114017398,0.07967321253897568
FW_01707862,natural_vegetation_fire,other_uncertain,0.004957206512148127,0.30072555089675623,0.6943172425910956
FW_01084873,natural_vegetation_fire,natural_vegetation_fire,0.23838947391466625,0.4900749201249905,0.2715356059603433
FW_01579720,other_uncertain,other_uncertain,0.0009922518637945914,0.016193423552894666,0.9828143245833106
FW_00394162,other_uncertain,other_uncertain,0.002558197532309381,0.015773626711113178,0.9816681757565774
FW_01321248,natural_vegetation_fire,natural_vegetation_fire,0.005438459164834644,0.8071255092287032,0.187436031606462
FW_01297404,natural_vegetation_fire,natural_vegetation_fire,0.0031450187259830027,0.9729076532620177,0.023947328011999332
FW_00445368,other_uncertain,other_uncertain,0.06408399054003958,0.08934069950462821,0.8465753099553323
FW_00541137,natural_vegetation_fire,natural_vegetation_fire,0.0009522430719888274,0.8739750373150578,0.12507271961295335
FW_00006137,industrial_fire_candidate,other_uncertain,0.041176210957399664,0.05305969540111925,0.905764093641481
FW_00981892,natural_vegetation_fire,natural_vegetation_fire,0.0004890439112059983,0.9785002808725071,0.021010675216286835
FW_01325550,other_uncertain,other_uncertain,0.03671597557791967,0.044403128362402774,0.9188808960596777
FW_00946108,natural_vegetation_fire,natural_vegetation_fire,0.0012362466900224139,0.8729075329670708,0.12585622034290692
FW_01291379,natural_vegetation_fire,natural_vegetation_fire,0.00046605705683652645,0.9905661955434002,0.008967747399763417
FW_00582610,industrial_fire_candidate,other_uncertain,0.011098726011279297,0.08394888059957913,0.9049523933891416
FW_01102031,natural_vegetation_fire,natural_vegetation_fire,0.002990297907535543,0.8396927006039728,0.1573170014884917
FW_00444295,natural_vegetation_fire,natural_vegetation_fire,0.0017630838075264497,0.7519802803119533,0.24625663588052027
FW_00947314,other_uncertain,other_uncertain,0.008478351301458983,0.04874333467734983,0.942778314021191
FW_01343409,natural_vegetation_fire,natural_vegetation_fire,0.0029929116946573802,0.9310456156386985,0.06596147266664423
FW_01504525,natural_vegetation_fire,natural_vegetation_fire,0.0028510886251401457,0.889879604868234,0.10726930650662574
FW_01525664,natural_vegetation_fire,natural_vegetation_fire,0.008195009740770032,0.8211439854160635,0.17066100484316646
FW_00047922,natural_vegetation_fire,natural_vegetation_fire,0.0018298574618309871,0.9772119043213605,0.020958238216808527
FW_01567491,natural_vegetation_fire,natural_vegetation_fire,0.002216441647996184,0.7942832998796124,0.20350025847239137
FW_01481605,natural_vegetation_fire,natural_vegetation_fire,0.023876516039124072,0.8748031031120712,0.10132038084880474
FW_01301591,natural_vegetation_fire,natural_vegetation_fire,0.004260636586914445,0.9573785129877079,0.038360850425377555
FW_01401995,natural_vegetation_fire,natural_vegetation_fire,0.0017502233832225886,0.8986835153788975,0.09956626123787982
FW_00115068,natural_vegetation_fire,natural_vegetation_fire,0.001778260078188508,0.9762569184780844,0.021964821443727127
FW_00498070,natural_vegetation_fire,natural_vegetation_fire,0.007730426752093776,0.9509451327252413,0.04132444052266495
FW_01582227,other_uncertain,other_uncertain,0.00043955119159989295,0.02077973895068956,0.9787807098577105
FW_00605190,other_uncertain,other_uncertain,0.0017158463706808578,0.017722849990572904,0.9805613036387462
FW_00649825,other_uncertain,other_uncertain,0.015770150897286603,0.1489903797195858,0.8352394693831277
FW_00998826,other_uncertain,other_uncertain,0.012435770005324571,0.41688214968515624,0.5706820803095191
FW_01496741,natural_vegetation_fire,natural_vegetation_fire,0.003812472202312932,0.9686653147712824,0.02752221302640467
FW_00512075,natural_vegetation_fire,natural_vegetation_fire,0.015124131956134865,0.839978586896379,0.14489728114748604
FW_01179683,other_uncertain,other_uncertain,0.015538980419127992,0.014457919959139854,0.970003099621732
FW_01039454,natural_vegetation_fire,natural_vegetation_fire,0.0029037785557750203,0.9169499505208099,0.08014627092341524
FW_00174326,natural_vegetation_fire,natural_vegetation_fire,0.05651086349730377,0.8394927069897052,0.10399642951299097
FW_01689932,industrial_fire_candidate,other_uncertain,0.3167577996880988,0.015065628428760454,0.6681765718831407
FW_00839161,natural_vegetation_fire,natural_vegetation_fire,0.007016321678358497,0.8051140245748406,0.18786965374680087
FW_01297958,natural_vegetation_fire,natural_vegetation_fire,0.0009800463716455065,0.9711885258741868,0.027831427754167696
FW_00118755,other_uncertain,industrial_fire_candidate,0.5224460378260257,0.04682381013634148,0.4307301520376329
FW_00858363,natural_vegetation_fire,natural_vegetation_fire,0.002031411206423356,0.9204866138221787,0.07748197497139792
FW_01031036,natural_vegetation_fire,other_uncertain,0.005112797573603468,0.42133643602889537,0.5735507663975011
FW_01547287,natural_vegetation_fire,natural_vegetation_fire,0.0012465487505102675,0.9016369032973499,0.09711654795213973
FW_01241705,natural_vegetation_fire,natural_vegetation_fire,0.20569876351897914,0.47183027529971255,0.3224709611813083
FW_01052562,industrial_fire_candidate,other_uncertain,0.23065706511299885,0.025240886750082122,0.744102048136919
FW_00786205,natural_vegetation_fire,natural_vegetation_fire,0.0029859376495264323,0.9789828305865875,0.01803123176388603
FW_00726507,natural_vegetation_fire,natural_vegetation_fire,0.014649753936509545,0.8128510565820481,0.17249918948144233
FW_00669623,natural_vegetation_fire,natural_vegetation_fire,0.0006552204363884395,0.9834905921036237,0.0158541874599881
FW_00253482,other_uncertain,other_uncertain,0.08761974418410796,0.015465291585200741,0.8969149642306912
FW_01076088,other_uncertain,natural_vegetation_fire,0.0025420174639676912,0.8294246273116203,0.168033355224412
FW_00034989,other_uncertain,other_uncertain,0.002598655807018719,0.06350527150370036,0.9338960726892809
FW_00809213,other_uncertain,other_uncertain,0.23342180169632762,0.009276154196958184,0.7573020441067142
FW_01420940,natural_vegetation_fire,natural_vegetation_fire,0.004370003351658374,0.9092729472069037,0.08635704944143784
FW_00502130,natural_vegetation_fire,natural_vegetation_fire,0.001851073372591379,0.9340488359408622,0.06410009068654625
FW_01069612,natural_vegetation_fire,other_uncertain,0.012362647246101586,0.47247203258605347,0.5151653201678449
FW_00821574,natural_vegetation_fire,natural_vegetation_fire,0.002509219474003245,0.8460416170713867,0.15144916345461004
FW_00668852,natural_vegetation_fire,natural_vegetation_fire,0.0012599851480022079,0.9620669196443001,0.03667309520769764
FW_01389349,natural_vegetation_fire,natural_vegetation_fire,0.0021559766329235968,0.9706728238045096,0.02717119956256692
FW_01617039,other_uncertain,other_uncertain,0.0010283280753055465,0.03015939753758533,0.9688122743871092
FW_00603168,industrial_fire_candidate,industrial_fire_candidate,0.7801163252485162,0.00812268831431457,0.21176098643716934
FW_01494180,other_uncertain,other_uncertain,0.04198476201784065,0.06774653058562893,0.8902687073965305
FW_01095355,other_uncertain,other_uncertain,0.003778520310976089,0.023557431125572553,0.9726640485634515
FW_01599145,natural_vegetation_fire,natural_vegetation_fire,0.0015566943145599056,0.8927530691504766,0.10569023653496347
FW_01493428,natural_vegetation_fire,natural_vegetation_fire,0.002248274112596854,0.8286402599625169,0.16911146592488624
FW_00497235,natural_vegetation_fire,natural_vegetation_fire,0.0007460949417772331,0.7263152433745262,0.27293866168369646
FW_00590607,natural_vegetation_fire,other_uncertain,0.008342279875673753,0.4606543604200684,0.5310033597042578
FW_00534267,natural_vegetation_fire,natural_vegetation_fire,0.0011399096771592377,0.7592782887493977,0.239581801573443
FW_00231535,natural_vegetation_fire,natural_vegetation_fire,0.0038994583099278687,0.9596610157422475,0.03643952594782448
FW_00796012,natural_vegetation_fire,natural_vegetation_fire,0.0006871972450291482,0.9691019045985011,0.030210898156469764
FW_01685119,other_uncertain,other_uncertain,0.29531973393913874,0.0809881510246129,0.6236921150362483
FW_00059403,natural_vegetation_fire,natural_vegetation_fire,0.001609551633645858,0.9824842550611265,0.015906193305227734
FW_00397925,other_uncertain,other_uncertain,0.03494921450237173,0.2271114284621157,0.7379393570355125
FW_01416637,natural_vegetation_fire,natural_vegetation_fire,0.0007370944258981295,0.9830789484063306,0.016183957167771223
FW_01065873,natural_vegetation_fire,natural_vegetation_fire,0.0015250860390135968,0.8111680883430109,0.18730682561797557
FW_00423636,other_uncertain,other_uncertain,0.0016523366430702968,0.015540333797049681,0.98280732955988
FW_00127110,natural_vegetation_fire,natural_vegetation_fire,0.0020240210216873867,0.8838502678702442,0.1141257111080684
FW_00553652,other_uncertain,other_uncertain,0.0940105632552735,0.02465390802748015,0.8813355287172464
FW_01178895,natural_vegetation_fire,natural_vegetation_fire,0.0031408459253068496,0.9324503963843696,0.06440875769032363
FW_00520182,other_uncertain,other_uncertain,0.004207600187269282,0.16245102427273522,0.8333413755399954
FW_01109604,natural_vegetation_fire,natural_vegetation_fire,0.0030505258760653467,0.7344678350326039,0.2624816390913307
FW_00487464,natural_vegetation_fire,natural_vegetation_fire,0.00857359385923109,0.9042369463010973,0.08718945983967157
FW_00144828,other_uncertain,other_uncertain,0.2151230895139266,0.010904717458997995,0.7739721930270754
FW_01164002,other_uncertain,other_uncertain,0.001202291533768641,0.024706658670323584,0.9740910497959079
FW_01465770,natural_vegetation_fire,natural_vegetation_fire,0.0030612693584421455,0.910789471114189,0.08614925952736888
FW_00546089,natural_vegetation_fire,natural_vegetation_fire,0.0018017542059617167,0.8618068347064204,0.13639141108761788
FW_01116337,natural_vegetation_fire,natural_vegetation_fire,0.0012308204185624604,0.9574840862050285,0.04128509337640907
FW_00830778,natural_vegetation_fire,natural_vegetation_fire,0.00864423888836428,0.785495004819077,0.20586075629255882
FW_00928830,natural_vegetation_fire,natural_vegetation_fire,0.007276268469527368,0.9664895737477897,0.026234157782683114
FW_00958079,other_uncertain,other_uncertain,0.001632529868023302,0.018144363688796412,0.9802231064431803
FW_01088901,natural_vegetation_fire,natural_vegetation_fire,0.0024472950885237547,0.9219739521930251,0.07557875271845119
FW_01489421,natural_vegetation_fire,natural_vegetation_fire,0.002625348609156342,0.7561434494281153,0.2412312019627284
FW_01050080,other_uncertain,other_uncertain,0.0021819016867462063,0.21153413140795835,0.7862839669052956
FW_00232434,natural_vegetation_fire,natural_vegetation_fire,0.0032001938011317834,0.9471077439945191,0.04969206220434908
FW_00249702,natural_vegetation_fire,natural_vegetation_fire,0.002641739693516213,0.9621330460950149,0.03522521421146877
FW_00932501,natural_vegetation_fire,other_uncertain,0.006949458772985876,0.365646278244775,0.6274042629822391
FW_00463315,natural_vegetation_fire,natural_vegetation_fire,0.019186533977177195,0.6511046701233507,0.3297087958994723
FW_00571298,other_uncertain,other_uncertain,0.003185339685480513,0.021801448624878754,0.9750132116896407
FW_00687044,natural_vegetation_fire,natural_vegetation_fire,0.000538401725953238,0.9587106957013127,0.040750902572734025
FW_00390165,other_uncertain,other_uncertain,0.19393006159030304,0.008323951118586735,0.7977459872911102
FW_00368343,natural_vegetation_fire,natural_vegetation_fire,0.0026013424204926585,0.9535685061200996,0.043830151459407746
FW_00858319,natural_vegetation_fire,natural_vegetation_fire,0.006106415050883498,0.9484904188961824,0.045403166052934006
FW_01630696,natural_vegetation_fire,natural_vegetation_fire,0.0017834272489473716,0.9752015819583068,0.02301499079274584
FW_00279111,natural_vegetation_fire,natural_vegetation_fire,0.001734844887142125,0.8638135802062583,0.13445157490659948
FW_00242148,natural_vegetation_fire,natural_vegetation_fire,0.001983227044176525,0.9853871559770113,0.012629616978811988
FW_00792988,natural_vegetation_fire,natural_vegetation_fire,0.011872609773218013,0.9654644048357945,0.022662985390987298
FW_00902962,natural_vegetation_fire,natural_vegetation_fire,0.002679095392822611,0.9575006555157181,0.039820249091459474
FW_01583082,natural_vegetation_fire,natural_vegetation_fire,0.0024854516074877837,0.9167762192962051,0.08073832909630722
FW_00214654,natural_vegetation_fire,natural_vegetation_fire,0.0019029505756174426,0.976401649771608,0.021695399652774446
FW_00558707,industrial_fire_candidate,industrial_fire_candidate,0.5162903653625346,0.009295420511413613,0.4744142141260519
FW_01616663,natural_vegetation_fire,natural_vegetation_fire,0.007366081225582507,0.9128058733184257,0.07982804545599193
FW_00461560,natural_vegetation_fire,natural_vegetation_fire,0.02941689052261287,0.5329716365396016,0.43761147293778563
FW_00569770,industrial_fire_candidate,other_uncertain,0.02207794354769289,0.09123483226086673,0.8866872241914404
FW_00483601,natural_vegetation_fire,natural_vegetation_fire,0.0020631038440943445,0.9006391672101678,0.09729772894573789
FW_01165247,other_uncertain,other_uncertain,0.0927872390798598,0.023161964897638155,0.8840507960225019
FW_01464402,natural_vegetation_fire,natural_vegetation_fire,0.03966536674312089,0.51924535799926,0.4410892752576191
FW_00899223,other_uncertain,natural_vegetation_fire,0.013711986427114568,0.8314533857901407,0.15483462778274473
FW_00594469,other_uncertain,other_uncertain,0.3708652054037006,0.008115422917238551,0.6210193716790608
FW_01584510,other_uncertain,other_uncertain,0.3670008910944726,0.05793078313754899,0.5750683257679784
FW_01454091,natural_vegetation_fire,natural_vegetation_fire,0.006337603664949748,0.8109986919197218,0.1826637044153284
FW_00170067,natural_vegetation_fire,natural_vegetation_fire,0.0007920295413347456,0.9544422449741483,0.04476572548451679
FW_00493151,natural_vegetation_fire,natural_vegetation_fire,0.00227237601613221,0.929186429037971,0.06854119494589683
FW_00209990,natural_vegetation_fire,natural_vegetation_fire,0.0011561496912701771,0.9470366904752826,0.051807159833447004
FW_00089535,natural_vegetation_fire,natural_vegetation_fire,0.0014711767817637744,0.9749275193060544,0.02360130391218184
FW_00123339,other_uncertain,other_uncertain,0.0006582650296761609,0.012558692210715703,0.9867830427596082
FW_00375036,natural_vegetation_fire,natural_vegetation_fire,0.0017917756469607049,0.827285547500192,0.17092267685284734
FW_00003101,other_uncertain,other_uncertain,0.002778630652936299,0.012215696217742125,0.9850056731293216
FW_00607274,other_uncertain,other_uncertain,0.015411252031051233,0.01376031952195397,0.9708284284469948
FW_00781219,natural_vegetation_fire,natural_vegetation_fire,0.0010317197978149798,0.9696535587177677,0.02931472148441739
FW_01301906,industrial_fire_candidate,other_uncertain,0.23518384228180028,0.1424756599725051,0.6223404977456947
FW_00079767,natural_vegetation_fire,natural_vegetation_fire,0.0013603185162295386,0.9552151252780324,0.043424556205738034
FW_01632141,other_uncertain,other_uncertain,0.005612815101897832,0.13902893357664814,0.8553582513214539
FW_00307306,natural_vegetation_fire,natural_vegetation_fire,0.003329529207209347,0.9863312415890355,0.010339229203755166
FW_00620770,natural_vegetation_fire,natural_vegetation_fire,0.0012498134604767939,0.976980876468297,0.021769310071226077
FW_00573646,other_uncertain,other_uncertain,0.005984689278213049,0.2741203695969847,0.7198949411248022
FW_01678638,natural_vegetation_fire,natural_vegetation_fire,0.0014960993787138885,0.8118363932081992,0.18666750741308685
FW_00545333,other_uncertain,other_uncertain,0.19212819835588923,0.008606597353040918,0.7992652042910698
FW_00367668,natural_vegetation_fire,natural_vegetation_fire,0.017046350452153056,0.8532284313729142,0.1297252181749327
FW_00274069,other_uncertain,other_uncertain,0.1592714798615546,0.006664001025929102,0.8340645191125162
FW_00014931,other_uncertain,other_uncertain,0.0023395969180980544,0.00846161673632569,0.9891987863455762
FW_00063965,natural_vegetation_fire,natural_vegetation_fire,0.003277497786485115,0.9202099796442109,0.07651252256930396
FW_01044281,other_uncertain,other_uncertain,0.004590038403796768,0.07384781633613707,0.9215621452600662
FW_00762321,natural_vegetation_fire,natural_vegetation_fire,0.0010444159834107737,0.9559737377437086,0.04298184627288069
FW_00586616,natural_vegetation_fire,natural_vegetation_fire,0.0014359351914409197,0.8840292552524005,0.11453480955615858
FW_01121225,other_uncertain,other_uncertain,0.294027817932931,0.00566749200284307,0.700304690064226
FW_00444897,other_uncertain,other_uncertain,0.03289933254514116,0.08513235259969985,0.8819683148551589
FW_01580917,natural_vegetation_fire,natural_vegetation_fire,0.0016994329407529496,0.9437821022598716,0.05451846479937553
FW_01127493,other_uncertain,other_uncertain,0.14971948704210858,0.034698069900726464,0.8155824430571649
FW_00006514,other_uncertain,other_uncertain,0.033873765927677095,0.2074817141367214,0.7586445199356016
FW_00208641,natural_vegetation_fire,natural_vegetation_fire,0.0016310355519935202,0.9789210162070673,0.019447948240939233
FW_00620762,natural_vegetation_fire,natural_vegetation_fire,0.0005999327889312265,0.9800677882823868,0.01933227892868194
FW_00742395,natural_vegetation_fire,natural_vegetation_fire,0.0007008900919611372,0.9665919785097115,0.03270713139832734
FW_00756956,natural_vegetation_fire,natural_vegetation_fire,0.009886881525478815,0.944183788557836,0.045929329916684976
FW_01153353,other_uncertain,other_uncertain,0.012473866179193783,0.19480184133357706,0.7927242924872292
FW_00996088,natural_vegetation_fire,natural_vegetation_fire,0.0004557167835110021,0.9755563983896983,0.023987884826790647
FW_01013540,natural_vegetation_fire,natural_vegetation_fire,0.003979340473012485,0.9329786063291153,0.06304205319787227
FW_00672434,natural_vegetation_fire,natural_vegetation_fire,0.0029465668800711105,0.9790953170887187,0.017958116031210374
FW_00327145,natural_vegetation_fire,natural_vegetation_fire,0.0007725380787023309,0.974716382390905,0.024511079530392714
FW_01528989,natural_vegetation_fire,natural_vegetation_fire,0.001442036101091847,0.8557262568552606,0.1428317070436476
FW_00892497,natural_vegetation_fire,natural_vegetation_fire,0.0004007906030317686,0.9889729165979801,0.010626292798987955
FW_00345289,other_uncertain,other_uncertain,0.00445147541710376,0.49361348165054525,0.501935042932351
FW_00693723,natural_vegetation_fire,natural_vegetation_fire,0.001399599288138632,0.9254729706566049,0.07312743005525649
FW_00797018,natural_vegetation_fire,natural_vegetation_fire,0.0011540020982561516,0.9063678590641107,0.09247813883763303
FW_00147808,natural_vegetation_fire,natural_vegetation_fire,0.0032366700851891883,0.950939745242986,0.0458235846718249
FW_00055999,natural_vegetation_fire,natural_vegetation_fire,0.0003420048624764672,0.977520046379334,0.02213794875818959
FW_00335528,natural_vegetation_fire,natural_vegetation_fire,0.001930001146742899,0.9097794295515125,0.08829056930174466
FW_01065481,other_uncertain,other_uncertain,0.007529078263403767,0.10325025978780962,0.8892206619487867
FW_01654197,natural_vegetation_fire,natural_vegetation_fire,0.0005417003748943382,0.965957678574339,0.03350062105076645
FW_00412794,other_uncertain,other_uncertain,0.003301587207964959,0.007317017621361415,0.9893813951706736
FW_00839459,natural_vegetation_fire,natural_vegetation_fire,0.006503521338794834,0.9136641479180049,0.0798323307432004
FW_00379288,other_uncertain,other_uncertain,0.004054290564577743,0.020406505216272786,0.9755392042191495
FW_01222911,natural_vegetation_fire,natural_vegetation_fire,0.006037673027535038,0.9130178407053661,0.0809444862670989
FW_00598807,natural_vegetation_fire,natural_vegetation_fire,0.010166568797524353,0.8647807466155464,0.12505268458692928
FW_00470161,natural_vegetation_fire,natural_vegetation_fire,0.003447081014427097,0.7149770625187923,0.2815758564667806
FW_01698096,other_uncertain,natural_vegetation_fire,0.0009116132463698069,0.676704004255329,0.32238438249830137
FW_00052465,natural_vegetation_fire,natural_vegetation_fire,0.0009908523848289462,0.9456924698262692,0.05331667778890176
FW_01577939,other_uncertain,other_uncertain,0.0014579072013268712,0.043254483652232265,0.955287609146441
FW_01071636,natural_vegetation_fire,natural_vegetation_fire,0.005121763870428121,0.9395426890134971,0.05533554711607487
FW_01404720,other_uncertain,natural_vegetation_fire,0.003694155695396551,0.5665906824937155,0.429715161810888
FW_01411180,natural_vegetation_fire,natural_vegetation_fire,0.0007593584392307326,0.9788572453555512,0.020383396205217987
FW_00444922,other_uncertain,other_uncertain,0.012147988262480394,0.2895520610050709,0.6982999507324488
FW_00722803,natural_vegetation_fire,natural_vegetation_fire,0.0033174373882775272,0.9527391070152885,0.043943455596433804
FW_01257230,other_uncertain,other_uncertain,0.07524772683296498,0.35419293920671996,0.570559333960315
FW_01560390,natural_vegetation_fire,natural_vegetation_fire,0.001215139360214413,0.9313902939506646,0.06739456668912079
FW_00705414,industrial_fire_candidate,other_uncertain,0.09007661657609448,0.13608109112209532,0.7738422923018101
FW_01056843,other_uncertain,other_uncertain,0.0007442321921194195,0.03223298371058934,0.9670227840972914
FW_01610165,natural_vegetation_fire,natural_vegetation_fire,0.08033998907136762,0.6426340874767587,0.2770259234518737
FW_01006895,natural_vegetation_fire,natural_vegetation_fire,0.0012880539243810142,0.9226414768966695,0.07607046917894934
FW_01097303,natural_vegetation_fire,natural_vegetation_fire,0.0015399782360438821,0.8151218742008134,0.1833381475631428
FW_00267742,other_uncertain,industrial_fire_candidate,0.5747352229143693,0.21316154407601454,0.21210323300961614
FW_01580949,natural_vegetation_fire,other_uncertain,0.005984288095469584,0.2677464678653621,0.7262692440391683
FW_01705419,natural_vegetation_fire,natural_vegetation_fire,0.0037144728325599024,0.9016827607768798,0.09460276639056013
FW_00049344,natural_vegetation_fire,other_uncertain,0.05973986802667367,0.1716038141795087,0.7686563177938176
FW_01562755,natural_vegetation_fire,natural_vegetation_fire,0.0025029100369827802,0.953357790637862,0.04413929932515521
FW_01390772,natural_vegetation_fire,natural_vegetation_fire,0.0037970653118926897,0.9086042292935546,0.08759870539455276
FW_00359605,natural_vegetation_fire,natural_vegetation_fire,0.0024778618217010757,0.9285141291866256,0.06900800899167338
FW_01611619,other_uncertain,other_uncertain,0.005373779390963998,0.1037582650530876,0.8908679555559484
FW_00349587,natural_vegetation_fire,natural_vegetation_fire,0.0010342442959691582,0.8849589377664576,0.11400681793757315
FW_00883241,natural_vegetation_fire,natural_vegetation_fire,0.000663233184409851,0.971603243143468,0.027733523672122118
FW_00223390,natural_vegetation_fire,natural_vegetation_fire,0.0032606570033156556,0.9162737632469146,0.08046557974976958
FW_01125332,natural_vegetation_fire,natural_vegetation_fire,0.0029061980246102024,0.7080401846571537,0.2890536173182362
FW_01104572,natural_vegetation_fire,natural_vegetation_fire,0.002092613735390408,0.9200791756945225,0.07782821057008701
FW_01020460,natural_vegetation_fire,natural_vegetation_fire,0.0014672371778200958,0.889081661183224,0.10945110163895608
FW_00399716,other_uncertain,other_uncertain,0.0019151737319275026,0.01780449752781399,0.9802803287402584
