observation_id,actual_class,predicted_class,prob_industrial,prob_natural,prob_other
FW_00501709,natural_vegetation_fire,natural_vegetation_fire,0.002612262106202187,0.957475450797379,0.03991228709641896
FW_00059227,natural_vegetation_fire,natural_vegetation_fire,0.03420027162743603,0.4914698202404758,0.47432990813208814
FW_00239656,other_uncertain,other_uncertain,0.07158623426569807,0.10809750808571705,0.820316257648585
FW_01587012,other_uncertain,other_uncertain,0.0025178517481599535,0.027184590168504913,0.9702975580833351
FW_00058775,natural_vegetation_fire,natural_vegetation_fire,0.0006205383859432341,0.9827423337677504,0.016637127846306374
FW_00446635,other_uncertain,other_uncertain,0.006296115886560723,0.059451438689492035,0.9342524454239473
FW_00647476,natural_vegetation_fire,natural_vegetation_fire,0.0025147180753369394,0.9172804699096622,0.0802048120150008
FW_00351867,other_uncertain,other_uncertain,0.11745232774838371,0.013180048550159668,0.8693676237014567
FW_01369279,natural_vegetation_fire,natural_vegetation_fire,0.0027950816736640356,0.971763972143563,0.025440946182772907
FW_00870874,natural_vegetation_fire,natural_vegetation_fire,0.0016183897094836654,0.9316042487047054,0.066777361585811
FW_00401337,natural_vegetation_fire,natural_vegetation_fire,0.0018986269797235267,0.7427930554659977,0.25530831755427874
FW_00487836,natural_vegetation_fire,natural_vegetation_fire,0.017472789721991615,0.8058204168315543,0.17670679344645415
FW_00201903,natural_vegetation_fire,natural_vegetation_fire,0.008862140620828803,0.7427595645260808,0.2483782948530904
FW_00692431,other_uncertain,other_uncertain,0.00555523870276394,0.018432838436260184,0.9760119228609759
FW_01549487,natural_vegetation_fire,natural_vegetation_fire,0.008566032819664336,0.7867358687048885,0.2046980984754472
FW_00273934,other_uncertain,natural_vegetation_fire,0.0029976069672298738,0.8476427840149799,0.14935960901779005
FW_01326950,natural_vegetation_fire,natural_vegetation_fire,0.0015840767613836014,0.9757415373653668,0.022674385873249655
FW_01093624,natural_vegetation_fire,natural_vegetation_fire,0.018869742411950483,0.8077454695898968,0.17338478799815282
FW_00406183,natural_vegetation_fire,natural_vegetation_fire,0.002414946746731249,0.9421322109176165,0.055452842335652446
FW_00044098,other_uncertain,natural_vegetation_fire,0.13067494451122774,0.48119277722188114,0.3881322782668912
FW_00513874,natural_vegetation_fire,natural_vegetation_fire,0.0029620132965846382,0.9677376975675234,0.029300289135892117
FW_01128107,other_uncertain,other_uncertain,0.0019477498721622286,0.025057355820705805,0.972994894307132
FW_00601520,industrial_fire_candidate,other_uncertain,0.3778696288127,0.024404464966900755,0.5977259062203993
FW_00472477,natural_vegetation_fire,natural_vegetation_fire,0.13160098893514766,0.7203088349422929,0.14809017612255948
FW_00831754,other_uncertain,other_uncertain,0.002354322398945269,0.021201958708766847,0.9764437188922878
FW_01627520,natural_vegetation_fire,natural_vegetation_fire,0.0022545119152875045,0.8337514504064041,0.1639940376783085
FW_00453011,natural_vegetation_fire,natural_vegetation_fire,0.0052034689514585085,0.7428075367399992,0.25198899430854227
FW_00861401,other_uncertain,natural_vegetation_fire,0.015538343703972272,0.620771396164478,0.3636902601315499
FW_00241777,other_uncertain,other_uncertain,0.34041760819235084,0.018450272519721176,0.6411321192879279
FW_00392998,natural_vegetation_fire,natural_vegetation_fire,0.005223167952258614,0.780804950341265,0.21397188170647635
FW_01093603,natural_vegetation_fire,natural_vegetation_fire,0.005521354887865724,0.779858369574367,0.21462027553776733
FW_00827189,natural_vegetation_fire,natural_vegetation_fire,0.004378803521440623,0.7405700947321098,0.25505110174644957
FW_01286811,natural_vegetation_fire,natural_vegetation_fire,0.0006163376054661488,0.992549204979747,0.006834457414786875
FW_00493165,natural_vegetation_fire,natural_vegetation_fire,0.0015345556208247876,0.8280389190482719,0.1704265253309033
FW_01692006,other_uncertain,other_uncertain,0.35317238302480813,0.00816470522364506,0.6386629117515469
FW_01182628,natural_vegetation_fire,other_uncertain,0.008570872396728327,0.40060485723939804,0.5908242703638736
FW_00148607,natural_vegetation_fire,natural_vegetation_fire,0.0010288337890003016,0.9829652579271547,0.016005908283844936
FW_00109867,natural_vegetation_fire,natural_vegetation_fire,0.002399257397623153,0.8753444407790371,0.12225630182333985
FW_00334280,natural_vegetation_fire,natural_vegetation_fire,0.0022445796942606416,0.9726034704620596,0.02515194984367959
FW_01567752,natural_vegetation_fire,natural_vegetation_fire,0.004311152437892773,0.761039200038504,0.23464964752360312
FW_00016767,other_uncertain,natural_vegetation_fire,0.010338430131675699,0.6465725143572397,0.3430890555110846
FW_01070375,industrial_fire_candidate,industrial_fire_candidate,0.5344129488960424,0.012237829033485997,0.4533492220704715
FW_01541517,natural_vegetation_fire,natural_vegetation_fire,0.001641765359353205,0.932793963737033,0.06556427090361364
FW_00442354,other_uncertain,other_uncertain,0.018906570992498546,0.04928403955304849,0.931809389454453
FW_01345134,natural_vegetation_fire,natural_vegetation_fire,0.001592887927327691,0.915016286373491,0.08339082569918135
FW_01581336,natural_vegetation_fire,natural_vegetation_fire,0.00105422450557619,0.9260098313611536,0.07293594413327027
FW_01095201,natural_vegetation_fire,natural_vegetation_fire,0.00578732220448917,0.7880026980603192,0.20620997973519153
FW_01129842,other_uncertain,industrial_fire_candidate,0.816578447357352,0.007896217377150381,0.1755253352654976
FW_00129829,natural_vegetation_fire,natural_vegetation_fire,0.0004233372881568536,0.988922388151698,0.01065427456014497
FW_00052222,other_uncertain,other_uncertain,0.20261214239488692,0.009914771576684208,0.7874730860284289
FW_01155525,other_uncertain,other_uncertain,0.14754285559431904,0.030093351991373026,0.8223637924143079
FW_01668808,other_uncertain,other_uncertain,0.015276482549076702,0.023925794719724645,0.9607977227311987
FW_00537464,natural_vegetation_fire,natural_vegetation_fire,0.011728039033414328,0.49530702396430737,0.4929649370022784
FW_00443664,natural_vegetation_fire,other_uncertain,0.17356742711610515,0.04622681247229515,0.7802057604115996
FW_00753730,natural_vegetation_fire,natural_vegetation_fire,0.0007190087039941911,0.986958604415384,0.012322386880621759
FW_01162099,other_uncertain,other_uncertain,0.02942533769911112,0.028198290680830806,0.9423763716200582
FW_00001804,other_uncertain,natural_vegetation_fire,0.026171934229829982,0.5285865780139397,0.44524148775623024
FW_00694399,natural_vegetation_fire,natural_vegetation_fire,0.001388062892918496,0.9709575914024666,0.027654345704615047
FW_00339116,natural_vegetation_fire,industrial_fire_candidate,0.7930722990544385,0.03384660966029694,0.1730810912852645
FW_01482670,industrial_fire_candidate,other_uncertain,0.03876013848596125,0.02905308652177864,0.9321867749922601
FW_01614691,natural_vegetation_fire,other_uncertain,0.36331248554338996,0.1898522782245605,0.44683523623204957
FW_01078391,natural_vegetation_fire,natural_vegetation_fire,0.006098231943272874,0.8645911640012583,0.12931060405546868
FW_01456321,natural_vegetation_fire,natural_vegetation_fire,0.0014793868557931168,0.9833365763602628,0.015184036783944007
FW_00645555,natural_vegetation_fire,natural_vegetation_fire,0.20958477567460987,0.5539928627558923,0.23642236156949778
FW_00504778,natural_vegetation_fire,natural_vegetation_fire,0.004918075240929513,0.6520576005302705,0.3430243242288
FW_01593514,natural_vegetation_fire,natural_vegetation_fire,0.000960540137581887,0.8991537844099569,0.09988567545246113
FW_01186021,other_uncertain,other_uncertain,0.040258663472502496,0.21898471053510796,0.7407566259923897
FW_01589227,other_uncertain,other_uncertain,0.002157025354745567,0.05337645144199445,0.9444665232032601
FW_00518181,natural_vegetation_fire,natural_vegetation_fire,0.0017761288557337231,0.8530373168993867,0.1451865542448796
FW_00544937,other_uncertain,other_uncertain,0.003202163958131049,0.01826091062093092,0.9785369254209381
FW_00003794,other_uncertain,other_uncertain,0.022621733889737074,0.050881207166169846,0.9264970589440932
FW_01049670,natural_vegetation_fire,other_uncertain,0.002586183579109553,0.2983437639302515,0.6990700524906389
FW_00965145,natural_vegetation_fire,natural_vegetation_fire,0.0025954327861107468,0.9082407948301714,0.08916377238371796
FW_00910762,industrial_fire_candidate,natural_vegetation_fire,0.323762694038032,0.45691088220261084,0.21932642375935718
FW_01699370,natural_vegetation_fire,natural_vegetation_fire,0.006333968687988146,0.6117276312003324,0.38193840011167945
FW_01646537,natural_vegetation_fire,natural_vegetation_fire,0.0013347212268298553,0.9505708995950973,0.04809437917807267
FW_01511943,natural_vegetation_fire,natural_vegetation_fire,0.021045805613517113,0.6928798134621899,0.286074380924293
FW_00733363,natural_vegetation_fire,natural_vegetation_fire,0.0014434294391975774,0.9689260347075108,0.029630535853291742
FW_00074150,other_uncertain,other_uncertain,0.11999259008921452,0.04818189215713628,0.8318255177536492
FW_01474518,natural_vegetation_fire,natural_vegetation_fire,0.002652693021441868,0.8443715384644916,0.15297576851406647
FW_00371808,other_uncertain,other_uncertain,0.003736881672735645,0.03072725905881146,0.965535859268453
FW_00762268,natural_vegetation_fire,natural_vegetation_fire,0.0007667473559629212,0.9820453260845844,0.017187926559452688
FW_01413854,natural_vegetation_fire,natural_vegetation_fire,0.0012510921049898908,0.9640382687628527,0.03471063913215732
FW_01115740,other_uncertain,other_uncertain,0.04368581982029604,0.22839934952891155,0.7279148306507923
FW_00268769,other_uncertain,other_uncertain,0.004235255226435746,0.01341501733275979,0.9823497274408045
FW_00349181,natural_vegetation_fire,natural_vegetation_fire,0.0029221992258510006,0.9325392108028683,0.06453858997128073
FW_00048791,other_uncertain,natural_vegetation_fire,0.004262522025345124,0.8388812004881318,0.15685627748652312
FW_01702192,natural_vegetation_fire,natural_vegetation_fire,0.002975214402938644,0.7708592395840487,0.2261655460130126
FW_01722875,natural_vegetation_fire,natural_vegetation_fire,0.00390283155817388,0.9222025891247065,0.0738945793171194
FW_00827430,natural_vegetation_fire,natural_vegetation_fire,0.0025528278235865034,0.9678192362675339,0.029627935908879556
FW_00066001,natural_vegetation_fire,natural_vegetation_fire,0.00186999377046786,0.8174384982974827,0.18069150793204952
FW_00868117,natural_vegetation_fire,natural_vegetation_fire,0.0009438604715049282,0.9793930057482556,0.019663133780239414
FW_00004558,other_uncertain,other_uncertain,0.17168528431010815,0.014288394839086128,0.8140263208508057
FW_00650314,natural_vegetation_fire,natural_vegetation_fire,0.0010982909261970262,0.9360020633189833,0.06289964575481971
FW_01238911,natural_vegetation_fire,natural_vegetation_fire,0.0017613678716693448,0.9536608226886438,0.0445778094396868
FW_01513832,natural_vegetation_fire,natural_vegetation_fire,0.0038505261519067415,0.5953625962133046,0.40078687763478865
FW_00082499,natural_vegetation_fire,natural_vegetation_fire,0.0008542033023318082,0.9807545488797159,0.018391247817952334
FW_01566148,natural_vegetation_fire,natural_vegetation_fire,0.0087152957378555,0.7990861273424433,0.19219857691970105
FW_01391033,natural_vegetation_fire,natural_vegetation_fire,0.0022113482217679353,0.9496138114949187,0.048174840283313494
FW_00888383,natural_vegetation_fire,natural_vegetation_fire,0.005589936229046518,0.9069724599616551,0.08743760380929846
FW_00446629,other_uncertain,other_uncertain,0.003022240780965221,0.03641736087907681,0.960560398339958
FW_01123966,natural_vegetation_fire,natural_vegetation_fire,0.002020959041469072,0.9123438690781899,0.08563517188034107
FW_00223988,industrial_fire_candidate,industrial_fire_candidate,0.5659452520446244,0.04463781290885244,0.389416935046523
FW_01138776,industrial_fire_candidate,other_uncertain,0.04413261101025667,0.19589369990095498,0.7599736890887884
FW_01393433,other_uncertain,other_uncertain,0.0036561677643234636,0.024299011980237963,0.9720448202554385
FW_01218307,natural_vegetation_fire,natural_vegetation_fire,0.009402064582424593,0.8301461641692874,0.1604517712482879
FW_00479767,other_uncertain,other_uncertain,0.009081288773931618,0.018488352977314736,0.9724303582487537
FW_00306699,other_uncertain,other_uncertain,0.051416204184737975,0.03391865015578668,0.9146651456594752
FW_00998163,other_uncertain,other_uncertain,0.39201715370218165,0.010759099778530967,0.5972237465192874
FW_01254885,other_uncertain,other_uncertain,0.0013229589103146316,0.022368035062976792,0.9763090060267086
FW_01601359,other_uncertain,other_uncertain,0.001055465664131698,0.01763713535355865,0.9813073989823097
FW_01085649,natural_vegetation_fire,other_uncertain,0.004357780025961727,0.3876574406926732,0.607984779281365
FW_00109749,natural_vegetation_fire,natural_vegetation_fire,0.0004991830632239485,0.9906121892382532,0.008888627698522842
FW_00894490,natural_vegetation_fire,natural_vegetation_fire,0.0007167625656155975,0.9793270548356223,0.019956182598762067
FW_00607714,natural_vegetation_fire,natural_vegetation_fire,0.0041475533705062125,0.858936144953498,0.13691630167599583
FW_00334079,natural_vegetation_fire,natural_vegetation_fire,0.014908846543302144,0.8937068977570274,0.0913842556996706
FW_01427552,other_uncertain,other_uncertain,0.0031762203951666746,0.029951310629891485,0.9668724689749418
FW_00024961,natural_vegetation_fire,other_uncertain,0.008400332410456486,0.31766710605226894,0.6739325615372747
FW_01560028,natural_vegetation_fire,natural_vegetation_fire,0.0024046838952236117,0.8514805426808073,0.14611477342396914
FW_01163227,natural_vegetation_fire,natural_vegetation_fire,0.001901743610066238,0.907717053071074,0.09038120331885978
FW_00706986,natural_vegetation_fire,natural_vegetation_fire,0.0007555709857784792,0.9858461981760828,0.01339823083813863
FW_00595530,industrial_fire_candidate,industrial_fire_candidate,0.8586692989974323,0.007135746997570845,0.1341949540049969
FW_00443372,natural_vegetation_fire,natural_vegetation_fire,0.003448006182701067,0.7204243456019644,0.2761276482153344
FW_01213709,natural_vegetation_fire,other_uncertain,0.31747453915344964,0.15729409835927186,0.5252313624872784
FW_01025195,natural_vegetation_fire,natural_vegetation_fire,0.004463488081896423,0.9240513489383204,0.07148516297978295
FW_01248604,natural_vegetation_fire,natural_vegetation_fire,0.0023987337175173313,0.8356044867999445,0.16199677948253816
FW_00099968,natural_vegetation_fire,natural_vegetation_fire,0.002649086992668203,0.9644628907250284,0.03288802228230338
FW_01663781,other_uncertain,industrial_fire_candidate,0.5314456317682252,0.1488232903616751,0.31973107787009974
FW_00210506,natural_vegetation_fire,natural_vegetation_fire,0.0009757572852773846,0.9871515004106158,0.011872742304106815
FW_00540565,other_uncertain,natural_vegetation_fire,0.0017007313162228372,0.7244398589093215,0.2738594097744556
FW_01579661,other_uncertain,other_uncertain,0.001033475045174415,0.012887390811083891,0.9860791341437416
FW_00683901,other_uncertain,other_uncertain,0.013789844426625867,0.07312008264088886,0.9130900729324853
FW_01012808,natural_vegetation_fire,natural_vegetation_fire,0.002257973022537263,0.8779545611296748,0.11978746584778792
FW_01379162,natural_vegetation_fire,natural_vegetation_fire,0.00275918170334436,0.9694121216371626,0.027828696659493054
FW_00839920,natural_vegetation_fire,natural_vegetation_fire,0.002944299141907447,0.9496167986870317,0.04743890217106092
FW_00975868,other_uncertain,other_uncertain,0.3424775418582488,0.09725424454104543,0.5602682136007058
FW_01587737,other_uncertain,other_uncertain,0.0014533123892362435,0.02771703163577549,0.9708296559749882
FW_00854170,natural_vegetation_fire,natural_vegetation_fire,0.18596525931682406,0.4318272001632245,0.3822075405199514
FW_00856722,other_uncertain,other_uncertain,0.004742869881695776,0.021991400164698423,0.9732657299536058
FW_00994374,natural_vegetation_fire,natural_vegetation_fire,0.004817646458350238,0.6862985440150333,0.3088838095266165
FW_01081513,natural_vegetation_fire,natural_vegetation_fire,0.0007657111888879303,0.9654721441029691,0.033762144708142906
FW_00920240,natural_vegetation_fire,natural_vegetation_fire,0.006651250778671859,0.9710063384394567,0.02234241078187159
FW_00989815,natural_vegetation_fire,natural_vegetation_fire,0.008650487819590234,0.8797690028675115,0.11158050931289812
FW_01311001,natural_vegetation_fire,natural_vegetation_fire,0.0021620921226696175,0.9028625504795957,0.09497535739773472
FW_00707516,natural_vegetation_fire,natural_vegetation_fire,0.00688975121575907,0.9380986786358255,0.05501157014841545
FW_00857094,natural_vegetation_fire,natural_vegetation_fire,0.0024012164866078723,0.8871165333373591,0.1104822501760331
FW_01534228,other_uncertain,natural_vegetation_fire,0.004351078601181069,0.7905314429390117,0.20511747845980713
FW_01680293,natural_vegetation_fire,natural_vegetation_fire,0.0016951919472908382,0.6050825671499628,0.3932222409027464
FW_00069506,natural_vegetation_fire,natural_vegetation_fire,0.004658063626357642,0.8490132130140874,0.146328723359555
FW_00666841,other_uncertain,natural_vegetation_fire,0.008234059977120645,0.8408227361771049,0.1509432038457744
FW_00214659,natural_vegetation_fire,natural_vegetation_fire,0.0025447953776018242,0.9247480250484801,0.07270717957391806
FW_01028869,natural_vegetation_fire,natural_vegetation_fire,0.11598011481329101,0.4509897186663774,0.4330301665203315
FW_00172410,natural_vegetation_fire,natural_vegetation_fire,0.012990244955315044,0.9047620410726898,0.08224771397199519
FW_00528628,other_uncertain,natural_vegetation_fire,0.010757293965234893,0.6720872601249506,0.31715544590981465
FW_00045205,natural_vegetation_fire,natural_vegetation_fire,0.0017664715444076216,0.9556820836305068,0.042551444825085466
FW_00635898,natural_vegetation_fire,natural_vegetation_fire,0.002095054084048602,0.9621367029264609,0.03576824298949057
FW_01002741,natural_vegetation_fire,natural_vegetation_fire,0.001911035805696282,0.8633354389059218,0.13475352528838203
FW_00418955,natural_vegetation_fire,natural_vegetation_fire,0.008847727878706507,0.735383694071898,0.2557685780493955
FW_00447208,industrial_fire_candidate,other_uncertain,0.15986341502070983,0.044797179196213906,0.7953394057830763
FW_01513910,natural_vegetation_fire,natural_vegetation_fire,0.004069685049977637,0.7650485430596204,0.23088177189040177
FW_00101936,natural_vegetation_fire,natural_vegetation_fire,0.0016367454370086016,0.9828442746853233,0.015518979877668128
FW_01437009,natural_vegetation_fire,natural_vegetation_fire,0.0014345364357012027,0.9682198276999308,0.03034563586436818
FW_01486299,natural_vegetation_fire,natural_vegetation_fire,0.006683071033321812,0.9378143692781215,0.055502559688556725
FW_00944885,other_uncertain,natural_vegetation_fire,0.002711163649386557,0.8237969270425379,0.1734919093080755
FW_01159188,other_uncertain,other_uncertain,0.17265438070215344,0.03491910987940689,0.7924265094184396
FW_00990713,other_uncertain,natural_vegetation_fire,0.0038716306527524307,0.7635474192002798,0.2325809501469679
FW_00487814,other_uncertain,other_uncertain,0.00547117287769267,0.13432396658967005,0.8602048605326372
FW_00662745,natural_vegetation_fire,natural_vegetation_fire,0.0012153396154248805,0.9841261453171136,0.014658515067461575
FW_01659500,other_uncertain,other_uncertain,0.0783848956946031,0.4122311917587067,0.5093839125466902
FW_01565926,natural_vegetation_fire,natural_vegetation_fire,0.0045271772806447915,0.6270127979412357,0.3684600247781195
FW_00180681,natural_vegetation_fire,natural_vegetation_fire,0.004139727184331765,0.9626626611621503,0.033197611653517894
FW_01345011,natural_vegetation_fire,natural_vegetation_fire,0.0006470757424733942,0.9874321407096637,0.01192078354786277
FW_00691401,natural_vegetation_fire,natural_vegetation_fire,0.0029701419232301867,0.9358191406551167,0.06121071742165302
FW_01277126,natural_vegetation_fire,natural_vegetation_fire,0.002876484185564837,0.9573621024175777,0.039761413396857404
FW_00031437,other_uncertain,other_uncertain,0.39008522536605506,0.004873196274136974,0.6050415783598079
FW_00915601,natural_vegetation_fire,natural_vegetation_fire,0.0006212046411631706,0.9934422092824496,0.005936586076386974
FW_00052978,other_uncertain,other_uncertain,0.061192205587038445,0.05264638825627482,0.8861614061566867
FW_01221350,natural_vegetation_fire,natural_vegetation_fire,0.001581014379469638,0.9448296767218609,0.05358930889866935
FW_00995441,natural_vegetation_fire,natural_vegetation_fire,0.0025300296478005108,0.7440306406655365,0.2534393296866631
FW_00257542,natural_vegetation_fire,natural_vegetation_fire,0.010168152061911491,0.9706610898635639,0.019170758074524664
FW_01428233,natural_vegetation_fire,natural_vegetation_fire,0.0008624907263819148,0.9633392616332038,0.03579824764041422
FW_00338017,natural_vegetation_fire,natural_vegetation_fire,0.0033126741016411484,0.7929575537894487,0.20372977210891013
FW_01027058,industrial_fire_candidate,other_uncertain,0.09118831202633629,0.2389907405120745,0.6698209474615892
FW_00443881,industrial_fire_candidate,industrial_fire_candidate,0.6949330128172938,0.010221791676007428,0.29484519550669885
FW_01710306,natural_vegetation_fire,natural_vegetation_fire,0.004516868797430286,0.912043350985445,0.08343978021712471
FW_00478768,natural_vegetation_fire,natural_vegetation_fire,0.007786716456104631,0.6275108292452408,0.36470245429865467
FW_00464563,natural_vegetation_fire,natural_vegetation_fire,0.0012556859635382998,0.9488182577523113,0.049926056284150304
FW_01572217,natural_vegetation_fire,natural_vegetation_fire,0.002694722667303351,0.9726133763211662,0.02469190101153057
FW_00433356,other_uncertain,other_uncertain,0.0019173152820853145,0.03137671019336043,0.9667059745245543
FW_01087393,natural_vegetation_fire,other_uncertain,0.04701048809022413,0.32035503193943987,0.6326344799703361
FW_01134035,natural_vegetation_fire,other_uncertain,0.007006267069714549,0.2219708531147593,0.7710228798155262
FW_01091632,natural_vegetation_fire,natural_vegetation_fire,0.0013498070969644987,0.808604714870059,0.19004547803297644
FW_01506237,other_uncertain,other_uncertain,0.00794356448828306,0.4444947702930329,0.547561665218684
FW_00268530,other_uncertain,other_uncertain,0.01673846358825352,0.07139196535236168,0.9118695710593848
FW_00725566,natural_vegetation_fire,natural_vegetation_fire,0.0010411158585408465,0.9717986787725493,0.027160205368909843
FW_00026708,other_uncertain,other_uncertain,0.003120253220542636,0.01192235416301554,0.9849573926164419
FW_00567093,other_uncertain,industrial_fire_candidate,0.589038876608699,0.014828669451505743,0.3961324539397953
FW_00584015,other_uncertain,other_uncertain,0.02402785129695763,0.07768744144296308,0.8982847072600794
FW_00125910,natural_vegetation_fire,natural_vegetation_fire,0.001143892564053081,0.9761747201971571,0.02268138723878994
FW_01559827,industrial_fire_candidate,natural_vegetation_fire,0.022687580292889552,0.5861655323022628,0.39114688740484777
FW_01409533,natural_vegetation_fire,natural_vegetation_fire,0.001396574353826484,0.9713467891182004,0.027256636527973273
FW_00437275,other_uncertain,other_uncertain,0.004693750306638251,0.0675497087871599,0.9277565409062019
FW_01216254,natural_vegetation_fire,natural_vegetation_fire,0.028749858423429347,0.6609951205330302,0.3102550210435404
FW_00553419,other_uncertain,other_uncertain,0.0029330915293939042,0.02188620605125211,0.975180702419354
FW_00892950,other_uncertain,other_uncertain,0.21868667934755492,0.03216468016292379,0.7491486404895213
FW_00958784,natural_vegetation_fire,natural_vegetation_fire,0.003306244985316941,0.839608732254303,0.1570850227603802
FW_01661576,other_uncertain,other_uncertain,0.00761118594967469,0.33719326090907936,0.6551955531412459
FW_00722475,other_uncertain,other_uncertain,0.0023278091963582705,0.013051500757909652,0.9846206900457322
FW_01665754,natural_vegetation_fire,natural_vegetation_fire,0.007367057285523204,0.6778852076937686,0.3147477350207081
FW_00877021,other_uncertain,other_uncertain,0.003381346211563235,0.03158778944453127,0.9650308643439054
FW_00756506,natural_vegetation_fire,natural_vegetation_fire,0.0016872759864804202,0.9840029443942608,0.014309779619258686
FW_00302887,natural_vegetation_fire,natural_vegetation_fire,0.0010235296938607252,0.9660892145871187,0.03288725571902043
FW_00484277,natural_vegetation_fire,natural_vegetation_fire,0.001479945564756275,0.7097636997523513,0.28875635468289246
FW_01252533,natural_vegetation_fire,other_uncertain,0.0016908880535465623,0.020908940884456682,0.9774001710619967
FW_00217616,other_uncertain,other_uncertain,0.003463855314570386,0.023538387482731408,0.9729977572026981
FW_01152801,natural_vegetation_fire,natural_vegetation_fire,0.0017655513363310988,0.9275557616052472,0.07067868705842165
FW_01185568,natural_vegetation_fire,natural_vegetation_fire,0.0017478509177310726,0.9830117430616155,0.015240406020653319
FW_01504527,natural_vegetation_fire,natural_vegetation_fire,0.0004916080786496013,0.9887767326988369,0.010731659222513236
FW_01474811,natural_vegetation_fire,natural_vegetation_fire,0.003982101698153551,0.9450823058500539,0.05093559245179255
FW_01269031,natural_vegetation_fire,natural_vegetation_fire,0.0010581805731966615,0.9631356978083387,0.03580612161846462
FW_01338881,natural_vegetation_fire,natural_vegetation_fire,0.002410332715662166,0.9529463845673046,0.04464328271703326
FW_00189415,natural_vegetation_fire,natural_vegetation_fire,0.0021085099189784434,0.9647371054537855,0.033154384627236036
FW_00676448,natural_vegetation_fire,natural_vegetation_fire,0.004873210797807448,0.9731843598267913,0.021942429375401116
FW_01557233,natural_vegetation_fire,natural_vegetation_fire,0.004068753047273094,0.6537994497132993,0.3421317972394275
FW_00154857,natural_vegetation_fire,natural_vegetation_fire,0.0006566868326446475,0.9695557730053224,0.02978754016203303
FW_00990768,natural_vegetation_fire,natural_vegetation_fire,0.0019303202454739568,0.9346471456228387,0.06342253413168739
FW_01156551,natural_vegetation_fire,natural_vegetation_fire,0.001313941925966606,0.9140009015018072,0.08468515657222622
FW_00984331,natural_vegetation_fire,natural_vegetation_fire,0.0005756071825736716,0.9779431579851458,0.021481234832280673
FW_00020228,industrial_fire_candidate,other_uncertain,0.0782433292366999,0.18851059074656387,0.7332460800167363
FW_00008156,industrial_fire_candidate,other_uncertain,0.3846236242574289,0.10370966503137895,0.5116667107111922
FW_00691154,natural_vegetation_fire,natural_vegetation_fire,0.001410142856722895,0.970728943346718,0.027860913796559306
FW_00054259,other_uncertain,other_uncertain,0.06515945621157185,0.03438831282412734,0.9004522309643009
FW_01254909,natural_vegetation_fire,natural_vegetation_fire,0.0017146586668343611,0.981740400446863,0.016544940886302723
FW_00628254,natural_vegetation_fire,natural_vegetation_fire,0.017888823346362638,0.6853458878182185,0.29676528883541886
FW_00487528,natural_vegetation_fire,natural_vegetation_fire,0.0024901058427419976,0.911343262709137,0.08616663144812087
FW_00902677,natural_vegetation_fire,natural_vegetation_fire,0.00412552271420908,0.9393533610908288,0.05652111619496217
FW_00046898,natural_vegetation_fire,natural_vegetation_fire,0.015640254405438404,0.8073535064139362,0.17700623918062536
FW_00006892,natural_vegetation_fire,natural_vegetation_fire,0.0018596653928169451,0.9606751608241,0.03746517378308313
FW_01617939,other_uncertain,other_uncertain,0.03606646931528897,0.01366715671850356,0.9502663739662075
FW_00905508,natural_vegetation_fire,natural_vegetation_fire,0.0024240818416005508,0.9577622840486885,0.039813634109710956
FW_01194706,natural_vegetation_fire,natural_vegetation_fire,0.020124850906738913,0.6731888601561405,0.3066862889371205
FW_00300183,natural_vegetation_fire,natural_vegetation_fire,0.003534254491192084,0.7919434820893906,0.20452226341941734
FW_00470151,natural_vegetation_fire,natural_vegetation_fire,0.005274523756211693,0.8339014937445174,0.16082398249927093
FW_00186807,natural_vegetation_fire,natural_vegetation_fire,0.0016530670511530727,0.9851064657971118,0.013240467151734957
FW_00254394,other_uncertain,other_uncertain,0.14384941608495772,0.2611302245705597,0.5950203593444826
FW_01558535,natural_vegetation_fire,natural_vegetation_fire,0.003203845983379334,0.9311827969367175,0.06561335707990318
FW_01508558,natural_vegetation_fire,natural_vegetation_fire,0.007781906788426052,0.7789576488718922,0.2132604443396816
FW_00172201,natural_vegetation_fire,natural_vegetation_fire,0.002963252780617083,0.9446276733160108,0.052409073903372225
FW_00393016,natural_vegetation_fire,natural_vegetation_fire,0.018424560806263392,0.7715371884454362,0.21003825074830046
FW_01204692,industrial_fire_candidate,industrial_fire_candidate,0.7629560713055781,0.0635546458590117,0.17348928283541018
FW_00515222,industrial_fire_candidate,natural_vegetation_fire,0.2946596417029416,0.48416184163295356,0.2211785166641049
FW_00936720,natural_vegetation_fire,natural_vegetation_fire,0.00851946051139279,0.906250180340105,0.08523035914850212
FW_00220067,natural_vegetation_fire,natural_vegetation_fire,0.004824942404811317,0.7522794363446565,0.24289562125053213
FW_01550471,other_uncertain,other_uncertain,0.09374972340266266,0.08677870824898563,0.8194715683483517
FW_01043567,other_uncertain,other_uncertain,0.013521498653289693,0.43746270596589326,0.5490157953808171
FW_01328085,natural_vegetation_fire,natural_vegetation_fire,0.0024624921521018742,0.9710987617664855,0.02643874608141266
FW_01568139,natural_vegetation_fire,natural_vegetation_fire,0.003632949595315047,0.8795230967715894,0.11684395363309576
FW_01559828,industrial_fire_candidate,natural_vegetation_fire,0.16744140206079206,0.6330867481619971,0.19947184977721097
FW_00911041,natural_vegetation_fire,natural_vegetation_fire,0.0032798269674580074,0.7097187300517421,0.28700144298079977
FW_00465847,natural_vegetation_fire,natural_vegetation_fire,0.003438867097572298,0.9265612251794146,0.06999990772301298
FW_00144468,other_uncertain,other_uncertain,0.01678906789093051,0.0075405957169334785,0.9756703363921361
FW_00462549,natural_vegetation_fire,natural_vegetation_fire,0.012089463462184417,0.8304255298191068,0.15748500671870885
FW_00987781,natural_vegetation_fire,natural_vegetation_fire,0.0023121604288154542,0.9296797017607831,0.06800813781040156
FW_00162940,natural_vegetation_fire,natural_vegetation_fire,0.0005003953892828545,0.98796693840681,0.011532666203907083
FW_01332590,natural_vegetation_fire,natural_vegetation_fire,0.0016025232268067134,0.9471679597515077,0.051229517021685524
FW_00766085,natural_vegetation_fire,natural_vegetation_fire,0.0014935088188215953,0.9670195329281119,0.03148695825306653
FW_01236186,natural_vegetation_fire,other_uncertain,0.0025770891691991762,0.02924681853427271,0.9681760922965281
FW_00973854,natural_vegetation_fire,natural_vegetation_fire,0.03328651481456834,0.8255841371863656,0.14112934799906604
FW_00003790,natural_vegetation_fire,other_uncertain,0.04746877899455778,0.10866322973803383,0.8438679912674083
FW_00447381,other_uncertain,other_uncertain,0.1401245649529858,0.02367075794905573,0.8362046770979584
FW_00404777,natural_vegetation_fire,natural_vegetation_fire,0.00564711300184702,0.7843018247236085,0.21005106227454448
FW_00887080,natural_vegetation_fire,natural_vegetation_fire,0.00509711608867922,0.9575473009578302,0.03735558295349067
FW_01092293,natural_vegetation_fire,natural_vegetation_fire,0.010188195187317763,0.699943420179551,0.28986838463313125
FW_00681050,natural_vegetation_fire,natural_vegetation_fire,0.0021365431863957125,0.9436306180243519,0.05423283878925239
FW_01024997,other_uncertain,other_uncertain,0.2860224693053317,0.03991027302779009,0.6740672576668781
FW_01693894,other_uncertain,other_uncertain,0.01069092228250962,0.08755440620066608,0.9017546715168243
FW_00268542,other_uncertain,other_uncertain,0.0039570664066651785,0.03804925124871287,0.9579936823446219
FW_01445709,natural_vegetation_fire,natural_vegetation_fire,0.00047099340892368436,0.980415613640375,0.01911339295070114
FW_00150575,natural_vegetation_fire,natural_vegetation_fire,0.0006571370659872217,0.9886117382242556,0.010731124709757204
FW_00078034,other_uncertain,industrial_fire_candidate,0.5714358176248426,0.008586231941344427,0.41997795043381303
FW_00130603,natural_vegetation_fire,natural_vegetation_fire,0.0013829013236789011,0.9795923888251554,0.019024709851165774
FW_01228642,natural_vegetation_fire,natural_vegetation_fire,0.002897446259501545,0.8698071168704505,0.1272954368700479
FW_00468943,other_uncertain,other_uncertain,0.003000391542896223,0.04217047716585774,0.954829131291246
FW_01668229,natural_vegetation_fire,natural_vegetation_fire,0.002609480605778784,0.7415756253435254,0.2558148940506958
FW_00747171,other_uncertain,other_uncertain,0.03574905628860089,0.15032908542858756,0.8139218582828116
FW_01018605,other_uncertain,other_uncertain,0.010224034822781653,0.048335511090431604,0.9414404540867867
FW_01539908,natural_vegetation_fire,natural_vegetation_fire,0.0035088198237714445,0.9327051532083749,0.06378602696785368
FW_00137587,natural_vegetation_fire,natural_vegetation_fire,0.0026724083329564743,0.8488019840364327,0.1485256076306109
FW_00661504,natural_vegetation_fire,natural_vegetation_fire,0.002218419023907283,0.9514484582815169,0.04633312269457579
FW_01006655,natural_vegetation_fire,natural_vegetation_fire,0.002614792244704955,0.8524046302182366,0.14498057753705826
FW_01484876,natural_vegetation_fire,natural_vegetation_fire,0.010779025898256156,0.8180057304040175,0.17121524369772625
FW_01143488,other_uncertain,other_uncertain,0.0742229011605801,0.020101153274914622,0.9056759455645054
FW_00453450,natural_vegetation_fire,natural_vegetation_fire,0.023326051079034422,0.7908701416148172,0.1858038073061484
FW_01007112,other_uncertain,natural_vegetation_fire,0.004407415358000273,0.750874669373427,0.24471791526857278
FW_01585102,natural_vegetation_fire,natural_vegetation_fire,0.0016154913671757433,0.9659605676283192,0.03242394100450491
FW_01607251,other_uncertain,other_uncertain,0.10091039741619931,0.044181075539804396,0.8549085270439963
FW_01685971,natural_vegetation_fire,natural_vegetation_fire,0.0017106849221658583,0.8604099658994788,0.13787934917835526
FW_01086069,natural_vegetation_fire,natural_vegetation_fire,0.0021485983111468304,0.6242825594001855,0.3735688422886676
FW_00694200,other_uncertain,other_uncertain,0.2255208803441538,0.038820189864184444,0.7356589297916617
FW_01680444,other_uncertain,other_uncertain,0.00436927297866185,0.14852160454305088,0.8471091224782873
FW_01363372,natural_vegetation_fire,natural_vegetation_fire,0.0015124982294895252,0.9860472561798365,0.012440245590674076
FW_01687871,natural_vegetation_fire,natural_vegetation_fire,0.0009493622968706366,0.9667139518230008,0.03233668588012853
FW_01112668,natural_vegetation_fire,other_uncertain,0.06342796970377283,0.44588422283790435,0.4906878074583227
FW_01067152,natural_vegetation_fire,natural_vegetation_fire,0.0012107756748256867,0.9120037378071443,0.0867854865180301
FW_00569489,other_uncertain,industrial_fire_candidate,0.4898692052763324,0.12874537737812888,0.3813854173455387
FW_00579234,natural_vegetation_fire,natural_vegetation_fire,0.026007793943684073,0.6192779154231955,0.35471429063312043
FW_01228098,other_uncertain,natural_vegetation_fire,0.002828654328929737,0.7670678311384768,0.2301035145325935
FW_00987729,other_uncertain,natural_vegetation_fire,0.0021523266398974154,0.7111382695085653,0.2867094038515375
FW_00656729,natural_vegetation_fire,natural_vegetation_fire,0.002242203913563323,0.9157695506905035,0.08198824539593334
FW_00501150,natural_vegetation_fire,natural_vegetation_fire,0.016789777135585042,0.7089643228518796,0.27424590001253535
FW_00482052,natural_vegetation_fire,natural_vegetation_fire,0.0010865268706717944,0.9530805589826234,0.04583291414670467
FW_01579668,other_uncertain,other_uncertain,0.03933592063840321,0.05612026438785758,0.9045438149737391
FW_01706080,natural_vegetation_fire,natural_vegetation_fire,0.002109219937718517,0.8869531058696821,0.11093767419259933
FW_01467848,natural_vegetation_fire,natural_vegetation_fire,0.003950205323395616,0.9577791454621256,0.038270649214478744
FW_00007817,natural_vegetation_fire,natural_vegetation_fire,0.0022876957128393073,0.9758325222678708,0.02187978201928978
FW_00690962,natural_vegetation_fire,natural_vegetation_fire,0.0020028143541766593,0.9286680083124037,0.06932917733341967
FW_01504799,natural_vegetation_fire,natural_vegetation_fire,0.00389061493561675,0.9642534778979931,0.031855907166390134
FW_00529618,natural_vegetation_fire,natural_vegetation_fire,0.0021328416563208084,0.8213649905380439,0.1765021678056352
FW_00693316,other_uncertain,other_uncertain,0.0035323066441252738,0.04255133856305969,0.9539163547928151
FW_00424720,other_uncertain,other_uncertain,0.006978296009041843,0.013371435838667019,0.9796502681522912
FW_01604728,other_uncertain,other_uncertain,0.0030053139452350082,0.03232819925496814,0.9646664867997968
FW_00500950,natural_vegetation_fire,natural_vegetation_fire,0.0015795169628112853,0.9052102778980513,0.09321020513913746
FW_00478147,natural_vegetation_fire,natural_vegetation_fire,0.00162840450263854,0.9091733293801437,0.08919826611721765
FW_00641782,other_uncertain,other_uncertain,0.007576308067962748,0.022577623502267875,0.9698460684297694
FW_00498733,natural_vegetation_fire,natural_vegetation_fire,0.004125520496541193,0.9624706490582372,0.03340383044522167
FW_01702928,natural_vegetation_fire,other_uncertain,0.02564264824900955,0.4801731461436098,0.4941842056073807
FW_00148553,natural_vegetation_fire,natural_vegetation_fire,0.0010074272845445923,0.9732085059822686,0.025784066733186756
FW_01274998,natural_vegetation_fire,natural_vegetation_fire,0.001895118375917849,0.9641698352098472,0.0339350464142348
FW_00272194,natural_vegetation_fire,natural_vegetation_fire,0.007576023774352624,0.8516884259025296,0.14073555032311788
FW_01028643,other_uncertain,other_uncertain,0.0035013510556469673,0.0259582599355829,0.97054038900877
FW_00287044,natural_vegetation_fire,natural_vegetation_fire,0.004273375284816762,0.9760216002150468,0.01970502450013642
FW_01181499,natural_vegetation_fire,natural_vegetation_fire,0.0013378938906591805,0.9319722639909209,0.06668984211841987
FW_01253854,natural_vegetation_fire,natural_vegetation_fire,0.004511211460472578,0.9371285880422024,0.058360200497324925
FW_01565945,natural_vegetation_fire,natural_vegetation_fire,0.004013027118562337,0.8215066740029293,0.17448029887850847
FW_01366415,natural_vegetation_fire,natural_vegetation_fire,0.004233159057556588,0.8939894044829292,0.10177743645951413
FW_00145226,natural_vegetation_fire,natural_vegetation_fire,0.0029580603882915567,0.9604556827894665,0.036586256822242015
FW_01221302,other_uncertain,other_uncertain,0.015148776511457464,0.31815434452331937,0.6666968789652231
FW_00530292,natural_vegetation_fire,natural_vegetation_fire,0.0019204551124516677,0.9230310202697155,0.07504852461783282
FW_01075689,natural_vegetation_fire,natural_vegetation_fire,0.0009151183418929701,0.8917091592882209,0.10737572236988621
FW_01356811,other_uncertain,other_uncertain,0.0018953208681546931,0.03826149102373741,0.959843188108108
FW_00601868,natural_vegetation_fire,natural_vegetation_fire,0.002405372402594037,0.9449974273857855,0.0525972002116205
FW_00273679,natural_vegetation_fire,natural_vegetation_fire,0.0033457378923219404,0.9803363681351236,0.016317893972554297
FW_00400710,other_uncertain,other_uncertain,0.009973788729857765,0.4890981329681507,0.5009280783019915
FW_00612430,natural_vegetation_fire,natural_vegetation_fire,0.0008386371693167559,0.9775072901981822,0.021654072632501055
FW_00965780,natural_vegetation_fire,natural_vegetation_fire,0.06109745309629756,0.62042149219808,0.3184810547056226
FW_01474880,natural_vegetation_fire,natural_vegetation_fire,0.005319461306597788,0.9400069417915443,0.05467359690185775
FW_01125282,natural_vegetation_fire,natural_vegetation_fire,0.0015992947373606524,0.8475265643828315,0.15087414087980777
FW_01585423,other_uncertain,other_uncertain,0.0012374956715081405,0.012475998750196641,0.9862865055782951
FW_00474776,other_uncertain,other_uncertain,0.04280965594261572,0.10504198212575948,0.8521483619316248
FW_00720646,natural_vegetation_fire,natural_vegetation_fire,0.01694735663984094,0.8337896003160673,0.1492630430440918
FW_00341872,natural_vegetation_fire,natural_vegetation_fire,0.005250639220019492,0.7898846954876968,0.20486466529228367
FW_00986660,natural_vegetation_fire,natural_vegetation_fire,0.004770340796022223,0.9069462182347923,0.08828344096918554
FW_01661589,natural_vegetation_fire,natural_vegetation_fire,0.002731582841505648,0.8445054455292456,0.1527629716292488
FW_00377854,natural_vegetation_fire,natural_vegetation_fire,0.005797472793191515,0.6811193831240215,0.31308314408278687
FW_01301967,natural_vegetation_fire,natural_vegetation_fire,0.0010241270280292964,0.9471783297112156,0.051797543260755
FW_01535066,natural_vegetation_fire,natural_vegetation_fire,0.0033437988154728323,0.7295445680127682,0.2671116331717589
FW_01693902,other_uncertain,other_uncertain,0.022492990580733504,0.02010007507113549,0.9574069343481311
FW_01204693,industrial_fire_candidate,industrial_fire_candidate,0.664356306993005,0.09886499128106238,0.23677870172593263
FW_01604895,other_uncertain,other_uncertain,0.04142125856391128,0.032179090227765564,0.9263996512083232
FW_01659953,other_uncertain,other_uncertain,0.016606317653903795,0.3088710600345832,0.674522622311513
FW_00279231,natural_vegetation_fire,natural_vegetation_fire,0.0018983869925282206,0.9659571131134116,0.03214449989406026
FW_00469693,natural_vegetation_fire,natural_vegetation_fire,0.005110304799164745,0.8519924904443967,0.14289720475643836
FW_01591470,natural_vegetation_fire,other_uncertain,0.0016013671100061737,0.02391001178648518,0.9744886211035085
FW_01253900,other_uncertain,other_uncertain,0.13395771699628672,0.0561278569501021,0.8099144260536112
FW_00413372,other_uncertain,other_uncertain,0.007586603721516227,0.029936940816529357,0.9624764554619544
FW_01383658,natural_vegetation_fire,natural_vegetation_fire,0.0018152268320057068,0.9707331729844279,0.027451600183566544
FW_00514521,natural_vegetation_fire,natural_vegetation_fire,0.004816523387690573,0.8968648256184424,0.0983186509938669
FW_00309482,natural_vegetation_fire,natural_vegetation_fire,0.005436327733700814,0.9597552149766707,0.034808457289628454
FW_00169054,natural_vegetation_fire,natural_vegetation_fire,0.002501962365173195,0.972762916881295,0.024735120753531906
FW_00561214,natural_vegetation_fire,natural_vegetation_fire,0.0037840487423194545,0.8763800715901571,0.1198358796675235
FW_01198132,other_uncertain,other_uncertain,0.00370695490195628,0.012647650086567791,0.9836453950114759
FW_01579321,natural_vegetation_fire,other_uncertain,0.05618815895767427,0.23789082304173592,0.7059210180005897
FW_00960976,natural_vegetation_fire,natural_vegetation_fire,0.0007728147625278726,0.9841372100311631,0.015089975206309007
FW_00835179,other_uncertain,other_uncertain,0.0037970563086312005,0.17919752132717692,0.8170054223641918
FW_00262554,natural_vegetation_fire,natural_vegetation_fire,0.0032232003493470967,0.9257818774911594,0.07099492215949352
FW_01308204,other_uncertain,other_uncertain,0.009211880708304433,0.0294990065387835,0.9612891127529121
FW_00652709,natural_vegetation_fire,natural_vegetation_fire,0.005747298850868623,0.9369896755169436,0.05726302563218787
FW_00999146,natural_vegetation_fire,natural_vegetation_fire,0.005893630518838055,0.7565662865769842,0.23754008290417777
FW_00490146,natural_vegetation_fire,natural_vegetation_fire,0.0036802953385813033,0.832864469588491,0.16345523507292756
FW_00990009,natural_vegetation_fire,natural_vegetation_fire,0.0070982936846508745,0.8877191922805664,0.10518251403478265
FW_00328485,natural_vegetation_fire,natural_vegetation_fire,0.0025853773277662194,0.8783691984284884,0.11904542424374537
FW_00003577,natural_vegetation_fire,other_uncertain,0.1217436576147994,0.3755938146344905,0.5026625277507101
FW_01160475,other_uncertain,other_uncertain,0.019645189525332795,0.04167803345210201,0.9386767770225652
FW_00216373,natural_vegetation_fire,other_uncertain,0.051725028396560645,0.4404161150516344,0.5078588565518048
FW_01123904,natural_vegetation_fire,natural_vegetation_fire,0.004531703083395103,0.6995274844820613,0.2959408124345435
FW_00630298,other_uncertain,other_uncertain,0.018075949981372588,0.3054034077847806,0.6765206422338468
FW_01242286,natural_vegetation_fire,natural_vegetation_fire,0.001652002694301191,0.8569550259083606,0.14139297139733806
FW_00981331,natural_vegetation_fire,natural_vegetation_fire,0.004561834984068242,0.9027784612888361,0.0926597037270956
FW_01457847,natural_vegetation_fire,natural_vegetation_fire,0.0025850545076389975,0.9780439495056003,0.019370995986760786
FW_00723200,natural_vegetation_fire,natural_vegetation_fire,0.0010331494194581211,0.9793091062370816,0.019657744343460314
FW_01385858,natural_vegetation_fire,natural_vegetation_fire,0.0006913991733183647,0.9867869190301677,0.01252168179651398
FW_01423720,natural_vegetation_fire,natural_vegetation_fire,0.0007766236779942375,0.9839412314998055,0.015282144822200201
FW_01499244,natural_vegetation_fire,natural_vegetation_fire,0.0017638660521875535,0.8937910251530963,0.10444510879471622
FW_01498776,other_uncertain,other_uncertain,0.05291967787141362,0.14679694783400501,0.8002833742945814
FW_00944667,natural_vegetation_fire,natural_vegetation_fire,0.014446231257934183,0.8595971321035499,0.1259566366385159
FW_00975461,natural_vegetation_fire,natural_vegetation_fire,0.014755843764988617,0.5822124931855324,0.403031663049479
FW_01489196,natural_vegetation_fire,natural_vegetation_fire,0.01063967606279283,0.6811061906060722,0.30825413333113494
FW_00946141,natural_vegetation_fire,natural_vegetation_fire,0.0024867111642151284,0.8786223083892277,0.11889098044655722
FW_01599220,natural_vegetation_fire,other_uncertain,0.03507715745763667,0.20038753922274904,0.7645353033196143
FW_00134837,natural_vegetation_fire,natural_vegetation_fire,0.0005728981284528568,0.9828573136296663,0.016569788241880722
FW_01521900,natural_vegetation_fire,other_uncertain,0.02751653312498608,0.1407327415570997,0.8317507253179142
FW_00001017,other_uncertain,other_uncertain,0.09911955812266458,0.045990241998175974,0.8548901998791594
FW_00054750,other_uncertain,other_uncertain,0.0033309812139611567,0.04563637572589732,0.9510326430601416
FW_01573291,natural_vegetation_fire,natural_vegetation_fire,0.0445188538654797,0.7128504868468523,0.24263065928766808
FW_01610087,other_uncertain,other_uncertain,0.18632458445904532,0.059299990887208526,0.7543754246537461
FW_00036538,other_uncertain,other_uncertain,0.0024283554529471074,0.020555412429826683,0.9770162321172262
FW_01459067,natural_vegetation_fire,natural_vegetation_fire,0.003289146639626854,0.9194516263866083,0.07725922697376487
FW_00284020,natural_vegetation_fire,natural_vegetation_fire,0.003942588364308444,0.9247347582026394,0.07132265343305215
FW_01160818,natural_vegetation_fire,natural_vegetation_fire,0.001982644699882388,0.9348653742238849,0.0631519810762327
FW_00575764,natural_vegetation_fire,natural_vegetation_fire,0.0019241001809659401,0.7107783998718207,0.28729749994721343
FW_01029830,natural_vegetation_fire,natural_vegetation_fire,0.0015710576070479454,0.7562955758795259,0.242133366513426
FW_00074052,natural_vegetation_fire,natural_vegetation_fire,0.002440282569281525,0.9515663573886062,0.045993360042112345
FW_00191623,natural_vegetation_fire,natural_vegetation_fire,0.001180999746762341,0.963689827541324,0.035129172711913646
FW_00054037,natural_vegetation_fire,natural_vegetation_fire,0.0019860730995712606,0.9276557518975664,0.07035817500286237
FW_00449430,other_uncertain,other_uncertain,0.010663464087034117,0.0988680580189644,0.8904684778940014
FW_01446734,natural_vegetation_fire,natural_vegetation_fire,0.0028299909903851893,0.887511412136667,0.10965859687294789
FW_01260226,other_uncertain,other_uncertain,0.010693576457457665,0.061374340100653665,0.9279320834418887
FW_00517504,other_uncertain,other_uncertain,0.0042104767915495086,0.33468510929647427,0.6611044139119763
FW_00966743,natural_vegetation_fire,other_uncertain,0.0831170936121851,0.4178931358581618,0.4989897705296531
FW_00073669,natural_vegetation_fire,natural_vegetation_fire,0.0022105777123211713,0.9842315355494381,0.013557886738240757
FW_00240490,natural_vegetation_fire,natural_vegetation_fire,0.0024265791458088206,0.9717093547842863,0.025864066069904768
FW_01706089,natural_vegetation_fire,natural_vegetation_fire,0.0017582980859012364,0.937336476875563,0.06090522503853568
FW_00403966,other_uncertain,other_uncertain,0.0037068233332978717,0.011811382452196576,0.9844817942145054
FW_01609309,other_uncertain,other_uncertain,0.06957752191913484,0.06401375366860268,0.8664087244122625
FW_00635141,natural_vegetation_fire,other_uncertain,0.017380633827803044,0.08740740784524181,0.8952119583269551
FW_00567914,other_uncertain,other_uncertain,0.018495577792652936,0.13094235546411176,0.8505620667432354
FW_01204044,natural_vegetation_fire,other_uncertain,0.0030028220663274887,0.056326931936042095,0.9406702459976305
FW_00982540,natural_vegetation_fire,natural_vegetation_fire,0.0022474359279000397,0.851109249599087,0.14664331447301307
FW_00047667,natural_vegetation_fire,natural_vegetation_fire,0.0017450752500314658,0.9393409657277246,0.05891395902224395
FW_00037859,other_uncertain,other_uncertain,0.004910082490094881,0.03482898600474346,0.9602609315051616
FW_00856184,natural_vegetation_fire,natural_vegetation_fire,0.003353544431856463,0.9667474213006191,0.02989903426752443
FW_01218153,natural_vegetation_fire,natural_vegetation_fire,0.016454749933919145,0.8108157239229817,0.17272952614309917
FW_01042095,other_uncertain,other_uncertain,0.005501613211676065,0.18471052412544123,0.8097878626628827
FW_00356282,natural_vegetation_fire,natural_vegetation_fire,0.0017572541576507412,0.9424138062261707,0.055828939616178616
FW_00413374,other_uncertain,other_uncertain,0.005933124414558279,0.013669169623510337,0.9803977059619314
FW_00402551,other_uncertain,other_uncertain,0.009664858481868852,0.01860438309655593,0.9717307584215752
FW_00260145,natural_vegetation_fire,other_uncertain,0.015731533466519048,0.47981276555808067,0.5044557009754003
FW_00523035,other_uncertain,other_uncertain,0.004038159364022779,0.017723172710025936,0.9782386679259514
FW_01102167,other_uncertain,other_uncertain,0.04434969720148296,0.046274653039490604,0.9093756497590264
FW_01143314,other_uncertain,other_uncertain,0.0121727731865406,0.18189411961725585,0.8059331071962036
FW_00975002,natural_vegetation_fire,natural_vegetation_fire,0.0037379742000491116,0.8047768485246244,0.1914851772753264
FW_01163763,other_uncertain,other_uncertain,0.008922482436866616,0.06850898304929393,0.9225685345138395
FW_01300198,natural_vegetation_fire,natural_vegetation_fire,0.010650643850589126,0.8120759125488825,0.17727344360052835
FW_00070682,natural_vegetation_fire,natural_vegetation_fire,0.0012001447779832575,0.9759536247955174,0.02284623042649913
FW_01563092,natural_vegetation_fire,natural_vegetation_fire,0.04814819564362543,0.5731986347844047,0.37865316957197
FW_01535761,other_uncertain,other_uncertain,0.012293762191444159,0.1631314661142905,0.8245747716942654
FW_00393295,natural_vegetation_fire,natural_vegetation_fire,0.0045206419627264365,0.7461602978383977,0.2493190601988759
FW_00254996,natural_vegetation_fire,natural_vegetation_fire,0.0024753611256572543,0.972067551731063,0.025457087143279877
FW_00438306,other_uncertain,other_uncertain,0.003613182183661696,0.04258606356663287,0.9538007542497053
FW_00756265,natural_vegetation_fire,natural_vegetation_fire,0.0006664738872077055,0.9772449564047847,0.02208856970800761
FW_01586772,natural_vegetation_fire,natural_vegetation_fire,0.008563217124000853,0.750324164380908,0.2411126184950913
FW_01265132,natural_vegetation_fire,natural_vegetation_fire,0.0009626517759619634,0.9545729590372053,0.044464389186832834
FW_00456915,other_uncertain,other_uncertain,0.07954003015039168,0.024167275098089427,0.896292694751519
FW_00883172,natural_vegetation_fire,other_uncertain,0.006390427166642362,0.4802648883232497,0.513344684510108
FW_00841046,other_uncertain,other_uncertain,0.15586809139044253,0.0404951728742438,0.8036367357353136
FW_00679185,natural_vegetation_fire,natural_vegetation_fire,0.0017524551624664294,0.9669418470025132,0.031305697835020435
FW_00473402,natural_vegetation_fire,natural_vegetation_fire,0.0018601293133854741,0.8464144394001523,0.15172543128646213
FW_00581435,other_uncertain,other_uncertain,0.0040632142547538065,0.033591490336354876,0.9623452954088914
FW_01060132,other_uncertain,other_uncertain,0.007696408093799632,0.03754735989513895,0.9547562320110613
FW_01541000,natural_vegetation_fire,natural_vegetation_fire,0.006888829970261725,0.7890071019698547,0.2041040680598836
FW_01030212,other_uncertain,other_uncertain,0.003155794197166159,0.04749907030441425,0.9493451354984196
FW_00769470,natural_vegetation_fire,natural_vegetation_fire,0.0013198860934149129,0.9854006700311774,0.013279443875407753
FW_01572491,other_uncertain,other_uncertain,0.0018725822895409043,0.04763602999977998,0.9504913877106792
FW_00414861,natural_vegetation_fire,natural_vegetation_fire,0.002880033763014657,0.7502954198503881,0.24682454638659737
FW_01470796,natural_vegetation_fire,natural_vegetation_fire,0.0009687171222445089,0.9772038452164263,0.021827437661329153
FW_00189150,natural_vegetation_fire,natural_vegetation_fire,0.0013754371107322929,0.9210446911089707,0.07757987178029702
FW_01316288,natural_vegetation_fire,natural_vegetation_fire,0.0034272664239723295,0.9832122140491963,0.01336051952683132
FW_01309931,industrial_fire_candidate,natural_vegetation_fire,0.1549200070452643,0.622403356736019,0.22267663621871672
FW_00354035,industrial_fire_candidate,other_uncertain,0.40732877901686465,0.03520259124670667,0.5574686297364287
FW_01113483,natural_vegetation_fire,natural_vegetation_fire,0.0025926154675281338,0.7136421099415502,0.28376527459092166
FW_00446692,industrial_fire_candidate,other_uncertain,0.15598220473586938,0.03173788585790372,0.812279909406227
FW_00484203,natural_vegetation_fire,natural_vegetation_fire,0.0042578867877186045,0.8992304224326764,0.09651169077960492
FW_01040521,natural_vegetation_fire,natural_vegetation_fire,0.0017179337822822245,0.9808220565376798,0.017460009680037993
FW_00524917,natural_vegetation_fire,natural_vegetation_fire,0.10617729012355476,0.7454770360296361,0.14834567384680925
FW_01338718,other_uncertain,natural_vegetation_fire,0.004967088960380424,0.8141184811225185,0.18091442991710113
FW_00177974,natural_vegetation_fire,natural_vegetation_fire,0.0031302533721163242,0.9075966700706489,0.08927307655723471
FW_00769739,natural_vegetation_fire,natural_vegetation_fire,0.0010920097072478609,0.9862530638266719,0.012654926466080364
FW_00388927,other_uncertain,other_uncertain,0.0026180832349110322,0.041672152966993725,0.9557097637980954
FW_01686517,natural_vegetation_fire,natural_vegetation_fire,0.011519458327628292,0.7492037032271552,0.23927683844521636
FW_00713132,natural_vegetation_fire,natural_vegetation_fire,0.0048114208168212,0.8814975313746363,0.11369104780854242
FW_01619470,natural_vegetation_fire,natural_vegetation_fire,0.0016805720347069784,0.9407555384222549,0.05756388954303817
FW_00148073,natural_vegetation_fire,natural_vegetation_fire,0.0015356893886280599,0.9525880527048157,0.045876257906556285
FW_01135260,other_uncertain,other_uncertain,0.1940057531680898,0.010853248940020587,0.7951409978918896
FW_01204054,other_uncertain,other_uncertain,0.007082745893850697,0.01496351294194534,0.977953741164204
FW_00159918,natural_vegetation_fire,natural_vegetation_fire,0.0007702737453345191,0.9860529443649417,0.013176781889723738
FW_00044475,natural_vegetation_fire,natural_vegetation_fire,0.23449277030050358,0.41894875969581213,0.34655847000368434
FW_01487873,other_uncertain,other_uncertain,0.011863273564234935,0.39634161547523394,0.5917951109605312
FW_00331104,natural_vegetation_fire,natural_vegetation_fire,0.011184466198736129,0.93750755894635,0.05130797485491403
FW_00512571,natural_vegetation_fire,natural_vegetation_fire,0.004576554604797037,0.8154945962968813,0.17992884909832169
FW_00631090,natural_vegetation_fire,natural_vegetation_fire,0.0026288603858784427,0.9580950922094632,0.039276047404658336
FW_00362511,natural_vegetation_fire,natural_vegetation_fire,0.01642330768439549,0.8720249260507281,0.11155176626487648
FW_00609098,industrial_fire_candidate,other_uncertain,0.24554658956518213,0.01024502061401356,0.7442083898208043
FW_01253127,natural_vegetation_fire,natural_vegetation_fire,0.0006375367175815372,0.990461324658748,0.008901138623670413
FW_00361634,natural_vegetation_fire,natural_vegetation_fire,0.0043937709909114215,0.8475292193106196,0.1480770096984691
FW_00823548,natural_vegetation_fire,natural_vegetation_fire,0.0007002831394451742,0.968612704639101,0.030687012221453855
FW_00292463,other_uncertain,natural_vegetation_fire,0.013600150728906621,0.8311798455378157,0.15522000373327768
FW_01661604,natural_vegetation_fire,natural_vegetation_fire,0.0020142087788647773,0.8036798976187707,0.19430589360236455
FW_01171311,other_uncertain,other_uncertain,0.11043722890025938,0.11086687347976881,0.7786958976199718
FW_00566712,natural_vegetation_fire,natural_vegetation_fire,0.0036176231378280952,0.9083823913287582,0.08799998553341383
FW_01593518,other_uncertain,natural_vegetation_fire,0.0017428387764366455,0.7924558361698881,0.20580132505367527
FW_00753446,natural_vegetation_fire,natural_vegetation_fire,0.0008510765975239391,0.9594591779171168,0.039689745485359314
FW_01575813,natural_vegetation_fire,natural_vegetation_fire,0.004521764806801758,0.8480300028030061,0.14744823239019222
FW_00755397,natural_vegetation_fire,natural_vegetation_fire,0.002799709305543667,0.9129859992213704,0.08421429147308591
FW_01398262,natural_vegetation_fire,other_uncertain,0.000881784552066568,0.02708961088382356,0.9720286045641098
FW_00459008,natural_vegetation_fire,natural_vegetation_fire,0.0012181981236301371,0.8786820497468306,0.12009975212953931
FW_00902676,natural_vegetation_fire,natural_vegetation_fire,0.007915271142702903,0.919176960509639,0.07290776834765812
FW_00994277,natural_vegetation_fire,natural_vegetation_fire,0.007989320324933278,0.806210753695433,0.18579992597963363
FW_00323987,natural_vegetation_fire,natural_vegetation_fire,0.00979761088600491,0.9327369264916676,0.05746546262232747
FW_01472627,natural_vegetation_fire,natural_vegetation_fire,0.0020973046984454386,0.9891317357377619,0.008770959563792625
FW_01122898,natural_vegetation_fire,natural_vegetation_fire,0.0013193997493410512,0.9470831802320149,0.05159742001864401
FW_00426888,industrial_fire_candidate,other_uncertain,0.3891982115679992,0.051632984171985835,0.559168804260015
FW_00809145,natural_vegetation_fire,natural_vegetation_fire,0.005161273329928394,0.9547575882791437,0.04008113839092805
FW_00267740,other_uncertain,industrial_fire_candidate,0.48214125125458224,0.24493732298183377,0.2729214257635841
FW_01061225,natural_vegetation_fire,natural_vegetation_fire,0.0037679608820295834,0.856768885609478,0.1394631535084923
FW_00721411,natural_vegetation_fire,natural_vegetation_fire,0.00230296822748964,0.9235543139968322,0.07414271777567806
FW_00563456,natural_vegetation_fire,natural_vegetation_fire,0.0014106973221645182,0.8512646702008362,0.1473246324769993
FW_00449941,industrial_fire_candidate,other_uncertain,0.37611797355004756,0.023900915119767205,0.5999811113301853
FW_01305234,natural_vegetation_fire,industrial_fire_candidate,0.5546660368258172,0.07255029921851516,0.3727836639556676
FW_01624843,natural_vegetation_fire,other_uncertain,0.007916610243976236,0.37059037265776124,0.6214930170982624
FW_01045093,other_uncertain,natural_vegetation_fire,0.0010256472085002927,0.9359201032503164,0.0630542495411832
FW_01694279,natural_vegetation_fire,natural_vegetation_fire,0.0012761070867467774,0.9401148391578421,0.058609053755411096
FW_01681345,natural_vegetation_fire,other_uncertain,0.05481744939857998,0.3656485538541908,0.5795339967472292
FW_01198223,natural_vegetation_fire,other_uncertain,0.011274308357190403,0.39166010852434346,0.597065583118466
FW_01582226,other_uncertain,other_uncertain,0.002707641810798096,0.05856413594639663,0.9387282222428052
FW_01141856,other_uncertain,other_uncertain,0.012701806746425182,0.37915268385668216,0.6081455093968927
FW_00889512,natural_vegetation_fire,natural_vegetation_fire,0.00039987244285790736,0.9904930833781851,0.009107044178957118
FW_00223987,industrial_fire_candidate,other_uncertain,0.28865301018165546,0.10395553961019124,0.6073914502081533
FW_00022951,natural_vegetation_fire,natural_vegetation_fire,0.0031469072993824537,0.6113375384564358,0.3855155542441818
FW_00616741,industrial_fire_candidate,other_uncertain,0.09150277389813874,0.01256238077158102,0.8959348453302801
FW_00576690,natural_vegetation_fire,other_uncertain,0.012866921375664739,0.4914502775371895,0.4956828010871458
FW_00023320,other_uncertain,other_uncertain,0.10027196102631121,0.012083688341250117,0.8876443506324385
FW_00243858,natural_vegetation_fire,natural_vegetation_fire,0.002625167607049531,0.9876690457667017,0.009705786626248724
FW_00832251,natural_vegetation_fire,other_uncertain,0.0059555741730422124,0.43886203643910376,0.555182389387854
FW_00071056,other_uncertain,other_uncertain,0.0023908780337069196,0.011293649919253922,0.9863154720470391
FW_01166223,other_uncertain,other_uncertain,0.00671607865186792,0.08001646807337078,0.9132674532747613
FW_01689981,industrial_fire_candidate,other_uncertain,0.47038311154746537,0.033960140908781467,0.4956567475437533
FW_01301371,natural_vegetation_fire,other_uncertain,0.05323316644303922,0.08608226336516882,0.860684570191792
FW_00041370,other_uncertain,other_uncertain,0.03166382077622065,0.33903734748747366,0.6292988317363056
FW_00630238,natural_vegetation_fire,natural_vegetation_fire,0.0007891850089375999,0.9745696190533688,0.024641195937693587
FW_01707475,natural_vegetation_fire,natural_vegetation_fire,0.0011533884396101295,0.9750429474078136,0.023803664152576107
FW_01059904,other_uncertain,other_uncertain,0.02198807095163504,0.016333643957934876,0.9616782850904302
FW_00815052,industrial_fire_candidate,other_uncertain,0.25009340702446914,0.028827027680296553,0.7210795652952343
FW_00747438,natural_vegetation_fire,natural_vegetation_fire,0.0024327951464759626,0.9745445571593012,0.023022647694222628
FW_00489640,natural_vegetation_fire,natural_vegetation_fire,0.0016110852050047152,0.9337470271865597,0.0646418876084356
FW_01470834,natural_vegetation_fire,natural_vegetation_fire,0.035378672361622523,0.7370485364512082,0.2275727911871693
FW_00942486,natural_vegetation_fire,natural_vegetation_fire,0.001271574533839027,0.9644391607464744,0.03428926471968658
FW_00016171,natural_vegetation_fire,other_uncertain,0.006202481256026684,0.1260706447285957,0.8677268740153776
FW_01686313,natural_vegetation_fire,natural_vegetation_fire,0.00153055028542467,0.9554745816597863,0.04299486805478922
FW_01702851,other_uncertain,other_uncertain,0.21736839822909332,0.046681529517031764,0.735950072253875
FW_00490806,industrial_fire_candidate,natural_vegetation_fire,0.054660277310208796,0.5506143744160504,0.39472534827374084
FW_01455657,natural_vegetation_fire,natural_vegetation_fire,0.003972212637205944,0.9560336804836866,0.03999410687910748
FW_01620394,natural_vegetation_fire,natural_vegetation_fire,0.004158180657343657,0.7427733402636141,0.2530684790790423
FW_00679577,other_uncertain,natural_vegetation_fire,0.004473970865925687,0.6335354460368484,0.36199058309722587
FW_01191588,natural_vegetation_fire,other_uncertain,0.0241134282408027,0.38923822648855605,0.5866483452706412
FW_01524599,natural_vegetation_fire,natural_vegetation_fire,0.0012933402601009085,0.855092012640646,0.14361464709925295
FW_01560708,natural_vegetation_fire,other_uncertain,0.0011390583673230282,0.02486460834345562,0.9739963332892213
FW_00257264,natural_vegetation_fire,natural_vegetation_fire,0.0007033358823630677,0.9871109126496532,0.012185751467983605
FW_00461222,natural_vegetation_fire,natural_vegetation_fire,0.011919800692107645,0.5981965585546755,0.3898836407532168
FW_01411247,natural_vegetation_fire,natural_vegetation_fire,0.0008714592562309196,0.974332345805868,0.024796194937901098
FW_00141363,natural_vegetation_fire,natural_vegetation_fire,0.0006247571823940015,0.981210674403519,0.018164568414087024
FW_00915873,natural_vegetation_fire,natural_vegetation_fire,0.0009773272721248494,0.9909567289500459,0.008065943777829284
FW_00459066,natural_vegetation_fire,natural_vegetation_fire,0.03947510282004816,0.6587683570223675,0.3017565401575844
FW_01586044,other_uncertain,other_uncertain,0.0014544494784114897,0.016209139273082526,0.9823364112485059
FW_00855469,natural_vegetation_fire,natural_vegetation_fire,0.0012715935607270387,0.9261364669222163,0.07259193951705677
FW_01127168,other_uncertain,natural_vegetation_fire,0.0021053023174157325,0.7590103165789586,0.23888438110362578
FW_00207442,natural_vegetation_fire,natural_vegetation_fire,0.0032906303962155986,0.9592682705111466,0.03744109909263789
FW_00877017,other_uncertain,other_uncertain,0.002853030636329032,0.023523796538474875,0.973623172825196
FW_00685105,natural_vegetation_fire,natural_vegetation_fire,0.011341339672688983,0.9135356264552648,0.0751230338720463
FW_00005049,other_uncertain,other_uncertain,0.2897552829662395,0.2383483076916491,0.4718964093421114
FW_01661284,natural_vegetation_fire,natural_vegetation_fire,0.0013784958574094908,0.9174552174769066,0.08116628666568382
FW_01048315,other_uncertain,other_uncertain,0.002429630071783695,0.031936833792748295,0.9656335361354681
FW_01695422,natural_vegetation_fire,natural_vegetation_fire,0.0024467974656349,0.8181465311981806,0.17940667133618454
FW_00030789,other_uncertain,other_uncertain,0.17144754897851944,0.009830419718345576,0.8187220313031349
FW_00465848,natural_vegetation_fire,natural_vegetation_fire,0.005245411745066003,0.9065787087327112,0.0881758795222228
FW_01607907,other_uncertain,other_uncertain,0.45171834014883094,0.031197374645739094,0.51708428520543
FW_00387528,other_uncertain,natural_vegetation_fire,0.04735204910878113,0.6614529590361886,0.29119499185503017
FW_00325536,natural_vegetation_fire,natural_vegetation_fire,0.0020897894892439313,0.9661671687606349,0.03174304175012103
FW_00721542,natural_vegetation_fire,natural_vegetation_fire,0.019137725578691783,0.8399688159568267,0.1408934584644816
FW_00079717,natural_vegetation_fire,natural_vegetation_fire,0.001342015122137798,0.9569513290313588,0.04170665584650333
FW_00426600,natural_vegetation_fire,natural_vegetation_fire,0.006122776454729047,0.8396264665072632,0.15425075703800775
FW_00673145,natural_vegetation_fire,natural_vegetation_fire,0.0033508592695812205,0.8852701797978444,0.11137896093257442
FW_00457582,natural_vegetation_fire,natural_vegetation_fire,0.0017631465648500209,0.8817214866883583,0.11651536674679168
FW_01445988,natural_vegetation_fire,natural_vegetation_fire,0.00107765812581967,0.9408478751653704,0.05807446670881001
FW_01470018,other_uncertain,other_uncertain,0.010406634944777131,0.04277034416019276,0.9468230208950301
FW_00025602,other_uncertain,other_uncertain,0.13923852186186583,0.008630868033253641,0.8521306101048804
FW_00189026,natural_vegetation_fire,natural_vegetation_fire,0.0009416454406590011,0.9702304560209174,0.02882789853842351
FW_00190871,natural_vegetation_fire,natural_vegetation_fire,0.0016251111414083438,0.9735188441696779,0.02485604468891358
FW_01643817,other_uncertain,natural_vegetation_fire,0.00121469011518337,0.848615111564867,0.15017019831994974
FW_01225014,natural_vegetation_fire,natural_vegetation_fire,0.0033719181703458904,0.9831811281053621,0.013446953724292178
FW_00963910,natural_vegetation_fire,natural_vegetation_fire,0.010513508013064546,0.8297458664361572,0.15974062555077825
FW_00822281,natural_vegetation_fire,natural_vegetation_fire,0.003025876716663512,0.8960822386101333,0.10089188467320319
FW_00487538,natural_vegetation_fire,natural_vegetation_fire,0.0013867046563831374,0.955396748682087,0.04321654666152987
FW_01035362,natural_vegetation_fire,natural_vegetation_fire,0.0010006031950797335,0.980991479183318,0.018007917621602226
FW_00093750,other_uncertain,other_uncertain,0.0023846003740402924,0.02287516339672788,0.9747402362292318
FW_00203699,natural_vegetation_fire,natural_vegetation_fire,0.0014633565423494486,0.9858854789782288,0.012651164479421814
FW_01160530,other_uncertain,other_uncertain,0.01981594749460589,0.07578369994449015,0.9044003525609039
FW_00753115,natural_vegetation_fire,natural_vegetation_fire,0.0003838027655515152,0.9869677493830626,0.012648447851385995
FW_00032423,natural_vegetation_fire,natural_vegetation_fire,0.02135210055958012,0.9251751518897997,0.053472747550620245
FW_00096870,other_uncertain,natural_vegetation_fire,0.0033767696575147093,0.8203930507642175,0.17623017957826773
FW_00887355,natural_vegetation_fire,natural_vegetation_fire,0.0005000842210047552,0.990972300121422,0.008527615657573404
FW_01071117,other_uncertain,natural_vegetation_fire,0.0033548918790641206,0.7643762889203616,0.23226881920057418
FW_01089779,natural_vegetation_fire,natural_vegetation_fire,0.003425122381192105,0.6897546567082862,0.3068202209105217
FW_01621022,other_uncertain,other_uncertain,0.02758373175981209,0.26827899070138084,0.7041372775388071
FW_01162118,other_uncertain,other_uncertain,0.008385461707414865,0.12219644991670142,0.8694180883758837
FW_01540787,natural_vegetation_fire,natural_vegetation_fire,0.0026823174252949334,0.832433660409093,0.16488402216561213
FW_00873456,natural_vegetation_fire,natural_vegetation_fire,0.000595474035276682,0.9929597760896556,0.006444749875067752
FW_00832288,natural_vegetation_fire,other_uncertain,0.06317424746521368,0.39946995970686305,0.5373557928279232
FW_01552873,natural_vegetation_fire,natural_vegetation_fire,0.0016149844094570278,0.889997577229929,0.10838743836061387
FW_01055345,other_uncertain,other_uncertain,0.0413114743962778,0.049841671785507295,0.9088468538182148
FW_00210528,natural_vegetation_fire,natural_vegetation_fire,0.005209743373042774,0.9486645416171868,0.04612571500977047
FW_00054168,industrial_fire_candidate,industrial_fire_candidate,0.3781188112664362,0.2858588024078808,0.33602238632568304
FW_01668674,natural_vegetation_fire,natural_vegetation_fire,0.006291887960989304,0.9050494495913639,0.0886586624476468
FW_00056223,other_uncertain,other_uncertain,0.00485598067452228,0.06612838841615894,0.9290156309093187
FW_01439434,natural_vegetation_fire,natural_vegetation_fire,0.0023932662922625573,0.9619046594497259,0.035702074258011536
FW_00566311,industrial_fire_candidate,industrial_fire_candidate,0.6032634691211499,0.029790212960490416,0.3669463179183597
FW_01069513,natural_vegetation_fire,natural_vegetation_fire,0.0030605322755835346,0.8129407414310169,0.1839987262933996
FW_00508453,other_uncertain,natural_vegetation_fire,0.003888470176702009,0.5378355955394166,0.45827593428388136
FW_01177310,natural_vegetation_fire,natural_vegetation_fire,0.0023896061979870775,0.754576185371912,0.24303420843010096
FW_01040137,other_uncertain,other_uncertain,0.0011704609834898838,0.028663471114003563,0.9701660679025065
FW_01596857,natural_vegetation_fire,other_uncertain,0.08491975639993433,0.43476128569200395,0.48031895790806167
FW_00362714,natural_vegetation_fire,natural_vegetation_fire,0.0022258568271468398,0.8345365937783034,0.16323754939454976
FW_00123955,natural_vegetation_fire,natural_vegetation_fire,0.15982694661791258,0.47867158883269306,0.36150146454939447
FW_00343441,natural_vegetation_fire,natural_vegetation_fire,0.003448356092675657,0.8868425966951806,0.10970904721214371
FW_01513904,natural_vegetation_fire,natural_vegetation_fire,0.0020187719506330583,0.8657119229728101,0.1322693050765569
FW_00013065,natural_vegetation_fire,other_uncertain,0.023361559606627363,0.4666509829935664,0.5099874573998062
FW_00898611,natural_vegetation_fire,natural_vegetation_fire,0.0006808873186084981,0.987753785667671,0.011565327013720315
FW_00640412,natural_vegetation_fire,natural_vegetation_fire,0.002384454847902545,0.9603731509780391,0.03724239417405821
FW_01219421,other_uncertain,other_uncertain,0.15479925131133723,0.04339762355070499,0.8018031251379577
FW_01286941,natural_vegetation_fire,natural_vegetation_fire,0.0005090530166058062,0.9905018703228542,0.008989076660540066
FW_00241600,industrial_fire_candidate,other_uncertain,0.16965897220223847,0.10475284354377107,0.7255881842539904
FW_00691432,industrial_fire_candidate,other_uncertain,0.17143504821907662,0.03848738937708063,0.7900775624038427
FW_01680215,natural_vegetation_fire,other_uncertain,0.003025112627418932,0.4802639277264105,0.5167109596461705
FW_00929894,natural_vegetation_fire,natural_vegetation_fire,0.0032244818645898086,0.9695351418692744,0.027240376266135756
FW_00372608,natural_vegetation_fire,natural_vegetation_fire,0.01514666990573239,0.8531430948766981,0.13171023521756953
FW_00373741,natural_vegetation_fire,natural_vegetation_fire,0.004127168951896249,0.7786220042592719,0.21725082678883187
FW_01178093,natural_vegetation_fire,natural_vegetation_fire,0.0015534512838696415,0.8717466864495934,0.12669986226653696
FW_00951504,other_uncertain,other_uncertain,0.00897840860041292,0.030214807113321657,0.9608067842862653
FW_01292354,natural_vegetation_fire,natural_vegetation_fire,0.0009451245421904919,0.9161794667159516,0.0828754087418577
FW_01580137,other_uncertain,other_uncertain,0.0020363021831794627,0.0236864656360185,0.974277232180802
FW_00079319,natural_vegetation_fire,natural_vegetation_fire,0.12685836259546046,0.7445557193150057,0.12858591808953382
FW_01072170,other_uncertain,other_uncertain,0.020731745085423692,0.010646009044264219,0.9686222458703121
FW_00983114,natural_vegetation_fire,natural_vegetation_fire,0.0030157795776529737,0.8579979838235798,0.13898623659876724
FW_00820887,natural_vegetation_fire,natural_vegetation_fire,0.0047330985712534576,0.88123403912293,0.11403286230581655
FW_01222503,industrial_fire_candidate,other_uncertain,0.03864121906311506,0.042432970665555875,0.9189258102713291
FW_00136208,other_uncertain,other_uncertain,0.10845479631387248,0.020161241982657254,0.8713839617034702
FW_00983278,natural_vegetation_fire,natural_vegetation_fire,0.011520511094336399,0.8766500346276542,0.11182945427800933
FW_00990958,natural_vegetation_fire,natural_vegetation_fire,0.00778519473856945,0.5918102162179667,0.4004045890434638
FW_00701538,natural_vegetation_fire,natural_vegetation_fire,0.0007308370556491218,0.9913416034205526,0.007927559523798224
FW_00070918,other_uncertain,other_uncertain,0.051953884852286164,0.06478538934481037,0.8832607258029035
FW_01116066,natural_vegetation_fire,natural_vegetation_fire,0.004878834342763447,0.632270051085022,0.3628511145722145
FW_00995888,other_uncertain,other_uncertain,0.004853949591784636,0.03245220609626489,0.9626938443119506
FW_01608509,other_uncertain,other_uncertain,0.19078757996244894,0.05393990469957756,0.7552725153379735
FW_00484999,natural_vegetation_fire,natural_vegetation_fire,0.010509672229488282,0.7091718104296144,0.2803185173408973
FW_00414567,other_uncertain,other_uncertain,0.002647576259263188,0.017156440849714693,0.9801959828910222
FW_00696960,other_uncertain,natural_vegetation_fire,0.005466404951999101,0.6105309084802194,0.38400268656778136
FW_00857681,natural_vegetation_fire,natural_vegetation_fire,0.0010465292631251506,0.9870544878438364,0.011898982893038333
FW_00928807,natural_vegetation_fire,natural_vegetation_fire,0.006245466371665686,0.9787279199758905,0.015026613652443892
FW_01521485,natural_vegetation_fire,natural_vegetation_fire,0.00373616830521299,0.8566775634948746,0.13958626819991246
FW_01219191,natural_vegetation_fire,natural_vegetation_fire,0.0028687327678468153,0.8223094168575359,0.1748218503746173
FW_00061140,other_uncertain,other_uncertain,0.2788899577922678,0.01180590110027369,0.7093041411074585
FW_01011621,natural_vegetation_fire,natural_vegetation_fire,0.0029991253957231023,0.972461051111985,0.02453982349229186
FW_01129287,natural_vegetation_fire,other_uncertain,0.008972394819386218,0.4471736283405663,0.5438539768400474
FW_01038337,other_uncertain,other_uncertain,0.05858569507006734,0.11288588047894696,0.8285284244509856
FW_00839873,natural_vegetation_fire,natural_vegetation_fire,0.003484311540812059,0.928897971085307,0.06761771737388095
FW_01609370,other_uncertain,other_uncertain,0.03288098673175204,0.12088807672702641,0.8462309365412216
FW_00795423,natural_vegetation_fire,natural_vegetation_fire,0.000679800584584985,0.982000363749803,0.01731983566561198
FW_01199073,other_uncertain,other_uncertain,0.4219245759263824,0.026556668550394968,0.5515187555232226
FW_00322032,natural_vegetation_fire,other_uncertain,0.01743464353159748,0.14314952603380204,0.8394158304346004
FW_00491688,natural_vegetation_fire,natural_vegetation_fire,0.0029868906069887412,0.8417611828419214,0.15525192655109
FW_01070535,other_uncertain,other_uncertain,0.08358240694096193,0.013555271036339356,0.9028623220226987
FW_00456416,natural_vegetation_fire,natural_vegetation_fire,0.007463425154770378,0.658503013761405,0.3340335610838247
FW_00008465,natural_vegetation_fire,natural_vegetation_fire,0.0007000626265499095,0.9543880918078261,0.044911845565623915
FW_00922001,natural_vegetation_fire,natural_vegetation_fire,0.005215084896072712,0.9481834867570289,0.046601428346898476
FW_01097072,natural_vegetation_fire,natural_vegetation_fire,0.0018827437762795533,0.9783536775878892,0.019763578635831093
FW_00873474,natural_vegetation_fire,natural_vegetation_fire,0.00239725530121143,0.9734707503847914,0.02413199431399728
FW_01479656,natural_vegetation_fire,natural_vegetation_fire,0.01042015247682746,0.9273720522836096,0.06220779523956281
FW_00441898,other_uncertain,other_uncertain,0.016564970765164354,0.04183652241442471,0.9415985068204109
FW_00040519,natural_vegetation_fire,natural_vegetation_fire,0.0006843125956175063,0.9843752396749892,0.01494044772939315
FW_00643050,other_uncertain,other_uncertain,0.004292164252620838,0.013599876780308759,0.9821079589670704
FW_00033765,natural_vegetation_fire,natural_vegetation_fire,0.006078893297387707,0.9184019014338088,0.07551920526880347
FW_00087223,natural_vegetation_fire,natural_vegetation_fire,0.0014240467414788828,0.9822924210923545,0.016283532166166688
FW_00879993,natural_vegetation_fire,natural_vegetation_fire,0.003782936204509087,0.8470343279208004,0.14918273587469053
FW_00072054,natural_vegetation_fire,natural_vegetation_fire,0.0004105909699712964,0.9848095624306256,0.014779846599403101
FW_00349687,natural_vegetation_fire,natural_vegetation_fire,0.0013077608768170433,0.955489732448191,0.043202506674991925
FW_01585296,other_uncertain,natural_vegetation_fire,0.011581634885016134,0.6309904782346287,0.35742788688035504
FW_00695879,natural_vegetation_fire,natural_vegetation_fire,0.0019365665419218058,0.806433927942248,0.19162950551583016
FW_01532341,industrial_fire_candidate,other_uncertain,0.4804588874694384,0.006677524036520866,0.5128635884940408
FW_00446102,other_uncertain,other_uncertain,0.2742906329652953,0.013916359686692912,0.7117930073480118
FW_01225812,other_uncertain,other_uncertain,0.09976830968384147,0.35230656771789964,0.5479251225982589
FW_00196542,natural_vegetation_fire,natural_vegetation_fire,0.0036408530585592042,0.9834310299764957,0.012928116964944985
FW_00319303,industrial_fire_candidate,industrial_fire_candidate,0.5535439048984189,0.02775709533847816,0.4186989997631031
FW_01099538,natural_vegetation_fire,natural_vegetation_fire,0.0019739080532451547,0.8534559669705837,0.14457012497617097
FW_01422724,natural_vegetation_fire,natural_vegetation_fire,0.008302771499357568,0.5311328767749969,0.4605643517256456
FW_01698570,other_uncertain,natural_vegetation_fire,0.03968806311057342,0.6591510610130217,0.3011608758764049
FW_00524920,other_uncertain,other_uncertain,0.09924103053956027,0.4497695951029626,0.4509893743574771
FW_00528240,natural_vegetation_fire,natural_vegetation_fire,0.00109407792368418,0.9265377881938335,0.07236813388248242
FW_01595015,other_uncertain,other_uncertain,0.3654842338306482,0.039939155536081634,0.5945766106332703
FW_01389036,natural_vegetation_fire,natural_vegetation_fire,0.001810289084319663,0.9800060914506612,0.018183619465019063
FW_00728610,natural_vegetation_fire,natural_vegetation_fire,0.0017590415281319766,0.9430247056251273,0.05521625284674066
FW_00803885,natural_vegetation_fire,natural_vegetation_fire,0.0024493577422604507,0.9182880406106873,0.0792626016470522
FW_01545774,other_uncertain,other_uncertain,0.0058699027082513636,0.08506880166501592,0.9090612956267328
FW_00129300,natural_vegetation_fire,natural_vegetation_fire,0.003291477747309838,0.9553629442424975,0.0413455780101927
FW_01123925,natural_vegetation_fire,other_uncertain,0.01698818347416748,0.25529949263107515,0.7277123238947574
FW_01565924,natural_vegetation_fire,natural_vegetation_fire,0.05693596266970609,0.6234178502898959,0.319646187040398
FW_00466967,other_uncertain,other_uncertain,0.0034386848773449363,0.06940069913127869,0.9271606159913763
FW_01147782,industrial_fire_candidate,natural_vegetation_fire,0.012487120726360762,0.625431016258062,0.3620818630155772
FW_01558938,natural_vegetation_fire,natural_vegetation_fire,0.016315147864509386,0.6014854674899995,0.3821993846454911
FW_00513068,natural_vegetation_fire,natural_vegetation_fire,0.00726863746881883,0.5357751372547599,0.45695622527642127
FW_01074034,natural_vegetation_fire,natural_vegetation_fire,0.014686559808120527,0.5257696746901954,0.4595437655016841
FW_01130965,natural_vegetation_fire,natural_vegetation_fire,0.003565233574554606,0.7174604766101784,0.2789742898152669
FW_01024110,natural_vegetation_fire,natural_vegetation_fire,0.007609156511909881,0.8941931332911347,0.09819771019695538
FW_01444491,natural_vegetation_fire,natural_vegetation_fire,0.0014676769708641332,0.933622714236071,0.064909608793065
FW_01605845,natural_vegetation_fire,natural_vegetation_fire,0.009410830816229355,0.5287243330362602,0.46186483614751034
FW_01088642,natural_vegetation_fire,natural_vegetation_fire,0.004043554264128248,0.843745291878623,0.15221115385724884
FW_00993953,natural_vegetation_fire,natural_vegetation_fire,0.029114852447198587,0.7500045293266208,0.22088061822618082
FW_00268765,other_uncertain,other_uncertain,0.001934171532207389,0.012093213475870094,0.9859726149919225
FW_00583867,other_uncertain,other_uncertain,0.23597721833579993,0.1868997771200714,0.5771230045441287
FW_01412670,natural_vegetation_fire,natural_vegetation_fire,0.055353162504419344,0.7779794379354861,0.16666739956009455
FW_00038930,other_uncertain,other_uncertain,0.002199291335169961,0.019204764745185354,0.9785959439196446
FW_01049086,other_uncertain,other_uncertain,0.008720405146761891,0.06110910082557801,0.9301704940276602
FW_00447434,industrial_fire_candidate,natural_vegetation_fire,0.2115138640704865,0.4041219683079363,0.3843641676215773
FW_01060919,other_uncertain,other_uncertain,0.04686350296280457,0.0298728635482579,0.9232636334889376
FW_00728269,other_uncertain,natural_vegetation_fire,0.005322940452339452,0.8542024574410331,0.14047460210662746
FW_01210574,natural_vegetation_fire,natural_vegetation_fire,0.0022123137001048283,0.925206231231064,0.07258145506883101
FW_00419367,other_uncertain,natural_vegetation_fire,0.003609972092090434,0.8462677317624183,0.15012229614549122
FW_01412417,natural_vegetation_fire,natural_vegetation_fire,0.004716199505691431,0.5616446042887255,0.4336391962055831
FW_00994360,other_uncertain,natural_vegetation_fire,0.005194806436652228,0.7746414448535265,0.22016374870982128
FW_00688853,natural_vegetation_fire,natural_vegetation_fire,0.003332858852489414,0.8481822086565575,0.14848493249095324
FW_00001030,other_uncertain,other_uncertain,0.016757606216350383,0.02897885578695608,0.9542635379966936
FW_01324638,natural_vegetation_fire,natural_vegetation_fire,0.0011519531890303188,0.9829173457145847,0.01593070109638496
FW_00574577,other_uncertain,other_uncertain,0.026836963111274176,0.04901803642955503,0.9241450004591709
FW_01578498,other_uncertain,other_uncertain,0.3845461490099533,0.016424128646472327,0.5990297223435744
FW_01275105,natural_vegetation_fire,natural_vegetation_fire,0.0004468061879045122,0.9906680529892496,0.008885140822845663
FW_00320465,natural_vegetation_fire,natural_vegetation_fire,0.0013885088481803047,0.9336391445817163,0.06497234657010331
FW_01469199,natural_vegetation_fire,natural_vegetation_fire,0.001046835648405349,0.9932160863509919,0.005737078000602722
FW_01592518,other_uncertain,other_uncertain,0.003328113044126398,0.027978904586768587,0.968692982369105
FW_00078038,other_uncertain,other_uncertain,0.006940467705261774,0.03451362191968898,0.9585459103750493
FW_00457594,other_uncertain,natural_vegetation_fire,0.002843872617826695,0.9493593363938874,0.04779679098828595
FW_01116258,natural_vegetation_fire,natural_vegetation_fire,0.001753429191096036,0.9525043391012586,0.045742231707645284
FW_00658292,natural_vegetation_fire,natural_vegetation_fire,0.002018929521017963,0.9267657076833196,0.0712153627956626
FW_01617488,other_uncertain,other_uncertain,0.10073891163524311,0.24198513218847326,0.6572759561762838
FW_00226191,natural_vegetation_fire,natural_vegetation_fire,0.0019487187735424338,0.9430166303295905,0.055034650896867134
FW_01583294,other_uncertain,other_uncertain,0.001649670000850656,0.04346771771867717,0.9548826122804722
FW_01291820,natural_vegetation_fire,natural_vegetation_fire,0.0008189866706952588,0.9900804985292957,0.00910051480000909
FW_00475550,natural_vegetation_fire,natural_vegetation_fire,0.0017849230261770062,0.8627042834071278,0.13551079356669515
FW_00647392,natural_vegetation_fire,natural_vegetation_fire,0.0254604935109831,0.768507992422347,0.20603151406666978
FW_00415228,other_uncertain,other_uncertain,0.023444275722494676,0.09509881416582427,0.881456910111681
FW_01534017,natural_vegetation_fire,natural_vegetation_fire,0.009527300132549855,0.6942911328779334,0.2961815669895168
FW_00451226,natural_vegetation_fire,natural_vegetation_fire,0.10429148123232139,0.7311756928521155,0.16453282591556304
FW_00965359,natural_vegetation_fire,other_uncertain,0.0061402795626026305,0.4329974772405028,0.5608622431968945
FW_01040205,other_uncertain,other_uncertain,0.056751805828722975,0.09789868284561502,0.8453495113256619
FW_00448917,other_uncertain,other_uncertain,0.00822263098732944,0.04489382339557725,0.9468835456170933
FW_00551813,natural_vegetation_fire,natural_vegetation_fire,0.01727455104692178,0.7246361517650797,0.25808929718799845
FW_00597998,natural_vegetation_fire,natural_vegetation_fire,0.0048959896950764034,0.9010353502515591,0.09406866005336464
FW_01070543,other_uncertain,other_uncertain,0.00455631612679013,0.03831279487373325,0.9571308889994765
FW_00865159,natural_vegetation_fire,natural_vegetation_fire,0.0007080692844955557,0.9891769768624117,0.010114953853092766
FW_01531627,natural_vegetation_fire,natural_vegetation_fire,0.0023616308874872885,0.9689682518697351,0.028670117242777744
FW_00361128,natural_vegetation_fire,natural_vegetation_fire,0.011674294437617704,0.8545199083121446,0.13380579725023758
FW_01279023,natural_vegetation_fire,natural_vegetation_fire,0.0006813861926684877,0.9895672474021774,0.009751366405154194
FW_00679851,natural_vegetation_fire,other_uncertain,0.037990230823583236,0.090237395433127,0.8717723737432899
FW_00979846,other_uncertain,natural_vegetation_fire,0.03215169406996341,0.5412632599786208,0.4265850459514158
FW_00705739,other_uncertain,other_uncertain,0.018467369758785726,0.11274615915001225,0.868786471091202
FW_00223673,natural_vegetation_fire,natural_vegetation_fire,0.002137290550197003,0.9394094971130432,0.058453212336759965
FW_01615815,other_uncertain,other_uncertain,0.10960366008136528,0.02739156807089468,0.86300477184774
FW_00049300,natural_vegetation_fire,natural_vegetation_fire,0.011923130526418779,0.8324172390437372,0.155659630429844
FW_00415557,other_uncertain,other_uncertain,0.00493519915585868,0.019762365682047176,0.9753024351620941
FW_00499995,natural_vegetation_fire,natural_vegetation_fire,0.0036740351598259042,0.5780131128417877,0.4183128519983865
FW_00483903,natural_vegetation_fire,natural_vegetation_fire,0.0030842509091121573,0.7846698090710316,0.21224594001985636
FW_00407338,other_uncertain,other_uncertain,0.0023104897576054825,0.033659534403867014,0.9640299758385275
FW_00194615,natural_vegetation_fire,natural_vegetation_fire,0.00505090704896783,0.9826010973607198,0.012347995590312293
FW_00288241,natural_vegetation_fire,natural_vegetation_fire,0.01081338244184985,0.9216287858725557,0.06755783168559448
FW_01557012,other_uncertain,other_uncertain,0.0011628396121861101,0.018986634127799357,0.9798505262600145
FW_01116996,natural_vegetation_fire,natural_vegetation_fire,0.0017041229989942864,0.8922468670680912,0.1060490099329146
FW_00235705,other_uncertain,other_uncertain,0.0018706593518015896,0.02077968580081997,0.9773496548473783
FW_00898271,natural_vegetation_fire,natural_vegetation_fire,0.0005278805569728646,0.9935321393357538,0.005939980107273396
FW_01043189,other_uncertain,other_uncertain,0.0026507201728156924,0.0421496256395382,0.9551996541876461
FW_00035704,natural_vegetation_fire,natural_vegetation_fire,0.0034363684380900013,0.9706082924053944,0.025955339156515527
FW_00845635,natural_vegetation_fire,natural_vegetation_fire,0.013473755921939536,0.9579971338573552,0.02852911022070533
FW_01209097,other_uncertain,other_uncertain,0.04159730598167417,0.04142131916038702,0.9169813748579388
FW_01449202,other_uncertain,other_uncertain,0.0037349432162240427,0.056617449442992,0.9396476073407839
FW_00237437,other_uncertain,natural_vegetation_fire,0.00868183197573043,0.693938720006732,0.2973794480175376
FW_01546243,natural_vegetation_fire,natural_vegetation_fire,0.0018536758956397199,0.8914297362172259,0.10671658788713441
FW_00873357,natural_vegetation_fire,natural_vegetation_fire,0.0004949046206622074,0.9907393145601054,0.008765780819232433
FW_00433881,other_uncertain,other_uncertain,0.02317274420378768,0.10095725329653595,0.8758700024996764
FW_00555087,natural_vegetation_fire,natural_vegetation_fire,0.02743456879123731,0.7447452231440654,0.22782020806469722
FW_01723614,industrial_fire_candidate,other_uncertain,0.053207436483906,0.20242998283603997,0.744362580680054
FW_00674776,natural_vegetation_fire,natural_vegetation_fire,0.08828103814805821,0.6489857513667783,0.2627332104851635
FW_01208781,other_uncertain,other_uncertain,0.004743236660048871,0.020635542628851866,0.9746212207110991
FW_00344939,natural_vegetation_fire,natural_vegetation_fire,0.00462387712537576,0.8680805193846791,0.1272956034899451
FW_01004482,natural_vegetation_fire,natural_vegetation_fire,0.002725888245113743,0.9750389725936119,0.022235139161274484
FW_00254367,other_uncertain,other_uncertain,0.06993764595345144,0.05007774953491762,0.879984604511631
FW_01124192,other_uncertain,other_uncertain,0.007049576650749164,0.03941922333588147,0.9535312000133694
FW_00211321,natural_vegetation_fire,natural_vegetation_fire,0.0024523244376701836,0.8227649975108403,0.17478267805148945
FW_00750090,other_uncertain,natural_vegetation_fire,0.011563157176253388,0.778270394703189,0.21016644812055763
FW_01074835,other_uncertain,other_uncertain,0.1973024462117741,0.0063633049534226405,0.7963342488348033
FW_01121979,natural_vegetation_fire,natural_vegetation_fire,0.0029853260735693463,0.7664300863833936,0.23058458754303693
FW_00452914,other_uncertain,other_uncertain,0.11583246744348653,0.0062899787215096965,0.8778775538350039
FW_00560566,other_uncertain,other_uncertain,0.12267825688779113,0.008773608373472493,0.8685481347387365
FW_01586048,other_uncertain,other_uncertain,0.0008372755462037041,0.01201115135906182,0.9871515730947346
FW_00520902,natural_vegetation_fire,natural_vegetation_fire,0.006708331701812183,0.6326607295172806,0.36063093878090713
FW_00866085,natural_vegetation_fire,natural_vegetation_fire,0.0004505032700056809,0.9855174688619833,0.014032027868011013
FW_00671184,natural_vegetation_fire,natural_vegetation_fire,0.0022125307261037686,0.9635877550730458,0.034199714200850384
FW_01539963,other_uncertain,natural_vegetation_fire,0.001666632667730595,0.909813504818758,0.08851986251351124
FW_01548343,other_uncertain,other_uncertain,0.010570475712239305,0.022410688282683923,0.9670188360050769
FW_01625248,natural_vegetation_fire,natural_vegetation_fire,0.0020515026000870263,0.9357075425277126,0.06224095487220037
FW_01067247,natural_vegetation_fire,natural_vegetation_fire,0.002344390905463134,0.9436123165968877,0.05404329249764916
FW_01211046,natural_vegetation_fire,natural_vegetation_fire,0.005708183597187588,0.8150491330279623,0.17924268337485003
FW_01099786,natural_vegetation_fire,natural_vegetation_fire,0.0030264271090855795,0.8504601398605904,0.14651343303032413
FW_00372420,industrial_fire_candidate,other_uncertain,0.2887726197874193,0.10889231918440662,0.602335061028174
FW_01616118,natural_vegetation_fire,natural_vegetation_fire,0.0030511887830161214,0.936549796291662,0.060399014925321945
FW_00244007,natural_vegetation_fire,natural_vegetation_fire,0.0041305844205737205,0.9718718653388903,0.023997550240535945
FW_01350089,natural_vegetation_fire,natural_vegetation_fire,0.0008473322601037785,0.9825808075604346,0.016571860179461502
FW_00015673,other_uncertain,industrial_fire_candidate,0.5348233883235148,0.05640111367692278,0.4087754979995623
FW_00049598,natural_vegetation_fire,natural_vegetation_fire,0.0012348197742529383,0.9256179670687302,0.0731472131570168
FW_01617642,natural_vegetation_fire,natural_vegetation_fire,0.0013655142979514241,0.9519465383679528,0.046687947334095745
FW_01317416,natural_vegetation_fire,natural_vegetation_fire,0.001960476536648767,0.9219674139424032,0.0760721095209481
FW_00592172,natural_vegetation_fire,other_uncertain,0.019344571554113135,0.46258014990929813,0.5180752785365887
FW_00829742,natural_vegetation_fire,natural_vegetation_fire,0.009401905138677842,0.5685840748543094,0.4220140200070127
FW_00384077,natural_vegetation_fire,natural_vegetation_fire,0.004229521413663317,0.8469326568669074,0.1488378217194292
FW_01066395,other_uncertain,other_uncertain,0.002460072312366897,0.04101455125014492,0.9565253764374881
FW_01577940,other_uncertain,other_uncertain,0.00413163007071232,0.08624346146097506,0.9096249084683126
FW_00615198,other_uncertain,other_uncertain,0.020950186428396335,0.03810123685599242,0.9409485767156113
FW_00619728,industrial_fire_candidate,other_uncertain,0.27595145241764873,0.15103988884190414,0.573008658740447
FW_00937081,natural_vegetation_fire,natural_vegetation_fire,0.0007776926888772114,0.9750475282216922,0.024174779089430665
FW_00031789,industrial_fire_candidate,other_uncertain,0.1721945269126025,0.053553617340089614,0.7742518557473079
FW_01397384,natural_vegetation_fire,natural_vegetation_fire,0.0072644384298089166,0.976986064635373,0.015749496934818235
FW_00475520,natural_vegetation_fire,natural_vegetation_fire,0.005530160846790024,0.8061777857731209,0.188292053380089
FW_00269530,natural_vegetation_fire,natural_vegetation_fire,0.029248288095415468,0.7784448575740588,0.1923068543305256
FW_00306348,natural_vegetation_fire,natural_vegetation_fire,0.012173713961194129,0.7842710003857144,0.20355528565309153
FW_00528865,other_uncertain,natural_vegetation_fire,0.0015960683531711939,0.736295715703507,0.2621082159433216
FW_00219529,natural_vegetation_fire,natural_vegetation_fire,0.017612426966228945,0.8552392159547982,0.1271483570789729
FW_00102838,other_uncertain,other_uncertain,0.00432485022396831,0.10010700811964554,0.8955681416563861
FW_00898261,natural_vegetation_fire,natural_vegetation_fire,0.0020486226150926807,0.9621647008382097,0.035786676546697496
FW_00028409,natural_vegetation_fire,natural_vegetation_fire,0.0033634009950219645,0.9391578043997452,0.057478794605232766
FW_01163741,other_uncertain,other_uncertain,0.17600079061578558,0.025172408360601913,0.7988268010236126
FW_00372915,natural_vegetation_fire,natural_vegetation_fire,0.002580826820201083,0.909378957721368,0.08804021545843096
FW_01043343,other_uncertain,other_uncertain,0.01643987888410486,0.31971323534467405,0.663846885771221
FW_00473140,natural_vegetation_fire,natural_vegetation_fire,0.005637464769432744,0.8174686190990644,0.17689391613150282
FW_01723445,other_uncertain,other_uncertain,0.009143956439160448,0.02728020808612357,0.963575835474716
FW_01281693,natural_vegetation_fire,natural_vegetation_fire,0.0025457235078228026,0.9784921128567672,0.01896216363540995
FW_00592513,industrial_fire_candidate,other_uncertain,0.05750548100589704,0.06438228638890203,0.8781122326052009
FW_00400452,natural_vegetation_fire,natural_vegetation_fire,0.003512803106593321,0.7822884640268993,0.21419873286650726
FW_00363851,natural_vegetation_fire,natural_vegetation_fire,0.0044189630629390235,0.8579866319534489,0.13759440498361195
FW_00737402,other_uncertain,other_uncertain,0.22469255751536582,0.025853813997656978,0.7494536284869772
FW_00479115,natural_vegetation_fire,natural_vegetation_fire,0.0013681354893977685,0.8459143922761275,0.15271747223447465
FW_01626712,other_uncertain,natural_vegetation_fire,0.0020417748105823167,0.8100692053580228,0.1878890198313949
FW_00402998,natural_vegetation_fire,natural_vegetation_fire,0.03402316246781291,0.6650905201408106,0.3008863173913765
FW_01071243,natural_vegetation_fire,natural_vegetation_fire,0.0041413414514982734,0.6859303135551482,0.3099283449933534
FW_01524798,natural_vegetation_fire,natural_vegetation_fire,0.0010295475148462863,0.9875526788730253,0.011417773612128394
FW_00452675,natural_vegetation_fire,natural_vegetation_fire,0.001514796921067952,0.9035629804558891,0.0949222226230429
FW_01097366,natural_vegetation_fire,natural_vegetation_fire,0.0017743409354500541,0.8871103936526535,0.11111526541189642
FW_01205401,industrial_fire_candidate,other_uncertain,0.06322406921180419,0.04746619786834974,0.8893097329198462
FW_00530336,natural_vegetation_fire,natural_vegetation_fire,0.001458566123382639,0.879442055343424,0.11909937853319344
FW_00084753,other_uncertain,other_uncertain,0.0015137341566120453,0.017808697460283972,0.980677568383104
FW_00347902,natural_vegetation_fire,natural_vegetation_fire,0.0037689075617635217,0.8131284748243961,0.18310261761384022
FW_01038435,other_uncertain,other_uncertain,0.11143551240286417,0.005236319051078023,0.8833281685460578
FW_00710036,natural_vegetation_fire,natural_vegetation_fire,0.0011962231962019908,0.8824761171712524,0.1163276596325456
FW_01598372,natural_vegetation_fire,natural_vegetation_fire,0.0007339149892686761,0.972150690428375,0.027115394582356206
FW_01110025,other_uncertain,industrial_fire_candidate,0.5898605773712701,0.02321978646010532,0.3869196361686247
FW_01251317,natural_vegetation_fire,natural_vegetation_fire,0.0030498165083789,0.8956599191589831,0.10129026433263794
FW_00088503,other_uncertain,other_uncertain,0.003985850557004552,0.02997451699034261,0.9660396324526529
FW_00168991,natural_vegetation_fire,natural_vegetation_fire,0.001082385499296315,0.9788591250214982,0.02005848947920538
FW_01164696,natural_vegetation_fire,natural_vegetation_fire,0.0018289558419712676,0.8361100759701439,0.1620609681878849
FW_01358473,natural_vegetation_fire,natural_vegetation_fire,0.013452775064940324,0.9087183256236897,0.07782889931137008
FW_01366233,natural_vegetation_fire,natural_vegetation_fire,0.003737052401764941,0.9236027067473752,0.07266024085086
FW_00455656,other_uncertain,natural_vegetation_fire,0.001985354949853153,0.7335479975243886,0.2644666475257582
FW_00685519,natural_vegetation_fire,natural_vegetation_fire,0.0024609811923486584,0.9450793100922679,0.05245970871538349
FW_01274699,natural_vegetation_fire,natural_vegetation_fire,0.0006613649552947858,0.9922612085545335,0.007077426490171756
FW_00929983,natural_vegetation_fire,natural_vegetation_fire,0.004902137084229021,0.9461892468766507,0.048908616039120265
FW_00623208,other_uncertain,natural_vegetation_fire,0.03550148319956517,0.5357362663164431,0.42876225048399175
FW_01174269,other_uncertain,other_uncertain,0.033178746609644115,0.03686253035865526,0.9299587230317007
FW_01463871,natural_vegetation_fire,natural_vegetation_fire,0.002791648068560935,0.8831306625860186,0.11407768934542033
FW_01238047,natural_vegetation_fire,natural_vegetation_fire,0.0069205763841191596,0.8915350204442217,0.10154440317165911
FW_00613455,natural_vegetation_fire,natural_vegetation_fire,0.009852007353514214,0.9146328205218799,0.07551517212460593
FW_00990726,natural_vegetation_fire,natural_vegetation_fire,0.017664423863214027,0.865766703969753,0.11656887216703286
FW_00968325,natural_vegetation_fire,natural_vegetation_fire,0.0015238750204617853,0.8578921472061146,0.14058397777342352
FW_00990714,natural_vegetation_fire,natural_vegetation_fire,0.006011036402156932,0.8745953117701059,0.11939365182773713
FW_01716368,industrial_fire_candidate,other_uncertain,0.45074520998101597,0.010561767470339076,0.5386930225486448
FW_00371806,other_uncertain,other_uncertain,0.00507589949737778,0.07080235443011049,0.9241217460725117
FW_00481044,natural_vegetation_fire,natural_vegetation_fire,0.01549778582585448,0.6367971351366314,0.347705079037514
FW_01472985,natural_vegetation_fire,natural_vegetation_fire,0.0011533367818380169,0.9675550074640736,0.03129165575408823
FW_00898694,natural_vegetation_fire,natural_vegetation_fire,0.002322883543203962,0.9713576808739306,0.026319435582865383
FW_01521917,other_uncertain,other_uncertain,0.024792032886881494,0.1263309558546906,0.8488770112584278
FW_01039750,natural_vegetation_fire,natural_vegetation_fire,0.000510243429755013,0.9809130907186019,0.018576665851643
FW_01243379,other_uncertain,natural_vegetation_fire,0.0034650906521125654,0.858838020576875,0.13769688877101252
FW_00459471,other_uncertain,other_uncertain,0.22175470573017936,0.05582806983399576,0.722417224435825
FW_01671249,natural_vegetation_fire,natural_vegetation_fire,0.0022000105914581443,0.8318291288582795,0.16597086055026236
FW_00481789,natural_vegetation_fire,natural_vegetation_fire,0.0012890397592395754,0.9247232617370947,0.07398769850366572
FW_00601974,other_uncertain,natural_vegetation_fire,0.04390818637173598,0.6987079752318378,0.25738383839642637
FW_00216245,other_uncertain,other_uncertain,0.015662630241709087,0.202517540126758,0.7818198296315331
FW_00935624,other_uncertain,other_uncertain,0.002641392785483306,0.13486676063646283,0.862491846578054
FW_01536841,natural_vegetation_fire,other_uncertain,0.001651440408223797,0.021179045732169766,0.9771695138596064
FW_01711130,other_uncertain,other_uncertain,0.023907061504481554,0.07695526086303037,0.8991376776324881
FW_01106484,natural_vegetation_fire,natural_vegetation_fire,0.009072061064128717,0.8439440783755702,0.14698386056030127
FW_01390198,natural_vegetation_fire,natural_vegetation_fire,0.0006157654991595234,0.9861122654918331,0.013271969009007316
FW_01598636,other_uncertain,other_uncertain,0.0010933682442255605,0.01642589739480829,0.9824807343609661
FW_00439998,other_uncertain,other_uncertain,0.2011386435095218,0.05260106190095624,0.7462602945895219
FW_01504738,natural_vegetation_fire,natural_vegetation_fire,0.004869275344742915,0.837508749638609,0.15762197501664807
FW_00919230,other_uncertain,other_uncertain,0.263593089217734,0.010940241820783852,0.725466668961482
FW_00762151,natural_vegetation_fire,natural_vegetation_fire,0.0005779465273590481,0.9857906849964673,0.013631368476173814
FW_00227099,natural_vegetation_fire,natural_vegetation_fire,0.020089455453019916,0.9441713445444276,0.03573920000255243
FW_01686626,natural_vegetation_fire,natural_vegetation_fire,0.002538796413063016,0.938549494724433,0.05891170886250393
FW_01575251,natural_vegetation_fire,natural_vegetation_fire,0.003898522656579753,0.9680330253453675,0.028068451998052545
FW_00730781,other_uncertain,other_uncertain,0.03840054043990105,0.024624887151619135,0.9369745724084798
FW_01067314,natural_vegetation_fire,natural_vegetation_fire,0.0020949165087631684,0.8485143046563601,0.14939077883487667
FW_00059311,other_uncertain,other_uncertain,0.19739211289605674,0.04444396042399677,0.7581639266799466
FW_00796051,natural_vegetation_fire,natural_vegetation_fire,0.0008782224804557407,0.9863393789626068,0.012782398556937325
FW_00290469,other_uncertain,other_uncertain,0.0038696529522703727,0.034643418015243704,0.9614869290324859
FW_00829850,other_uncertain,other_uncertain,0.04689507957991378,0.03251974634628287,0.9205851740738035
FW_00417374,other_uncertain,other_uncertain,0.11890733208701845,0.07183781571365262,0.809254852199329
FW_00500106,other_uncertain,natural_vegetation_fire,0.0025348234152910514,0.8606822554945579,0.13678292109015094
FW_01702148,natural_vegetation_fire,natural_vegetation_fire,0.0047111330407879435,0.8887281959842255,0.10656067097498645
FW_01237088,natural_vegetation_fire,other_uncertain,0.007995267307480852,0.4363535129170017,0.5556512197755175
FW_00383027,natural_vegetation_fire,natural_vegetation_fire,0.0013694809817126432,0.9391028908801586,0.05952762813812868
FW_01266468,natural_vegetation_fire,natural_vegetation_fire,0.0003639174723936111,0.9914084109725415,0.008227671555064826
FW_00206261,natural_vegetation_fire,natural_vegetation_fire,0.005258592936026432,0.9533425136767226,0.0413988933872508
FW_01688796,natural_vegetation_fire,natural_vegetation_fire,0.010989415174120776,0.6869530600370909,0.30205752478878845
FW_01000417,other_uncertain,other_uncertain,0.00627208070157907,0.4880906064716505,0.5056373128267705
FW_00545073,other_uncertain,other_uncertain,0.08198827292267054,0.11995559649395485,0.7980561305833745
FW_01135858,other_uncertain,other_uncertain,0.0035618278729580995,0.028853540724118172,0.9675846314029237
FW_00485539,natural_vegetation_fire,natural_vegetation_fire,0.0016990885365058158,0.9652401871465165,0.033060724316977874
FW_01030868,natural_vegetation_fire,natural_vegetation_fire,0.0022694013088110795,0.9430521584082396,0.05467844028294916
FW_00448388,other_uncertain,other_uncertain,0.011607456699324632,0.13228524889384918,0.8561072944068261
FW_00414642,natural_vegetation_fire,natural_vegetation_fire,0.0017025647015149299,0.9494388367753671,0.04885859852311795
FW_00590427,natural_vegetation_fire,natural_vegetation_fire,0.0013868633651844117,0.9138116770806288,0.0848014595541868
FW_00637054,natural_vegetation_fire,natural_vegetation_fire,0.0005163111551691006,0.976666810628598,0.022816878216233096
FW_00143490,natural_vegetation_fire,natural_vegetation_fire,0.001180816578460748,0.96826737774734,0.030551805674199357
FW_01617297,other_uncertain,other_uncertain,0.002718160168049192,0.023668270771359943,0.9736135690605908
FW_00138793,natural_vegetation_fire,natural_vegetation_fire,0.0021436801596770878,0.9103560419343188,0.08750027790600418
FW_01246781,natural_vegetation_fire,natural_vegetation_fire,0.0015705984810253073,0.960231110029027,0.03819829148994776
FW_01691829,industrial_fire_candidate,other_uncertain,0.07634973727585338,0.04141078425291932,0.8822394784712273
FW_01723615,industrial_fire_candidate,other_uncertain,0.05024883224913077,0.2670757534817296,0.6826754142691396
FW_00619371,other_uncertain,other_uncertain,0.003875373807527943,0.03284985768150011,0.963274768510972
FW_00514068,natural_vegetation_fire,natural_vegetation_fire,0.001624281752271536,0.9284989677044423,0.06987675054328621
FW_01014648,other_uncertain,other_uncertain,0.002179900155847241,0.025313041653565675,0.972507058190587
FW_01343398,natural_vegetation_fire,natural_vegetation_fire,0.0060241263640144135,0.8409203650538146,0.15305550858217085
FW_01591212,other_uncertain,other_uncertain,0.03614127453455434,0.11086879127591057,0.8529899341895352
FW_00483340,natural_vegetation_fire,natural_vegetation_fire,0.0015912967928769207,0.9073412462207008,0.0910674569864224
FW_01361301,natural_vegetation_fire,natural_vegetation_fire,0.002439476368972027,0.977999063864734,0.019561459766294028
FW_01039146,natural_vegetation_fire,natural_vegetation_fire,0.002917268570900391,0.8531055673666655,0.143977164062434
FW_00915909,natural_vegetation_fire,natural_vegetation_fire,0.0009643276975798128,0.97835310250742,0.020682569795000195
FW_01074852,other_uncertain,other_uncertain,0.0031694551203748796,0.029381868949192178,0.9674486759304328
FW_00478417,natural_vegetation_fire,natural_vegetation_fire,0.002847732665030835,0.9071331360888472,0.09001913124612207
FW_01106891,natural_vegetation_fire,other_uncertain,0.005275962757697286,0.4185293831725765,0.5761946540697263
FW_01145360,natural_vegetation_fire,natural_vegetation_fire,0.0011891084437777406,0.9203438193683043,0.07846707218791778
FW_00514889,other_uncertain,other_uncertain,0.03942420691209177,0.04185886052025436,0.918716932567654
FW_01188653,other_uncertain,other_uncertain,0.10005436604206559,0.0346403380659595,0.8653052958919748
FW_01491507,natural_vegetation_fire,natural_vegetation_fire,0.008981417837082428,0.7944622638987154,0.19655631826420206
FW_00817643,other_uncertain,other_uncertain,0.02625136526905538,0.08155981291028061,0.8921888218206641
FW_00463911,other_uncertain,other_uncertain,0.31425076561126497,0.023471885630288156,0.6622773487584468
FW_01446601,natural_vegetation_fire,natural_vegetation_fire,0.001014154299998724,0.9698098478702004,0.029175997829800977
FW_00876092,natural_vegetation_fire,natural_vegetation_fire,0.0021091763680522457,0.9818289253880517,0.016061898243896092
FW_01693380,natural_vegetation_fire,natural_vegetation_fire,0.00913193070101126,0.790214642735034,0.20065342656395474
FW_00359508,other_uncertain,other_uncertain,0.0016664975911011347,0.018641185692329906,0.9796923167165689
FW_00902693,natural_vegetation_fire,natural_vegetation_fire,0.016434071206095625,0.8375065244633043,0.14605940433060005
FW_00670015,other_uncertain,natural_vegetation_fire,0.04146377193599727,0.5169579319614395,0.4415782961025632
FW_00828781,natural_vegetation_fire,natural_vegetation_fire,0.003113241481511618,0.9331867004431343,0.06370005807535412
FW_01657773,natural_vegetation_fire,natural_vegetation_fire,0.0029508423216485415,0.8005225000622258,0.19652665761612556
FW_01630875,natural_vegetation_fire,natural_vegetation_fire,0.000690690172528239,0.9381590273924366,0.061150282435035265
FW_01427160,natural_vegetation_fire,natural_vegetation_fire,0.003953826217213466,0.9701665542647233,0.025879619518063054
FW_00927680,natural_vegetation_fire,natural_vegetation_fire,0.013702760217030378,0.9102793793404719,0.07601786044249775
FW_01040944,natural_vegetation_fire,natural_vegetation_fire,0.011198701086276908,0.5008151768829547,0.4879861220307684
FW_00897059,other_uncertain,other_uncertain,0.02761550240818187,0.1408229118856089,0.8315615857062092
FW_00482220,natural_vegetation_fire,natural_vegetation_fire,0.0014134050746308685,0.8667296445198811,0.1318569504054881
FW_01687497,natural_vegetation_fire,natural_vegetation_fire,0.0021469962788112046,0.9526367951930961,0.04521620852809264
FW_01058585,natural_vegetation_fire,natural_vegetation_fire,0.0040246179003472155,0.822563714090001,0.1734116680096519
FW_00089998,natural_vegetation_fire,natural_vegetation_fire,0.0011597262456561465,0.9742918604351174,0.024548413319226515
FW_00829896,other_uncertain,other_uncertain,0.17438603964106203,0.07512959563696028,0.7504843647219778
FW_00314406,other_uncertain,industrial_fire_candidate,0.5842534480121038,0.023899443306687095,0.3918471086812091
FW_01093358,natural_vegetation_fire,natural_vegetation_fire,0.02719532471164665,0.7891448368833672,0.18365983840498615
FW_01702727,other_uncertain,other_uncertain,0.006911083889855258,0.021716806852837084,0.9713721092573077
FW_00994258,natural_vegetation_fire,natural_vegetation_fire,0.003821852583886693,0.7630454680727314,0.23313267934338178
FW_01275877,natural_vegetation_fire,natural_vegetation_fire,0.002924804520171072,0.9531423996785747,0.04393279580125428
FW_00212214,natural_vegetation_fire,natural_vegetation_fire,0.0011994411584594004,0.993083350311044,0.0057172085304966185
FW_01398264,other_uncertain,other_uncertain,0.001157921992582242,0.018479084347613185,0.9803629936598046
FW_01481973,other_uncertain,other_uncertain,0.003589000691751113,0.029939885124239243,0.9664711141840097
FW_00345272,natural_vegetation_fire,natural_vegetation_fire,0.00438761594074843,0.9161597053511118,0.0794526787081396
FW_00096238,natural_vegetation_fire,natural_vegetation_fire,0.0013782410100257594,0.9762761215263877,0.022345637463586716
FW_00788601,natural_vegetation_fire,natural_vegetation_fire,0.0022381118529625206,0.9704655390402137,0.0272963491068237
FW_01058880,other_uncertain,other_uncertain,0.00711305147824115,0.020688686325672005,0.9721982621960868
FW_01630881,natural_vegetation_fire,natural_vegetation_fire,0.0009862763183255672,0.9009553517066424,0.09805837197503191
FW_00589252,industrial_fire_candidate,other_uncertain,0.23694807621285804,0.01281258771602812,0.7502393360711138
FW_01043707,other_uncertain,natural_vegetation_fire,0.10371221219072385,0.5493985875986039,0.3468892002106722
FW_01652961,natural_vegetation_fire,natural_vegetation_fire,0.0034054258495380533,0.9309222417842915,0.0656723323661704
FW_01504814,natural_vegetation_fire,natural_vegetation_fire,0.002276233928004567,0.9568819529122482,0.040841813159747255
FW_00795298,natural_vegetation_fire,natural_vegetation_fire,0.0029321133146865525,0.9259307427980311,0.07113714388728232
FW_01555884,industrial_fire_candidate,industrial_fire_candidate,0.628208538657734,0.1622988764341737,0.20949258490809247
FW_01038511,other_uncertain,other_uncertain,0.006098233356512773,0.20362000529831611,0.7902817613451711
FW_01059050,other_uncertain,other_uncertain,0.009525289206931749,0.045990650518579854,0.9444840602744884
FW_00109856,natural_vegetation_fire,natural_vegetation_fire,0.0012603626875592594,0.9129415492113513,0.08579808810108952
FW_01477606,other_uncertain,other_uncertain,0.2474305586605248,0.009528573711283461,0.7430408676281918
FW_00028460,other_uncertain,other_uncertain,0.13889471983149546,0.007807095735901491,0.853298184432603
FW_00254393,other_uncertain,other_uncertain,0.10621892009771393,0.05948862166230032,0.8342924582399857
FW_00522988,other_uncertain,other_uncertain,0.06859028606394807,0.04816824758131303,0.8832414663547388
FW_00763249,natural_vegetation_fire,natural_vegetation_fire,0.0007004935127099631,0.9649598180987881,0.03433968838850179
FW_00702037,natural_vegetation_fire,natural_vegetation_fire,0.0007708081846265739,0.9773546020795039,0.021874589735869525
FW_01025263,natural_vegetation_fire,natural_vegetation_fire,0.003536631593394517,0.9120027784920925,0.08446058991451287
FW_00366658,natural_vegetation_fire,natural_vegetation_fire,0.003666297117606937,0.957748548173554,0.03858515470883919
FW_00414205,natural_vegetation_fire,natural_vegetation_fire,0.001513591213928214,0.949195560607653,0.049290848178418785
FW_01207920,other_uncertain,other_uncertain,0.23344238084647195,0.06092120917953815,0.7056364099739899
FW_00944483,natural_vegetation_fire,natural_vegetation_fire,0.0021635807716197993,0.9381033134563632,0.059733105772017125
FW_00470399,natural_vegetation_fire,natural_vegetation_fire,0.0019907493932189873,0.8864228928705188,0.11158635773626231
FW_01707862,natural_vegetation_fire,other_uncertain,0.0043796738838694435,0.2242039816644141,0.7714163444517166
FW_01084873,natural_vegetation_fire,natural_vegetation_fire,0.2206367628136181,0.42035029823983283,0.359012938946549
FW_01579720,other_uncertain,other_uncertain,0.002028247037115478,0.01925152405332418,0.9787202289095602
FW_00394162,other_uncertain,other_uncertain,0.004753286118150427,0.018261557505864112,0.9769851563759855
FW_01321248,natural_vegetation_fire,natural_vegetation_fire,0.004224023753521356,0.8144539061203613,0.1813220701261175
FW_01297404,natural_vegetation_fire,natural_vegetation_fire,0.0021364546235020736,0.968220267960861,0.02964327741563688
FW_00445368,other_uncertain,other_uncertain,0.06183038156538502,0.10146103647156801,0.8367085819630469
FW_00541137,natural_vegetation_fire,natural_vegetation_fire,0.0025040206628980407,0.8901543327555161,0.1073416465815858
FW_00006137,industrial_fire_candidate,other_uncertain,0.02960840221065401,0.05719754746728738,0.9131940503220587
FW_00981892,natural_vegetation_fire,natural_vegetation_fire,0.0005526333659190516,0.9776520593757289,0.02179530725835211
FW_01325550,other_uncertain,other_uncertain,0.033676707630892026,0.04877529765467903,0.9175479947144289
FW_00946108,natural_vegetation_fire,natural_vegetation_fire,0.0017931141966672137,0.8688615505263781,0.1293453352769547
FW_01291379,natural_vegetation_fire,natural_vegetation_fire,0.0006355691208834768,0.9885985029474453,0.010765927931671254
FW_00582610,industrial_fire_candidate,other_uncertain,0.010100637856032215,0.08230658034449,0.9075927817994778
FW_01102031,natural_vegetation_fire,natural_vegetation_fire,0.0032609964244279,0.798076003554844,0.19866300002072815
FW_00444295,natural_vegetation_fire,natural_vegetation_fire,0.002097068945018728,0.7119037161933424,0.28599921486163893
FW_00947314,other_uncertain,other_uncertain,0.012898562224778051,0.055704887528464524,0.9313965502467574
FW_01343409,natural_vegetation_fire,natural_vegetation_fire,0.0024376306965440014,0.9427507609242274,0.054811608379228695
FW_01504525,natural_vegetation_fire,natural_vegetation_fire,0.0037943364111800784,0.885183151754529,0.11102251183429075
FW_01525664,natural_vegetation_fire,natural_vegetation_fire,0.009117616486748522,0.775237609440364,0.21564477407288746
FW_00047922,natural_vegetation_fire,natural_vegetation_fire,0.002259232037820876,0.9810174074480809,0.01672336051409819
FW_01567491,natural_vegetation_fire,natural_vegetation_fire,0.002616679707508782,0.8199982320315906,0.17738508826090063
FW_01481605,natural_vegetation_fire,natural_vegetation_fire,0.028752882817392116,0.8479462849769287,0.12330083220567924
FW_01301591,natural_vegetation_fire,natural_vegetation_fire,0.004553261807005445,0.9522855852718632,0.04316115292113131
FW_01401995,natural_vegetation_fire,natural_vegetation_fire,0.0019386943174902144,0.879320674557323,0.11874063112518676
FW_00115068,natural_vegetation_fire,natural_vegetation_fire,0.0014763469755873508,0.9742210309824865,0.024302622041926143
FW_00498070,natural_vegetation_fire,natural_vegetation_fire,0.005703280947088291,0.9454843630584441,0.04881235599446757
FW_01582227,other_uncertain,other_uncertain,0.0007280538418466079,0.019957939893159058,0.9793140062649943
FW_00605190,other_uncertain,other_uncertain,0.003788900671793417,0.021007016714882816,0.9752040826133238
FW_00649825,other_uncertain,other_uncertain,0.03131396367831815,0.13854234510754657,0.8301436912141353
FW_00998826,other_uncertain,natural_vegetation_fire,0.013343483856251951,0.5001787181086523,0.4864777980350956
FW_01496741,natural_vegetation_fire,natural_vegetation_fire,0.004010805600112323,0.9689195768801512,0.02706961751973664
FW_00512075,natural_vegetation_fire,natural_vegetation_fire,0.019478111056895956,0.802809073574416,0.17771281536868802
FW_01179683,other_uncertain,other_uncertain,0.012886489042715516,0.016767545711478683,0.9703459652458059
FW_01039454,natural_vegetation_fire,natural_vegetation_fire,0.002923679402211516,0.9110653239601111,0.08601099663767742
FW_00174326,natural_vegetation_fire,natural_vegetation_fire,0.038353962191405966,0.838763163205247,0.12288287460334711
FW_01689932,industrial_fire_candidate,other_uncertain,0.45306404256058047,0.018308375682971837,0.5286275817564476
FW_00839161,natural_vegetation_fire,natural_vegetation_fire,0.009416362838409112,0.8295339892797834,0.1610496478818075
FW_01297958,natural_vegetation_fire,natural_vegetation_fire,0.0011859863374570482,0.9652276369961753,0.03358637666636774
FW_00118755,other_uncertain,other_uncertain,0.39839904251532166,0.048531052344837906,0.5530699051398404
FW_00858363,natural_vegetation_fire,natural_vegetation_fire,0.0023417448702042474,0.9447371239974331,0.0529211311323626
FW_01031036,natural_vegetation_fire,other_uncertain,0.0063391846824931205,0.38509458465964563,0.6085662306578613
FW_01547287,natural_vegetation_fire,natural_vegetation_fire,0.0011492368359286857,0.9286025655158413,0.0702481976482299
FW_01241705,natural_vegetation_fire,natural_vegetation_fire,0.17080960227518602,0.5143736871598612,0.3148167105649527
FW_01052562,industrial_fire_candidate,other_uncertain,0.22478276429015168,0.028100736632597777,0.7471164990772505
FW_00786205,natural_vegetation_fire,natural_vegetation_fire,0.0028529497313346365,0.9770420195528792,0.020105030715786162
FW_00726507,natural_vegetation_fire,natural_vegetation_fire,0.01613205441734057,0.8357000044958819,0.1481679410867775
FW_00669623,natural_vegetation_fire,natural_vegetation_fire,0.0006067068934583928,0.9821019049559198,0.01729138815062177
FW_00253482,other_uncertain,other_uncertain,0.1177519015739681,0.02143822829035872,0.8608098701356731
FW_01076088,other_uncertain,natural_vegetation_fire,0.0022737664059854033,0.8782369352487923,0.11948929834522219
FW_00034989,other_uncertain,other_uncertain,0.0036839726537727458,0.07830539087919139,0.9180106364670358
FW_00809213,other_uncertain,other_uncertain,0.24060062255801315,0.012870678259423458,0.7465286991825634
FW_01420940,natural_vegetation_fire,natural_vegetation_fire,0.003320810524721816,0.9183809152976896,0.07829827417758843
FW_00502130,natural_vegetation_fire,natural_vegetation_fire,0.0025193213463703744,0.9299894786133198,0.0674912000403099
FW_01069612,natural_vegetation_fire,natural_vegetation_fire,0.009018808082637551,0.5076469492069796,0.4833342427103828
FW_00821574,natural_vegetation_fire,natural_vegetation_fire,0.003108395951128566,0.8836467798479389,0.1132448242009324
FW_00668852,natural_vegetation_fire,natural_vegetation_fire,0.0018013981615353672,0.9472864124093656,0.050912189429099114
FW_01389349,natural_vegetation_fire,natural_vegetation_fire,0.0016203700166229668,0.9669214896563335,0.03145814032704369
FW_01617039,other_uncertain,other_uncertain,0.002661421657963727,0.029735241901288966,0.9676033364407473
FW_00603168,industrial_fire_candidate,industrial_fire_candidate,0.7752805515876121,0.00984421245914733,0.21487523595324057
FW_01494180,other_uncertain,other_uncertain,0.027607198266907516,0.06313791314681276,0.9092548885862797
FW_01095355,other_uncertain,other_uncertain,0.004530355670141416,0.029684226097116476,0.9657854182327421
FW_01599145,natural_vegetation_fire,natural_vegetation_fire,0.0019229671515023858,0.8570438058401939,0.14103322700830376
FW_01493428,natural_vegetation_fire,natural_vegetation_fire,0.0024467889095323063,0.7818685587896297,0.21568465230083797
FW_00497235,natural_vegetation_fire,natural_vegetation_fire,0.0018000675622516589,0.7012333033618421,0.2969666290759064
FW_00590607,natural_vegetation_fire,natural_vegetation_fire,0.006823142643767312,0.5017121016040393,0.4914647557521934
FW_00534267,natural_vegetation_fire,natural_vegetation_fire,0.0017676489001535098,0.7736911231433296,0.2245412279565168
FW_00231535,natural_vegetation_fire,natural_vegetation_fire,0.004818748637818724,0.9582053659754974,0.03697588538668383
FW_00796012,natural_vegetation_fire,natural_vegetation_fire,0.001106226048682061,0.9647041198524994,0.03418965409881863
FW_01685119,other_uncertain,other_uncertain,0.3095610889018724,0.10457892058139859,0.585859990516729
FW_00059403,natural_vegetation_fire,natural_vegetation_fire,0.001320100731424181,0.9826942944881993,0.01598560478037638
FW_00397925,other_uncertain,other_uncertain,0.0392499816110157,0.24211717482346062,0.7186328435655236
FW_01416637,natural_vegetation_fire,natural_vegetation_fire,0.0009958361134969206,0.9814063653382015,0.017597798548301548
FW_01065873,natural_vegetation_fire,natural_vegetation_fire,0.001750546157930856,0.813199790696929,0.18504966314514004
FW_00423636,other_uncertain,other_uncertain,0.002167574228188946,0.016186431503870096,0.9816459942679409
FW_00127110,natural_vegetation_fire,natural_vegetation_fire,0.002518774761147428,0.8920942103808399,0.10538701485801252
FW_00553652,other_uncertain,other_uncertain,0.07418061139579561,0.028641290728788998,0.8971780978754155
FW_01178895,natural_vegetation_fire,natural_vegetation_fire,0.003126569938083584,0.904407778032369,0.09246565202954737
FW_00520182,other_uncertain,other_uncertain,0.0071056077122519335,0.14210048362196345,0.8507939086657845
FW_01109604,natural_vegetation_fire,natural_vegetation_fire,0.0030186883059954667,0.7217983213950959,0.27518299029890864
FW_00487464,natural_vegetation_fire,natural_vegetation_fire,0.011287809099790935,0.8688901463442031,0.11982204455600601
FW_00144828,other_uncertain,other_uncertain,0.20808317284482172,0.014231732509465739,0.7776850946457124
FW_01164002,other_uncertain,other_uncertain,0.001734624855352167,0.024330098218235553,0.9739352769264122
FW_01465770,natural_vegetation_fire,natural_vegetation_fire,0.004108011837267585,0.8918619148890591,0.10403007327367317
FW_00546089,natural_vegetation_fire,natural_vegetation_fire,0.002565011234217496,0.8512262679278895,0.1462087208378931
FW_01116337,natural_vegetation_fire,natural_vegetation_fire,0.0015074942140810648,0.9357032952820312,0.06278921050388782
FW_00830778,natural_vegetation_fire,natural_vegetation_fire,0.006437804185883791,0.7920863835896002,0.20147581222451613
FW_00928830,natural_vegetation_fire,natural_vegetation_fire,0.005526229735841448,0.9667752398490731,0.027698530415085434
FW_00958079,other_uncertain,other_uncertain,0.00423984516326872,0.019413522212605974,0.9763466326241254
FW_01088901,natural_vegetation_fire,natural_vegetation_fire,0.002375108935094078,0.9150037045535714,0.08262118651133438
FW_01489421,natural_vegetation_fire,natural_vegetation_fire,0.0036475944896968166,0.7817249333658356,0.2146274721444675
FW_01050080,other_uncertain,other_uncertain,0.0028597828563597786,0.24846382396650057,0.7486763931771397
FW_00232434,natural_vegetation_fire,natural_vegetation_fire,0.002192471331833655,0.9561350017204907,0.041672526947675585
FW_00249702,natural_vegetation_fire,natural_vegetation_fire,0.001968153663786694,0.9633246204596763,0.03470722587653707
FW_00932501,natural_vegetation_fire,other_uncertain,0.011085689232270234,0.43356119885029215,0.5553531119174376
FW_00463315,natural_vegetation_fire,natural_vegetation_fire,0.03155218470530297,0.6646081313940486,0.30383968390064836
FW_00571298,other_uncertain,other_uncertain,0.006273933133885246,0.022800188335012204,0.9709258785311027
FW_00687044,natural_vegetation_fire,natural_vegetation_fire,0.00077788867519508,0.964610118588292,0.03461199273651284
FW_00390165,other_uncertain,other_uncertain,0.16465141902683608,0.012518735299204579,0.8228298456739593
FW_00368343,natural_vegetation_fire,natural_vegetation_fire,0.0033442339515484484,0.9500381139864261,0.046617652062025304
FW_00858319,natural_vegetation_fire,natural_vegetation_fire,0.007872017842758363,0.9508778500323064,0.04125013212493528
FW_01630696,natural_vegetation_fire,natural_vegetation_fire,0.0013623292853919466,0.9802466391825078,0.01839103153210043
FW_00279111,natural_vegetation_fire,natural_vegetation_fire,0.003609012103066987,0.8174163633763426,0.17897462452059026
FW_00242148,natural_vegetation_fire,natural_vegetation_fire,0.0018157983221156761,0.9832571016879676,0.014927099989916582
FW_00792988,natural_vegetation_fire,natural_vegetation_fire,0.005982253526028609,0.9735222533150572,0.02049549315891423
FW_00902962,natural_vegetation_fire,natural_vegetation_fire,0.003106559674224699,0.9584364496952923,0.03845699063048295
FW_01583082,natural_vegetation_fire,natural_vegetation_fire,0.0025695970331149026,0.8845291589522342,0.11290124401465094
FW_00214654,natural_vegetation_fire,natural_vegetation_fire,0.002024534870654853,0.9741670351860817,0.023808429943263418
FW_00558707,industrial_fire_candidate,other_uncertain,0.42271309481490005,0.011696875776802973,0.565590029408297
FW_01616663,natural_vegetation_fire,natural_vegetation_fire,0.00636793217696374,0.9108761449367749,0.0827559228862614
FW_00461560,natural_vegetation_fire,natural_vegetation_fire,0.03496055398536126,0.5872292838914432,0.37781016212319546
FW_00569770,industrial_fire_candidate,other_uncertain,0.020044985731740683,0.08911261998284413,0.8908423942854152
FW_00483601,natural_vegetation_fire,natural_vegetation_fire,0.004240579713490043,0.8664090709302988,0.12935034935621115
FW_01165247,other_uncertain,other_uncertain,0.09682418645457981,0.02554227366086874,0.8776335398845514
FW_01464402,natural_vegetation_fire,natural_vegetation_fire,0.0501879473307907,0.49261679475023334,0.457195257918976
FW_00899223,other_uncertain,natural_vegetation_fire,0.010124769783127338,0.8388012085261416,0.15107402169073114
FW_00594469,other_uncertain,other_uncertain,0.3309034953685803,0.009451988778286768,0.6596445158531329
FW_01584510,other_uncertain,other_uncertain,0.3652464332218565,0.05639241948157178,0.5783611472965716
FW_01454091,natural_vegetation_fire,natural_vegetation_fire,0.005760424623799557,0.8242689513578189,0.1699706240183815
FW_00170067,natural_vegetation_fire,natural_vegetation_fire,0.0008871643054689302,0.9630930342397428,0.03601980145478832
FW_00493151,natural_vegetation_fire,natural_vegetation_fire,0.0031553999031522554,0.93168581977657,0.06515878032027762
FW_00209990,natural_vegetation_fire,natural_vegetation_fire,0.0015260610171899567,0.9300471775862007,0.0684267613966093
FW_00089535,natural_vegetation_fire,natural_vegetation_fire,0.0019214213813527662,0.9693625012631115,0.028716077355535743
FW_00123339,other_uncertain,other_uncertain,0.0015330694010678926,0.016079648140265034,0.9823872824586671
FW_00375036,natural_vegetation_fire,natural_vegetation_fire,0.0016637457303210182,0.836659293182364,0.16167696108731502
FW_00003101,other_uncertain,other_uncertain,0.004107268699305495,0.012107746880838733,0.9837849844198558
FW_00607274,other_uncertain,other_uncertain,0.023483394043994913,0.015955052021980606,0.9605615539340245
FW_00781219,natural_vegetation_fire,natural_vegetation_fire,0.0012568314617522492,0.9627078870334511,0.036035281504796506
FW_01301906,industrial_fire_candidate,other_uncertain,0.2590730646631389,0.13558309826764142,0.6053438370692198
FW_00079767,natural_vegetation_fire,natural_vegetation_fire,0.002207979477691868,0.9542195057987187,0.043572514723589466
FW_01632141,other_uncertain,other_uncertain,0.005206873031863685,0.09930901364128966,0.8954841133268466
FW_00307306,natural_vegetation_fire,natural_vegetation_fire,0.0017235033004406302,0.9885683617405873,0.00970813495897197
FW_00620770,natural_vegetation_fire,natural_vegetation_fire,0.0014915910816960171,0.9695032006972677,0.029005208221036326
FW_00573646,other_uncertain,other_uncertain,0.010955019585804285,0.25677884260509465,0.732266137809101
FW_01678638,natural_vegetation_fire,natural_vegetation_fire,0.0012319250949751807,0.8554420251077853,0.14332604979723948
FW_00545333,other_uncertain,other_uncertain,0.19088050432121792,0.010426765489196126,0.798692730189586
FW_00367668,natural_vegetation_fire,natural_vegetation_fire,0.0165400150856603,0.8713510611183874,0.11210892379595229
FW_00274069,other_uncertain,other_uncertain,0.18045440622219167,0.006577393785383868,0.8129681999924244
FW_00014931,other_uncertain,other_uncertain,0.003540438795061148,0.009790749407217842,0.986668811797721
FW_00063965,natural_vegetation_fire,natural_vegetation_fire,0.002532182940795235,0.9326306472690538,0.06483716979015093
FW_01044281,other_uncertain,other_uncertain,0.005768471389118021,0.06696158307375576,0.9272699455371263
FW_00762321,natural_vegetation_fire,natural_vegetation_fire,0.001205658249300665,0.9596361036062081,0.039158238144491396
FW_00586616,natural_vegetation_fire,natural_vegetation_fire,0.0017487599475647744,0.8285949019626735,0.16965633808976163
FW_01121225,other_uncertain,other_uncertain,0.30407635527969396,0.010022042910376516,0.6859016018099294
FW_00444897,other_uncertain,other_uncertain,0.024532056057157352,0.08348670954763322,0.8919812343952095
FW_01580917,natural_vegetation_fire,natural_vegetation_fire,0.0022956208315447024,0.9242825526985536,0.0734218264699015
FW_01127493,other_uncertain,other_uncertain,0.08864140483812795,0.04054596793365868,0.8708126272282134
FW_00006514,other_uncertain,other_uncertain,0.025191992080083554,0.23839919593147701,0.7364088119884394
FW_00208641,natural_vegetation_fire,natural_vegetation_fire,0.0015902802366196454,0.9758427542354648,0.022566965527915633
FW_00620762,natural_vegetation_fire,natural_vegetation_fire,0.0005509930190716451,0.9767631543918573,0.022685852589070965
FW_00742395,natural_vegetation_fire,natural_vegetation_fire,0.0009252852535906035,0.9610088943208012,0.03806582042560824
FW_00756956,natural_vegetation_fire,natural_vegetation_fire,0.013525934972305888,0.9316802886851419,0.05479377634255223
FW_01153353,other_uncertain,other_uncertain,0.013759115275837378,0.15748410723807044,0.8287567774860922
FW_00996088,natural_vegetation_fire,natural_vegetation_fire,0.0004861822655960873,0.9789357641676967,0.020578053566707204
FW_01013540,natural_vegetation_fire,natural_vegetation_fire,0.005708895570298706,0.9388997776207052,0.05539132680899592
FW_00672434,natural_vegetation_fire,natural_vegetation_fire,0.0025690486558547347,0.9712190480579997,0.02621190328614551
FW_00327145,natural_vegetation_fire,natural_vegetation_fire,0.0014269898647080415,0.9632973610811989,0.03527564905409312
FW_01528989,natural_vegetation_fire,natural_vegetation_fire,0.0014969879864642642,0.8544877651717375,0.14401524684179834
FW_00892497,natural_vegetation_fire,natural_vegetation_fire,0.000441669113172768,0.989513384450912,0.010044946435915178
FW_00345289,other_uncertain,other_uncertain,0.003638069995683961,0.45753250416337715,0.538829425840939
FW_00693723,natural_vegetation_fire,natural_vegetation_fire,0.0024822115456956378,0.9111671374066328,0.0863506510476714
FW_00797018,natural_vegetation_fire,natural_vegetation_fire,0.0012655852522649117,0.8864939740130695,0.11224044073466544
FW_00147808,natural_vegetation_fire,natural_vegetation_fire,0.0026226575650283497,0.9577485257830314,0.0396288166519401
FW_00055999,natural_vegetation_fire,natural_vegetation_fire,0.0005349627254188458,0.9779347522465902,0.02153028502799098
FW_00335528,natural_vegetation_fire,natural_vegetation_fire,0.0020979669589220777,0.9132303380677188,0.08467169497335911
FW_01065481,other_uncertain,other_uncertain,0.014210151394478546,0.14952097741263795,0.8362688711928834
FW_01654197,natural_vegetation_fire,natural_vegetation_fire,0.0007927899025364227,0.9706765279078872,0.028530682189576308
FW_00412794,other_uncertain,other_uncertain,0.005911037961701553,0.011301907737022606,0.9827870543012758
FW_00839459,natural_vegetation_fire,natural_vegetation_fire,0.008064037670082925,0.9044579659267385,0.08747799640317852
FW_00379288,other_uncertain,other_uncertain,0.009810757133198634,0.021923369676672813,0.9682658731901286
FW_01222911,natural_vegetation_fire,natural_vegetation_fire,0.0055077032596728736,0.9007076650041994,0.09378463173612778
FW_00598807,natural_vegetation_fire,natural_vegetation_fire,0.027671677337604783,0.8501792516062109,0.12214907105618439
FW_00470161,natural_vegetation_fire,natural_vegetation_fire,0.0031257201432354524,0.7030314458232018,0.29384283403356265
FW_01698096,other_uncertain,natural_vegetation_fire,0.0012132673510439908,0.7662894849469719,0.2324972477019842
FW_00052465,natural_vegetation_fire,natural_vegetation_fire,0.002027099554185289,0.9157475695310467,0.08222533091476808
FW_01577939,other_uncertain,other_uncertain,0.004106353926293143,0.07844930176177793,0.9174443443119289
FW_01071636,natural_vegetation_fire,natural_vegetation_fire,0.005532382185438784,0.9043498554818119,0.0901177623327494
FW_01404720,other_uncertain,natural_vegetation_fire,0.00452265661913321,0.5898872498071654,0.40559009357370135
FW_01411180,natural_vegetation_fire,natural_vegetation_fire,0.0009079665276455933,0.9761482865192557,0.022943746953098833
FW_00444922,other_uncertain,other_uncertain,0.016411982755447207,0.22500290568180148,0.7585851115627514
FW_00722803,natural_vegetation_fire,natural_vegetation_fire,0.003514241777309181,0.949818899336946,0.04666685888574472
FW_01257230,other_uncertain,other_uncertain,0.08198172066018491,0.3469126347654858,0.5711056445743293
FW_01560390,natural_vegetation_fire,natural_vegetation_fire,0.00130918712378971,0.9410209253387848,0.05766988753742563
FW_00705414,industrial_fire_candidate,other_uncertain,0.08458002483328671,0.15351081382083523,0.761909161345878
FW_01056843,other_uncertain,other_uncertain,0.0023361121358863395,0.03953290460014759,0.9581309832639661
FW_01610165,natural_vegetation_fire,natural_vegetation_fire,0.056428183236031146,0.6265826567046088,0.31698916005936
FW_01006895,natural_vegetation_fire,natural_vegetation_fire,0.0017732205501732351,0.8903009329133558,0.10792584653647101
FW_01097303,natural_vegetation_fire,natural_vegetation_fire,0.001974378814751734,0.8301171770313772,0.1679084441538709
FW_00267742,other_uncertain,industrial_fire_candidate,0.5009008707801329,0.25780638546655776,0.24129274375330936
FW_01580949,natural_vegetation_fire,other_uncertain,0.006624578478203118,0.2895853209741012,0.7037901005476958
FW_01705419,natural_vegetation_fire,natural_vegetation_fire,0.004797936862237098,0.9063379569745327,0.08886410616323019
FW_00049344,natural_vegetation_fire,other_uncertain,0.05265696654202846,0.1428277569004967,0.8045152765574749
FW_01562755,natural_vegetation_fire,natural_vegetation_fire,0.002135554937736872,0.944501366121901,0.05336307894036212
FW_01390772,natural_vegetation_fire,natural_vegetation_fire,0.004359006906833636,0.9127073115149399,0.08293368157822652
FW_00359605,natural_vegetation_fire,natural_vegetation_fire,0.0024618106528154337,0.9211825179739637,0.0763556713732209
FW_01611619,other_uncertain,other_uncertain,0.004928902218693723,0.07877567401108962,0.9162954237702166
FW_00349587,natural_vegetation_fire,natural_vegetation_fire,0.0017602866440564538,0.8692623436497657,0.12897736970617768
FW_00883241,natural_vegetation_fire,natural_vegetation_fire,0.0008889027347999037,0.9772215849641889,0.02188951230101115
FW_00223390,natural_vegetation_fire,natural_vegetation_fire,0.003174624207449998,0.9080746576306838,0.08875071816186611
FW_01125332,natural_vegetation_fire,natural_vegetation_fire,0.0020693633177489585,0.8048639340421946,0.19306670264005643
FW_01104572,natural_vegetation_fire,natural_vegetation_fire,0.0019210858960207711,0.9203704054835206,0.07770850862045856
FW_01020460,natural_vegetation_fire,natural_vegetation_fire,0.001774167891614302,0.8827561273703795,0.11546970473800613
FW_00399716,other_uncertain,other_uncertain,0.005074706478194362,0.02638772061445964,0.968537572907346
