observation_id,actual_class,predicted_class,prob_industrial,prob_natural,prob_other
FW_00501709,natural_vegetation_fire,natural_vegetation_fire,0.000843253077486293,0.963324302777768,0.035832444144745686
FW_00059227,natural_vegetation_fire,natural_vegetation_fire,0.043758542723975585,0.5167343766359063,0.4395070806401182
FW_00239656,other_uncertain,other_uncertain,0.060353281323862897,0.06897452267576853,0.8706721960003686
FW_01587012,other_uncertain,other_uncertain,0.002771856588555675,0.02184579285297557,0.9753823505584689
FW_00058775,natural_vegetation_fire,natural_vegetation_fire,0.0007619029081221266,0.9819565722066053,0.017281524885272643
FW_00446635,other_uncertain,other_uncertain,0.00739911715076763,0.06356915048185847,0.929031732367374
FW_00647476,natural_vegetation_fire,natural_vegetation_fire,0.0027201150613763822,0.9071309059528264,0.09014897898579735
FW_00351867,other_uncertain,other_uncertain,0.11092477321655816,0.01720978554851619,0.8718654412349257
FW_01369279,natural_vegetation_fire,natural_vegetation_fire,0.0020632638403911907,0.9700898292952206,0.02784690686438835
FW_00870874,natural_vegetation_fire,natural_vegetation_fire,0.001853388416602839,0.9261657982053152,0.07198081337808183
FW_00401337,natural_vegetation_fire,natural_vegetation_fire,0.0015031020982438075,0.7062336339148633,0.29226326398689295
FW_00487836,natural_vegetation_fire,natural_vegetation_fire,0.010462152920411581,0.8360056981989893,0.15353214888059913
FW_00201903,natural_vegetation_fire,natural_vegetation_fire,0.006720892666424773,0.6910698781464282,0.30220922918714704
FW_00692431,other_uncertain,other_uncertain,0.0052021750567256475,0.019071215268534978,0.9757266096747392
FW_01549487,natural_vegetation_fire,natural_vegetation_fire,0.006287722947692986,0.7706536086826258,0.22305866836968113
FW_00273934,other_uncertain,natural_vegetation_fire,0.003309101134828583,0.8271194781949404,0.16957142067023095
FW_01326950,natural_vegetation_fire,natural_vegetation_fire,0.0021402783470358252,0.9734156556023542,0.024444066050609826
FW_01093624,natural_vegetation_fire,natural_vegetation_fire,0.016247866541553413,0.8557338268942154,0.12801830656423102
FW_00406183,natural_vegetation_fire,natural_vegetation_fire,0.002019605721998196,0.9175113764575674,0.08046901782043434
FW_00044098,other_uncertain,natural_vegetation_fire,0.1080132057102264,0.46961109791478295,0.42237569637499073
FW_00513874,natural_vegetation_fire,natural_vegetation_fire,0.0034170785063901833,0.9676630124997132,0.02891990899389649
FW_01128107,other_uncertain,other_uncertain,0.0017224989655347529,0.029445446929607984,0.9688320541048572
FW_00601520,industrial_fire_candidate,other_uncertain,0.30259590864153324,0.021229835334153933,0.6761742560243129
FW_00472477,natural_vegetation_fire,natural_vegetation_fire,0.10258623518577398,0.7868363636774727,0.11057740113675348
FW_00831754,other_uncertain,other_uncertain,0.0013970753941641289,0.02222248208814342,0.9763804425176925
FW_01627520,natural_vegetation_fire,natural_vegetation_fire,0.0022953893072809074,0.7967954389060471,0.20090917178667203
FW_00453011,natural_vegetation_fire,natural_vegetation_fire,0.004912561160604555,0.6914726597153302,0.30361477912406515
FW_00861401,other_uncertain,natural_vegetation_fire,0.017952528420821675,0.6503992472589646,0.33164822432021385
FW_00241777,other_uncertain,other_uncertain,0.48581293498099715,0.017877160597144892,0.4963099044218581
FW_00392998,natural_vegetation_fire,natural_vegetation_fire,0.004296685536084865,0.8454469696890891,0.15025634477482616
FW_01093603,natural_vegetation_fire,natural_vegetation_fire,0.00343750147293367,0.7936962062602714,0.202866292266795
FW_00827189,natural_vegetation_fire,natural_vegetation_fire,0.005120204982090428,0.7928239056444673,0.20205588937344235
FW_01286811,natural_vegetation_fire,natural_vegetation_fire,0.0006176570444876261,0.9924255436180888,0.006956799337423507
FW_00493165,natural_vegetation_fire,natural_vegetation_fire,0.0012081355066318666,0.8383651671987714,0.1604266972945967
FW_01692006,other_uncertain,other_uncertain,0.3180494370154271,0.006746656688472,0.6752039062961008
FW_01182628,natural_vegetation_fire,other_uncertain,0.005429687638956088,0.33647768023705166,0.6580926321239923
FW_00148607,natural_vegetation_fire,natural_vegetation_fire,0.0011492321452246652,0.9831127096508232,0.01573805820395201
FW_00109867,natural_vegetation_fire,natural_vegetation_fire,0.0026396218534635095,0.8842374598450399,0.11312291830149668
FW_00334280,natural_vegetation_fire,natural_vegetation_fire,0.0014934491627737565,0.971237803521027,0.027268747316199254
FW_01567752,natural_vegetation_fire,natural_vegetation_fire,0.002656283397433629,0.7925423004437182,0.20480141615884806
FW_00016767,other_uncertain,natural_vegetation_fire,0.012520693515144073,0.6347327208709332,0.3527465856139227
FW_01070375,industrial_fire_candidate,industrial_fire_candidate,0.5189556086624607,0.012007619027640345,0.4690367723098991
FW_01541517,natural_vegetation_fire,natural_vegetation_fire,0.0012881810477911983,0.9426263205723705,0.056085498379838186
FW_00442354,other_uncertain,other_uncertain,0.02246315106633418,0.06006368202701092,0.9174731669066549
FW_01345134,natural_vegetation_fire,natural_vegetation_fire,0.001712794160058736,0.9316197702175545,0.06666743562238686
FW_01581336,natural_vegetation_fire,natural_vegetation_fire,0.001087105454453688,0.9252926268975591,0.0736202676479872
FW_01095201,natural_vegetation_fire,natural_vegetation_fire,0.003917401312476257,0.7110171999550785,0.2850653987324452
FW_01129842,other_uncertain,industrial_fire_candidate,0.8709056954330248,0.0046079114304300355,0.12448639313654526
FW_00129829,natural_vegetation_fire,natural_vegetation_fire,0.0004825298016885581,0.9863264618288959,0.013191008369415573
FW_00052222,other_uncertain,other_uncertain,0.3003857204925437,0.012819422642532845,0.6867948568649235
FW_01155525,other_uncertain,other_uncertain,0.2124085171457294,0.029939900051625702,0.7576515828026449
FW_01668808,other_uncertain,other_uncertain,0.015388046945080664,0.028629206135774632,0.9559827469191448
FW_00537464,natural_vegetation_fire,natural_vegetation_fire,0.010283475036567602,0.6225951844815676,0.3671213404818649
FW_00443664,natural_vegetation_fire,other_uncertain,0.2084671089539163,0.031153849193429832,0.7603790418526538
FW_00753730,natural_vegetation_fire,natural_vegetation_fire,0.0007981503590922942,0.989330823080015,0.00987102656089276
FW_01162099,other_uncertain,other_uncertain,0.024698323657670832,0.017705983346912944,0.9575956929954162
FW_00001804,other_uncertain,natural_vegetation_fire,0.024213923856143345,0.5744776933947713,0.4013083827490854
FW_00694399,natural_vegetation_fire,natural_vegetation_fire,0.0014837868661578349,0.973132793241327,0.025383419892515212
FW_00339116,natural_vegetation_fire,industrial_fire_candidate,0.8113536978165068,0.03904141947869044,0.1496048827048027
FW_01482670,industrial_fire_candidate,other_uncertain,0.04640667175148795,0.028609004712651855,0.9249843235358604
FW_01614691,natural_vegetation_fire,other_uncertain,0.24150654353058768,0.21031821843174606,0.5481752380376663
FW_01078391,natural_vegetation_fire,natural_vegetation_fire,0.0038483948848997305,0.8885364255115747,0.10761517960352547
FW_01456321,natural_vegetation_fire,natural_vegetation_fire,0.002189729362018632,0.9745617466493223,0.02324852398865917
FW_00645555,natural_vegetation_fire,natural_vegetation_fire,0.1412480351787505,0.6181032850027646,0.24064867981848487
FW_00504778,natural_vegetation_fire,natural_vegetation_fire,0.0027904877912710486,0.5911941226257903,0.40601538958293865
FW_01593514,natural_vegetation_fire,natural_vegetation_fire,0.0009313258689042556,0.9015369200816885,0.09753175404940734
FW_01186021,other_uncertain,other_uncertain,0.028643758412012443,0.18824181848413268,0.7831144231038548
FW_01589227,other_uncertain,other_uncertain,0.0011792304276886838,0.042090838175650555,0.9567299313966608
FW_00518181,natural_vegetation_fire,natural_vegetation_fire,0.0015539058820880547,0.8375698347605385,0.1608762593573734
FW_00544937,other_uncertain,other_uncertain,0.002078708977521884,0.017778889186154525,0.9801424018363235
FW_00003794,other_uncertain,other_uncertain,0.026486942759555963,0.055004668106834055,0.91850838913361
FW_01049670,natural_vegetation_fire,other_uncertain,0.0023138606020653967,0.2560630572244846,0.74162308217345
FW_00965145,natural_vegetation_fire,natural_vegetation_fire,0.001943296315290881,0.9118572134475973,0.0861994902371117
FW_00910762,industrial_fire_candidate,natural_vegetation_fire,0.3433383605895342,0.43750942796852094,0.2191522114419449
FW_01699370,natural_vegetation_fire,natural_vegetation_fire,0.006176531976827446,0.6051434400624361,0.3886800279607365
FW_01646537,natural_vegetation_fire,natural_vegetation_fire,0.0015753943093693976,0.960029694916192,0.038394910774438684
FW_01511943,natural_vegetation_fire,natural_vegetation_fire,0.017291555438554915,0.6959280613653868,0.2867803831960584
FW_00733363,natural_vegetation_fire,natural_vegetation_fire,0.0012112085109234922,0.9715619813143999,0.027226810174676503
FW_00074150,other_uncertain,other_uncertain,0.18884319416367315,0.04760804247220614,0.7635487633641206
FW_01474518,natural_vegetation_fire,natural_vegetation_fire,0.0016595099599863222,0.8602928312499921,0.13804765879002157
FW_00371808,other_uncertain,other_uncertain,0.0017440613910627218,0.024142251649273687,0.9741136869596636
FW_00762268,natural_vegetation_fire,natural_vegetation_fire,0.0008097767133962054,0.9846671104596287,0.01452311282697497
FW_01413854,natural_vegetation_fire,natural_vegetation_fire,0.0009060055197470676,0.9684912135832856,0.030602780896967458
FW_01115740,other_uncertain,other_uncertain,0.048422732815779704,0.2816720694770836,0.6699051977071366
FW_00268769,other_uncertain,other_uncertain,0.0024805468043578123,0.013991543784026119,0.983527909411616
FW_00349181,natural_vegetation_fire,natural_vegetation_fire,0.0019990504562180764,0.927875783205295,0.07012516633848714
FW_00048791,other_uncertain,natural_vegetation_fire,0.00288703501230235,0.8417384031726338,0.15537456181506382
FW_01702192,natural_vegetation_fire,natural_vegetation_fire,0.003073866312800636,0.7675049823169763,0.2294211513702231
FW_01722875,natural_vegetation_fire,natural_vegetation_fire,0.0048017555282871705,0.9155961695328042,0.07960207493890857
FW_00827430,natural_vegetation_fire,natural_vegetation_fire,0.003009009335525581,0.963995007821567,0.03299598284290756
FW_00066001,natural_vegetation_fire,natural_vegetation_fire,0.00163813678439747,0.8278926232127395,0.170469240002863
FW_00868117,natural_vegetation_fire,natural_vegetation_fire,0.0012953684164686773,0.9707954475009756,0.027909184082555733
FW_00004558,other_uncertain,other_uncertain,0.19041643410662693,0.012171736847531705,0.7974118290458414
FW_00650314,natural_vegetation_fire,natural_vegetation_fire,0.001362268751287961,0.9390944261343189,0.05954330511439323
FW_01238911,natural_vegetation_fire,natural_vegetation_fire,0.0017839766092472246,0.9569955214797857,0.0412205019109671
FW_01513832,natural_vegetation_fire,natural_vegetation_fire,0.004704941641458959,0.5688546746599653,0.42644038369857573
FW_00082499,natural_vegetation_fire,natural_vegetation_fire,0.0011882940936656524,0.9829539867698641,0.01585771913647009
FW_01566148,natural_vegetation_fire,natural_vegetation_fire,0.006658327740345177,0.819969700585438,0.17337197167421667
FW_01391033,natural_vegetation_fire,natural_vegetation_fire,0.0015869927611932655,0.9576137643611662,0.04079924287764053
FW_00888383,natural_vegetation_fire,natural_vegetation_fire,0.004166789310008028,0.9150757662091393,0.08075744448085274
FW_00446629,other_uncertain,other_uncertain,0.002036817176622926,0.027481753395268687,0.9704814294281084
FW_01123966,natural_vegetation_fire,natural_vegetation_fire,0.0030257679663065872,0.8415961509384404,0.15537808109525292
FW_00223988,industrial_fire_candidate,industrial_fire_candidate,0.5373029626831645,0.0420411678710831,0.4206558694457525
FW_01138776,industrial_fire_candidate,other_uncertain,0.03747649658016928,0.15735756678401602,0.8051659366358147
FW_01393433,other_uncertain,other_uncertain,0.0041093009276522005,0.024605355962561564,0.9712853431097863
FW_01218307,natural_vegetation_fire,natural_vegetation_fire,0.006295221013149082,0.8630881164314265,0.13061666255542448
FW_00479767,other_uncertain,other_uncertain,0.006376198117910651,0.015024906332651205,0.978598895549438
FW_00306699,other_uncertain,other_uncertain,0.05640730222304483,0.033788098342979946,0.9098045994339752
FW_00998163,other_uncertain,other_uncertain,0.432441706411487,0.0098891731243659,0.5576691204641471
FW_01254885,other_uncertain,other_uncertain,0.0011078407219778975,0.02007476946320813,0.978817389814814
FW_01601359,other_uncertain,other_uncertain,0.0008083462755033064,0.018063318555091336,0.9811283351694053
FW_01085649,natural_vegetation_fire,other_uncertain,0.004804775637154636,0.41206770678605015,0.5831275175767952
FW_00109749,natural_vegetation_fire,natural_vegetation_fire,0.0005034194722976576,0.9928457591200245,0.0066508214076779915
FW_00894490,natural_vegetation_fire,natural_vegetation_fire,0.0006586985441598304,0.9807773363784995,0.01856396507734059
FW_00607714,natural_vegetation_fire,natural_vegetation_fire,0.003232252159126896,0.8451337022187299,0.1516340456221432
FW_00334079,natural_vegetation_fire,natural_vegetation_fire,0.011391680720054023,0.895437236785964,0.09317108249398212
FW_01427552,other_uncertain,other_uncertain,0.0013180884461295183,0.02668844326736255,0.9719934682865079
FW_00024961,natural_vegetation_fire,other_uncertain,0.005368090356557647,0.3600949395276731,0.6345369701157693
FW_01560028,natural_vegetation_fire,natural_vegetation_fire,0.0019659544292586705,0.848925212047834,0.14910883352290719
FW_01163227,natural_vegetation_fire,natural_vegetation_fire,0.0013331258589868293,0.8868556835393416,0.11181119060167148
FW_00706986,natural_vegetation_fire,natural_vegetation_fire,0.0008333238033536601,0.9827790602640879,0.016387615932558348
FW_00595530,industrial_fire_candidate,industrial_fire_candidate,0.833369072585882,0.005916129189575494,0.1607147982245425
FW_00443372,natural_vegetation_fire,natural_vegetation_fire,0.003396637304471343,0.6587837426781686,0.3378196200173601
FW_01213709,natural_vegetation_fire,other_uncertain,0.3392674175277843,0.18460022100432466,0.4761323614678912
FW_01025195,natural_vegetation_fire,natural_vegetation_fire,0.006389464343079024,0.9317488909872762,0.06186164466964475
FW_01248604,natural_vegetation_fire,natural_vegetation_fire,0.0022883481503767344,0.8029883962907318,0.19472325555889142
FW_00099968,natural_vegetation_fire,natural_vegetation_fire,0.0016401163931653046,0.9779494577440736,0.02041042586276107
FW_01663781,other_uncertain,industrial_fire_candidate,0.5781016928323887,0.15511116405553524,0.266787143112076
FW_00210506,natural_vegetation_fire,natural_vegetation_fire,0.0010383422493786011,0.9861937187168652,0.012767939033756143
FW_00540565,other_uncertain,natural_vegetation_fire,0.0012396852652010889,0.7119744486049575,0.28678586612984136
FW_01579661,other_uncertain,other_uncertain,0.0007130211161237709,0.008966089447885415,0.9903208894359908
FW_00683901,other_uncertain,other_uncertain,0.0074722932281191656,0.07376859551949824,0.9187591112523825
FW_01012808,natural_vegetation_fire,natural_vegetation_fire,0.002064550440553043,0.865459153656823,0.1324762959026239
FW_01379162,natural_vegetation_fire,natural_vegetation_fire,0.0034762339840795227,0.9696318645935985,0.026891901422321954
FW_00839920,natural_vegetation_fire,natural_vegetation_fire,0.0025490033834027355,0.9474538816404996,0.04999711497609778
FW_00975868,other_uncertain,other_uncertain,0.29729931621521644,0.09509106804925624,0.6076096157355273
FW_01587737,other_uncertain,other_uncertain,0.0009111127504407188,0.025562170578332464,0.9735267166712268
FW_00854170,natural_vegetation_fire,other_uncertain,0.2546041262496941,0.3443736852469118,0.40102218850339405
FW_00856722,other_uncertain,other_uncertain,0.006899765857233643,0.02540707517863415,0.9676931589641321
FW_00994374,natural_vegetation_fire,natural_vegetation_fire,0.006764131347919723,0.6896950444982171,0.30354082415386335
FW_01081513,natural_vegetation_fire,natural_vegetation_fire,0.0006946188319098087,0.9743752160707418,0.02493016509734828
FW_00920240,natural_vegetation_fire,natural_vegetation_fire,0.006050218045346298,0.9703725315831764,0.023577250371477218
FW_00989815,natural_vegetation_fire,natural_vegetation_fire,0.005105433439568585,0.9151658716976286,0.07972869486280271
FW_01311001,natural_vegetation_fire,natural_vegetation_fire,0.0018908383842210327,0.8978146681004935,0.1002944935152855
FW_00707516,natural_vegetation_fire,natural_vegetation_fire,0.006116926700125236,0.9307854454130916,0.06309762788678312
FW_00857094,natural_vegetation_fire,natural_vegetation_fire,0.0022891132967753796,0.8625253339346841,0.13518555276854052
FW_01534228,other_uncertain,natural_vegetation_fire,0.004078203534100464,0.788217457063398,0.20770433940250158
FW_01680293,natural_vegetation_fire,natural_vegetation_fire,0.0014879508378212941,0.6349147762349158,0.363597272927263
FW_00069506,natural_vegetation_fire,natural_vegetation_fire,0.005249130991834686,0.8278772399568077,0.1668736290513576
FW_00666841,other_uncertain,natural_vegetation_fire,0.0102832864569073,0.84142952434496,0.14828718919813255
FW_00214659,natural_vegetation_fire,natural_vegetation_fire,0.0033216574328091635,0.9247887318444937,0.07188961072269712
FW_01028869,natural_vegetation_fire,other_uncertain,0.14428563425054908,0.4259977904051153,0.4297165753443357
FW_00172410,natural_vegetation_fire,natural_vegetation_fire,0.017616946410682902,0.8917606314466112,0.09062242214270586
FW_00528628,other_uncertain,natural_vegetation_fire,0.008385422797563127,0.6313833380078702,0.36023123919456673
FW_00045205,natural_vegetation_fire,natural_vegetation_fire,0.002638187899320138,0.9510595191560426,0.04630229294463718
FW_00635898,natural_vegetation_fire,natural_vegetation_fire,0.0022820596311085134,0.9641265379039873,0.03359140246490404
FW_01002741,natural_vegetation_fire,natural_vegetation_fire,0.0012989160779926195,0.8741935090841217,0.1245075748378858
FW_00418955,natural_vegetation_fire,natural_vegetation_fire,0.005836939655676929,0.8090288667533687,0.18513419359095426
FW_00447208,industrial_fire_candidate,other_uncertain,0.09979909142912222,0.04657439896322318,0.8536265096076547
FW_01513910,natural_vegetation_fire,natural_vegetation_fire,0.0038697502752522814,0.7946415913983245,0.20148865832642343
FW_00101936,natural_vegetation_fire,natural_vegetation_fire,0.0017289925428594336,0.9796686890574672,0.018602318399673277
FW_01437009,natural_vegetation_fire,natural_vegetation_fire,0.0012481811671722562,0.9618796780975818,0.03687214073524608
FW_01486299,natural_vegetation_fire,natural_vegetation_fire,0.009192422068983004,0.9341241656741637,0.05668341225685348
FW_00944885,other_uncertain,natural_vegetation_fire,0.0018048971698288523,0.813102976427608,0.18509212640256317
FW_01159188,other_uncertain,other_uncertain,0.16880229432866356,0.02717146870585751,0.8040262369654789
FW_00990713,other_uncertain,natural_vegetation_fire,0.002925268655452672,0.6780301114495114,0.31904461989503596
FW_00487814,other_uncertain,other_uncertain,0.0051844213106986775,0.14042061211585488,0.8543949665734465
FW_00662745,natural_vegetation_fire,natural_vegetation_fire,0.0010744409203762631,0.9843607032757702,0.014564855803853393
FW_01659500,other_uncertain,other_uncertain,0.06982428832344957,0.4004416795136211,0.5297340321629294
FW_01565926,natural_vegetation_fire,natural_vegetation_fire,0.005521678903476194,0.5913112933010408,0.40316702779548297
FW_00180681,natural_vegetation_fire,natural_vegetation_fire,0.003957082404458244,0.9671958127301353,0.028847104865406488
FW_01345011,natural_vegetation_fire,natural_vegetation_fire,0.0006611935277611846,0.9853215563400315,0.014017250132207117
FW_00691401,natural_vegetation_fire,natural_vegetation_fire,0.002248842753829611,0.9493737726618569,0.04837738458431359
FW_01277126,natural_vegetation_fire,natural_vegetation_fire,0.0031714956037099526,0.9587290682352629,0.03809943616102716
FW_00031437,other_uncertain,other_uncertain,0.47039938790888425,0.00569464131445748,0.5239059707766583
FW_00915601,natural_vegetation_fire,natural_vegetation_fire,0.0009247239131585765,0.9935406427839764,0.005534633302865078
FW_00052978,other_uncertain,other_uncertain,0.051666963369874114,0.04810961558503635,0.9002234210450895
FW_01221350,natural_vegetation_fire,natural_vegetation_fire,0.001522708536802734,0.9407200877345965,0.05775720372860076
FW_00995441,natural_vegetation_fire,natural_vegetation_fire,0.001780016896337734,0.7559091121642686,0.2423108709393937
FW_00257542,natural_vegetation_fire,natural_vegetation_fire,0.007641368383259687,0.9742058499635646,0.018152781653175798
FW_01428233,natural_vegetation_fire,natural_vegetation_fire,0.0009240978465906291,0.9668309823188588,0.032244919834550426
FW_00338017,natural_vegetation_fire,natural_vegetation_fire,0.001932087041716316,0.7380863095357468,0.25998160342253684
FW_01027058,industrial_fire_candidate,other_uncertain,0.10449290250291446,0.2514190598708173,0.6440880376262683
FW_00443881,industrial_fire_candidate,industrial_fire_candidate,0.7511909647390117,0.010542805415401153,0.23826622984558715
FW_01710306,natural_vegetation_fire,natural_vegetation_fire,0.0037044973728674545,0.9058309506769637,0.09046455195016888
FW_00478768,natural_vegetation_fire,natural_vegetation_fire,0.005948436538600905,0.5589827914021056,0.4350687720592935
FW_00464563,natural_vegetation_fire,natural_vegetation_fire,0.001645486538227508,0.9582130047041975,0.04014150875757499
FW_01572217,natural_vegetation_fire,natural_vegetation_fire,0.002246358747979894,0.9523630797712688,0.04539056148075141
FW_00433356,other_uncertain,other_uncertain,0.0010463436674347658,0.032218766234740966,0.9667348900978242
FW_01087393,natural_vegetation_fire,other_uncertain,0.0425893327811689,0.38929480221835905,0.5681158650004721
FW_01134035,natural_vegetation_fire,other_uncertain,0.006412589367051896,0.29320037894066214,0.7003870316922859
FW_01091632,natural_vegetation_fire,natural_vegetation_fire,0.0010542471885850544,0.8247560128080561,0.1741897400033589
FW_01506237,other_uncertain,other_uncertain,0.006173333522663642,0.4217417442939476,0.5720849221833887
FW_00268530,other_uncertain,other_uncertain,0.017493092524752694,0.09132706069782535,0.891179846777422
FW_00725566,natural_vegetation_fire,natural_vegetation_fire,0.0015328420876984156,0.9728919604914222,0.025575197420879266
FW_00026708,other_uncertain,other_uncertain,0.0020775705649309236,0.01201241089555253,0.9859100185395165
FW_00567093,other_uncertain,industrial_fire_candidate,0.6610410995148238,0.011608491357756228,0.32735040912742
FW_00584015,other_uncertain,other_uncertain,0.02629195905179385,0.07043288648151612,0.90327515446669
FW_00125910,natural_vegetation_fire,natural_vegetation_fire,0.0014768631391562208,0.9770493385487242,0.02147379831211963
FW_01559827,industrial_fire_candidate,natural_vegetation_fire,0.015146683788485688,0.5491589162470144,0.43569439996449993
FW_01409533,natural_vegetation_fire,natural_vegetation_fire,0.001016569137599176,0.9780190986251769,0.020964332237223948
FW_00437275,other_uncertain,other_uncertain,0.003846276776790984,0.09170876461446743,0.9044449586087415
FW_01216254,natural_vegetation_fire,natural_vegetation_fire,0.01660128854640329,0.7567392595553367,0.22665945189825992
FW_00553419,other_uncertain,other_uncertain,0.002054098767497394,0.014823535036041299,0.9831223661964613
FW_00892950,other_uncertain,other_uncertain,0.22264869233621215,0.03427466443049101,0.7430766432332969
FW_00958784,natural_vegetation_fire,natural_vegetation_fire,0.002476793693335601,0.8213256788750608,0.1761975274316036
FW_01661576,other_uncertain,other_uncertain,0.006627886981856504,0.33060097541232025,0.6627711376058233
FW_00722475,other_uncertain,other_uncertain,0.001980749915517057,0.014665907172865098,0.9833533429116177
FW_01665754,natural_vegetation_fire,natural_vegetation_fire,0.007202624480776477,0.6877736138777124,0.30502376164151107
FW_00877021,other_uncertain,other_uncertain,0.0018389309242680956,0.033755035692234966,0.9644060333834968
FW_00756506,natural_vegetation_fire,natural_vegetation_fire,0.002621094408540241,0.9838579087374562,0.013520996854003741
FW_00302887,natural_vegetation_fire,natural_vegetation_fire,0.0010562075202502077,0.9677773543011862,0.031166438178563502
FW_00484277,natural_vegetation_fire,natural_vegetation_fire,0.0008845071138740513,0.7595037027609818,0.2396117901251442
FW_01252533,natural_vegetation_fire,other_uncertain,0.0013908469169498304,0.022222291038525285,0.9763868620445249
FW_00217616,other_uncertain,other_uncertain,0.0018077857975252122,0.02444014500679529,0.9737520691956795
FW_01152801,natural_vegetation_fire,natural_vegetation_fire,0.0012474963796080811,0.9259607572840588,0.07279174633633327
FW_01185568,natural_vegetation_fire,natural_vegetation_fire,0.00203273734266754,0.9803840119372399,0.017583250720092702
FW_01504527,natural_vegetation_fire,natural_vegetation_fire,0.0007242114946152073,0.990127071594851,0.00914871691053382
FW_01474811,natural_vegetation_fire,natural_vegetation_fire,0.0029832498928405037,0.9491050372667118,0.047911712840447644
FW_01269031,natural_vegetation_fire,natural_vegetation_fire,0.0012723073093776282,0.9701253992640825,0.028602293426539888
FW_01338881,natural_vegetation_fire,natural_vegetation_fire,0.00398323041318397,0.9450641752909436,0.050952594295872386
FW_00189415,natural_vegetation_fire,natural_vegetation_fire,0.0024318328299753047,0.9607790522528357,0.03678911491718883
FW_00676448,natural_vegetation_fire,natural_vegetation_fire,0.006203292837503622,0.9697938945845099,0.024002812577986372
FW_01557233,natural_vegetation_fire,natural_vegetation_fire,0.0032094072630132722,0.6917775178348279,0.3050130749021589
FW_00154857,natural_vegetation_fire,natural_vegetation_fire,0.000671528212240926,0.9675328228896329,0.03179564889812613
FW_00990768,natural_vegetation_fire,natural_vegetation_fire,0.0020133403068564844,0.9320919171131155,0.06589474258002813
FW_01156551,natural_vegetation_fire,natural_vegetation_fire,0.0011463841120114143,0.8959084545548412,0.10294516133314734
FW_00984331,natural_vegetation_fire,natural_vegetation_fire,0.0008688192913613647,0.9798958956789254,0.019235285029713195
FW_00020228,industrial_fire_candidate,other_uncertain,0.07471465028183934,0.21060581796465697,0.7146795317535036
FW_00008156,industrial_fire_candidate,other_uncertain,0.38070010574851076,0.11564816021905816,0.5036517340324311
FW_00691154,natural_vegetation_fire,natural_vegetation_fire,0.0011766451327196493,0.9671143215971089,0.031709033270171584
FW_00054259,other_uncertain,other_uncertain,0.05334508412436059,0.020239437480216376,0.926415478395423
FW_01254909,natural_vegetation_fire,natural_vegetation_fire,0.0020976181318717105,0.9807699070970406,0.01713247477108777
FW_00628254,natural_vegetation_fire,natural_vegetation_fire,0.016685415622044442,0.7472447415940853,0.23606984278387014
FW_00487528,natural_vegetation_fire,natural_vegetation_fire,0.0011481220788824812,0.9099657983151606,0.08888607960595708
FW_00902677,natural_vegetation_fire,natural_vegetation_fire,0.002801269697167241,0.9193630756133773,0.07783565468945552
FW_00046898,natural_vegetation_fire,natural_vegetation_fire,0.016774873974184257,0.7619781102693858,0.22124701575643002
FW_00006892,natural_vegetation_fire,natural_vegetation_fire,0.0023118893811278083,0.9511313822655434,0.04655672835332876
FW_01617939,other_uncertain,other_uncertain,0.036724803544234935,0.014849206472722977,0.9484259899830422
FW_00905508,natural_vegetation_fire,natural_vegetation_fire,0.002622971683030185,0.9498199945748063,0.04755703374216341
FW_01194706,natural_vegetation_fire,natural_vegetation_fire,0.015992983142491174,0.6344099460080409,0.3495970708494679
FW_00300183,natural_vegetation_fire,natural_vegetation_fire,0.0034752618248902827,0.7792142484418496,0.21731048973326017
FW_00470151,natural_vegetation_fire,natural_vegetation_fire,0.005781942339954487,0.7749257065179256,0.21929235114211984
FW_00186807,natural_vegetation_fire,natural_vegetation_fire,0.0019458950000758193,0.986897207434524,0.01115689756540032
FW_00254394,other_uncertain,other_uncertain,0.1367915069256934,0.3085556394303178,0.5546528536439888
FW_01558535,natural_vegetation_fire,natural_vegetation_fire,0.00484402179355689,0.9381589776765974,0.05699700052984556
FW_01508558,natural_vegetation_fire,natural_vegetation_fire,0.008855928422629496,0.813435011927422,0.1777090596499484
FW_00172201,natural_vegetation_fire,natural_vegetation_fire,0.002666649351448067,0.9363227732671009,0.06101057738145102
FW_00393016,natural_vegetation_fire,natural_vegetation_fire,0.017189092825407953,0.7699512640463585,0.21285964312823344
FW_01204692,industrial_fire_candidate,industrial_fire_candidate,0.7343367758208712,0.05759354106411919,0.2080696831150096
FW_00515222,industrial_fire_candidate,natural_vegetation_fire,0.3219115680634764,0.41639620218536905,0.26169222975115447
FW_00936720,natural_vegetation_fire,natural_vegetation_fire,0.00837022851895711,0.9091376503345132,0.08249212114652957
FW_00220067,natural_vegetation_fire,natural_vegetation_fire,0.004734989325163777,0.7800623228045223,0.215202687870314
FW_01550471,other_uncertain,other_uncertain,0.14438099309839902,0.09512923587442193,0.7604897710271791
FW_01043567,other_uncertain,other_uncertain,0.012967797610172516,0.43871442380572073,0.5483177785841068
FW_01328085,natural_vegetation_fire,natural_vegetation_fire,0.0027012539106058982,0.9593889786323987,0.03790976745699553
FW_01568139,natural_vegetation_fire,natural_vegetation_fire,0.0043511588755544015,0.8697012030849121,0.12594763803953343
FW_01559828,industrial_fire_candidate,natural_vegetation_fire,0.1294416043777031,0.7046014446418172,0.1659569509804796
FW_00911041,natural_vegetation_fire,natural_vegetation_fire,0.0026191194218306096,0.7284731861477822,0.2689076944303871
FW_00465847,natural_vegetation_fire,natural_vegetation_fire,0.0037577855369872832,0.9388098086159338,0.05743240584707888
FW_00144468,other_uncertain,other_uncertain,0.01624015906137002,0.007065793072867191,0.9766940478657629
FW_00462549,natural_vegetation_fire,natural_vegetation_fire,0.011528207221296861,0.7996916011536409,0.18878019162506243
FW_00987781,natural_vegetation_fire,natural_vegetation_fire,0.0019803637048938136,0.9182579130389679,0.07976172325613817
FW_00162940,natural_vegetation_fire,natural_vegetation_fire,0.00048040146632735047,0.9878590889686494,0.011660509565023378
FW_01332590,natural_vegetation_fire,natural_vegetation_fire,0.0013930175173620218,0.9426338262593983,0.055973156223239735
FW_00766085,natural_vegetation_fire,natural_vegetation_fire,0.0019655015644672717,0.9582839969065305,0.03975050152900227
FW_01236186,natural_vegetation_fire,other_uncertain,0.0014699323808391456,0.03256442908471385,0.965965638534447
FW_00973854,natural_vegetation_fire,natural_vegetation_fire,0.025114699698122155,0.8580362507814093,0.11684904952046841
FW_00003790,natural_vegetation_fire,other_uncertain,0.06587848168628362,0.11935741941193398,0.8147640989017824
FW_00447381,other_uncertain,other_uncertain,0.12959847231374863,0.025431304448066034,0.8449702232381854
FW_00404777,natural_vegetation_fire,natural_vegetation_fire,0.004991458012605469,0.8333722180886157,0.16163632389877883
FW_00887080,natural_vegetation_fire,natural_vegetation_fire,0.004694838615958236,0.959073139145559,0.036232022238482695
FW_01092293,natural_vegetation_fire,natural_vegetation_fire,0.012340376736223874,0.681468088510429,0.3061915347533471
FW_00681050,natural_vegetation_fire,natural_vegetation_fire,0.003538902540818704,0.9393089990727209,0.05715209838646035
FW_01024997,other_uncertain,other_uncertain,0.25374165896733447,0.05061308505094897,0.6956452559817166
FW_01693894,other_uncertain,other_uncertain,0.007196941501017314,0.07672989275642729,0.9160731657425554
FW_00268542,other_uncertain,other_uncertain,0.0034628906711716007,0.04639628528074533,0.9501408240480831
FW_01445709,natural_vegetation_fire,natural_vegetation_fire,0.0006315663006697984,0.9701783936742226,0.02919004002510759
FW_00150575,natural_vegetation_fire,natural_vegetation_fire,0.000864760544987678,0.9865291174450397,0.012606122009972546
FW_00078034,other_uncertain,other_uncertain,0.3566136680247284,0.007399257355867183,0.6359870746194044
FW_00130603,natural_vegetation_fire,natural_vegetation_fire,0.0017723460550795906,0.9774038450495972,0.020823808895323134
FW_01228642,natural_vegetation_fire,natural_vegetation_fire,0.004253993725119267,0.8920226027176961,0.10372340355718465
FW_00468943,other_uncertain,other_uncertain,0.0012535971201637355,0.03527745287936713,0.9634689500004691
FW_01668229,natural_vegetation_fire,natural_vegetation_fire,0.0014750377489459265,0.7032045659553396,0.2953203962957144
FW_00747171,other_uncertain,other_uncertain,0.0334328027469104,0.15070278332164755,0.815864413931442
FW_01018605,other_uncertain,other_uncertain,0.013264429077383011,0.0533080309278109,0.9334275399948061
FW_01539908,natural_vegetation_fire,natural_vegetation_fire,0.0037407718250588124,0.910605716056485,0.0856535121184561
FW_00137587,natural_vegetation_fire,natural_vegetation_fire,0.003288734701955039,0.8445827251463931,0.15212854015165184
FW_00661504,natural_vegetation_fire,natural_vegetation_fire,0.002808153981532569,0.9583433140361834,0.03884853198228418
FW_01006655,natural_vegetation_fire,natural_vegetation_fire,0.0028399227991694866,0.8156565629832717,0.18150351421755886
FW_01484876,natural_vegetation_fire,natural_vegetation_fire,0.012575649639008864,0.8163435991773788,0.1710807511836124
FW_01143488,other_uncertain,other_uncertain,0.05748369921873698,0.01935614482424427,0.9231601559570187
FW_00453450,natural_vegetation_fire,natural_vegetation_fire,0.02065014722336515,0.8112841548326776,0.16806569794395732
FW_01007112,other_uncertain,natural_vegetation_fire,0.003825002534553294,0.6816428173167504,0.3145321801486963
FW_01585102,natural_vegetation_fire,natural_vegetation_fire,0.0020637640963358573,0.9558275211048044,0.042108714798859706
FW_01607251,other_uncertain,other_uncertain,0.17053325403465686,0.04587428425553318,0.78359246170981
FW_01685971,natural_vegetation_fire,natural_vegetation_fire,0.0009466251133441469,0.8835863340337388,0.11546704085291706
FW_01086069,natural_vegetation_fire,natural_vegetation_fire,0.0017328672417506693,0.7192130787040428,0.2790540540542065
FW_00694200,other_uncertain,other_uncertain,0.1763693600182115,0.03105849190558547,0.7925721480762031
FW_01680444,other_uncertain,other_uncertain,0.004296950065135198,0.19222542074182844,0.8034776291930364
FW_01363372,natural_vegetation_fire,natural_vegetation_fire,0.0015651639610001593,0.9846644566084927,0.013770379430507209
FW_01687871,natural_vegetation_fire,natural_vegetation_fire,0.0008622320744784646,0.9670220313645125,0.03211573656100907
FW_01112668,natural_vegetation_fire,other_uncertain,0.04982197560181687,0.41266193774422794,0.5375160866539552
FW_01067152,natural_vegetation_fire,natural_vegetation_fire,0.0016712095285467258,0.9014002571532348,0.09692853331821866
FW_00569489,other_uncertain,industrial_fire_candidate,0.4759883318831854,0.1374605171777184,0.3865511509390962
FW_00579234,natural_vegetation_fire,natural_vegetation_fire,0.02163699786290124,0.6105291740155027,0.36783382812159604
FW_01228098,other_uncertain,natural_vegetation_fire,0.0037822862329138776,0.6611298972262254,0.3350878165408608
FW_00987729,other_uncertain,natural_vegetation_fire,0.002042505135562912,0.6894670489692221,0.30849044589521507
FW_00656729,natural_vegetation_fire,natural_vegetation_fire,0.002385501281114391,0.9027187942602252,0.09489570445866043
FW_00501150,natural_vegetation_fire,natural_vegetation_fire,0.009079244393413684,0.8050632187910955,0.18585753681549075
FW_00482052,natural_vegetation_fire,natural_vegetation_fire,0.001084105192947235,0.9546799618965709,0.04423593291048169
FW_01579668,other_uncertain,other_uncertain,0.06847400157245873,0.0706410693367519,0.8608849290907894
FW_01706080,natural_vegetation_fire,natural_vegetation_fire,0.002645419875625526,0.9012393579616557,0.09611522216271888
FW_01467848,natural_vegetation_fire,natural_vegetation_fire,0.0057038017012812775,0.9557554478255732,0.038540750473145556
FW_00007817,natural_vegetation_fire,natural_vegetation_fire,0.0015713520755303034,0.9765331693003013,0.021895478624168456
FW_00690962,natural_vegetation_fire,natural_vegetation_fire,0.0019118470960750023,0.8988538297530467,0.09923432315087835
FW_01504799,natural_vegetation_fire,natural_vegetation_fire,0.003245057720547533,0.9655770357560092,0.031177906523443318
FW_00529618,natural_vegetation_fire,natural_vegetation_fire,0.0035748182754311913,0.8240706457984468,0.17235453592612196
FW_00693316,other_uncertain,other_uncertain,0.0018563972077445374,0.034145287976651346,0.9639983148156042
FW_00424720,other_uncertain,other_uncertain,0.004650993979676951,0.009023478611011463,0.9863255274093116
FW_01604728,other_uncertain,other_uncertain,0.0015848572876403307,0.018884222515548308,0.9795309201968113
FW_00500950,natural_vegetation_fire,natural_vegetation_fire,0.001113790251115231,0.8932455373692713,0.10564067237961346
FW_00478147,natural_vegetation_fire,natural_vegetation_fire,0.001102017209743563,0.9008215677230675,0.09807641506718885
FW_00641782,other_uncertain,other_uncertain,0.004174091073318336,0.020828382523182986,0.9749975264034987
FW_00498733,natural_vegetation_fire,natural_vegetation_fire,0.0026575767623154434,0.9641667657253759,0.03317565751230868
FW_01702928,natural_vegetation_fire,natural_vegetation_fire,0.023550225448893423,0.5687128239867206,0.40773695056438586
FW_00148553,natural_vegetation_fire,natural_vegetation_fire,0.0014848474759585452,0.9612766976171697,0.03723845490687177
FW_01274998,natural_vegetation_fire,natural_vegetation_fire,0.0018045558787140403,0.9669132680211266,0.03128217610015949
FW_00272194,natural_vegetation_fire,natural_vegetation_fire,0.004345054495912619,0.847706897057302,0.14794804844678544
FW_01028643,other_uncertain,other_uncertain,0.0018105707046476365,0.026195856474098313,0.9719935728212541
FW_00287044,natural_vegetation_fire,natural_vegetation_fire,0.005294737052963927,0.9774850259852788,0.017220236961757403
FW_01181499,natural_vegetation_fire,natural_vegetation_fire,0.0014778626619265142,0.9132712912323201,0.08525084610575343
FW_01253854,natural_vegetation_fire,natural_vegetation_fire,0.006704632251020397,0.9316581302684318,0.06163723748054795
FW_01565945,natural_vegetation_fire,natural_vegetation_fire,0.0035520860441901393,0.808916164262755,0.18753174969305486
FW_01366415,natural_vegetation_fire,natural_vegetation_fire,0.004058063666866628,0.9014667027980444,0.09447523353508888
FW_00145226,natural_vegetation_fire,natural_vegetation_fire,0.003092977370390933,0.9631116273728536,0.03379539525675531
FW_01221302,other_uncertain,other_uncertain,0.008505349119358333,0.3134530604403123,0.6780415904403293
FW_00530292,natural_vegetation_fire,natural_vegetation_fire,0.0024635762509772987,0.9218325172709255,0.0757039064780972
FW_01075689,natural_vegetation_fire,natural_vegetation_fire,0.0007738727637523314,0.8803006734003641,0.11892545383588356
FW_01356811,other_uncertain,other_uncertain,0.0017996869467373524,0.04985680619060961,0.9483435068626531
FW_00601868,natural_vegetation_fire,natural_vegetation_fire,0.0022201350644818515,0.9195345077975511,0.07824535713796704
FW_00273679,natural_vegetation_fire,natural_vegetation_fire,0.0029432971153691228,0.980993725986872,0.016062976897759106
FW_00400710,other_uncertain,other_uncertain,0.010332382758025558,0.39211957857621305,0.5975480386657613
FW_00612430,natural_vegetation_fire,natural_vegetation_fire,0.0007410630488899595,0.9757415697293713,0.02351736722173871
FW_00965780,natural_vegetation_fire,natural_vegetation_fire,0.068652599308204,0.5330291090500657,0.3983182916417303
FW_01474880,natural_vegetation_fire,natural_vegetation_fire,0.0037915753288895295,0.9450502573815404,0.05115816728957022
FW_01125282,natural_vegetation_fire,natural_vegetation_fire,0.002173942650982846,0.7908449841024908,0.2069810732465263
FW_01585423,other_uncertain,other_uncertain,0.0005656206661526123,0.008798022001555786,0.9906363573322915
FW_00474776,other_uncertain,other_uncertain,0.032791156559224155,0.1225674781691161,0.8446413652716598
FW_00720646,natural_vegetation_fire,natural_vegetation_fire,0.015536216691940743,0.8374955476893265,0.1469682356187325
FW_00341872,natural_vegetation_fire,natural_vegetation_fire,0.005915454923801181,0.7982264092739164,0.19585813580228245
FW_00986660,natural_vegetation_fire,natural_vegetation_fire,0.0029973152325353893,0.8735406923659499,0.12346199240151481
FW_01661589,natural_vegetation_fire,natural_vegetation_fire,0.002632112468702761,0.8600362283053781,0.13733165922591914
FW_00377854,natural_vegetation_fire,natural_vegetation_fire,0.0038961830127075075,0.7445729699343566,0.2515308470529359
FW_01301967,natural_vegetation_fire,natural_vegetation_fire,0.0009274913113588415,0.9409442407182436,0.05812826797039758
FW_01535066,natural_vegetation_fire,natural_vegetation_fire,0.003012879626422775,0.7162393315977851,0.28074778877579215
FW_01693902,other_uncertain,other_uncertain,0.014297135795514417,0.013883784225298486,0.971819079979187
FW_01204693,industrial_fire_candidate,industrial_fire_candidate,0.698728097824854,0.09195995542021775,0.2093119467549283
FW_01604895,other_uncertain,other_uncertain,0.05829649375050236,0.026108319129598195,0.9155951871198994
FW_01659953,other_uncertain,other_uncertain,0.010126572915282685,0.29991214027993246,0.689961286804785
FW_00279231,natural_vegetation_fire,natural_vegetation_fire,0.0010237001944504367,0.9737615281236263,0.02521477168192336
FW_00469693,natural_vegetation_fire,natural_vegetation_fire,0.002480247177261739,0.8941482490690061,0.10337150375373208
FW_01591470,natural_vegetation_fire,other_uncertain,0.0011137304531264602,0.024594619362253448,0.9742916501846202
FW_01253900,other_uncertain,other_uncertain,0.16487573631192434,0.05839159007635234,0.7767326736117234
FW_00413372,other_uncertain,other_uncertain,0.008308916952573304,0.029654495551292317,0.9620365874961344
FW_01383658,natural_vegetation_fire,natural_vegetation_fire,0.0017443151269928465,0.9624802431001779,0.03577544177282932
FW_00514521,natural_vegetation_fire,natural_vegetation_fire,0.004015988255895657,0.9003819596890024,0.09560205205510189
FW_00309482,natural_vegetation_fire,natural_vegetation_fire,0.005975706428872837,0.9499035944929507,0.044120699078176596
FW_00169054,natural_vegetation_fire,natural_vegetation_fire,0.0017485123869135858,0.9776181309812726,0.02063335663181378
FW_00561214,natural_vegetation_fire,natural_vegetation_fire,0.00338664274646207,0.8716175118766761,0.12499584537686184
FW_01198132,other_uncertain,other_uncertain,0.0032700460843417198,0.01744876252096367,0.9792811913946946
FW_01579321,natural_vegetation_fire,other_uncertain,0.053052887084724394,0.2913044963331233,0.6556426165821523
FW_00960976,natural_vegetation_fire,natural_vegetation_fire,0.0007727157039837524,0.9848772827459932,0.014350001550023203
FW_00835179,other_uncertain,other_uncertain,0.002217207856262393,0.26292286001718307,0.7348599321265545
FW_00262554,natural_vegetation_fire,natural_vegetation_fire,0.003120072524169703,0.9296433615885275,0.06723656588730298
FW_01308204,other_uncertain,other_uncertain,0.009729489041468968,0.03273657234418102,0.95753393861435
FW_00652709,natural_vegetation_fire,natural_vegetation_fire,0.006404091495908071,0.9403049632649823,0.053290945239109655
FW_00999146,natural_vegetation_fire,natural_vegetation_fire,0.005386987420489592,0.7421743438483893,0.25243866873112114
FW_00490146,natural_vegetation_fire,natural_vegetation_fire,0.003889486507037374,0.7962371743473968,0.19987333914556576
FW_00990009,natural_vegetation_fire,natural_vegetation_fire,0.006150246100031946,0.9047584901255277,0.08909126377444056
FW_00328485,natural_vegetation_fire,natural_vegetation_fire,0.001601317168336477,0.8948715316854504,0.10352715114621308
FW_00003577,natural_vegetation_fire,other_uncertain,0.12679027320548153,0.4107186992822156,0.46249102751230275
FW_01160475,other_uncertain,other_uncertain,0.017645289281896598,0.04070902254997086,0.9416456881681325
FW_00216373,natural_vegetation_fire,other_uncertain,0.03776611989708179,0.45871765821823396,0.5035162218846843
FW_01123904,natural_vegetation_fire,natural_vegetation_fire,0.004321143514769033,0.7337765749699533,0.2619022815152777
FW_00630298,other_uncertain,other_uncertain,0.01436548748854032,0.3012395560789086,0.6843949564325511
FW_01242286,natural_vegetation_fire,natural_vegetation_fire,0.0015949489982272414,0.8094424780616937,0.1889625729400791
FW_00981331,natural_vegetation_fire,natural_vegetation_fire,0.00499032834966285,0.9141645396223401,0.0808451320279968
FW_01457847,natural_vegetation_fire,natural_vegetation_fire,0.0028988021994925755,0.9804442368071459,0.016656960993361777
FW_00723200,natural_vegetation_fire,natural_vegetation_fire,0.0016000035928188132,0.9637562877616765,0.034643708645504624
FW_01385858,natural_vegetation_fire,natural_vegetation_fire,0.0007791695063708987,0.9906288346090476,0.008591995884581411
FW_01423720,natural_vegetation_fire,natural_vegetation_fire,0.001195623299904196,0.9770372836428608,0.021767093057234954
FW_01499244,natural_vegetation_fire,natural_vegetation_fire,0.0013521178309390933,0.8533318506681498,0.14531603150091107
FW_01498776,other_uncertain,other_uncertain,0.06574188757382414,0.1158361780239913,0.8184219344021845
FW_00944667,natural_vegetation_fire,natural_vegetation_fire,0.009159949262973616,0.8699850045380989,0.12085504619892744
FW_00975461,natural_vegetation_fire,natural_vegetation_fire,0.013492819118978743,0.5930485144323665,0.39345866644865474
FW_01489196,natural_vegetation_fire,natural_vegetation_fire,0.014474563678681702,0.7635674630861385,0.22195797323517968
FW_00946141,natural_vegetation_fire,natural_vegetation_fire,0.002637466820962111,0.9072969811062007,0.09006555207283712
FW_01599220,natural_vegetation_fire,other_uncertain,0.025894606979656357,0.19049829957819164,0.783607093442152
FW_00134837,natural_vegetation_fire,natural_vegetation_fire,0.0005204051107719727,0.9834969136304601,0.01598268125876808
FW_01521900,natural_vegetation_fire,other_uncertain,0.02043408262634588,0.11841509114023879,0.8611508262334153
FW_00001017,other_uncertain,other_uncertain,0.11145228412994973,0.04544932154392472,0.8430983943261255
FW_00054750,other_uncertain,other_uncertain,0.001700693264268459,0.035187051063817906,0.9631122556719136
FW_01573291,natural_vegetation_fire,natural_vegetation_fire,0.08544004941460277,0.7041419750018652,0.21041797558353212
FW_01610087,other_uncertain,other_uncertain,0.15750256570210633,0.042830874477532414,0.7996665598203613
FW_00036538,other_uncertain,other_uncertain,0.0018180583726004806,0.020080755315846986,0.9781011863115526
FW_01459067,natural_vegetation_fire,natural_vegetation_fire,0.0038670472913587017,0.8989429337729373,0.09719001893570399
FW_00284020,natural_vegetation_fire,natural_vegetation_fire,0.002308770974708801,0.9089132100524174,0.08877801897287371
FW_01160818,natural_vegetation_fire,natural_vegetation_fire,0.0019412351126482773,0.9412049380503882,0.05685382683696358
FW_00575764,natural_vegetation_fire,natural_vegetation_fire,0.0015096386503134652,0.6265118677639563,0.3719784935857302
FW_01029830,natural_vegetation_fire,natural_vegetation_fire,0.0018984455821291516,0.7021571025287373,0.29594445188913354
FW_00074052,natural_vegetation_fire,natural_vegetation_fire,0.0019834680341767317,0.9549242490110068,0.043092282954816666
FW_00191623,natural_vegetation_fire,natural_vegetation_fire,0.0014856275216177245,0.9660766800716919,0.032437692406690206
FW_00054037,natural_vegetation_fire,natural_vegetation_fire,0.0027858393246871656,0.9276298702050921,0.06958429047022084
FW_00449430,other_uncertain,other_uncertain,0.014711263457398352,0.09697553636034607,0.8883132001822557
FW_01446734,natural_vegetation_fire,natural_vegetation_fire,0.002514796383036088,0.8884351581300481,0.10905004548691566
FW_01260226,other_uncertain,other_uncertain,0.008832583016599317,0.04956923304205124,0.9415981839413495
FW_00517504,other_uncertain,other_uncertain,0.0032313500669288835,0.37358273662617875,0.6231859133068923
FW_00966743,natural_vegetation_fire,natural_vegetation_fire,0.10948931624749474,0.45652908566371364,0.43398159808879166
FW_00073669,natural_vegetation_fire,natural_vegetation_fire,0.002164619268455358,0.9860743207018161,0.011761060029728767
FW_00240490,natural_vegetation_fire,natural_vegetation_fire,0.0034513855800698376,0.9692283717792052,0.027320242640724853
FW_01706089,natural_vegetation_fire,natural_vegetation_fire,0.0011902891891614324,0.9456232745714771,0.0531864362393615
FW_00403966,other_uncertain,other_uncertain,0.0025379001379222162,0.010362062792623817,0.9871000370694539
FW_01609309,other_uncertain,other_uncertain,0.047397891470564245,0.05326115644268446,0.8993409520867512
FW_00635141,natural_vegetation_fire,other_uncertain,0.011745302045272103,0.07548204115686497,0.9127726567978629
FW_00567914,other_uncertain,other_uncertain,0.014862332234119731,0.1473452252250928,0.8377924425407876
FW_01204044,natural_vegetation_fire,other_uncertain,0.0018718356950364313,0.062014210545106085,0.9361139537598575
FW_00982540,natural_vegetation_fire,natural_vegetation_fire,0.0031290755928620254,0.8674940722986622,0.1293768521084757
FW_00047667,natural_vegetation_fire,natural_vegetation_fire,0.002196161843203842,0.9367451044707007,0.06105873368609535
FW_00037859,other_uncertain,other_uncertain,0.002087329563669044,0.026184941366260393,0.9717277290700704
FW_00856184,natural_vegetation_fire,natural_vegetation_fire,0.003621014515251363,0.9644707992032151,0.03190818628153344
FW_01218153,natural_vegetation_fire,natural_vegetation_fire,0.01676283816089569,0.8183966039485349,0.1648405578905695
FW_01042095,other_uncertain,other_uncertain,0.004157744023833964,0.15881213194736335,0.8370301240288026
FW_00356282,natural_vegetation_fire,natural_vegetation_fire,0.001404538089474595,0.947276677291142,0.05131878461938349
FW_00413374,other_uncertain,other_uncertain,0.003157078191866187,0.007629187466904852,0.9892137343412288
FW_00402551,other_uncertain,other_uncertain,0.005707165531729701,0.012974438528989196,0.9813183959392812
FW_00260145,natural_vegetation_fire,other_uncertain,0.008688047758847321,0.47386402511180387,0.5174479271293487
FW_00523035,other_uncertain,other_uncertain,0.004529261743418211,0.019870778919100263,0.9755999593374814
FW_01102167,other_uncertain,other_uncertain,0.06389189111804722,0.06230760008001423,0.8738005088019386
FW_01143314,other_uncertain,other_uncertain,0.008745162205539862,0.18409835481422876,0.8071564829802313
FW_00975002,natural_vegetation_fire,natural_vegetation_fire,0.0035977731328122515,0.785690299784997,0.21071192708219064
FW_01163763,other_uncertain,other_uncertain,0.006256600610182587,0.05801213939889901,0.9357312599909184
FW_01300198,natural_vegetation_fire,natural_vegetation_fire,0.0064496768482711735,0.7902529970943197,0.20329732605740908
FW_00070682,natural_vegetation_fire,natural_vegetation_fire,0.0013457411677039086,0.9748093792731718,0.023844879559124278
FW_01563092,natural_vegetation_fire,natural_vegetation_fire,0.07797165834897367,0.5620040195332016,0.36002432211782487
FW_01535761,other_uncertain,other_uncertain,0.013684452748554263,0.2528872151922284,0.7334283320592174
FW_00393295,natural_vegetation_fire,natural_vegetation_fire,0.005226216472442213,0.7301933913267202,0.2645803922008377
FW_00254996,natural_vegetation_fire,natural_vegetation_fire,0.00198193178584888,0.968424026525508,0.02959404168864306
FW_00438306,other_uncertain,other_uncertain,0.0030137234254702643,0.05760491880868177,0.9393813577658481
FW_00756265,natural_vegetation_fire,natural_vegetation_fire,0.0012163848819551457,0.9678079582883348,0.03097565682971009
FW_01586772,natural_vegetation_fire,natural_vegetation_fire,0.005172158793276142,0.6271791071998729,0.36764873400685105
FW_01265132,natural_vegetation_fire,natural_vegetation_fire,0.0007543084542510402,0.9434303628345253,0.0558153287112236
FW_00456915,other_uncertain,other_uncertain,0.0740740054350532,0.02731676344182289,0.898609231123124
FW_00883172,natural_vegetation_fire,other_uncertain,0.006685635223129987,0.3938471416173022,0.5994672231595678
FW_00841046,other_uncertain,other_uncertain,0.18984003358592869,0.025709627794641515,0.7844503386194299
FW_00679185,natural_vegetation_fire,natural_vegetation_fire,0.002498082210790916,0.9587188633105302,0.038783054478679
FW_00473402,natural_vegetation_fire,natural_vegetation_fire,0.0027486969681933646,0.8422955692979358,0.1549557337338707
FW_00581435,other_uncertain,other_uncertain,0.001785035355723944,0.02485295473943465,0.9733620099048415
FW_01060132,other_uncertain,other_uncertain,0.002690121328019538,0.030748912787107445,0.9665609658848731
FW_01541000,natural_vegetation_fire,natural_vegetation_fire,0.006447057396641488,0.7753066723071571,0.21824627029620144
FW_01030212,other_uncertain,other_uncertain,0.0015707465767079516,0.037155535241839864,0.9612737181814522
FW_00769470,natural_vegetation_fire,natural_vegetation_fire,0.0017054866973982316,0.9795849377039024,0.018709575598699537
FW_01572491,other_uncertain,other_uncertain,0.0014985893670929583,0.05850641124290746,0.9399949993899996
FW_00414861,natural_vegetation_fire,natural_vegetation_fire,0.0019103843603985775,0.7801197902127416,0.21796982542685966
FW_01470796,natural_vegetation_fire,natural_vegetation_fire,0.0007258410791495545,0.9798080584479569,0.01946610047289334
FW_00189150,natural_vegetation_fire,natural_vegetation_fire,0.0009882109598757793,0.9374513192125665,0.0615604698275577
FW_01316288,natural_vegetation_fire,natural_vegetation_fire,0.003068961720104293,0.9846226867198524,0.012308351560043203
FW_01309931,industrial_fire_candidate,natural_vegetation_fire,0.1626579181037532,0.568749576728421,0.2685925051678258
FW_00354035,industrial_fire_candidate,other_uncertain,0.3410380062782574,0.035116989318474276,0.6238450044032683
FW_01113483,natural_vegetation_fire,natural_vegetation_fire,0.0020641980165839293,0.750568019641243,0.2473677823421731
FW_00446692,industrial_fire_candidate,other_uncertain,0.1654269143010556,0.03231833822433805,0.8022547474746063
FW_00484203,natural_vegetation_fire,natural_vegetation_fire,0.002531254613866977,0.9024935203399892,0.09497522504614395
FW_01040521,natural_vegetation_fire,natural_vegetation_fire,0.0010487746844015321,0.983180064199174,0.01577116111642446
FW_00524917,natural_vegetation_fire,natural_vegetation_fire,0.08274229182748791,0.7344474360946133,0.1828102720778989
FW_01338718,other_uncertain,natural_vegetation_fire,0.003368705850994714,0.821195118562944,0.17543617558606125
FW_00177974,natural_vegetation_fire,natural_vegetation_fire,0.0025408749985078374,0.920793239062779,0.07666588593871326
FW_00769739,natural_vegetation_fire,natural_vegetation_fire,0.0011743566572676237,0.9837036741736288,0.0151219691691037
FW_00388927,other_uncertain,other_uncertain,0.002587846815191529,0.03560265797338844,0.9618094952114199
FW_01686517,natural_vegetation_fire,natural_vegetation_fire,0.005888849846204633,0.7146748518197352,0.27943629833406014
FW_00713132,natural_vegetation_fire,natural_vegetation_fire,0.0050644630005211655,0.8992704313300574,0.09566510566942157
FW_01619470,natural_vegetation_fire,natural_vegetation_fire,0.0014163722554668553,0.9486349189367365,0.049948708807796796
FW_00148073,natural_vegetation_fire,natural_vegetation_fire,0.0017496375744555002,0.9483490097678339,0.04990135265771062
FW_01135260,other_uncertain,other_uncertain,0.24146903459925817,0.011322395161268161,0.7472085702394737
FW_01204054,other_uncertain,other_uncertain,0.004821614749346601,0.017359955975785765,0.9778184292748676
FW_00159918,natural_vegetation_fire,natural_vegetation_fire,0.0011913270426043654,0.987536964774273,0.011271708183122677
FW_00044475,natural_vegetation_fire,natural_vegetation_fire,0.2219430524649208,0.4377843288446989,0.3402726186903804
FW_01487873,other_uncertain,other_uncertain,0.008104796772068535,0.4394984258051378,0.5523967774227936
FW_00331104,natural_vegetation_fire,natural_vegetation_fire,0.010857083962676551,0.9379252542696663,0.05121766176765718
FW_00512571,natural_vegetation_fire,natural_vegetation_fire,0.004925910773070453,0.8165581919956189,0.17851589723131076
FW_00631090,natural_vegetation_fire,natural_vegetation_fire,0.0018296409302118056,0.952082410456544,0.04608794861324424
FW_00362511,natural_vegetation_fire,natural_vegetation_fire,0.011510295543671377,0.9143005572161277,0.07418914724020097
FW_00609098,industrial_fire_candidate,other_uncertain,0.16927934624942345,0.008856020808733846,0.8218646329418426
FW_01253127,natural_vegetation_fire,natural_vegetation_fire,0.0006429645340050212,0.9911700830009327,0.008186952465062408
FW_00361634,natural_vegetation_fire,natural_vegetation_fire,0.0025130228601694363,0.8334233851663133,0.1640635919735172
FW_00823548,natural_vegetation_fire,natural_vegetation_fire,0.0009412489639410508,0.9643305214529367,0.03472822958312216
FW_00292463,other_uncertain,natural_vegetation_fire,0.005957149405225612,0.8567591687441595,0.13728368185061487
FW_01661604,natural_vegetation_fire,natural_vegetation_fire,0.0014893122668376397,0.810961163841018,0.18754952389214416
FW_01171311,other_uncertain,other_uncertain,0.08769290029419032,0.1046788491405378,0.8076282505652718
FW_00566712,natural_vegetation_fire,natural_vegetation_fire,0.005691093481149409,0.9086511412517126,0.085657765267138
FW_01593518,other_uncertain,natural_vegetation_fire,0.0016789899181400764,0.794502444823084,0.20381856525877612
FW_00753446,natural_vegetation_fire,natural_vegetation_fire,0.001030220173643451,0.9615846152057788,0.03738516462057777
FW_01575813,natural_vegetation_fire,natural_vegetation_fire,0.0037756228599711396,0.8456954261855977,0.15052895095443122
FW_00755397,natural_vegetation_fire,natural_vegetation_fire,0.0056503659139160965,0.9129500923065246,0.0813995417795595
FW_01398262,natural_vegetation_fire,other_uncertain,0.0006656553044443523,0.025770050887612528,0.9735642938079432
FW_00459008,natural_vegetation_fire,natural_vegetation_fire,0.0010974625457782377,0.8573953142453978,0.14150722320882395
FW_00902676,natural_vegetation_fire,natural_vegetation_fire,0.004697142052242745,0.9093344715793865,0.08596838636837081
FW_00994277,natural_vegetation_fire,natural_vegetation_fire,0.01140712769313393,0.7706985684546281,0.2178943038522379
FW_00323987,natural_vegetation_fire,natural_vegetation_fire,0.012196986292295584,0.9225406429046535,0.06526237080305101
FW_01472627,natural_vegetation_fire,natural_vegetation_fire,0.002325341686282982,0.989254182040952,0.008420476272765036
FW_01122898,natural_vegetation_fire,natural_vegetation_fire,0.0014051550839343718,0.9484319105238153,0.05016293439225041
FW_00426888,industrial_fire_candidate,other_uncertain,0.2486793525652024,0.0381619082807696,0.713158739154028
FW_00809145,natural_vegetation_fire,natural_vegetation_fire,0.00700057855673761,0.9373923536411415,0.055607067802120935
FW_00267740,other_uncertain,industrial_fire_candidate,0.47481542331068644,0.26229160927871553,0.26289296741059803
FW_01061225,natural_vegetation_fire,natural_vegetation_fire,0.0031816545520746468,0.8990721881687256,0.09774615727919979
FW_00721411,natural_vegetation_fire,natural_vegetation_fire,0.0031936985399091972,0.8954239512301364,0.1013823502299544
FW_00563456,natural_vegetation_fire,natural_vegetation_fire,0.0014183868424485907,0.8652637538366221,0.1333178593209293
FW_00449941,industrial_fire_candidate,other_uncertain,0.4346638945360462,0.02071680544021543,0.5446193000237384
FW_01305234,natural_vegetation_fire,industrial_fire_candidate,0.5013539084761056,0.07106058551900984,0.4275855060048846
FW_01624843,natural_vegetation_fire,natural_vegetation_fire,0.006963953392971438,0.5145275446793848,0.4785085019276437
FW_01045093,other_uncertain,natural_vegetation_fire,0.0009761766263066438,0.9153783799815715,0.08364544339212185
FW_01694279,natural_vegetation_fire,natural_vegetation_fire,0.0007470130480675681,0.947464426935583,0.05178856001634945
FW_01681345,natural_vegetation_fire,other_uncertain,0.04047471502231768,0.3460647413208878,0.6134605436567945
FW_01198223,natural_vegetation_fire,other_uncertain,0.005487211667584276,0.37312580208407414,0.6213869862483415
FW_01582226,other_uncertain,other_uncertain,0.002289159918128798,0.06757003014274038,0.9301408099391308
FW_01141856,other_uncertain,other_uncertain,0.009814644872109913,0.3680700565389664,0.6221152985889237
FW_00889512,natural_vegetation_fire,natural_vegetation_fire,0.0005226665192722979,0.9871419816733435,0.012335351807384192
FW_00223987,industrial_fire_candidate,other_uncertain,0.2241996569514538,0.08987673130131027,0.6859236117472359
FW_00022951,natural_vegetation_fire,natural_vegetation_fire,0.002383737258098004,0.5420396370792108,0.45557662566269114
FW_00616741,industrial_fire_candidate,other_uncertain,0.09079197732569219,0.008110216314487103,0.9010978063598207
FW_00576690,natural_vegetation_fire,natural_vegetation_fire,0.014321827066192427,0.5459267228018084,0.4397514501319992
FW_00023320,other_uncertain,other_uncertain,0.11013783203738513,0.012648074304097782,0.8772140936585171
FW_00243858,natural_vegetation_fire,natural_vegetation_fire,0.0036977991168960114,0.9857014799334741,0.010600720949629695
FW_00832251,natural_vegetation_fire,other_uncertain,0.0033835957669207974,0.37645408646678963,0.6201623177662896
FW_00071056,other_uncertain,other_uncertain,0.002091454716727576,0.012605429027166269,0.9853031162561062
FW_01166223,other_uncertain,other_uncertain,0.004285892005479756,0.08504363968071085,0.9106704683138093
FW_01689981,industrial_fire_candidate,industrial_fire_candidate,0.4863361397324601,0.028326857268195015,0.48533700299934496
FW_01301371,natural_vegetation_fire,other_uncertain,0.08149504989456792,0.097795030612818,0.8207099194926142
FW_00041370,other_uncertain,other_uncertain,0.0307787795364618,0.3539814146470774,0.6152398058164608
FW_00630238,natural_vegetation_fire,natural_vegetation_fire,0.0007733501683466011,0.9713582241924988,0.027868425639154447
FW_01707475,natural_vegetation_fire,natural_vegetation_fire,0.0011236596313524679,0.9757994926228669,0.023076847745780626
FW_01059904,other_uncertain,other_uncertain,0.042585815057094266,0.018086552306046156,0.9393276326368596
FW_00815052,industrial_fire_candidate,other_uncertain,0.20980196501176493,0.020121655476196158,0.7700763795120389
FW_00747438,natural_vegetation_fire,natural_vegetation_fire,0.0022397647599796647,0.9751831929305548,0.02257704230946559
FW_00489640,natural_vegetation_fire,natural_vegetation_fire,0.0014063915545970476,0.9267113025512238,0.07188230589417913
FW_01470834,natural_vegetation_fire,natural_vegetation_fire,0.025364379585726387,0.7199219540810803,0.2547136663331933
FW_00942486,natural_vegetation_fire,natural_vegetation_fire,0.001546331273563393,0.9499206519181916,0.04853301680824509
FW_00016171,natural_vegetation_fire,other_uncertain,0.00449671719910503,0.1176816963198955,0.8778215864809994
FW_01686313,natural_vegetation_fire,natural_vegetation_fire,0.0011608692534634732,0.9584846609594118,0.04035446978712479
FW_01702851,other_uncertain,other_uncertain,0.23249128362956412,0.04585079860866098,0.7216579177617748
FW_00490806,industrial_fire_candidate,natural_vegetation_fire,0.04963781268633784,0.525100959119448,0.425261228194214
FW_01455657,natural_vegetation_fire,natural_vegetation_fire,0.002490830911985179,0.9502678901326436,0.0472412789553713
FW_01620394,natural_vegetation_fire,natural_vegetation_fire,0.0034207146449214383,0.7902125367417798,0.20636674861329865
FW_00679577,other_uncertain,natural_vegetation_fire,0.0033047746845561066,0.5805073849730296,0.4161878403424142
FW_01191588,natural_vegetation_fire,other_uncertain,0.014340880376621717,0.3809989743980318,0.6046601452253464
FW_01524599,natural_vegetation_fire,natural_vegetation_fire,0.001064773363132786,0.841650320994033,0.15728490564283426
FW_01560708,natural_vegetation_fire,other_uncertain,0.0006407497948037192,0.016236600331986407,0.9831226498732099
FW_00257264,natural_vegetation_fire,natural_vegetation_fire,0.0011378177138494862,0.9813732111465587,0.01748897113959168
FW_00461222,natural_vegetation_fire,natural_vegetation_fire,0.014561562987294765,0.6237923744198913,0.36164606259281395
FW_01411247,natural_vegetation_fire,natural_vegetation_fire,0.0007110925223731802,0.977792995544004,0.021495911933622956
FW_00141363,natural_vegetation_fire,natural_vegetation_fire,0.0009349145334764422,0.9784868263346064,0.02057825913191711
FW_00915873,natural_vegetation_fire,natural_vegetation_fire,0.000965269524861018,0.9886564804677991,0.010378250007339912
FW_00459066,natural_vegetation_fire,natural_vegetation_fire,0.041577773620525615,0.6756208120329018,0.2828014143465725
FW_01586044,other_uncertain,other_uncertain,0.0008643308027326885,0.010827482358717958,0.9883081868385493
FW_00855469,natural_vegetation_fire,natural_vegetation_fire,0.0012683234792816712,0.9264421892949152,0.07228948722580315
FW_01127168,other_uncertain,natural_vegetation_fire,0.00243312833048562,0.682342527244083,0.31522434442543146
FW_00207442,natural_vegetation_fire,natural_vegetation_fire,0.003077400438078905,0.9642897683407191,0.03263283122120203
FW_00877017,other_uncertain,other_uncertain,0.0017096243906950432,0.028251967088600043,0.9700384085207048
FW_00685105,natural_vegetation_fire,natural_vegetation_fire,0.013815705981267254,0.9029337526248052,0.08325054139392755
FW_00005049,other_uncertain,other_uncertain,0.37066085923735875,0.20753467021670144,0.4218044705459398
FW_01661284,natural_vegetation_fire,natural_vegetation_fire,0.001009119607269222,0.9221690905792962,0.07682178981343465
FW_01048315,other_uncertain,other_uncertain,0.0022038438174320574,0.027446637258289358,0.9703495189242787
FW_01695422,natural_vegetation_fire,natural_vegetation_fire,0.0013366994130724692,0.8591267927468025,0.13953650784012508
FW_00030789,other_uncertain,other_uncertain,0.21979225588278437,0.010549941498148285,0.7696578026190675
FW_00465848,natural_vegetation_fire,natural_vegetation_fire,0.005788183010621674,0.9084310889202148,0.08578072806916348
FW_01607907,other_uncertain,industrial_fire_candidate,0.53669037121643,0.028200326667804775,0.4351093021157652
FW_00387528,other_uncertain,natural_vegetation_fire,0.04298750418927258,0.6565754592895284,0.300437036521199
FW_00325536,natural_vegetation_fire,natural_vegetation_fire,0.0026956439757702395,0.9592432156564917,0.03806114036773812
FW_00721542,natural_vegetation_fire,natural_vegetation_fire,0.020739688338496105,0.8482265402152469,0.13103377144625697
FW_00079717,natural_vegetation_fire,natural_vegetation_fire,0.0017891843919243396,0.9594253893697399,0.0387854262383358
FW_00426600,natural_vegetation_fire,natural_vegetation_fire,0.005208995106509955,0.8452701059217232,0.14952089897176676
FW_00673145,natural_vegetation_fire,natural_vegetation_fire,0.0035525842385646144,0.9058251936647906,0.0906222220966447
FW_00457582,natural_vegetation_fire,natural_vegetation_fire,0.0016079100624229203,0.8936221299236277,0.10476996001394942
FW_01445988,natural_vegetation_fire,natural_vegetation_fire,0.0011331520176112821,0.9306028454726964,0.06826400250969224
FW_01470018,other_uncertain,other_uncertain,0.008335864162805974,0.044198690775948915,0.9474654450612451
FW_00025602,other_uncertain,other_uncertain,0.11375312889464749,0.009229659934591935,0.8770172111707605
FW_00189026,natural_vegetation_fire,natural_vegetation_fire,0.0008765595920698499,0.9642336126636012,0.03488982774432899
FW_00190871,natural_vegetation_fire,natural_vegetation_fire,0.0024358537532074543,0.9757596703788154,0.0218044758679772
FW_01643817,other_uncertain,natural_vegetation_fire,0.000820088117580217,0.8688403803719282,0.13033953151049152
FW_01225014,natural_vegetation_fire,natural_vegetation_fire,0.0035428765231909896,0.9824816127411916,0.013975510735617416
FW_00963910,natural_vegetation_fire,natural_vegetation_fire,0.00590558285561239,0.8086740447767795,0.18542037236760806
FW_00822281,natural_vegetation_fire,natural_vegetation_fire,0.0037570913038526676,0.8918505445611019,0.10439236413504528
FW_00487538,natural_vegetation_fire,natural_vegetation_fire,0.001043755303577972,0.9581507978020173,0.04080544689440479
FW_01035362,natural_vegetation_fire,natural_vegetation_fire,0.0007555902091677925,0.9841606911792775,0.015083718611554891
FW_00093750,other_uncertain,other_uncertain,0.0029749610040860196,0.02382941989864033,0.9731956190972737
FW_00203699,natural_vegetation_fire,natural_vegetation_fire,0.0023319311951382625,0.9862010300139219,0.011467038790939788
FW_01160530,other_uncertain,other_uncertain,0.022429319219286366,0.07541322072074844,0.9021574600599651
FW_00753115,natural_vegetation_fire,natural_vegetation_fire,0.0006076635238209784,0.985673016084142,0.01371932039203695
FW_00032423,natural_vegetation_fire,natural_vegetation_fire,0.01970386327879168,0.9297265390598858,0.05056959766132247
FW_00096870,other_uncertain,natural_vegetation_fire,0.00429185274835185,0.8289629368699691,0.1667452103816789
FW_00887355,natural_vegetation_fire,natural_vegetation_fire,0.0005073850154817271,0.9908548692903583,0.00863774569415996
FW_01071117,other_uncertain,natural_vegetation_fire,0.0040509732647984265,0.7679069044025612,0.22804212233264032
FW_01089779,natural_vegetation_fire,natural_vegetation_fire,0.002142265223699694,0.6884140553405484,0.3094436794357519
FW_01621022,other_uncertain,other_uncertain,0.031978472779050464,0.2440738873412835,0.723947639879666
FW_01162118,other_uncertain,other_uncertain,0.005831019202865063,0.13643904160102877,0.8577299391961062
FW_01540787,natural_vegetation_fire,natural_vegetation_fire,0.002705050430341856,0.863254793070532,0.13404015649912623
FW_00873456,natural_vegetation_fire,natural_vegetation_fire,0.0006332312430525608,0.9915557825195873,0.007810986237360162
FW_00832288,natural_vegetation_fire,other_uncertain,0.03844980610725942,0.3971160434764205,0.5644341504163201
FW_01552873,natural_vegetation_fire,natural_vegetation_fire,0.0016383056598113614,0.8673105543144458,0.13105114002574283
FW_01055345,other_uncertain,other_uncertain,0.04415331774816187,0.05099911376744518,0.904847568484393
FW_00210528,natural_vegetation_fire,natural_vegetation_fire,0.005237191908998307,0.9433513057379517,0.05141150235305014
FW_00054168,industrial_fire_candidate,industrial_fire_candidate,0.4642872631637257,0.2668924024032443,0.26882033443302994
FW_01668674,natural_vegetation_fire,natural_vegetation_fire,0.004776393589099051,0.924074182980517,0.07114942343038391
FW_00056223,other_uncertain,other_uncertain,0.0044674059836410955,0.08234477438732522,0.9131878196290337
FW_01439434,natural_vegetation_fire,natural_vegetation_fire,0.0015417371666252794,0.9692830048123442,0.02917525802103055
FW_00566311,industrial_fire_candidate,industrial_fire_candidate,0.5808018756599762,0.02604796388092829,0.3931501604590954
FW_01069513,natural_vegetation_fire,natural_vegetation_fire,0.0018325295626334863,0.8642367883609812,0.1339306820763854
FW_00508453,other_uncertain,natural_vegetation_fire,0.003498476702448653,0.585756261431327,0.41074526186622434
FW_01177310,natural_vegetation_fire,natural_vegetation_fire,0.0019516648247195857,0.7605571714052533,0.23749116377002716
FW_01040137,other_uncertain,other_uncertain,0.0009948013275548513,0.029326082914171946,0.9696791157582733
FW_01596857,natural_vegetation_fire,other_uncertain,0.10762096131161676,0.43467571686899614,0.45770332181938705
FW_00362714,natural_vegetation_fire,natural_vegetation_fire,0.001970372104406082,0.7900834251957973,0.2079462026997967
FW_00123955,natural_vegetation_fire,other_uncertain,0.1322732068017464,0.42502231781907757,0.442704475379176
FW_00343441,natural_vegetation_fire,natural_vegetation_fire,0.002729501624543967,0.8623389404113114,0.13493155796414463
FW_01513904,natural_vegetation_fire,natural_vegetation_fire,0.002337526224596713,0.8559000211738693,0.14176245260153394
FW_00013065,natural_vegetation_fire,other_uncertain,0.014314359630627823,0.4758214857626086,0.5098641546067636
FW_00898611,natural_vegetation_fire,natural_vegetation_fire,0.0010767596593019833,0.9858837714243052,0.013039468916392797
FW_00640412,natural_vegetation_fire,natural_vegetation_fire,0.0025061824346783424,0.9557588823503661,0.04173493521495557
FW_01219421,other_uncertain,other_uncertain,0.1016462875715437,0.046178887622288056,0.8521748248061684
FW_01286941,natural_vegetation_fire,natural_vegetation_fire,0.0005411173670074674,0.9902008808107126,0.009258001822280022
FW_00241600,industrial_fire_candidate,other_uncertain,0.09223291488278187,0.09337075580241676,0.8143963293148013
FW_00691432,industrial_fire_candidate,other_uncertain,0.10764997432334657,0.0371412490047181,0.8552087766719353
FW_01680215,natural_vegetation_fire,other_uncertain,0.0029065657002162694,0.44802337667804654,0.5490700576217373
FW_00929894,natural_vegetation_fire,natural_vegetation_fire,0.0031362081145129075,0.9630620669465975,0.033801724938889596
FW_00372608,natural_vegetation_fire,natural_vegetation_fire,0.008879339799795547,0.872027776970025,0.11909288323017946
FW_00373741,natural_vegetation_fire,natural_vegetation_fire,0.00358269788867617,0.7696530284437154,0.22676427366760832
FW_01178093,natural_vegetation_fire,natural_vegetation_fire,0.001480968094635353,0.8819953671697419,0.1165236647356227
FW_00951504,other_uncertain,other_uncertain,0.008101448335691258,0.02598387073105527,0.9659146809332534
FW_01292354,natural_vegetation_fire,natural_vegetation_fire,0.0011441371185026976,0.9184932219237105,0.0803626409577869
FW_01580137,other_uncertain,other_uncertain,0.0010370058857503896,0.024999841227994195,0.9739631528862553
FW_00079319,natural_vegetation_fire,natural_vegetation_fire,0.14567666432166515,0.7235522201120247,0.13077111556631027
FW_01072170,other_uncertain,other_uncertain,0.017480250112292074,0.009514459638553532,0.9730052902491544
FW_00983114,natural_vegetation_fire,natural_vegetation_fire,0.0028333800962157462,0.8348450008454656,0.16232161905831863
FW_00820887,natural_vegetation_fire,natural_vegetation_fire,0.003774949338504754,0.8929850681221321,0.10323998253936313
FW_01222503,industrial_fire_candidate,other_uncertain,0.09262063427479467,0.046286680587344954,0.8610926851378603
FW_00136208,other_uncertain,other_uncertain,0.09231913296513343,0.014674077576064629,0.8930067894588019
FW_00983278,natural_vegetation_fire,natural_vegetation_fire,0.007411469772798064,0.8622530845954135,0.13033544563178856
FW_00990958,natural_vegetation_fire,natural_vegetation_fire,0.0076801686186586835,0.594259081669613,0.3980607497117282
FW_00701538,natural_vegetation_fire,natural_vegetation_fire,0.0008299577717822954,0.9926202575251074,0.006549784703110305
FW_00070918,other_uncertain,other_uncertain,0.032733811233088134,0.06648564822600761,0.9007805405409043
FW_01116066,natural_vegetation_fire,natural_vegetation_fire,0.0037459677999341153,0.6626641414999231,0.3335898907001427
FW_00995888,other_uncertain,other_uncertain,0.0016077032158641157,0.026338342603119933,0.972053954181016
FW_01608509,other_uncertain,other_uncertain,0.21571705672609387,0.05798139916131449,0.7263015441125917
FW_00484999,natural_vegetation_fire,natural_vegetation_fire,0.010382686361387408,0.7149019889248741,0.27471532471373855
FW_00414567,other_uncertain,other_uncertain,0.0019478673012439207,0.01732880386890049,0.9807233288298556
FW_00696960,other_uncertain,natural_vegetation_fire,0.004918137398839044,0.5565679775483032,0.43851388505285765
FW_00857681,natural_vegetation_fire,natural_vegetation_fire,0.0010127525530606106,0.9888583196585402,0.010128927788399127
FW_00928807,natural_vegetation_fire,natural_vegetation_fire,0.005602114925770369,0.9792722969591543,0.015125588115075247
FW_01521485,natural_vegetation_fire,natural_vegetation_fire,0.005016243581632021,0.8713677526909416,0.12361600372742645
FW_01219191,natural_vegetation_fire,natural_vegetation_fire,0.003602315592665808,0.8130046324785521,0.1833930519287819
FW_00061140,other_uncertain,other_uncertain,0.2340560720182299,0.009952294432522501,0.7559916335492475
FW_01011621,natural_vegetation_fire,natural_vegetation_fire,0.001793203052839564,0.9801999454519514,0.01800685149520915
FW_01129287,natural_vegetation_fire,other_uncertain,0.006357415158430553,0.3670704794232326,0.626572105418337
FW_01038337,other_uncertain,other_uncertain,0.04627992358224714,0.11452861285403644,0.8391914635637165
FW_00839873,natural_vegetation_fire,natural_vegetation_fire,0.0034980335777565893,0.9226041734922478,0.07389779292999543
FW_01609370,other_uncertain,other_uncertain,0.055322477287497514,0.15201379351030708,0.7926637292021954
FW_00795423,natural_vegetation_fire,natural_vegetation_fire,0.0008670845518373784,0.9832304013000934,0.01590251414806926
FW_01199073,other_uncertain,other_uncertain,0.4868826614458491,0.02231627269199532,0.49080106586215566
FW_00322032,natural_vegetation_fire,other_uncertain,0.011440697637302986,0.10344445253833011,0.8851148498243671
FW_00491688,natural_vegetation_fire,natural_vegetation_fire,0.0023803684916072834,0.8489630640677318,0.1486565674406608
FW_01070535,other_uncertain,other_uncertain,0.098509496153645,0.017146161201842765,0.8843443426445122
FW_00456416,natural_vegetation_fire,natural_vegetation_fire,0.004725346975725043,0.5979005395027025,0.39737411352157237
FW_00008465,natural_vegetation_fire,natural_vegetation_fire,0.0008540191989586353,0.9420545284083294,0.05709145239271218
FW_00922001,natural_vegetation_fire,natural_vegetation_fire,0.005200234298548493,0.9562184282040797,0.038581337497371845
FW_01097072,natural_vegetation_fire,natural_vegetation_fire,0.0027975068133587397,0.9768800441948552,0.020322448991786007
FW_00873474,natural_vegetation_fire,natural_vegetation_fire,0.0021984032477839806,0.9772148260022264,0.02058677074998954
FW_01479656,natural_vegetation_fire,natural_vegetation_fire,0.011799697739321408,0.9291065543601038,0.059093747900574894
FW_00441898,other_uncertain,other_uncertain,0.014413433825835723,0.04780813932666123,0.937778426847503
FW_00040519,natural_vegetation_fire,natural_vegetation_fire,0.0008552460487398201,0.9830798482013904,0.016064905749869924
FW_00643050,other_uncertain,other_uncertain,0.0037847938253685533,0.015300524251929586,0.9809146819227019
FW_00033765,natural_vegetation_fire,natural_vegetation_fire,0.0050845671228814645,0.917100506740945,0.07781492613617366
FW_00087223,natural_vegetation_fire,natural_vegetation_fire,0.0015605333300636607,0.9769010621520249,0.02153840451791129
FW_00879993,natural_vegetation_fire,natural_vegetation_fire,0.004168680019991151,0.8559757501776698,0.13985556980233907
FW_00072054,natural_vegetation_fire,natural_vegetation_fire,0.0006221810171184206,0.9852092354216612,0.014168583561220395
FW_00349687,natural_vegetation_fire,natural_vegetation_fire,0.0010465514682101195,0.951451346084698,0.04750210244709171
FW_01585296,other_uncertain,natural_vegetation_fire,0.013110212082079,0.6908666435770957,0.2960231443408253
FW_00695879,natural_vegetation_fire,natural_vegetation_fire,0.0026770336101399643,0.8145401557327023,0.18278281065715785
FW_01532341,industrial_fire_candidate,other_uncertain,0.3042478138764389,0.005144907536446773,0.6906072785871143
FW_00446102,other_uncertain,other_uncertain,0.185855859650504,0.011621111341093782,0.8025230290084021
FW_01225812,other_uncertain,other_uncertain,0.11207509537154561,0.4125453505865731,0.4753795540418813
FW_00196542,natural_vegetation_fire,natural_vegetation_fire,0.0033287502643855973,0.9822685500865551,0.014402699649059297
FW_00319303,industrial_fire_candidate,industrial_fire_candidate,0.5142993077121051,0.028681049123692397,0.45701964316420246
FW_01099538,natural_vegetation_fire,natural_vegetation_fire,0.002857963917310422,0.8235821107746683,0.17355992530802128
FW_01422724,natural_vegetation_fire,other_uncertain,0.004426254375494664,0.42849920042658696,0.5670745451979183
FW_01698570,other_uncertain,natural_vegetation_fire,0.02495312888653982,0.6355651648980335,0.33948170621542656
FW_00524920,other_uncertain,natural_vegetation_fire,0.052693953982750855,0.49570455191366214,0.45160149410358696
FW_00528240,natural_vegetation_fire,natural_vegetation_fire,0.0017969577261321115,0.8687867270788038,0.12941631519506427
FW_01595015,other_uncertain,other_uncertain,0.38293144242001925,0.051908643587841634,0.565159913992139
FW_01389036,natural_vegetation_fire,natural_vegetation_fire,0.0021474791588821005,0.9803730938778855,0.017479426963232274
FW_00728610,natural_vegetation_fire,natural_vegetation_fire,0.001941827078203579,0.947866526119756,0.05019164680204048
FW_00803885,natural_vegetation_fire,natural_vegetation_fire,0.0015941660580413256,0.8943714509583058,0.10403438298365275
FW_01545774,other_uncertain,other_uncertain,0.0021920645175616807,0.046498685429931845,0.9513092500525064
FW_00129300,natural_vegetation_fire,natural_vegetation_fire,0.0028592520986632564,0.9466882836450075,0.05045246425632946
FW_01123925,natural_vegetation_fire,other_uncertain,0.01653936606000138,0.20511982429140072,0.778340809648598
FW_01565924,natural_vegetation_fire,natural_vegetation_fire,0.08172633056953194,0.6038584720338139,0.31441519739665424
FW_00466967,other_uncertain,other_uncertain,0.0018247298933565354,0.06113178537177787,0.9370434847348657
FW_01147782,industrial_fire_candidate,natural_vegetation_fire,0.025153315005024053,0.6009548328050327,0.3738918521899432
FW_01558938,natural_vegetation_fire,natural_vegetation_fire,0.01093847545020544,0.5506352763437109,0.43842624820608356
FW_00513068,natural_vegetation_fire,other_uncertain,0.008257404861989425,0.47837965460761706,0.5133629405303934
FW_01074034,natural_vegetation_fire,natural_vegetation_fire,0.016771096192004797,0.5504985654749731,0.4327303383330221
FW_01130965,natural_vegetation_fire,natural_vegetation_fire,0.0053434408460220914,0.6814238899332105,0.3132326692207674
FW_01024110,natural_vegetation_fire,natural_vegetation_fire,0.007719515220556912,0.8591474889472059,0.1331329958322372
FW_01444491,natural_vegetation_fire,natural_vegetation_fire,0.0011754631706395592,0.915287403863979,0.08353713296538141
FW_01605845,natural_vegetation_fire,natural_vegetation_fire,0.009985871708879438,0.5332404373078605,0.45677369098326004
FW_01088642,natural_vegetation_fire,natural_vegetation_fire,0.0019178088365366902,0.8330575089536475,0.16502468220981567
FW_00993953,natural_vegetation_fire,natural_vegetation_fire,0.039705968008114226,0.6690924102808106,0.2912016217110753
FW_00268765,other_uncertain,other_uncertain,0.0014548360188322872,0.013819790582915128,0.9847253733982525
FW_00583867,other_uncertain,other_uncertain,0.23640722906641148,0.22277002951790062,0.540822741415688
FW_01412670,natural_vegetation_fire,natural_vegetation_fire,0.05018515794677365,0.7239622724921632,0.2258525695610631
FW_00038930,other_uncertain,other_uncertain,0.0022987406168454997,0.020199701851837813,0.9775015575313166
FW_01049086,other_uncertain,other_uncertain,0.008525203260614336,0.07122757957531572,0.92024721716407
FW_00447434,industrial_fire_candidate,natural_vegetation_fire,0.17911848911327444,0.46366520297643443,0.3572163079102911
FW_01060919,other_uncertain,other_uncertain,0.03635093274765166,0.029338574289881382,0.9343104929624669
FW_00728269,other_uncertain,natural_vegetation_fire,0.004764557849806559,0.8733472958503037,0.12188814629988978
FW_01210574,natural_vegetation_fire,natural_vegetation_fire,0.0036718054673661547,0.9212681632362602,0.07506003129637377
FW_00419367,other_uncertain,natural_vegetation_fire,0.0017280131497103665,0.8769364688354706,0.12133551801481889
FW_01412417,natural_vegetation_fire,natural_vegetation_fire,0.004292109824103059,0.5488357960611161,0.44687209411478085
FW_00994360,other_uncertain,natural_vegetation_fire,0.004067876168540387,0.845648814364692,0.15028330946676777
FW_00688853,natural_vegetation_fire,natural_vegetation_fire,0.0034134802377926163,0.8242011684574757,0.17238535130473162
FW_00001030,other_uncertain,other_uncertain,0.0144416118530125,0.029506645125328974,0.9560517430216585
FW_01324638,natural_vegetation_fire,natural_vegetation_fire,0.0014364986287286002,0.9779126083149366,0.02065089305633482
FW_00574577,other_uncertain,other_uncertain,0.022700224475866695,0.04980485765519972,0.9274949178689335
FW_01578498,other_uncertain,other_uncertain,0.3313692569868915,0.014984390786338946,0.6536463522267696
FW_01275105,natural_vegetation_fire,natural_vegetation_fire,0.0003567972273493829,0.9919179106871446,0.007725292085505942
FW_00320465,natural_vegetation_fire,natural_vegetation_fire,0.0009342762547764608,0.9432320865259697,0.055833637219253954
FW_01469199,natural_vegetation_fire,natural_vegetation_fire,0.001305186416516544,0.9900961702004334,0.008598643383050029
FW_01592518,other_uncertain,other_uncertain,0.0019968910017152306,0.022610618210955134,0.9753924907873296
FW_00078038,other_uncertain,other_uncertain,0.005368253406405157,0.04124132179470621,0.9533904247988887
FW_00457594,other_uncertain,natural_vegetation_fire,0.002158197123722222,0.940782269191283,0.05705953368499468
FW_01116258,natural_vegetation_fire,natural_vegetation_fire,0.0015655554850341616,0.9577048861980778,0.04072955831688798
FW_00658292,natural_vegetation_fire,natural_vegetation_fire,0.0019120124245411894,0.9315357539595677,0.066552233615891
FW_01617488,other_uncertain,other_uncertain,0.13153387125867275,0.1432621961450843,0.7252039325962428
FW_00226191,natural_vegetation_fire,natural_vegetation_fire,0.0014635656818163775,0.9451742923208994,0.05336214199728412
FW_01583294,other_uncertain,other_uncertain,0.001476667368712451,0.04485060202237643,0.953672730608911
FW_01291820,natural_vegetation_fire,natural_vegetation_fire,0.0006906508504226296,0.9912185700864747,0.008090779063102602
FW_00475550,natural_vegetation_fire,natural_vegetation_fire,0.001310458906784903,0.8682691752816556,0.13042036581155947
FW_00647392,natural_vegetation_fire,natural_vegetation_fire,0.028013251278271957,0.721531585112189,0.2504551636095391
FW_00415228,other_uncertain,other_uncertain,0.011053435082180572,0.05491217922589488,0.9340343856919245
FW_01534017,natural_vegetation_fire,natural_vegetation_fire,0.006413490269804992,0.6350988177893889,0.3584876919408061
FW_00451226,natural_vegetation_fire,natural_vegetation_fire,0.08520077149979312,0.762904350601462,0.1518948778987449
FW_00965359,natural_vegetation_fire,other_uncertain,0.0035421951541773286,0.35953124043402546,0.6369265644117972
FW_01040205,other_uncertain,other_uncertain,0.046287037716340636,0.08804128073574181,0.8656716815479175
FW_00448917,other_uncertain,other_uncertain,0.008851954056316709,0.048204900647245454,0.9429431452964379
FW_00551813,natural_vegetation_fire,natural_vegetation_fire,0.008944812488288864,0.7864885729734747,0.20456661453823624
FW_00597998,natural_vegetation_fire,natural_vegetation_fire,0.0058618128443568545,0.8507456384964394,0.14339254865920384
FW_01070543,other_uncertain,other_uncertain,0.0037268961734257732,0.04764964163301316,0.948623462193561
FW_00865159,natural_vegetation_fire,natural_vegetation_fire,0.0007729649473601319,0.982963562439148,0.016263472613492005
FW_01531627,natural_vegetation_fire,natural_vegetation_fire,0.0030624940222035288,0.9604392289707575,0.036498277007038955
FW_00361128,natural_vegetation_fire,natural_vegetation_fire,0.006558519629913178,0.86257827387119,0.1308632064988969
FW_01279023,natural_vegetation_fire,natural_vegetation_fire,0.0005220483465310527,0.9890219833984688,0.01045596825500028
FW_00679851,natural_vegetation_fire,other_uncertain,0.026835061828002396,0.10251799702862247,0.8706469411433752
FW_00979846,other_uncertain,natural_vegetation_fire,0.03282930787394928,0.5560631155759569,0.4111075765500939
FW_00705739,other_uncertain,other_uncertain,0.012079714624673565,0.13906051757206453,0.8488597678032619
FW_00223673,natural_vegetation_fire,natural_vegetation_fire,0.002721343559775294,0.9280828604746962,0.0691957959655284
FW_01615815,other_uncertain,other_uncertain,0.18824971809144733,0.0333611438602933,0.7783891380482593
FW_00049300,natural_vegetation_fire,natural_vegetation_fire,0.008926068347949677,0.8179066564100861,0.1731672752419641
FW_00415557,other_uncertain,other_uncertain,0.0038018654904591036,0.011568716184937095,0.9846294183246038
FW_00499995,natural_vegetation_fire,natural_vegetation_fire,0.0032360721282360476,0.5959140719303048,0.40084985594145917
FW_00483903,natural_vegetation_fire,natural_vegetation_fire,0.0025237167099872995,0.8027382852790209,0.19473799801099184
FW_00407338,other_uncertain,other_uncertain,0.0013746227226289418,0.03166240233440837,0.9669629749429628
FW_00194615,natural_vegetation_fire,natural_vegetation_fire,0.00563331430259745,0.983432580033726,0.01093410566367651
FW_00288241,natural_vegetation_fire,natural_vegetation_fire,0.012400056298083327,0.9094775310127816,0.07812241268913503
FW_01557012,other_uncertain,other_uncertain,0.0009884615752855474,0.022972857587838118,0.9760386808368764
FW_01116996,natural_vegetation_fire,natural_vegetation_fire,0.0016531678641470988,0.8992069265161347,0.09913990561971833
FW_00235705,other_uncertain,other_uncertain,0.001150082412935419,0.021105158694734033,0.9777447588923306
FW_00898271,natural_vegetation_fire,natural_vegetation_fire,0.0005036871769382966,0.9929620692260134,0.006534243597048298
FW_01043189,other_uncertain,other_uncertain,0.0015677533793425013,0.033020474187065364,0.9654117724335921
FW_00035704,natural_vegetation_fire,natural_vegetation_fire,0.004125420168699683,0.9646688376358846,0.03120574219541564
FW_00845635,natural_vegetation_fire,natural_vegetation_fire,0.007156514242142415,0.9690423325506572,0.023801153207200325
FW_01209097,other_uncertain,other_uncertain,0.057301036203077776,0.03818718334228892,0.9045117804546333
FW_01449202,other_uncertain,other_uncertain,0.0025471674216956167,0.05229041208295391,0.9451624204953506
FW_00237437,other_uncertain,natural_vegetation_fire,0.005560766417259981,0.7387808702885171,0.2556583632942229
FW_01546243,natural_vegetation_fire,natural_vegetation_fire,0.001650896422641114,0.8734846879949366,0.12486441558242223
FW_00873357,natural_vegetation_fire,natural_vegetation_fire,0.0005652474416743584,0.9868555364215592,0.012579216136766318
FW_00433881,other_uncertain,other_uncertain,0.033584739167166214,0.12412695455044521,0.8422883062823886
FW_00555087,natural_vegetation_fire,natural_vegetation_fire,0.022917663606387365,0.7564877561550859,0.22059458023852682
FW_01723614,industrial_fire_candidate,other_uncertain,0.050462721069595436,0.16828234339707687,0.7812549355333277
FW_00674776,natural_vegetation_fire,natural_vegetation_fire,0.10865550554155098,0.6423596101840182,0.2489848842744308
FW_01208781,other_uncertain,other_uncertain,0.0037980910900686678,0.02152091828617443,0.9746809906237569
FW_00344939,natural_vegetation_fire,natural_vegetation_fire,0.0036253018976610805,0.9025529513562925,0.09382174674604632
FW_01004482,natural_vegetation_fire,natural_vegetation_fire,0.0036381780549532058,0.970263507209926,0.02609831473512073
FW_00254367,other_uncertain,other_uncertain,0.03143595005968152,0.03548584682978997,0.9330782031105286
FW_01124192,other_uncertain,other_uncertain,0.006354988388042346,0.04420423533724005,0.9494407762747176
FW_00211321,natural_vegetation_fire,natural_vegetation_fire,0.0018178681568031027,0.8335272075584643,0.1646549242847326
FW_00750090,other_uncertain,natural_vegetation_fire,0.008170150660828112,0.7359241446977196,0.25590570464145235
FW_01074835,other_uncertain,other_uncertain,0.16420852907397565,0.004827517015823286,0.8309639539102011
FW_01121979,natural_vegetation_fire,natural_vegetation_fire,0.002528628686764162,0.7994768318170739,0.19799453949616208
FW_00452914,other_uncertain,other_uncertain,0.1458808417267541,0.005270169161613559,0.8488489891116324
FW_00560566,other_uncertain,other_uncertain,0.1405898421391986,0.008508582124412916,0.8509015757363886
FW_01586048,other_uncertain,other_uncertain,0.0008213964730968321,0.011885185211367583,0.9872934183155356
FW_00520902,natural_vegetation_fire,natural_vegetation_fire,0.005126378966172776,0.6250195629975202,0.36985405803630717
FW_00866085,natural_vegetation_fire,natural_vegetation_fire,0.0005991582010008675,0.9825638611452586,0.01683698065374074
FW_00671184,natural_vegetation_fire,natural_vegetation_fire,0.0018429034175852113,0.9655927695253413,0.032564327057073274
FW_01539963,other_uncertain,natural_vegetation_fire,0.0017921422000585527,0.8846307957919529,0.11357706200798848
FW_01548343,other_uncertain,other_uncertain,0.012851286930370243,0.017068727314066216,0.9700799857555635
FW_01625248,natural_vegetation_fire,natural_vegetation_fire,0.0015836744648368936,0.9504162635070417,0.04800006202812146
FW_01067247,natural_vegetation_fire,natural_vegetation_fire,0.001853585916432046,0.9472872070171016,0.05085920706646649
FW_01211046,natural_vegetation_fire,natural_vegetation_fire,0.0038572537822567994,0.7966934050603255,0.19944934115741772
FW_01099786,natural_vegetation_fire,natural_vegetation_fire,0.002265702090174843,0.8557566973952058,0.14197760051461938
FW_00372420,industrial_fire_candidate,other_uncertain,0.22799510075456872,0.09257139099373901,0.6794335082516922
FW_01616118,natural_vegetation_fire,natural_vegetation_fire,0.002126366421158978,0.9410824502735654,0.05679118330527555
FW_00244007,natural_vegetation_fire,natural_vegetation_fire,0.0029441623746759406,0.9693310471806845,0.02772479044463957
FW_01350089,natural_vegetation_fire,natural_vegetation_fire,0.0008489804386088855,0.9749305692497997,0.02422045031159153
FW_00015673,other_uncertain,industrial_fire_candidate,0.5364391470027148,0.05408209562007694,0.40947875737720846
FW_00049598,natural_vegetation_fire,natural_vegetation_fire,0.0016046115150390918,0.8892545692759608,0.10914081920900029
FW_01617642,natural_vegetation_fire,natural_vegetation_fire,0.0011879161746521283,0.9581463785130999,0.04066570531224786
FW_01317416,natural_vegetation_fire,natural_vegetation_fire,0.00183579350411813,0.8918227850353949,0.10634142146048703
FW_00592172,natural_vegetation_fire,other_uncertain,0.016502840972482214,0.4911306120354312,0.49236654699208665
FW_00829742,natural_vegetation_fire,natural_vegetation_fire,0.007755338944860527,0.5908363921600033,0.4014082688951362
FW_00384077,natural_vegetation_fire,natural_vegetation_fire,0.004156466065727534,0.825966365964831,0.16987716796944147
FW_01066395,other_uncertain,other_uncertain,0.0013346057459901774,0.0313321485049435,0.9673332457490663
FW_01577940,other_uncertain,other_uncertain,0.002351797184018093,0.05345808884012655,0.9441901139758553
FW_00615198,other_uncertain,other_uncertain,0.019066654345603916,0.026866474040293076,0.9540668716141031
FW_00619728,industrial_fire_candidate,other_uncertain,0.26113876834369215,0.2080521278482987,0.530809103808009
FW_00937081,natural_vegetation_fire,natural_vegetation_fire,0.0008981119205209497,0.9672998389223307,0.03180204915714823
FW_00031789,industrial_fire_candidate,other_uncertain,0.2272112698031444,0.06128220115993044,0.7115065290369252
FW_01397384,natural_vegetation_fire,natural_vegetation_fire,0.004689078537568612,0.9768701769166643,0.018440744545767156
FW_00475520,natural_vegetation_fire,natural_vegetation_fire,0.0039746859451893785,0.812245188030106,0.18378012602470445
FW_00269530,natural_vegetation_fire,natural_vegetation_fire,0.019222299986302854,0.734482982860159,0.24629471715353818
FW_00306348,natural_vegetation_fire,natural_vegetation_fire,0.008671763848388317,0.738167885555669,0.2531603505959427
FW_00528865,other_uncertain,natural_vegetation_fire,0.0011061578900349283,0.7849079171604249,0.21398592494954016
FW_00219529,natural_vegetation_fire,natural_vegetation_fire,0.017351636257458055,0.8465081176128219,0.13614024612971995
FW_00102838,other_uncertain,other_uncertain,0.00403936055005823,0.09113044122134105,0.9048301982286007
FW_00898261,natural_vegetation_fire,natural_vegetation_fire,0.0021946688815871326,0.9611683401815794,0.0366369909368334
FW_00028409,natural_vegetation_fire,natural_vegetation_fire,0.0031520820507019375,0.9490929204273125,0.04775499752198558
FW_01163741,other_uncertain,other_uncertain,0.23129639759252812,0.018075975092938127,0.7506276273145337
FW_00372915,natural_vegetation_fire,natural_vegetation_fire,0.0015519946501595958,0.9013763401307104,0.09707166521913009
FW_01043343,other_uncertain,other_uncertain,0.016920364475557767,0.28348401620579144,0.6995956193186508
FW_00473140,natural_vegetation_fire,natural_vegetation_fire,0.005386513672345342,0.8394240268891997,0.15518945943845502
FW_01723445,other_uncertain,other_uncertain,0.0068817756725052205,0.02371148703243828,0.9694067372950566
FW_01281693,natural_vegetation_fire,natural_vegetation_fire,0.002235590102733292,0.9760698884019766,0.02169452149529001
FW_00592513,industrial_fire_candidate,other_uncertain,0.03657764658017406,0.046743056932372525,0.9166792964874534
FW_00400452,natural_vegetation_fire,natural_vegetation_fire,0.0026457807757270854,0.806957946094241,0.19039627313003205
FW_00363851,natural_vegetation_fire,natural_vegetation_fire,0.0024192258305175116,0.849267860916126,0.14831291325335652
FW_00737402,other_uncertain,other_uncertain,0.25476644553104005,0.026239868377257832,0.7189936860917022
FW_00479115,natural_vegetation_fire,natural_vegetation_fire,0.0017913829651031608,0.7833569258019923,0.21485169123290443
FW_01626712,other_uncertain,natural_vegetation_fire,0.0019089318993559747,0.826776304638295,0.17131476346234897
FW_00402998,natural_vegetation_fire,natural_vegetation_fire,0.029186462485474397,0.6514901587959239,0.3193233787186018
FW_01071243,natural_vegetation_fire,natural_vegetation_fire,0.002752808176390158,0.6735150541222623,0.3237321377013475
FW_01524798,natural_vegetation_fire,natural_vegetation_fire,0.0007276608353952158,0.9875255450278827,0.011746794136722048
FW_00452675,natural_vegetation_fire,natural_vegetation_fire,0.001332480621659481,0.9049208238615077,0.0937466955168327
FW_01097366,natural_vegetation_fire,natural_vegetation_fire,0.0012964875966527036,0.8913081707130237,0.1073953416903235
FW_01205401,industrial_fire_candidate,other_uncertain,0.08573219952536693,0.05957387753507236,0.8546939229395607
FW_00530336,natural_vegetation_fire,natural_vegetation_fire,0.001331093947318858,0.8681235346855647,0.13054537136711641
FW_00084753,other_uncertain,other_uncertain,0.001227476070109072,0.016636249610129078,0.9821362743197619
FW_00347902,natural_vegetation_fire,natural_vegetation_fire,0.0022551717485360763,0.7949012567427781,0.2028435715086858
FW_01038435,other_uncertain,other_uncertain,0.10218862260338854,0.004508894074386992,0.8933024833222245
FW_00710036,natural_vegetation_fire,natural_vegetation_fire,0.0015592026093588826,0.8769442012951574,0.12149659609548394
FW_01598372,natural_vegetation_fire,natural_vegetation_fire,0.0007109590135071139,0.9607774771606008,0.03851156382589211
FW_01110025,other_uncertain,industrial_fire_candidate,0.620469044513664,0.017161985229101978,0.36236897025723397
FW_01251317,natural_vegetation_fire,natural_vegetation_fire,0.0022618437781641142,0.8971776035904773,0.10056055263135848
FW_00088503,other_uncertain,other_uncertain,0.0024187329859493996,0.025380204809583265,0.9722010622044673
FW_00168991,natural_vegetation_fire,natural_vegetation_fire,0.0014052140024635757,0.9734841534212066,0.025110632576329624
FW_01164696,natural_vegetation_fire,natural_vegetation_fire,0.0010544504072073034,0.7764030987993514,0.22254245079344134
FW_01358473,natural_vegetation_fire,natural_vegetation_fire,0.009570376684668631,0.8795808736996981,0.11084874961563343
FW_01366233,natural_vegetation_fire,natural_vegetation_fire,0.003091559418790392,0.9300927473543373,0.06681569322687228
FW_00455656,other_uncertain,natural_vegetation_fire,0.0014684522302422533,0.7179788835261418,0.28055266424361586
FW_00685519,natural_vegetation_fire,natural_vegetation_fire,0.002646439926347578,0.9391418145156958,0.05821174555795664
FW_01274699,natural_vegetation_fire,natural_vegetation_fire,0.0006937321421234843,0.9926852282130785,0.00662103964479805
FW_00929983,natural_vegetation_fire,natural_vegetation_fire,0.004406336282717524,0.9605185446334229,0.03507511908385945
FW_00623208,other_uncertain,natural_vegetation_fire,0.026489237065488135,0.5331256873908338,0.4403850755436782
FW_01174269,other_uncertain,other_uncertain,0.0670988457548813,0.04996358097865445,0.8829375732664643
FW_01463871,natural_vegetation_fire,natural_vegetation_fire,0.0021016529661053666,0.9108412158033278,0.08705713123056684
FW_01238047,natural_vegetation_fire,natural_vegetation_fire,0.004650117846855309,0.8901874886764269,0.10516239347671767
FW_00613455,natural_vegetation_fire,natural_vegetation_fire,0.007153871041057964,0.9162106681782182,0.07663546078072393
FW_00990726,natural_vegetation_fire,natural_vegetation_fire,0.010886420550504802,0.8754664366406983,0.11364714280879681
FW_00968325,natural_vegetation_fire,natural_vegetation_fire,0.001533402257838066,0.8184314656846712,0.18003513205749072
FW_00990714,natural_vegetation_fire,natural_vegetation_fire,0.006813150279160826,0.8732532761074471,0.11993357361339213
FW_01716368,industrial_fire_candidate,other_uncertain,0.35455818240299564,0.008390644132017797,0.6370511734649866
FW_00371806,other_uncertain,other_uncertain,0.0027950307845415693,0.06912553469589755,0.9280794345195608
FW_00481044,natural_vegetation_fire,natural_vegetation_fire,0.025814734084069743,0.6657887885592302,0.30839647735670006
FW_01472985,natural_vegetation_fire,natural_vegetation_fire,0.001271435151812633,0.9629868352911135,0.0357417295570739
FW_00898694,natural_vegetation_fire,natural_vegetation_fire,0.002658711696758785,0.9609738934612468,0.0363673948419944
FW_01521917,other_uncertain,other_uncertain,0.018404716786466126,0.10439873067589772,0.8771965525376362
FW_01039750,natural_vegetation_fire,natural_vegetation_fire,0.0005093042113274159,0.9862549741573292,0.0132357216313433
FW_01243379,other_uncertain,natural_vegetation_fire,0.0033354488422653885,0.843803457689817,0.15286109346791757
FW_00459471,other_uncertain,other_uncertain,0.20084825573749066,0.0628405387826073,0.7363112054799019
FW_01671249,natural_vegetation_fire,natural_vegetation_fire,0.0013017871339481557,0.8344885098504936,0.16420970301555837
FW_00481789,natural_vegetation_fire,natural_vegetation_fire,0.0008337034581166113,0.9229412151192985,0.07622508142258479
FW_00601974,other_uncertain,natural_vegetation_fire,0.02647912140635848,0.7278427429973039,0.24567813559633764
FW_00216245,other_uncertain,other_uncertain,0.015367149639084667,0.22750428884699023,0.757128561513925
FW_00935624,other_uncertain,other_uncertain,0.002465581616445509,0.17128360603983794,0.8262508123437167
FW_01536841,natural_vegetation_fire,other_uncertain,0.0008908770045842621,0.015512362625037792,0.9835967603703779
FW_01711130,other_uncertain,other_uncertain,0.018719820390154122,0.07393841244106777,0.907341767168778
FW_01106484,natural_vegetation_fire,natural_vegetation_fire,0.004041605330106367,0.8594997128909057,0.13645868177898796
FW_01390198,natural_vegetation_fire,natural_vegetation_fire,0.0007485416942951934,0.988537686280404,0.010713772025300957
FW_01598636,other_uncertain,other_uncertain,0.0006745291404932637,0.014484973276716192,0.9848404975827906
FW_00439998,other_uncertain,other_uncertain,0.24505269276073213,0.07976052593645375,0.6751867813028141
FW_01504738,natural_vegetation_fire,natural_vegetation_fire,0.004694750713143776,0.8085420563743908,0.1867631929124654
FW_00919230,other_uncertain,other_uncertain,0.2903050132843961,0.009230325812758672,0.7004646609028453
FW_00762151,natural_vegetation_fire,natural_vegetation_fire,0.0007606773791069591,0.9870503524405618,0.012188970180331384
FW_00227099,natural_vegetation_fire,natural_vegetation_fire,0.01326704819052829,0.954400447882058,0.03233250392741375
FW_01686626,natural_vegetation_fire,natural_vegetation_fire,0.0024644750709916035,0.9308333029169633,0.06670222201204506
FW_01575251,natural_vegetation_fire,natural_vegetation_fire,0.0032006284538613535,0.964357916470102,0.03244145507603658
FW_00730781,other_uncertain,other_uncertain,0.04180014385278023,0.026053003819096573,0.9321468523281232
FW_01067314,natural_vegetation_fire,natural_vegetation_fire,0.0019379157189435266,0.8341396503257483,0.16392243395530814
FW_00059311,other_uncertain,other_uncertain,0.23041611211245536,0.040473535163962356,0.7291103527235824
FW_00796051,natural_vegetation_fire,natural_vegetation_fire,0.0007580583348702518,0.9882603968088725,0.010981544856257481
FW_00290469,other_uncertain,other_uncertain,0.004212505255287785,0.027677638011252392,0.9681098567334598
FW_00829850,other_uncertain,other_uncertain,0.042911864333700804,0.03604780323511332,0.9210403324311858
FW_00417374,other_uncertain,other_uncertain,0.1536548921882496,0.08965198385217152,0.7566931239595788
FW_00500106,other_uncertain,natural_vegetation_fire,0.0019762359451066212,0.8538241772517107,0.1441995868031826
FW_01702148,natural_vegetation_fire,natural_vegetation_fire,0.003811970715921087,0.901684062097884,0.09450396718619487
FW_01237088,natural_vegetation_fire,other_uncertain,0.007136163413025391,0.4639724150772812,0.5288914215096934
FW_00383027,natural_vegetation_fire,natural_vegetation_fire,0.0011113061687910257,0.9242309408474172,0.07465775298379167
FW_01266468,natural_vegetation_fire,natural_vegetation_fire,0.0003829554675853907,0.9927189212923282,0.006898123240086253
FW_00206261,natural_vegetation_fire,natural_vegetation_fire,0.004146685592334579,0.9568364389349578,0.0390168754727076
FW_01688796,natural_vegetation_fire,natural_vegetation_fire,0.008809613884300141,0.5746472266280085,0.41654315948769133
FW_01000417,other_uncertain,other_uncertain,0.005176009287392715,0.47210272027088707,0.5227212704417203
FW_00545073,other_uncertain,other_uncertain,0.09587007974105088,0.1359623947453029,0.7681675255136463
FW_01135858,other_uncertain,other_uncertain,0.0026235798489843186,0.018897567024694917,0.9784788531263209
FW_00485539,natural_vegetation_fire,natural_vegetation_fire,0.0009409205082766676,0.9740900859404791,0.024968993551244347
FW_01030868,natural_vegetation_fire,natural_vegetation_fire,0.0035552979621276456,0.9214268026607476,0.07501789937712482
FW_00448388,other_uncertain,other_uncertain,0.00912639153904146,0.13842442484445455,0.852449183616504
FW_00414642,natural_vegetation_fire,natural_vegetation_fire,0.0013533160879300428,0.9454607715646446,0.05318591234742522
FW_00590427,natural_vegetation_fire,natural_vegetation_fire,0.001386816214857682,0.8765430747170839,0.12207010906805842
FW_00637054,natural_vegetation_fire,natural_vegetation_fire,0.0005940398553125649,0.9711001773376235,0.02830578280706379
FW_00143490,natural_vegetation_fire,natural_vegetation_fire,0.0013064289189051851,0.9678682580298308,0.030825313051264
FW_01617297,other_uncertain,other_uncertain,0.0020038407771269234,0.017906949692162687,0.9800892095307104
FW_00138793,natural_vegetation_fire,natural_vegetation_fire,0.0017795730942004207,0.9221343534263073,0.07608607347949219
FW_01246781,natural_vegetation_fire,natural_vegetation_fire,0.001478500993050347,0.9666964610235211,0.03182503798342848
FW_01691829,industrial_fire_candidate,other_uncertain,0.08569720857792613,0.03719552615350511,0.8771072652685687
FW_01723615,industrial_fire_candidate,other_uncertain,0.049233660523971594,0.2101827626252453,0.7405835768507831
FW_00619371,other_uncertain,other_uncertain,0.002527006708935579,0.02841818542125142,0.9690548078698131
FW_00514068,natural_vegetation_fire,natural_vegetation_fire,0.0010951472035460523,0.9385936214298359,0.060311231366618055
FW_01014648,other_uncertain,other_uncertain,0.0018351970535044357,0.028098260988612556,0.9700665419578829
FW_01343398,natural_vegetation_fire,natural_vegetation_fire,0.007659806948274701,0.900026819599902,0.09231337345182337
FW_01591212,other_uncertain,other_uncertain,0.025660496636943315,0.10147183021200196,0.8728676731510547
FW_00483340,natural_vegetation_fire,natural_vegetation_fire,0.0006853742970828829,0.9236120823121903,0.07570254339072674
FW_01361301,natural_vegetation_fire,natural_vegetation_fire,0.0029733122356888956,0.9793881233920871,0.0176385643722238
FW_01039146,natural_vegetation_fire,natural_vegetation_fire,0.0017287379987567509,0.853762836633358,0.14450842536788525
FW_00915909,natural_vegetation_fire,natural_vegetation_fire,0.0008252137890099939,0.9748730658583954,0.024301720352594612
FW_01074852,other_uncertain,other_uncertain,0.002235926815223406,0.02574803510524683,0.9720160380795299
FW_00478417,natural_vegetation_fire,natural_vegetation_fire,0.001584569485248043,0.9081595319720642,0.09025589854268774
FW_01106891,natural_vegetation_fire,other_uncertain,0.0045899520911164724,0.4142207327972853,0.5811893151115981
FW_01145360,natural_vegetation_fire,natural_vegetation_fire,0.0006988053912873031,0.8984054013128557,0.10089579329585709
FW_00514889,other_uncertain,other_uncertain,0.03361560703868797,0.02870448158173953,0.9376799113795724
FW_01188653,other_uncertain,other_uncertain,0.18048294909393883,0.03788033363845868,0.7816367172676025
FW_01491507,natural_vegetation_fire,natural_vegetation_fire,0.007423272339672224,0.7872225371715638,0.20535419048876388
FW_00817643,other_uncertain,other_uncertain,0.043655913536788604,0.08698895124733771,0.8693551352158737
FW_00463911,other_uncertain,other_uncertain,0.33945468953926916,0.018638309731521578,0.6419070007292093
FW_01446601,natural_vegetation_fire,natural_vegetation_fire,0.0006242661019326621,0.9718245141527486,0.027551219745318555
FW_00876092,natural_vegetation_fire,natural_vegetation_fire,0.0022979410447983243,0.9805834226549444,0.01711863630025721
FW_01693380,natural_vegetation_fire,natural_vegetation_fire,0.008209567112839093,0.8089268544307348,0.1828635784564262
FW_00359508,other_uncertain,other_uncertain,0.0009619915312174502,0.020452670613808614,0.978585337854974
FW_00902693,natural_vegetation_fire,natural_vegetation_fire,0.009699173747985299,0.8694439791604657,0.12085684709154909
FW_00670015,other_uncertain,natural_vegetation_fire,0.04986667086091741,0.5420233726107847,0.4081099565282979
FW_00828781,natural_vegetation_fire,natural_vegetation_fire,0.0028074864044930503,0.9314730031806036,0.06571951041490358
FW_01657773,natural_vegetation_fire,natural_vegetation_fire,0.0029094334406609378,0.8523226838310479,0.144767882728291
FW_01630875,natural_vegetation_fire,natural_vegetation_fire,0.0005957027966489413,0.9475797580227018,0.05182453918064927
FW_01427160,natural_vegetation_fire,natural_vegetation_fire,0.00353308857691395,0.9742507292671021,0.02221618215598401
FW_00927680,natural_vegetation_fire,natural_vegetation_fire,0.009722383124667127,0.9309235964676602,0.059354020407672535
FW_01040944,natural_vegetation_fire,natural_vegetation_fire,0.008495897984327316,0.511079596891683,0.48042450512398976
FW_00897059,other_uncertain,other_uncertain,0.030980983932469106,0.14315953824937525,0.8258594778181556
FW_00482220,natural_vegetation_fire,natural_vegetation_fire,0.0008906315154625091,0.8999073642704595,0.09920200421407818
FW_01687497,natural_vegetation_fire,natural_vegetation_fire,0.001471708190505304,0.9516376408426019,0.046890650966892794
FW_01058585,natural_vegetation_fire,natural_vegetation_fire,0.003012583939491741,0.8187569632828037,0.17823045277770444
FW_00089998,natural_vegetation_fire,natural_vegetation_fire,0.0013306812179592654,0.9758135839132785,0.022855734868762356
FW_00829896,other_uncertain,other_uncertain,0.284968369309063,0.081148003661498,0.633883627029439
FW_00314406,other_uncertain,industrial_fire_candidate,0.493251685962693,0.02236746547899473,0.4843808485583124
FW_01093358,natural_vegetation_fire,natural_vegetation_fire,0.02685815919068304,0.7765361231038425,0.19660571770547453
FW_01702727,other_uncertain,other_uncertain,0.010563003065605963,0.02521521853618205,0.964221778398212
FW_00994258,natural_vegetation_fire,natural_vegetation_fire,0.003587726248249439,0.7064804520010867,0.2899318217506639
FW_01275877,natural_vegetation_fire,natural_vegetation_fire,0.0035774497530546576,0.9477785932504635,0.048643956996482024
FW_00212214,natural_vegetation_fire,natural_vegetation_fire,0.002467961447448867,0.9914502582159151,0.0060817803366359086
FW_01398264,other_uncertain,other_uncertain,0.0007267606032781476,0.02065819409964438,0.9786150452970774
FW_01481973,other_uncertain,other_uncertain,0.0050647368884682515,0.03032004024917727,0.9646152228623545
FW_00345272,natural_vegetation_fire,natural_vegetation_fire,0.006141246087793353,0.8827138890863855,0.1111448648258212
FW_00096238,natural_vegetation_fire,natural_vegetation_fire,0.0011992169988218609,0.972240027584125,0.02656075541705313
FW_00788601,natural_vegetation_fire,natural_vegetation_fire,0.0014946958274970447,0.961118566071045,0.03738673810145795
FW_01058880,other_uncertain,other_uncertain,0.006634716213123328,0.017748037975340893,0.9756172458115359
FW_01630881,natural_vegetation_fire,natural_vegetation_fire,0.0006557259088418586,0.9013504618542806,0.09799381223687766
FW_00589252,industrial_fire_candidate,other_uncertain,0.17528544961522866,0.009642637743535696,0.8150719126412356
FW_01043707,other_uncertain,natural_vegetation_fire,0.10080936448907021,0.5204591414810325,0.37873149402989736
FW_01652961,natural_vegetation_fire,natural_vegetation_fire,0.003089736872865772,0.943908848059026,0.05300141506810814
FW_01504814,natural_vegetation_fire,natural_vegetation_fire,0.002086538649463431,0.9598444520204705,0.038069009330065844
FW_00795298,natural_vegetation_fire,natural_vegetation_fire,0.0030633504222385274,0.9023485450292819,0.09458810454847963
FW_01555884,industrial_fire_candidate,industrial_fire_candidate,0.6073215812740075,0.14888358743692826,0.24379483128906423
FW_01038511,other_uncertain,other_uncertain,0.003308368846217077,0.13986388066939895,0.8568277504843841
FW_01059050,other_uncertain,other_uncertain,0.003452187175953663,0.03455364747285064,0.9619941653511956
FW_00109856,natural_vegetation_fire,natural_vegetation_fire,0.0015286941177299312,0.9011737388642256,0.09729756701804469
FW_01477606,other_uncertain,other_uncertain,0.22524450665285187,0.006510525764039137,0.768244967583109
FW_00028460,other_uncertain,other_uncertain,0.22891515207919996,0.00913829345559522,0.7619465544652048
FW_00254393,other_uncertain,other_uncertain,0.1566525815810862,0.07009078084506339,0.7732566375738504
FW_00522988,other_uncertain,other_uncertain,0.04661679389679229,0.04437457505730938,0.9090086310458984
FW_00763249,natural_vegetation_fire,natural_vegetation_fire,0.0007408198107151939,0.956479152976694,0.0427800272125907
FW_00702037,natural_vegetation_fire,natural_vegetation_fire,0.000820691531441806,0.9780793629765138,0.021099945492044497
FW_01025263,natural_vegetation_fire,natural_vegetation_fire,0.002932627398561582,0.9163859381359035,0.08068143446553491
FW_00366658,natural_vegetation_fire,natural_vegetation_fire,0.002755280090862981,0.9599434347798509,0.037301285129286044
FW_00414205,natural_vegetation_fire,natural_vegetation_fire,0.001075557410563377,0.9290426488936134,0.06988179369582308
FW_01207920,other_uncertain,other_uncertain,0.17236511969919002,0.0565258594438885,0.7711090208569216
FW_00944483,natural_vegetation_fire,natural_vegetation_fire,0.0018008515186370335,0.9183663116623001,0.07983283681906296
FW_00470399,natural_vegetation_fire,natural_vegetation_fire,0.0014014579426256662,0.9030980661700546,0.0955004758873197
FW_01707862,natural_vegetation_fire,other_uncertain,0.003735973060250243,0.3625666815875119,0.633697345352238
FW_01084873,natural_vegetation_fire,natural_vegetation_fire,0.17282024295922876,0.5565512581085661,0.27062849893220514
FW_01579720,other_uncertain,other_uncertain,0.0019077119747265268,0.02116577499972954,0.9769265130255439
FW_00394162,other_uncertain,other_uncertain,0.00272859747299595,0.017296783827204638,0.9799746186997994
FW_01321248,natural_vegetation_fire,natural_vegetation_fire,0.0055356008637167005,0.8086326466942004,0.18583175244208291
FW_01297404,natural_vegetation_fire,natural_vegetation_fire,0.0024499403122300524,0.9722839571968225,0.025266102490947268
FW_00445368,other_uncertain,other_uncertain,0.057881949037561345,0.07825631250121527,0.8638617384612233
FW_00541137,natural_vegetation_fire,natural_vegetation_fire,0.0009117617786341761,0.8931964348508373,0.1058918033705284
FW_00006137,industrial_fire_candidate,other_uncertain,0.03533602990982283,0.07408779554267725,0.8905761745475
FW_00981892,natural_vegetation_fire,natural_vegetation_fire,0.0007510773175515314,0.971407066447316,0.02784185623513256
FW_01325550,other_uncertain,other_uncertain,0.04767338605479326,0.05571908537363471,0.8966075285715721
FW_00946108,natural_vegetation_fire,natural_vegetation_fire,0.001544806468930994,0.8854446039966256,0.11301058953444347
FW_01291379,natural_vegetation_fire,natural_vegetation_fire,0.0006513061723324346,0.989315285283347,0.010033408544320622
FW_00582610,industrial_fire_candidate,other_uncertain,0.01083589736610778,0.07517920979819233,0.9139848928357
FW_01102031,natural_vegetation_fire,natural_vegetation_fire,0.003594868011584303,0.8011151463181787,0.19528998567023698
FW_00444295,natural_vegetation_fire,natural_vegetation_fire,0.0015162267775161449,0.7369561162801093,0.2615276569423746
FW_00947314,other_uncertain,other_uncertain,0.012816881087422738,0.05031822322800851,0.9368648956845689
FW_01343409,natural_vegetation_fire,natural_vegetation_fire,0.0023657405265938773,0.9304292617680564,0.06720499770534973
FW_01504525,natural_vegetation_fire,natural_vegetation_fire,0.0037025084527806313,0.8829682226901883,0.11332926885703096
FW_01525664,natural_vegetation_fire,natural_vegetation_fire,0.0046706533315154656,0.8260184409271031,0.16931090574138152
FW_00047922,natural_vegetation_fire,natural_vegetation_fire,0.002070907323453454,0.9770718938911842,0.020857198785362303
FW_01567491,natural_vegetation_fire,natural_vegetation_fire,0.0027010996149378495,0.797850875112521,0.1994480252725412
FW_01481605,natural_vegetation_fire,natural_vegetation_fire,0.022645706935137466,0.8648608997289288,0.11249339333593376
FW_01301591,natural_vegetation_fire,natural_vegetation_fire,0.0032403678388199138,0.9584411179062758,0.03831851425490446
FW_01401995,natural_vegetation_fire,natural_vegetation_fire,0.0014518203590934034,0.9082451021691813,0.09030307747172515
FW_00115068,natural_vegetation_fire,natural_vegetation_fire,0.0014952566212473014,0.9747445728473253,0.0237601705314274
FW_00498070,natural_vegetation_fire,natural_vegetation_fire,0.00604972469186981,0.957077106570617,0.03687316873751335
FW_01582227,other_uncertain,other_uncertain,0.0005929114809162873,0.02106320590470377,0.9783438826143799
FW_00605190,other_uncertain,other_uncertain,0.0018176622520471634,0.020997237085465043,0.9771851006624879
FW_00649825,other_uncertain,other_uncertain,0.015494736954433807,0.15246632018873899,0.8320389428568272
FW_00998826,other_uncertain,other_uncertain,0.01152282724392877,0.43549785781437556,0.5529793149416957
FW_01496741,natural_vegetation_fire,natural_vegetation_fire,0.0033124564161903882,0.9696010412009478,0.02708650238286193
FW_00512075,natural_vegetation_fire,natural_vegetation_fire,0.012808443630028494,0.8418871718035353,0.145304384566436
FW_01179683,other_uncertain,other_uncertain,0.020395510639317348,0.017626335210309856,0.9619781541503728
FW_01039454,natural_vegetation_fire,natural_vegetation_fire,0.0034445893723045345,0.9061970445571739,0.09035836607052153
FW_00174326,natural_vegetation_fire,natural_vegetation_fire,0.06281566016072476,0.8084992748773758,0.1286850649618993
FW_01689932,industrial_fire_candidate,other_uncertain,0.38808930098224365,0.013931244012577206,0.597979455005179
FW_00839161,natural_vegetation_fire,natural_vegetation_fire,0.00454903176478386,0.8385274748341193,0.15692349340109696
FW_01297958,natural_vegetation_fire,natural_vegetation_fire,0.0018105965785306512,0.9695167401380754,0.028672663283393945
FW_00118755,other_uncertain,other_uncertain,0.46164213841134516,0.04514811840025129,0.49320974318840355
FW_00858363,natural_vegetation_fire,natural_vegetation_fire,0.0019983915628064715,0.9385114494659788,0.059490158971214784
FW_01031036,natural_vegetation_fire,other_uncertain,0.005448364433728322,0.43406215464080783,0.5604894809254637
FW_01547287,natural_vegetation_fire,natural_vegetation_fire,0.0013755938840452966,0.8998440174587201,0.09878038865723468
FW_01241705,natural_vegetation_fire,natural_vegetation_fire,0.19553710518965498,0.4895339097185024,0.31492898509184264
FW_01052562,industrial_fire_candidate,other_uncertain,0.23779702566594038,0.020192009965308476,0.7420109643687512
FW_00786205,natural_vegetation_fire,natural_vegetation_fire,0.0029453321180775193,0.9770375484369839,0.02001711944493853
FW_00726507,natural_vegetation_fire,natural_vegetation_fire,0.011807542395367451,0.8246412129805135,0.1635512446241191
FW_00669623,natural_vegetation_fire,natural_vegetation_fire,0.0009054090640182237,0.9784403605411056,0.020654230394876162
FW_00253482,other_uncertain,other_uncertain,0.09255254629966758,0.02172940570127044,0.885718047999062
FW_01076088,other_uncertain,natural_vegetation_fire,0.001867925395329556,0.848317675961731,0.14981439864293947
FW_00034989,other_uncertain,other_uncertain,0.002370770241793554,0.0834393282551159,0.9141899015030904
FW_00809213,other_uncertain,other_uncertain,0.31098976005837026,0.01711416538233155,0.6718960745592982
FW_01420940,natural_vegetation_fire,natural_vegetation_fire,0.0038899910198520182,0.910036497461789,0.086073511518359
FW_00502130,natural_vegetation_fire,natural_vegetation_fire,0.001660247485957191,0.9277243444426353,0.07061540807140743
FW_01069612,natural_vegetation_fire,natural_vegetation_fire,0.009403784265705541,0.5064654555680972,0.48413076016619727
FW_00821574,natural_vegetation_fire,natural_vegetation_fire,0.002332423493400346,0.8499732169471246,0.147694359559475
FW_00668852,natural_vegetation_fire,natural_vegetation_fire,0.0014957031391571228,0.9680970876690418,0.030407209191801246
FW_01389349,natural_vegetation_fire,natural_vegetation_fire,0.0024849796999919355,0.9690067859441427,0.028508234355865303
FW_01617039,other_uncertain,other_uncertain,0.0013832721757283167,0.02948310291062641,0.9691336249136452
FW_00603168,industrial_fire_candidate,industrial_fire_candidate,0.8195765919755166,0.00646905303649273,0.17395435498799058
FW_01494180,other_uncertain,other_uncertain,0.03628891945417209,0.07167751929060888,0.8920335612552189
FW_01095355,other_uncertain,other_uncertain,0.0034111848773756693,0.021410165618875578,0.9751786495037487
FW_01599145,natural_vegetation_fire,natural_vegetation_fire,0.0017256724629382805,0.8597510130561834,0.13852331448087835
FW_01493428,natural_vegetation_fire,natural_vegetation_fire,0.0018705610741168092,0.8293905479026914,0.16873889102319192
FW_00497235,natural_vegetation_fire,natural_vegetation_fire,0.0012164026918961735,0.7347240269500596,0.2640595703580443
FW_00590607,natural_vegetation_fire,other_uncertain,0.006725948822621163,0.43988122627366194,0.5533928249037169
FW_00534267,natural_vegetation_fire,natural_vegetation_fire,0.0015619217268166233,0.8000447325427713,0.1983933457304122
FW_00231535,natural_vegetation_fire,natural_vegetation_fire,0.004531076307623333,0.9516861486301982,0.04378277506217844
FW_00796012,natural_vegetation_fire,natural_vegetation_fire,0.0010772076471313907,0.9762267137607986,0.022696078592070044
FW_01685119,other_uncertain,other_uncertain,0.2537774592568878,0.0775723568933794,0.6686501838497327
FW_00059403,natural_vegetation_fire,natural_vegetation_fire,0.0017215722866438018,0.9817236512420543,0.016554776471302025
FW_00397925,other_uncertain,other_uncertain,0.03413011268009037,0.2505342281966387,0.715335659123271
FW_01416637,natural_vegetation_fire,natural_vegetation_fire,0.001102221496271545,0.9820305914376319,0.01686718706609661
FW_01065873,natural_vegetation_fire,natural_vegetation_fire,0.0012875651973045807,0.8371852784210154,0.16152715638167997
FW_00423636,other_uncertain,other_uncertain,0.002206081160024694,0.01988334082904145,0.977910578010934
FW_00127110,natural_vegetation_fire,natural_vegetation_fire,0.002539174949675217,0.8728963154337307,0.12456450961659413
FW_00553652,other_uncertain,other_uncertain,0.11835822238410786,0.022449058398071483,0.8591927192178206
FW_01178895,natural_vegetation_fire,natural_vegetation_fire,0.0035581426684678365,0.9202546307931885,0.07618722653834364
FW_00520182,other_uncertain,other_uncertain,0.004447756371180225,0.15548444967753353,0.8400677939512862
FW_01109604,natural_vegetation_fire,natural_vegetation_fire,0.0034170703331425903,0.7422472897119816,0.25433563995487585
FW_00487464,natural_vegetation_fire,natural_vegetation_fire,0.0067048252059934334,0.9148146596530514,0.07848051514095529
FW_00144828,other_uncertain,other_uncertain,0.22116746581020388,0.016708290236082054,0.762124243953714
FW_01164002,other_uncertain,other_uncertain,0.0009559955362214903,0.02263210928985305,0.9764118951739255
FW_01465770,natural_vegetation_fire,natural_vegetation_fire,0.0029772114981919014,0.8911700377571424,0.10585275074466544
FW_00546089,natural_vegetation_fire,natural_vegetation_fire,0.001667131300833719,0.8792756180422293,0.1190572506569369
FW_01116337,natural_vegetation_fire,natural_vegetation_fire,0.0010068851629388474,0.9470976853131944,0.05189542952386668
FW_00830778,natural_vegetation_fire,natural_vegetation_fire,0.005597317681433849,0.7776981236331927,0.2167045586853734
FW_00928830,natural_vegetation_fire,natural_vegetation_fire,0.005543812492511294,0.9623813536595194,0.03207483384796932
FW_00958079,other_uncertain,other_uncertain,0.0019806027619439373,0.018556606042193557,0.9794627911958624
FW_01088901,natural_vegetation_fire,natural_vegetation_fire,0.0022828779098009355,0.9247828886566928,0.0729342334335061
FW_01489421,natural_vegetation_fire,natural_vegetation_fire,0.002797804763495702,0.6993165128735548,0.2978856823629496
FW_01050080,other_uncertain,other_uncertain,0.0028949690344460136,0.208545278324561,0.788559752640993
FW_00232434,natural_vegetation_fire,natural_vegetation_fire,0.0028864290320730446,0.952233197692466,0.044880373275460864
FW_00249702,natural_vegetation_fire,natural_vegetation_fire,0.00204204357794103,0.9659470788864953,0.03201087753556371
FW_00932501,natural_vegetation_fire,other_uncertain,0.006931462849252448,0.3814054035036397,0.6116631336471079
FW_00463315,natural_vegetation_fire,natural_vegetation_fire,0.022799363196140374,0.6905431383677892,0.28665749843607036
FW_00571298,other_uncertain,other_uncertain,0.006074171129524787,0.023963586063278627,0.9699622428071967
FW_00687044,natural_vegetation_fire,natural_vegetation_fire,0.0006028227681270665,0.9535523742225398,0.045844803009333183
FW_00390165,other_uncertain,other_uncertain,0.15787499565470858,0.010844670064644181,0.8312803342806473
FW_00368343,natural_vegetation_fire,natural_vegetation_fire,0.003513940910269356,0.9468987756881541,0.04958728340157673
FW_00858319,natural_vegetation_fire,natural_vegetation_fire,0.005762675272089286,0.9553913559051798,0.0388459688227309
FW_01630696,natural_vegetation_fire,natural_vegetation_fire,0.0016686910026728935,0.9768042907457677,0.0215270182515594
FW_00279111,natural_vegetation_fire,natural_vegetation_fire,0.0028590661139941916,0.8384015146313152,0.1587394192546907
FW_00242148,natural_vegetation_fire,natural_vegetation_fire,0.0016846263422678677,0.9841875041580079,0.014127869499724317
FW_00792988,natural_vegetation_fire,natural_vegetation_fire,0.005906876919595596,0.9798157896098049,0.01427733347059944
FW_00902962,natural_vegetation_fire,natural_vegetation_fire,0.0019726494821044097,0.9559395973278098,0.04208775319008597
FW_01583082,natural_vegetation_fire,natural_vegetation_fire,0.0024862083703668554,0.8897723153329169,0.10774147629671615
FW_00214654,natural_vegetation_fire,natural_vegetation_fire,0.0025631254833161903,0.9708291648178352,0.026607709698848563
FW_00558707,industrial_fire_candidate,industrial_fire_candidate,0.5174323411650893,0.009056695950341219,0.47351096288456945
FW_01616663,natural_vegetation_fire,natural_vegetation_fire,0.008677942413624615,0.909325218721207,0.08199683886516843
FW_00461560,natural_vegetation_fire,natural_vegetation_fire,0.020975927051878895,0.53674329097898,0.4422807819691411
FW_00569770,industrial_fire_candidate,other_uncertain,0.019387770257098178,0.09140913403455286,0.8892030957083489
FW_00483601,natural_vegetation_fire,natural_vegetation_fire,0.002107247413357278,0.856488479120651,0.1414042734659918
FW_01165247,other_uncertain,other_uncertain,0.1491078335152505,0.022447798926604444,0.8284443675581451
FW_01464402,natural_vegetation_fire,natural_vegetation_fire,0.04649695269215498,0.5261634300293889,0.427339617278456
FW_00899223,other_uncertain,natural_vegetation_fire,0.008748244535919167,0.8769724638402125,0.11427929162386825
FW_00594469,other_uncertain,other_uncertain,0.4072228094948597,0.008182008900949476,0.5845951816041909
FW_01584510,other_uncertain,other_uncertain,0.38475003993113016,0.052612832095567025,0.5626371279733028
FW_01454091,natural_vegetation_fire,natural_vegetation_fire,0.004649368986077422,0.8214028465863842,0.1739477844275384
FW_00170067,natural_vegetation_fire,natural_vegetation_fire,0.0010292159033129316,0.9546762946599764,0.0442944894367107
FW_00493151,natural_vegetation_fire,natural_vegetation_fire,0.0016641071328698748,0.9230089397472191,0.07532695311991096
FW_00209990,natural_vegetation_fire,natural_vegetation_fire,0.0014283689621716132,0.9356902605547086,0.06288137048311988
FW_00089535,natural_vegetation_fire,natural_vegetation_fire,0.0017280556073008878,0.9765244867064364,0.021747457686262708
FW_00123339,other_uncertain,other_uncertain,0.0011316865141380364,0.02219274980785827,0.9766755636780036
FW_00375036,natural_vegetation_fire,natural_vegetation_fire,0.0018045368847206065,0.8453731401159823,0.15282232299929724
FW_00003101,other_uncertain,other_uncertain,0.0038242656564216075,0.013256568350543965,0.9829191659930344
FW_00607274,other_uncertain,other_uncertain,0.02240728248087197,0.01653533744181363,0.9610573800773144
FW_00781219,natural_vegetation_fire,natural_vegetation_fire,0.001087799088699934,0.9664351023835532,0.032477098527746835
FW_01301906,industrial_fire_candidate,other_uncertain,0.26897246629342586,0.12848664256266135,0.6025408911439127
FW_00079767,natural_vegetation_fire,natural_vegetation_fire,0.002227532075267197,0.9558573768066071,0.04191509111812548
FW_01632141,other_uncertain,other_uncertain,0.004544355081337914,0.11210104563847306,0.883354599280189
FW_00307306,natural_vegetation_fire,natural_vegetation_fire,0.0023506459763055583,0.9868392425572141,0.010810111466480438
FW_00620770,natural_vegetation_fire,natural_vegetation_fire,0.0010042385968561864,0.9712404136649672,0.027755347738176568
FW_00573646,other_uncertain,other_uncertain,0.009235724331263424,0.28568289932009167,0.7050813763486449
FW_01678638,natural_vegetation_fire,natural_vegetation_fire,0.001402565681589414,0.8121057255793646,0.186491708739046
FW_00545333,other_uncertain,other_uncertain,0.15805507375007444,0.010902019979081374,0.8310429062708443
FW_00367668,natural_vegetation_fire,natural_vegetation_fire,0.018374443598178435,0.8855570031018681,0.09606855329995337
FW_00274069,other_uncertain,other_uncertain,0.139181230176069,0.00634294339410341,0.8544758264298276
FW_00014931,other_uncertain,other_uncertain,0.0034671496596352784,0.012462289018832822,0.9840705613215318
FW_00063965,natural_vegetation_fire,natural_vegetation_fire,0.0038717719626238547,0.9126059418443577,0.08352228619301849
FW_01044281,other_uncertain,other_uncertain,0.004031037308127234,0.06318967590846739,0.9327792867834055
FW_00762321,natural_vegetation_fire,natural_vegetation_fire,0.0012764566900516463,0.958122135764125,0.04060140754582339
FW_00586616,natural_vegetation_fire,natural_vegetation_fire,0.001751946628905748,0.8701454043654681,0.1281026490056262
FW_01121225,other_uncertain,other_uncertain,0.2894683768708632,0.0071804368607875976,0.7033511862683492
FW_00444897,other_uncertain,other_uncertain,0.027432918617793605,0.068667146864261,0.9038999345179454
FW_01580917,natural_vegetation_fire,natural_vegetation_fire,0.0016601762316429977,0.9262315887338165,0.07210823503454052
FW_01127493,other_uncertain,other_uncertain,0.1528920780260567,0.04727232686502623,0.799835595108917
FW_00006514,other_uncertain,other_uncertain,0.025423500274351054,0.18931664673468557,0.7852598529909635
FW_00208641,natural_vegetation_fire,natural_vegetation_fire,0.0016916174920930847,0.9736247457159897,0.024683636791917388
FW_00620762,natural_vegetation_fire,natural_vegetation_fire,0.0007592300210093699,0.979487871222096,0.019752898756894732
FW_00742395,natural_vegetation_fire,natural_vegetation_fire,0.001360771340055282,0.9557546802995751,0.04288454836036973
FW_00756956,natural_vegetation_fire,natural_vegetation_fire,0.01302355274642462,0.9374893381763145,0.049487109077260796
FW_01153353,other_uncertain,other_uncertain,0.009458738759142531,0.15699198687540628,0.8335492743654513
FW_00996088,natural_vegetation_fire,natural_vegetation_fire,0.0007034278775270273,0.9753447554778414,0.02395181664463167
FW_01013540,natural_vegetation_fire,natural_vegetation_fire,0.0032416326376117394,0.9339103557790841,0.06284801158330425
FW_00672434,natural_vegetation_fire,natural_vegetation_fire,0.0037916590634937465,0.9691686445929298,0.027039696343576492
FW_00327145,natural_vegetation_fire,natural_vegetation_fire,0.0009845427855042965,0.9713022683556247,0.02771318885887095
FW_01528989,natural_vegetation_fire,natural_vegetation_fire,0.0019604321443973992,0.8687801119741762,0.12925945588142645
FW_00892497,natural_vegetation_fire,natural_vegetation_fire,0.0005249529889223972,0.9874407553972853,0.012034291613792394
FW_00345289,other_uncertain,other_uncertain,0.003774547519905197,0.42649023289270216,0.5697352195873927
FW_00693723,natural_vegetation_fire,natural_vegetation_fire,0.002742036206513866,0.9114300122580752,0.08582795153541098
FW_00797018,natural_vegetation_fire,natural_vegetation_fire,0.0014495861977528884,0.8876993098372321,0.11085110396501506
FW_00147808,natural_vegetation_fire,natural_vegetation_fire,0.0030482490303152757,0.9525358821075631,0.04441586886212169
FW_00055999,natural_vegetation_fire,natural_vegetation_fire,0.00046614516364435474,0.9783930688552623,0.02114078598109312
FW_00335528,natural_vegetation_fire,natural_vegetation_fire,0.0021005345697560174,0.8897400233087032,0.10815944212154077
FW_01065481,other_uncertain,other_uncertain,0.008961284007828342,0.09814700423359304,0.8928917117585786
FW_01654197,natural_vegetation_fire,natural_vegetation_fire,0.0004804771026772746,0.9753452134705796,0.02417430942674319
FW_00412794,other_uncertain,other_uncertain,0.004137763564037884,0.008960125437875093,0.986902110998087
FW_00839459,natural_vegetation_fire,natural_vegetation_fire,0.007012885112346806,0.9021564086682277,0.09083070621942554
FW_00379288,other_uncertain,other_uncertain,0.00788560121133259,0.023455100135692106,0.9686592986529752
FW_01222911,natural_vegetation_fire,natural_vegetation_fire,0.005761887117771574,0.9141796274851713,0.08005848539705698
FW_00598807,natural_vegetation_fire,natural_vegetation_fire,0.009411068086089264,0.8727964623928441,0.11779246952106653
FW_00470161,natural_vegetation_fire,natural_vegetation_fire,0.0031396946382911462,0.6869668014992102,0.30989350386249864
FW_01698096,other_uncertain,natural_vegetation_fire,0.0008421892715226281,0.7431428359236315,0.2560149748048459
FW_00052465,natural_vegetation_fire,natural_vegetation_fire,0.0019479211127079589,0.9191488116963306,0.07890326719096141
FW_01577939,other_uncertain,other_uncertain,0.0024704569997731356,0.05085068877302558,0.9466788542272012
FW_01071636,natural_vegetation_fire,natural_vegetation_fire,0.004098413852461208,0.9371411288549929,0.05876045729254581
FW_01404720,other_uncertain,natural_vegetation_fire,0.0032487148908394345,0.6186587183217607,0.37809256678739994
FW_01411180,natural_vegetation_fire,natural_vegetation_fire,0.0012787381115413469,0.9732851286195803,0.025436133268878315
FW_00444922,other_uncertain,other_uncertain,0.015598658578512756,0.2531449072163637,0.7312564342051235
FW_00722803,natural_vegetation_fire,natural_vegetation_fire,0.0034585550345195407,0.9377962414488156,0.058745203516665005
FW_01257230,other_uncertain,other_uncertain,0.06501014790692962,0.40974977697498005,0.5252400751180903
FW_01560390,natural_vegetation_fire,natural_vegetation_fire,0.0011006835896926865,0.9333879478302465,0.0655113685800609
FW_00705414,industrial_fire_candidate,other_uncertain,0.09841355838285082,0.1539201476153825,0.7476662940017668
FW_01056843,other_uncertain,other_uncertain,0.0013304496922129784,0.035806854253592105,0.9628626960541948
FW_01610165,natural_vegetation_fire,natural_vegetation_fire,0.07436688387520603,0.6350889140029538,0.29054420212184023
FW_01006895,natural_vegetation_fire,natural_vegetation_fire,0.0013494319296841152,0.9195947153499897,0.07905585272032616
FW_01097303,natural_vegetation_fire,natural_vegetation_fire,0.002030950177093656,0.7971620723008577,0.20080697752204876
FW_00267742,other_uncertain,industrial_fire_candidate,0.46919288940521064,0.27054156920981753,0.26026554138497193
FW_01580949,natural_vegetation_fire,other_uncertain,0.005734144842879895,0.2607096719550959,0.7335561832020241
FW_01705419,natural_vegetation_fire,natural_vegetation_fire,0.0038586731616327492,0.8979826047206889,0.09815872211767834
FW_00049344,natural_vegetation_fire,other_uncertain,0.05280115361075917,0.12714643633271908,0.8200524100565217
FW_01562755,natural_vegetation_fire,natural_vegetation_fire,0.002286702072881997,0.9526921957859681,0.04502110214114975
FW_01390772,natural_vegetation_fire,natural_vegetation_fire,0.00453402829232154,0.9127771862378348,0.08268878546984376
FW_00359605,natural_vegetation_fire,natural_vegetation_fire,0.0036777570768654084,0.9118363471289754,0.0844858957941593
FW_01611619,other_uncertain,other_uncertain,0.003902200518688567,0.07727672228245,0.9188210771988614
FW_00349587,natural_vegetation_fire,natural_vegetation_fire,0.001122204234047965,0.8964651108500182,0.10241268491593383
FW_00883241,natural_vegetation_fire,natural_vegetation_fire,0.0008014073863510106,0.971420890240271,0.027777702373378017
FW_00223390,natural_vegetation_fire,natural_vegetation_fire,0.0032870992689071252,0.9043765796494521,0.09233632108164089
FW_01125332,natural_vegetation_fire,natural_vegetation_fire,0.002623196993373667,0.6828170704345051,0.3145597325721213
FW_01104572,natural_vegetation_fire,natural_vegetation_fire,0.0013330530034787924,0.9126150554994551,0.08605189149706623
FW_01020460,natural_vegetation_fire,natural_vegetation_fire,0.0017870016447889216,0.877054496415764,0.12115850193944695
FW_00399716,other_uncertain,other_uncertain,0.002899507238501207,0.01925044296052209,0.9778500498009767
