observation_id,actual_class,raw_prob_industrial,raw_prob_natural,raw_prob_other,calibrated_prob_industrial,calibrated_prob_natural,calibrated_prob_other
FW_00520400,other_uncertain,0.003937257644175499,0.03863742729740018,0.9574253150584243,0.010187524398592971,0.03610597069389578,0.9537065049075112
FW_00598409,other_uncertain,0.0022896479570506663,0.012231117720819308,0.98547923432213,0.011630356353672433,0.009460866546123577,0.978908777100204
FW_01113476,natural_vegetation_fire,0.001203985680774784,0.8084997942673362,0.19029622005188918,0.0003063989888795877,0.8940744041734313,0.10561919683768908
FW_01327288,natural_vegetation_fire,0.0019641762865784626,0.9848081890434417,0.013227634669979765,0.00012611388158705847,0.9924142146948292,0.007459671423583554
FW_00797680,natural_vegetation_fire,0.0015815087800485786,0.9798120322558473,0.018606458964104206,0.00012130373470847604,0.9897413224656558,0.010137373799635658
FW_00417794,natural_vegetation_fire,0.001466598554797826,0.9850896157946795,0.013443785650522929,9.925967800100799e-05,0.9925861957043637,0.0073145446176353796
FW_01616965,other_uncertain,0.0028927665226150473,0.03777732587702572,0.9593299076003592,0.008244707045528021,0.03644559659170531,0.9553096963627666
FW_01393850,industrial_fire_candidate,0.6992281678327429,0.00768281276487464,0.29308901940238247,0.639048823264213,0.003177425872692167,0.35777375086309476
FW_00600507,other_uncertain,0.0006017956946652769,0.011465780243200325,0.9879324240621344,0.004591484186968517,0.010307640854075944,0.9851008749589556
FW_00024830,other_uncertain,0.21795154204615388,0.014566802983370035,0.767481654970476,0.2506327675614316,0.0065401620141894564,0.742827070424379
FW_01632947,natural_vegetation_fire,0.42201716302019726,0.22459790168083987,0.3533849352989629,0.1431412430144117,0.27909544147551035,0.5777633155100779
FW_00945743,other_uncertain,0.008400375415878325,0.8323498877126799,0.15924973687144164,0.0013864824317372747,0.8906131701510352,0.10800034741722768
FW_00402443,other_uncertain,0.6068525299533296,0.13569507462228278,0.2574523954243875,0.2644373208501898,0.18645299670545548,0.5491096824443548
FW_01491166,natural_vegetation_fire,0.0024727630018808126,0.8268285773980896,0.1706986596000296,0.0005198341140637994,0.8981231084650673,0.10135705742086895
FW_00698318,natural_vegetation_fire,0.0008158831984653825,0.9731902912055712,0.02599382559596351,8.023247974014915e-05,0.9869224943410616,0.012997273179198467
FW_01605726,other_uncertain,0.007200391957945768,0.4148070926009749,0.5779925154410793,0.003718605167045963,0.5068717475381007,0.48940964729485326
FW_01458439,natural_vegetation_fire,0.012602227951462394,0.8735486054475393,0.1138491666009984,0.0016209985984743775,0.918614638391774,0.07976436300975162
FW_01491513,industrial_fire_candidate,0.778487530740204,0.003643689801189906,0.2178687794586061,0.7599359145569117,0.0011229774649619793,0.2389411079781263
FW_01341954,other_uncertain,0.00231562300136729,0.7384488262876966,0.25923555071093607,0.0006558596261153294,0.8381358286620593,0.16120831171182537
FW_01121066,industrial_fire_candidate,0.4411432730762318,0.004395934768343878,0.5544607921554243,0.5340774599033707,0.0011935760740607877,0.4647289640225685
FW_00916504,natural_vegetation_fire,0.004351418700564405,0.7084803448879214,0.2871682364115141,0.0011954592972467982,0.8049057187250062,0.19389882197774694
FW_01135176,natural_vegetation_fire,0.014630436631921036,0.7522886667993756,0.23308089656870334,0.002818926913289771,0.8229021588503529,0.17427891423635722
FW_00058848,natural_vegetation_fire,0.007110747300032374,0.4658755257753217,0.527013726924646,0.003254361482425687,0.5645746588289828,0.4321709796885914
FW_01666924,natural_vegetation_fire,0.003520439813173361,0.8922172680963139,0.10426229209051269,0.0005271015031044539,0.9369881658569784,0.06248473263991702
FW_01600075,natural_vegetation_fire,0.03401113911140638,0.80425821447261,0.16173064641598364,0.00464634127308909,0.864139775479831,0.13121388324707983
FW_00872132,other_uncertain,0.11675633063741797,0.07473069682418405,0.808512972538398,0.08630803361827218,0.056801506179803125,0.8568904602019247
FW_00156128,other_uncertain,0.5011327409420455,0.0222253372626182,0.47664192179533627,0.3945619849964168,0.012520403537054843,0.5929176114665283
FW_00728741,natural_vegetation_fire,0.0029270154114646296,0.9780120226343842,0.019060961954151114,0.0002059573492557881,0.9886086460043966,0.011185396646347757
FW_00946463,natural_vegetation_fire,0.0018598637861522535,0.9332181937487025,0.06492194246514509,0.00024308396602259664,0.9640699001340994,0.03568701589987789
FW_00207882,natural_vegetation_fire,0.004367164406433936,0.9379130959367926,0.0577197396567735,0.0004714884924252081,0.9644295587751922,0.035098952732382664
FW_01138360,other_uncertain,0.002945624670972996,0.4416775284883278,0.5553768468406991,0.0017265633313966653,0.5630601416729998,0.4352132949956035
FW_00676922,industrial_fire_candidate,0.34396243419047556,0.0564921064622824,0.599545459347242,0.21797504770715015,0.040930736273750205,0.7410942160190996
FW_00468854,other_uncertain,0.0283041964166875,0.3643524538341162,0.6073433497491963,0.01209801845535784,0.41187607763314027,0.5760259039115019
FW_00064174,natural_vegetation_fire,0.03440883413601993,0.6112712363904913,0.3543199294734887,0.008032749153808813,0.682752607136218,0.3092146437099733
FW_01574890,other_uncertain,0.0032729496413992556,0.7170868105633547,0.279640239795246,0.0009254300639567111,0.8165168377559314,0.18255773218011193
FW_00436859,other_uncertain,0.09934751071169408,0.10246600834535369,0.7981864809429523,0.06653143589703239,0.0852906368686819,0.8481779272342859
FW_00510711,other_uncertain,0.09284854281361782,0.006015848002789448,0.9011356091835927,0.1978329392663893,0.0022732196981076554,0.799893841035503
FW_00483237,natural_vegetation_fire,0.0004831880976032999,0.9625084925573482,0.037008319345048495,6.038995140759469e-05,0.9826210007734658,0.017318609275126625
FW_01206597,other_uncertain,0.04164184622262877,0.605904954812543,0.3524531989648282,0.009450909373092706,0.6756684777660286,0.3148806128608787
FW_00672189,natural_vegetation_fire,0.0012990224116235232,0.9797982407800184,0.018902736808357915,0.00010347316149684079,0.9898428064356455,0.01005372040285779
FW_01632916,other_uncertain,0.019331210275574683,0.46739502053810456,0.5132737691863207,0.007104890010021077,0.5401466181365627,0.4527484918534162
FW_00125594,natural_vegetation_fire,0.0006024098933464192,0.9874721304431133,0.011925459663540283,4.464027651684504e-05,0.9941087741796321,0.0058465855438512
FW_01405566,natural_vegetation_fire,0.0011875260759201627,0.9879169229407209,0.01089555098335897,7.611532081845198e-05,0.9941130172197972,0.005810867459384328
FW_00800366,other_uncertain,0.062482563522616885,0.028329361386283614,0.9091880750910994,0.08329230151459029,0.017579192107656808,0.8991285063777528
FW_01632903,other_uncertain,0.023729530143518918,0.08902493323767281,0.8872455366188082,0.025058351578012537,0.08120270045716146,0.893738947964826
FW_00056501,industrial_fire_candidate,0.5214136862880697,0.012658069280432487,0.46592824443149783,0.4686821452849723,0.0056836924726832005,0.5256341622423445
FW_00831984,natural_vegetation_fire,0.0027595391008499535,0.8054317163061294,0.19180874459302066,0.0006135202986322742,0.8827497919458507,0.11663668775551699
FW_00806931,other_uncertain,0.02629248154113552,0.04278241373250072,0.9309251047263638,0.03788054992216137,0.03258687378276398,0.9295325762950747
FW_00597055,natural_vegetation_fire,0.003451904907661986,0.9424884023048873,0.054059692787450736,0.00037500628830474753,0.9676769121746053,0.03194808153708993
FW_01273915,other_uncertain,0.002550541774509205,0.01121170367130604,0.9862377545541847,0.013058511051365974,0.008389354547123097,0.9785521344015109
FW_00885461,natural_vegetation_fire,0.0021029381862786977,0.9878199033958288,0.010077158417892458,0.00011928602061418127,0.9941077682241971,0.005772945755188678
FW_00874989,natural_vegetation_fire,0.003997028823741121,0.9693669513479893,0.026636019828269516,0.0003092939106011763,0.9835607728615682,0.016129933227830674
FW_00039604,natural_vegetation_fire,0.005549550450873418,0.9185410328871509,0.07590941666197555,0.0006580930376546465,0.9517101876920785,0.04763171927026678
FW_00519225,natural_vegetation_fire,0.001089341450346446,0.8778002367170411,0.12111042183261267,0.00021427426426236677,0.9358947942640367,0.06389093147170105
FW_00845564,other_uncertain,0.0024379121669755653,0.014828635318832684,0.9827334525141918,0.01116149587760248,0.011883558148810971,0.9769549459735865
FW_00566738,natural_vegetation_fire,0.19153915674660826,0.18005121154896145,0.6284096317044302,0.08327077297158136,0.17309169387984888,0.7436375331485696
FW_01009121,other_uncertain,0.018463608819085563,0.4500496078098789,0.5314867833710355,0.007132418399896648,0.52179400721566,0.4710735743844433
FW_00266312,natural_vegetation_fire,0.0027511333688983084,0.9437352606887628,0.05351360594233899,0.00030830607088463947,0.968916523737098,0.030775170192017524
FW_00528475,other_uncertain,0.07540461914047593,0.006237594735181368,0.9183577861243427,0.17124472017796116,0.0024708021117536296,0.8262844777102852
FW_01137528,other_uncertain,0.04048482887354109,0.37875925026119334,0.5807559208652655,0.015416549893181083,0.42189624639884415,0.5626872037079748
FW_00967949,natural_vegetation_fire,0.005300720469197153,0.8163659036875455,0.1783333758432573,0.0010092206585433792,0.883249820679699,0.1157409586617575
FW_00554480,other_uncertain,0.011766646339475138,0.1732463076216543,0.8149870460388706,0.010501633145405937,0.19257616206819872,0.7969222047863953
FW_01627182,other_uncertain,0.10922310277185136,0.5130438303068832,0.3777330669212654,0.024709964830437997,0.5787015977318274,0.3965884374377346
FW_00618814,natural_vegetation_fire,0.0010606621709396051,0.9693221501360998,0.02961718769296053,0.00010590319816559588,0.9846415306962252,0.015252566105609213
FW_00211666,natural_vegetation_fire,0.0006096847049262277,0.9898070955973773,0.009583219697696455,4.117179943403104e-05,0.9952259423482105,0.004732885852355583
FW_01140050,other_uncertain,0.018169505874542212,0.4072242710218593,0.5746062231035985,0.007776431368062597,0.4730528405203643,0.519170728111573
FW_00850140,natural_vegetation_fire,0.0013269814130790077,0.9828188477579181,0.015854170829002794,9.778446570691446e-05,0.9914145251788522,0.008487690355440943
FW_01603287,other_uncertain,0.46761270811652716,0.04756092756630113,0.4848263643171716,0.2977820035982978,0.03532401747525461,0.6668939789264476
FW_01655866,natural_vegetation_fire,0.038261374602670595,0.19313866537730331,0.7685999600200261,0.02364440990893702,0.19737186791567968,0.7789837221753833
FW_01604702,other_uncertain,0.11523204980640152,0.05959865099968106,0.8251692991939173,0.09418614376783888,0.042642676487810685,0.8631711797443504
FW_01488026,natural_vegetation_fire,0.0013877583631782902,0.9202555980549066,0.07835664358191509,0.00020851451377185967,0.9580343431565166,0.041757142329711526
FW_00069285,natural_vegetation_fire,0.0009464195039073339,0.9712207240875895,0.027832856408503203,9.364383750551379e-05,0.9857547134182925,0.014151642744202097
FW_01642320,natural_vegetation_fire,0.0005825956656034835,0.9721133472724567,0.027304057061939852,6.176155412963014e-05,0.9868334871439624,0.013104751301908125
FW_00788721,natural_vegetation_fire,0.0004784276260475036,0.9942042423271578,0.0053173300467947,2.6341134352077248e-05,0.9973783004623322,0.002595358403315683
FW_00723905,natural_vegetation_fire,0.0018421484682142769,0.9481327103074335,0.05002514122435217,0.0002132388995595789,0.9723651204924897,0.027421640607950718
FW_00335515,natural_vegetation_fire,0.005629750043062856,0.8879935691183958,0.10637668083854135,0.0007904955547113888,0.931789038476222,0.06742046596906656
FW_00829193,industrial_fire_candidate,0.00461344616458642,0.7339929518453435,0.2613936019900701,0.0011668278749708885,0.8239873412316396,0.17484583089338943
FW_01279329,natural_vegetation_fire,0.036972369871075834,0.8131085779388205,0.14991905219010374,0.004792675068952964,0.8724827115719236,0.12272461335912342
FW_00438500,natural_vegetation_fire,0.024683652742810026,0.6792589464721038,0.29605740078508613,0.005225192396740932,0.7526208734343883,0.24215393416887068
FW_00574036,other_uncertain,0.23893734450147386,0.3038816589538652,0.457180996544661,0.07279969953138973,0.3415840793145599,0.5856162211540502
FW_01263635,other_uncertain,0.0023102848149497133,0.8612705765685197,0.13641913861653066,0.00042953288652994016,0.9205974145402321,0.07897305257323778
FW_00434988,natural_vegetation_fire,0.00452707893128654,0.8552077125074243,0.14026520856128924,0.0007661574540871336,0.9114063460536362,0.08782749649227661
FW_01659118,other_uncertain,0.03676923059963331,0.020702973077286985,0.9425277963230797,0.06567157051193932,0.012654498835491015,0.9216739306525696
FW_00669695,other_uncertain,0.004775561469980914,0.8611244773255746,0.13409996120444445,0.0007810256171521747,0.9149592454576586,0.08425972892518929
FW_01501883,natural_vegetation_fire,0.005441572989246647,0.6444898367637362,0.3500685902470172,0.0016982028185422995,0.7471014907126763,0.2512003064687815
FW_00355459,natural_vegetation_fire,0.002096718067259726,0.9179923791573761,0.07991090277536406,0.00029764872922412024,0.9549900749046337,0.04471227636614208
FW_01187777,industrial_fire_candidate,0.05316496253273307,0.017240641897332345,0.9295943955699345,0.09138049277637678,0.009573488315113227,0.8990460189085099
FW_01411763,natural_vegetation_fire,0.0010443968456549557,0.9563842142802692,0.04257138887407591,0.00012291605298659,0.9780599002717424,0.02181718367527104
FW_00636833,other_uncertain,0.010786270038044827,0.03007705638143193,0.9591366735805232,0.02351380894155283,0.02350967682862294,0.9529765142298243
FW_00687422,other_uncertain,0.01264954227100223,0.03649266694777898,0.9508577907812188,0.024150818152399233,0.02924463226887735,0.9466045495787234
FW_01175334,natural_vegetation_fire,0.09187103136279891,0.24331705406373813,0.6648119145734629,0.03979445733579328,0.24770245511740585,0.7125030875468009
FW_00627316,natural_vegetation_fire,0.002887830844034182,0.8762270547523461,0.12088511440361974,0.0004835722624749285,0.928241732840457,0.07127469489706817
FW_00437353,natural_vegetation_fire,0.010329823132406577,0.4822114396122479,0.5074587372553455,0.004199178190958645,0.5722449373925586,0.42355588441648284
FW_00995905,natural_vegetation_fire,0.0005599315589915855,0.985187473183158,0.01425259525785025,4.5232680213794304e-05,0.993059322488513,0.0068954448312732435
FW_00287118,natural_vegetation_fire,0.0018823879389333427,0.8225744415176823,0.17554317054338414,0.00042158132746653265,0.8981652132395195,0.10141320543301408
FW_01715244,natural_vegetation_fire,0.0023430260524724754,0.941483802043999,0.05617317190352879,0.00027552331790776734,0.9680278905443999,0.03169658613769233
FW_01216684,natural_vegetation_fire,0.6526791542587146,0.10383311683751381,0.24348772890377157,0.3195973583722384,0.13880975210121033,0.5415928895265513
FW_00425827,other_uncertain,0.0020173690918328354,0.030642870358024838,0.9673397605501423,0.0070079773424066875,0.029500387231694198,0.9634916354258992
FW_00756273,natural_vegetation_fire,0.061039721684159554,0.4188242575598292,0.5201360207560112,0.019365260853040734,0.4637880938104881,0.5168466453364713
FW_00703383,natural_vegetation_fire,0.08177489542254415,0.6883777496036962,0.22984735497375952,0.012884220535411618,0.7673792388093262,0.21973654065526205
FW_00679152,other_uncertain,0.0035980104745242628,0.5793440973978332,0.41705789212764255,0.0014351122522804404,0.6976224114450161,0.30094247630270343
FW_01711610,other_uncertain,0.009059335912818184,0.10281303268305078,0.8881276314041311,0.011569494956532965,0.10706017119636001,0.881370333847107
FW_00573097,natural_vegetation_fire,0.010884297189559286,0.4628926502463882,0.5262230525640526,0.004578739797897406,0.5497046024266674,0.44571665777543507
FW_00075413,natural_vegetation_fire,0.0009164172478516237,0.9888221860747393,0.010261396677408979,5.968690254395758e-05,0.9946275405659186,0.005312772531537439
FW_01314968,natural_vegetation_fire,0.0008785753933497251,0.9741707938524597,0.024950630754190517,8.3880995256215e-05,0.9873212747721025,0.01259484423264122
FW_01420042,natural_vegetation_fire,0.0019780925536859897,0.9644192684774958,0.033602638968818335,0.00018914476219842604,0.9811921860745185,0.018618669163282926
FW_00141741,natural_vegetation_fire,0.005833957092560044,0.9631276338605687,0.031038409046871322,0.00045532556751380496,0.9798985537432577,0.01964612068922864
FW_01610566,other_uncertain,0.0015975969290072478,0.01146297589779896,0.9869394271731938,0.009254129487232796,0.009139907918628733,0.9816059625941386
FW_01699553,other_uncertain,0.2098870519682999,0.07886222269157694,0.7112507253401231,0.1304873269811911,0.06040082166018659,0.8091118513586223
FW_00374045,natural_vegetation_fire,0.0011314893052274946,0.8286022794231254,0.17026623127164722,0.00027077263805690946,0.9070193666909194,0.09270986067102381
FW_01256703,natural_vegetation_fire,0.03966681725336728,0.5685828088097008,0.39175037393693196,0.009921878047739533,0.6369394923988512,0.35313862955340924
FW_01116311,other_uncertain,0.003752904765809291,0.7162638302416634,0.27998326499252724,0.001037044887465946,0.8135693632378764,0.18539359187465773
FW_01532420,natural_vegetation_fire,0.008531627216512233,0.7102656295941716,0.2812027431893161,0.0020540145151967735,0.7950625214992906,0.20288346398551263
FW_00360431,natural_vegetation_fire,0.002159224527327043,0.9525927100918089,0.04524806538086406,0.00023272828648350234,0.9744869607753386,0.025280310938178008
FW_01040059,other_uncertain,0.4860534566291652,0.014622293707646132,0.4993242496631888,0.4302933592767046,0.00684540742664605,0.5628612332966495
FW_00566733,natural_vegetation_fire,0.691886273891308,0.09398224853874464,0.21413147756994727,0.3552642648491538,0.13105375560890717,0.5136819795419391
FW_01657158,natural_vegetation_fire,0.0011905251210960945,0.9213944828870168,0.07741499199188727,0.0001822680733508481,0.9593058314422785,0.04051190048437059
FW_00520479,other_uncertain,0.000968196698012773,0.02575630977300871,0.9732754935289786,0.004473425991143925,0.02607713449283062,0.9694494395160255
FW_01613217,other_uncertain,0.012212631705786037,0.0838630093215603,0.9039243589726537,0.015939940608508504,0.08114158760968168,0.9029184717818097
FW_01191401,natural_vegetation_fire,0.0069374764360241705,0.9095219838826915,0.08354053968128437,0.0008332179847024154,0.9452220439793579,0.053944738035939604
FW_00646618,other_uncertain,0.0861825983070484,0.08228691958353174,0.8315304821094197,0.06626369282378938,0.06534982702301312,0.8683864801531975
FW_01657578,other_uncertain,0.2763759850359294,0.15191261500133516,0.5717113999627355,0.12162474609625938,0.14538027036058537,0.7329949835431553
FW_00661231,natural_vegetation_fire,0.0014764651928071886,0.9651536819868765,0.03336985282031617,0.00014742010549977474,0.9819991676031795,0.0178534122913207
FW_00645743,other_uncertain,0.05300370115232792,0.009541521133507614,0.9374547777141644,0.11564686629349373,0.004518530131444225,0.8798346035750619
FW_01301566,natural_vegetation_fire,0.004836000886130952,0.9541694799413417,0.0409945191725274,0.00043932708364184865,0.9742945327545275,0.025266140161830663
FW_00048890,other_uncertain,0.03621155940495401,0.6433070725569552,0.3204813680380908,0.007740311450097359,0.7145573360466899,0.2777023525032126
FW_00095809,natural_vegetation_fire,0.01526949402173415,0.9473993650505798,0.03733114092768606,0.0011234519327654828,0.9721980123066994,0.02667853576053499
FW_00457734,natural_vegetation_fire,0.001907198365718983,0.9548666855240537,0.04322611611022733,0.00020533334686778564,0.9759959307900361,0.023798735863095943
FW_00222698,natural_vegetation_fire,0.0014078966724831196,0.839444625931133,0.15914747739638382,0.0003114123245155761,0.9114859954903084,0.08820259218517612
FW_00965926,natural_vegetation_fire,0.004009946162230946,0.8551568965568206,0.14083315728094842,0.000693744612323427,0.9123185233012416,0.086987732086435
FW_00804422,natural_vegetation_fire,0.002363295207479482,0.7968343740223072,0.20080233077021348,0.0005559459481679246,0.8787566471737142,0.12068740687811802
FW_01031981,natural_vegetation_fire,0.002444190982179477,0.7771058705631042,0.22044993845471617,0.000609362698796246,0.864840050507188,0.13455058679401571
FW_01593631,natural_vegetation_fire,0.01789750969370152,0.718414425834812,0.26368806447148646,0.0036461600674441586,0.7916745822019174,0.2046792577306385
FW_00413585,natural_vegetation_fire,0.002234828654941319,0.9267273158784548,0.07103785546660378,0.00029627852412636034,0.9597485679522595,0.03995515352361413
FW_01177236,natural_vegetation_fire,0.01252822127717945,0.3407989076798535,0.646672871042967,0.006845484435291359,0.4034638169710488,0.5896906985936599
FW_00768190,natural_vegetation_fire,0.01702164885839761,0.7339468575475737,0.24903149359402862,0.003354836633269968,0.8057435412434539,0.19090162212327605
FW_01617926,natural_vegetation_fire,0.0015049202138214873,0.9552664502154444,0.043228629570734145,0.00016824950593294637,0.9766950527715224,0.02313669772254448
FW_00823892,natural_vegetation_fire,0.28508444080961326,0.20441503160180957,0.5105005275885772,0.10738653864737123,0.21462399438737564,0.6779894669652531
FW_00558380,natural_vegetation_fire,0.007410877640656463,0.9046165923712334,0.08797252998811009,0.0009041588743986939,0.9417720391487716,0.05732380197682966
FW_01129648,other_uncertain,0.05188596407771202,0.04713878202836078,0.9009752538939272,0.058855395442450345,0.034041608106422726,0.9071029964511269
FW_00040366,industrial_fire_candidate,0.8184337472350256,0.0043078935467267205,0.17725835921824765,0.7733411739277614,0.0015738032117087082,0.22508502286052998
FW_00679114,natural_vegetation_fire,0.0010287482254819561,0.9680473824517516,0.0309238693227664,0.00010519516334941879,0.9840359564820684,0.015858848354582167
FW_00544311,natural_vegetation_fire,0.00229260847007421,0.82982428989255,0.16788310163737594,0.0004830669749191816,0.9008163081485331,0.09870062487654778
FW_01650149,natural_vegetation_fire,0.004198377814660352,0.3318401926868254,0.6639614294985142,0.0030221156325072386,0.4227983958396289,0.5741794885278638
FW_00407933,natural_vegetation_fire,0.20437403752803512,0.34963517008888867,0.44599079238307615,0.057872611908700064,0.3951033568115052,0.5470240312797947
FW_00405195,natural_vegetation_fire,0.015967139692938233,0.6633299737805349,0.3207028865265268,0.0038456777612739792,0.7436696618928799,0.25248466034584616
FW_00783980,natural_vegetation_fire,0.0014372082380075858,0.9783110530707289,0.020251738691263434,0.00011602425869442989,0.9889965147508168,0.010887460990488667
FW_00013940,other_uncertain,0.009723337187008303,0.057172757390609966,0.9331039054223818,0.01626083914800511,0.05229280993628873,0.9314463509157062
FW_00052824,natural_vegetation_fire,0.007979203333857727,0.7904329688713682,0.20158782779477408,0.0015365522339091892,0.8598950969510102,0.13856835081508062
FW_00684825,natural_vegetation_fire,0.0023108171395405117,0.9354567500500554,0.062232432810403956,0.0002858644463069482,0.9646312489838665,0.03508288656982663
FW_00000029,natural_vegetation_fire,0.010893236331190255,0.667155664171633,0.3219510994971767,0.0028028650741855577,0.7536234019573897,0.24357373296842463
FW_00234241,natural_vegetation_fire,0.0019128932917808722,0.9792114901972968,0.01887561651092217,0.0001432642171897442,0.9893365786858083,0.010520157097002002
FW_00004729,natural_vegetation_fire,0.0033259299737685715,0.957744969324716,0.03892910070151563,0.0003128965532200523,0.9767548412155705,0.022932262231209196
FW_00696958,other_uncertain,0.007351485830680899,0.03542146760179002,0.9572270465675291,0.016604832468970716,0.030119653641388085,0.9532755138896413
FW_01130473,natural_vegetation_fire,0.0006968798289459556,0.907282296596913,0.09202082357414101,0.0001271461858548759,0.95437438479286,0.04549846902128518
FW_01217031,natural_vegetation_fire,0.0009164313678254427,0.9847940698798637,0.014289498752310817,6.853876625256964e-05,0.992596914263328,0.0073345469704195615
FW_01217335,natural_vegetation_fire,0.008535366770990298,0.5414610303225271,0.4500036029064825,0.00313847798502246,0.6393059222183334,0.35755559979664425
FW_01262143,natural_vegetation_fire,0.00611177870579256,0.9639608243572777,0.02992739693692976,0.00046618493021593094,0.9804693834630572,0.01906443160672674
FW_00860587,natural_vegetation_fire,0.002417825450605039,0.9361528698959193,0.06142930465347574,0.0002951198223396748,0.96489215038767,0.034812729789990546
FW_00538131,natural_vegetation_fire,0.002832521059275813,0.92695234211105,0.07021513682967417,0.0003595205618421008,0.9590326388633575,0.04060784057480019
FW_01651743,natural_vegetation_fire,0.0026060307473971473,0.7970243521492413,0.2003696171033615,0.000602113725925401,0.8777172695717114,0.12168061670236335
FW_01380450,other_uncertain,0.03123441962596568,0.7956603637184902,0.17310521665554407,0.004484505276953662,0.8562820305392976,0.13923346418374857
FW_00693372,natural_vegetation_fire,0.011854030412106819,0.917798513102729,0.07034745648516402,0.0012081373688516452,0.9503277039397079,0.04846415869144041
FW_01248763,natural_vegetation_fire,0.0021445007001711313,0.9770705504726729,0.020784948827156022,0.00016436184972792208,0.9881138603838412,0.011721777766430892
FW_01541003,natural_vegetation_fire,0.016340812902029826,0.6847783234311758,0.29888086366679434,0.003707957826901115,0.7628764761581545,0.23341556601494426
FW_00095790,natural_vegetation_fire,0.0072968736529251624,0.9724586153876259,0.020244510959448993,0.00045818747712071456,0.9862507232370923,0.013291089285787084
FW_01648915,other_uncertain,0.09855258507967428,0.007572373753861499,0.8938750411664642,0.1890815971888332,0.003041577360605374,0.8078768254505615
FW_01166053,other_uncertain,0.4860672366721481,0.007005594373367213,0.5069271689544848,0.5116189949813981,0.002374668955700018,0.48600633606290194
FW_01132041,natural_vegetation_fire,0.001828990281046183,0.8153217657756721,0.18284924394328167,0.00042249029235488865,0.893829892460567,0.10574761724707807
FW_00771451,natural_vegetation_fire,0.0014138312237329121,0.9902429399973748,0.008343228778892481,7.893659940089912e-05,0.9953419685817526,0.004579094818846333
FW_01600285,natural_vegetation_fire,0.021925970076159373,0.7440594577859864,0.23401457213785426,0.003988927516138558,0.8122664432400465,0.18374462924381493
FW_00449872,other_uncertain,0.041479370939675464,0.10460009524009622,0.8539205338202283,0.03475577541944799,0.09354190484950528,0.8717023197310467
FW_01175736,natural_vegetation_fire,0.001211258950789694,0.977248013907481,0.02154072714172928,0.00010315255712641441,0.9885664535894049,0.011330393853468537
FW_01176561,natural_vegetation_fire,0.003161105894349515,0.5331182905293115,0.463720603576339,0.0014522204004164907,0.6566350130299701,0.3419127665696135
FW_01372252,natural_vegetation_fire,0.0010156363323031374,0.9859150463601772,0.013069317307519703,7.198684467300526e-05,0.993120975953848,0.00680703720147924
FW_00919835,natural_vegetation_fire,0.00427161963933832,0.9505851593863761,0.045143220974285525,0.00041317407907630294,0.9722012745922625,0.027385551328661304
FW_01513979,natural_vegetation_fire,0.0030287459704708363,0.6419555340434422,0.35501571998608694,0.0010645155455405798,0.7572451735234276,0.24169031093103174
FW_01222556,natural_vegetation_fire,0.0005865857442523287,0.9917743856057663,0.007639028649981422,3.6288493010695205e-05,0.9961840790802379,0.003779632426751445
FW_01351433,other_uncertain,0.000799984301904931,0.019156167083015437,0.9800438486150796,0.004466037299350892,0.018614851557305752,0.9769191111433434
FW_01169256,natural_vegetation_fire,0.00356892759504808,0.5578148396138385,0.43861623279111345,0.0015046060408601533,0.6774859787557619,0.32100941520337806
FW_00069932,natural_vegetation_fire,0.10797043859959037,0.6763137240928419,0.2157158373075678,0.016305348616505413,0.7657852231267341,0.21790942825676038
FW_00146365,natural_vegetation_fire,0.011553196463409722,0.3777092983388959,0.6107375051976944,0.005874763544034942,0.45017997287155437,0.5439452635844106
FW_01657662,other_uncertain,0.009360931179003003,0.08421529380288106,0.9064237750181159,0.013114394423228957,0.0839810405444115,0.9029045650323596
FW_00181831,other_uncertain,0.03208731316730633,0.09418329499873322,0.8737293918339605,0.03034792571587382,0.08432857260052817,0.885323501683598
FW_01437141,industrial_fire_candidate,0.6700856674601459,0.004446934202227376,0.3254673983376267,0.6748950758256776,0.0013410072377221878,0.32376391693660006
FW_00417403,natural_vegetation_fire,0.0066979424251035315,0.6580037481503388,0.33529830942455763,0.0019395785610043406,0.7547202518537891,0.24334016958520666
FW_00535199,natural_vegetation_fire,0.0013143608858182394,0.9293494730511365,0.06933616606304528,0.0001875378965702128,0.9631889542012274,0.036623507902202285
FW_01137526,other_uncertain,0.034352028555080995,0.3147390125588874,0.6509089588860315,0.015779002615946537,0.347839143967548,0.6363818534165055
FW_01116651,other_uncertain,0.017105589041475352,0.021702303252504218,0.9611921077060205,0.03766245668085021,0.01482342608640591,0.9475141172327438
FW_01366879,natural_vegetation_fire,0.002105004044662531,0.9435692655896222,0.0543257303657152,0.0002478738140043704,0.9694907044189421,0.03026142176705367
FW_00751085,other_uncertain,0.00272979090921579,0.6341054535107059,0.36316475558007827,0.000998870525097091,0.7527937532291546,0.24620737624574823
FW_01276650,natural_vegetation_fire,0.002642209751437892,0.9742232259659588,0.02313456428260331,0.0002051918794691297,0.9864416895504151,0.013353118570115681
FW_01070965,natural_vegetation_fire,0.0018501552702678557,0.870009411680888,0.12814043304884426,0.00034427554195460425,0.9276117717327286,0.07204395272531688
FW_01453480,natural_vegetation_fire,0.004391209235044807,0.9583247145340578,0.03728407623089734,0.00038809970287528026,0.9768822519417291,0.022729648355395718
FW_00991741,industrial_fire_candidate,0.04347182948150408,0.01755086351909015,0.9389773069994057,0.07900293244135659,0.010058209916824951,0.9109388576418185
FW_00596843,natural_vegetation_fire,0.04623610880990869,0.5515775558100864,0.40218633538000503,0.011628924354107973,0.6173078903718546,0.3710631852740375
FW_01168357,other_uncertain,0.4931864625915557,0.007939024556864713,0.4988745128515795,0.5023149616705944,0.002855041722080943,0.4948299966073247
FW_01116784,other_uncertain,0.0035002413735554768,0.07429682940443669,0.9222029292220078,0.0068310644657000276,0.08063827028258562,0.9125306652517143
FW_00770349,other_uncertain,0.0022406844755826854,0.9368135941715984,0.06094572135281886,0.00027579514306063757,0.9654984403852341,0.03422576447170522
FW_00267532,natural_vegetation_fire,0.002945965037325396,0.8769039825717471,0.12015005239092748,0.0004900590019847118,0.9285285033866196,0.0709814376113957
FW_00541313,other_uncertain,0.009059156019324706,0.05777930886706575,0.9331615351136094,0.015375441634533919,0.053406257402583174,0.9312183009628829
FW_00762632,natural_vegetation_fire,0.008130811813762141,0.9039475785704406,0.08792160961579738,0.000977734691404229,0.9410788575298975,0.05794340777869827
FW_01471099,natural_vegetation_fire,0.0005512231621095967,0.9889289317742676,0.010519845063622964,3.931751276880919e-05,0.9948409587440948,0.005119723743136176
FW_00584226,natural_vegetation_fire,0.001336514560710374,0.9640416545746741,0.034621830864615545,0.0001378083840709158,0.9815653024955632,0.018296889120365856
FW_00030723,natural_vegetation_fire,0.007765906154601395,0.5917116792535985,0.4005224145918001,0.0025785081299860998,0.6909794325396779,0.3064420593303359
FW_01480979,natural_vegetation_fire,0.001263732544405514,0.9237186104275356,0.07501765702805899,0.00018863790187010747,0.9603080411643372,0.03950332093379277
FW_01030465,other_uncertain,0.016374469674326632,0.4340051561719684,0.549620374153705,0.006739980613734624,0.5065733284836945,0.48668669090257083
FW_01116641,other_uncertain,0.06280189938376196,0.023654936444646054,0.913543164171592,0.09004445285272998,0.013986202095311907,0.895969345051958
FW_01199961,natural_vegetation_fire,0.00038391566558578974,0.9877650814276683,0.011851002906745985,3.048064068469786e-05,0.9944645055013339,0.005505013857981381
FW_00895556,other_uncertain,0.6934729195757493,0.025823423315146567,0.28070365710910417,0.5043765464081952,0.019358762780806418,0.4762646908109983
FW_01157036,industrial_fire_candidate,0.1283002512210173,0.01350200931692427,0.8581977394620584,0.181686279192667,0.006236456732300456,0.8120772640750327
FW_00526363,other_uncertain,0.0021675703645349246,0.011244859942798911,0.9865875696926661,0.011610607730684334,0.008593861292082953,0.9797955309772327
FW_00695073,natural_vegetation_fire,0.007515201469263342,0.9122144552753495,0.08027034325538701,0.0008741308556861342,0.9468191832466417,0.052306685897672074
FW_00496038,natural_vegetation_fire,0.0010949306377173818,0.9311869494265185,0.067718119935764,0.00015905819425343547,0.9648441275824017,0.034996814223344934
FW_01539337,natural_vegetation_fire,0.040121475321976324,0.28405133492277135,0.6758271897552522,0.019140927637489324,0.3074428106920752,0.6734162616704354
FW_00032532,natural_vegetation_fire,0.003318024343209254,0.9312155621939381,0.06546641346285255,0.000397043797621428,0.9610546734412001,0.03854828276117861
FW_01388715,natural_vegetation_fire,0.0019082590219319344,0.9910071578644444,0.007084583113623686,9.502514674960954e-05,0.9958525573247929,0.004052417528457531
FW_01396619,natural_vegetation_fire,0.0011381453760043899,0.9756108007972076,0.023251053826787858,0.00010115460789535938,0.9877773272286123,0.012121518163492153
FW_01251533,natural_vegetation_fire,0.011388069730335642,0.8089534360585847,0.17965849421107968,0.0019273855629569226,0.8706875589972489,0.12738505543979428
FW_00569284,other_uncertain,0.5084696362725047,0.10185022966597883,0.38968013406151647,0.24698649292508137,0.1060196324222116,0.646993874652707
FW_01254678,other_uncertain,0.010397597501290977,0.8463501176642637,0.1432522848344455,0.0015613357975391205,0.8994376428037668,0.099001021398694
FW_01143631,natural_vegetation_fire,0.0013464516906696135,0.9258148965330383,0.07283865177629208,0.0001960567239194543,0.9611862567322087,0.03861768654387185
FW_00046681,natural_vegetation_fire,0.0004965068576891988,0.9923838176135712,0.007119675528739653,3.063679735032617e-05,0.996509528303268,0.00345983489938173
FW_01152868,other_uncertain,0.008004492987517804,0.03399161539535304,0.9580038916171291,0.01798229011073659,0.028341847322444703,0.9536758625668188
FW_01203417,other_uncertain,0.19259649083718544,0.009230023691759327,0.7981734854710553,0.26915057648111634,0.0035872808907145477,0.727262142628169
FW_01271901,other_uncertain,0.014304488349585849,0.8937455284439813,0.09194998320643294,0.0016180345501970366,0.9332700386538225,0.06511192679598048
FW_01314244,natural_vegetation_fire,0.008573939164018704,0.9577675660982629,0.03365849473771831,0.0006544817863500315,0.9770091598981594,0.022336358315490565
FW_00221632,natural_vegetation_fire,0.002118047678631583,0.9824290844098922,0.015452867911476233,0.00014345322506345765,0.9910961462752702,0.008760400499666346
FW_00672449,other_uncertain,0.0059476447275374576,0.4323040272225085,0.561748328049954,0.00306858279134587,0.5322904639048097,0.4646409533038444
FW_01444163,natural_vegetation_fire,0.0024743640792120464,0.9832099187251431,0.01431571719564465,0.00015839533419240327,0.9915548073292733,0.008286797336534549
FW_00479621,natural_vegetation_fire,0.0758702817563754,0.7049071806173688,0.21922253762625574,0.011630750090140779,0.7823230421862971,0.20604620772356202
FW_01676136,other_uncertain,0.04018836225191775,0.06491065873232148,0.8949009790157607,0.04252395948627533,0.052093645380216186,0.9053823951335086
FW_00696275,natural_vegetation_fire,0.0012652268466103542,0.973062101877674,0.025672671275715566,0.00011541494091766326,0.9863525406786151,0.01353204438046711
FW_00442883,other_uncertain,0.41081939729660333,0.026369024593967526,0.5628115781094292,0.3224342543269895,0.015034812338782446,0.6625309333342281
FW_01637847,natural_vegetation_fire,0.002568891501234971,0.9594783912522828,0.03795271724648214,0.000248828001469461,0.9780766777931572,0.0216744942053735
FW_01074987,industrial_fire_candidate,0.1229488635155071,0.016014621700587577,0.8610365147839053,0.16583007402634845,0.007829312673462574,0.826340613300189
FW_00876095,natural_vegetation_fire,0.07317342463123035,0.4861837861399072,0.4406427892288624,0.019234913490502586,0.5421216350025801,0.43864345150691725
FW_00594143,natural_vegetation_fire,0.0012376956455068457,0.9227110535063614,0.07605125084813193,0.00018663975415661416,0.9598508377244704,0.03996252252137311
FW_00000492,industrial_fire_candidate,0.7366274119294736,0.010614411800790024,0.25275817626973646,0.6321770734727725,0.005471456595344238,0.36235146993188316
FW_00347147,other_uncertain,0.005936581402264732,0.7108796381399378,0.2831837804577974,0.0015285377895354422,0.8015365740312481,0.1969348881792165
FW_00332084,natural_vegetation_fire,0.008378951720617563,0.8918935314037287,0.09972751687565364,0.001069355936081638,0.9327648811211561,0.0661657629427624
FW_01615279,other_uncertain,0.00669149512730894,0.033751920629434815,0.9595565842432562,0.015868152513652343,0.028717413754664068,0.9554144337316837
FW_00334710,natural_vegetation_fire,0.0020666674880631224,0.8158043703980351,0.18212896211390184,0.0004664794046796384,0.8928265393984633,0.10670698119685697
FW_01031895,natural_vegetation_fire,0.0025332779377362667,0.9251588600936966,0.07230786196856713,0.000332041092788568,0.9583803234537792,0.041287635453432364
FW_00095771,natural_vegetation_fire,0.04144479328616073,0.9148930438600491,0.04366216285379019,0.0029034248078119063,0.961005550647905,0.036091024544283104
FW_00160007,natural_vegetation_fire,0.0051423812324314574,0.9727623510812838,0.022095267686284815,0.00035328512980674874,0.9857922808307005,0.01385443403949267
FW_00621081,other_uncertain,0.004253151760609753,0.5176428037800771,0.47810404445931315,0.001911347206866884,0.6332721853907626,0.3648164674023704
FW_01187598,natural_vegetation_fire,0.005522386914753938,0.8687550466497305,0.12572256643551558,0.000851155247202338,0.919082421336858,0.08006642341593977
FW_01488256,natural_vegetation_fire,0.004786279318915357,0.9677484297777226,0.02746529090336198,0.0003650553258325612,0.9826382062718341,0.016996738402333258
FW_00303850,natural_vegetation_fire,0.0007958569315758134,0.9748740905085902,0.02433005255983397,7.635147655861476e-05,0.9877814982017424,0.012142150321698873
FW_01160038,other_uncertain,0.011580565484469903,0.016367921416649157,0.9720515130988809,0.03235191093789931,0.010999454050116021,0.9566486350119847
FW_01379110,natural_vegetation_fire,0.006883510869414453,0.961498491072419,0.031617998058166646,0.0005282402370424663,0.979045694400358,0.020426065362599444
FW_00770347,other_uncertain,0.00411571998052365,0.9513969505735411,0.044487329445935225,0.0003977510239637373,0.9727343960497836,0.026867852926252715
FW_01283243,natural_vegetation_fire,0.0007245892762522212,0.987777973981616,0.011497436742131927,5.1354823065724533e-05,0.9941797767524022,0.005768868424531894
FW_01119694,natural_vegetation_fire,0.002947357382757051,0.8366465185306001,0.16040612408664265,0.0005791989778333542,0.9028223598735359,0.09659844114863073
FW_01156176,other_uncertain,0.0005292239772514128,0.007883749640026604,0.991587026382722,0.004953158209918983,0.006628423459738854,0.9884184183303422
FW_00702530,other_uncertain,0.007213047089572111,0.9133236532189937,0.0794632996914342,0.0008400772236750384,0.9476470090230408,0.051512913753284297
FW_01650148,natural_vegetation_fire,0.0007164708543170006,0.9788478741148278,0.0204356550308552,6.484102267823701e-05,0.9898320861781139,0.010103072799207965
FW_01270319,other_uncertain,0.05147440245651208,0.831583233574129,0.11694236396935903,0.005653812560624417,0.8941498465114114,0.10019634092796431
FW_01387448,natural_vegetation_fire,0.0016192855595904586,0.9559710846209724,0.04240962981943732,0.00017738815223194353,0.9769234466658738,0.022899165181894138
FW_00348344,other_uncertain,0.0024704256318402204,0.17973929540095784,0.817790278967202,0.0032108281650445104,0.23231431806468905,0.7644748537702666
FW_00545874,natural_vegetation_fire,0.0008324722859987065,0.918919164902727,0.08024836281127422,0.00013752890169008484,0.959543924161517,0.04031854693679302
FW_01604463,natural_vegetation_fire,0.0031527770080130605,0.3573432536025971,0.6395039693893898,0.0022634141101111165,0.462736241053712,0.5350003448361769
FW_01116764,other_uncertain,0.1130320346783589,0.014078263945209429,0.8728897013764316,0.16453453547979205,0.006689775449100819,0.8287756890711072
FW_01572774,other_uncertain,0.4489682097298014,0.016009189251161474,0.5350226010190371,0.39705422036834914,0.007637189821123014,0.5953085898105279
FW_00574034,other_uncertain,0.250968882435263,0.1751880444747474,0.5738430730899896,0.10481564798098914,0.17203088165262023,0.7231534703663907
FW_01304290,natural_vegetation_fire,0.011293527424460745,0.5751087773037227,0.41359769527181667,0.003618761212262729,0.6662916437391637,0.33008959504857366
FW_00866723,natural_vegetation_fire,0.0009550693630279572,0.9886810188339424,0.010363911803029757,6.205499472995974e-05,0.9945467601247822,0.005391184880487799
FW_00740231,natural_vegetation_fire,0.002032189676640851,0.9666963569860835,0.03127145333727567,0.0001874531558577034,0.9824138750127362,0.017398671831406143
FW_01040328,other_uncertain,0.37306363201498943,0.3479427945559997,0.2789935734290109,0.0940837082151035,0.46407456502423217,0.44184172676066436
FW_00349690,natural_vegetation_fire,0.001384741382092419,0.7701972830388893,0.2284179755790182,0.00039035340215937955,0.8677020967854585,0.13190754981238226
FW_00786479,natural_vegetation_fire,0.0012382716223112143,0.8669149763191779,0.13184675205851085,0.0002502439003590247,0.9287881665688003,0.07096158953084065
FW_00535010,natural_vegetation_fire,0.003751268730644821,0.68843410718424,0.30781462408511506,0.0011192957492329539,0.7914757085987268,0.20740499565204026
FW_00961535,natural_vegetation_fire,0.010560708571351449,0.7964707297831688,0.1929685616454798,0.001890932855071292,0.8616945920466024,0.1364144750983263
FW_00876803,natural_vegetation_fire,0.003137774221506315,0.9768160524720558,0.020046173306437785,0.00022314279184309886,0.9879260045422384,0.011850852665918376
FW_00532184,natural_vegetation_fire,0.0010178488357453586,0.680132419831613,0.31884973133264166,0.00039546964391468044,0.8092512285438727,0.1903533018122126
FW_01532703,natural_vegetation_fire,0.0010451063467039447,0.9894662573143175,0.009488636338978531,6.453936688455708e-05,0.9949333113354287,0.005002149297686575
FW_01478549,natural_vegetation_fire,0.001194602191275574,0.9816449274867437,0.01716047032198066,9.254831978385032e-05,0.9908527848978568,0.009054666782359368
FW_00374419,natural_vegetation_fire,0.003400982804826814,0.942066299170303,0.05453271802487017,0.00037184471226311814,0.9674575733577965,0.03217058192994048
FW_00022478,natural_vegetation_fire,0.002522569263274539,0.9057347049425521,0.09174272579417347,0.000372805862669923,0.946976356764476,0.05265083737285406
FW_01455906,natural_vegetation_fire,0.0015424459415586617,0.9681449747929212,0.030312579265520015,0.00014660084066165909,0.9835314911451664,0.0163219080141719
FW_00325142,other_uncertain,0.0025527564445999578,0.8282642993098763,0.16918294424552366,0.000530852940964085,0.8987395365952526,0.10072961046378337
FW_00832792,other_uncertain,0.047938403962643136,0.014881378467512635,0.9371802175698443,0.09040628704890911,0.00805991339714178,0.9015337995539492
FW_01589593,natural_vegetation_fire,0.0013471943615736646,0.9615627929218051,0.03709001271662129,0.00014306097637349977,0.9802489247679338,0.019608014255692783
FW_00201032,natural_vegetation_fire,0.0017315336945211194,0.9846066037846987,0.013661862520780173,0.00011494088570093492,0.992303896257707,0.007581162856592051
FW_00794287,natural_vegetation_fire,0.0008454985481027501,0.9886363014424028,0.01051820000949438,5.634988073620759e-05,0.9945542126786712,0.0053894374405927615
FW_00839704,natural_vegetation_fire,0.0027017315359559274,0.919838095154189,0.07746017330985498,0.00036257983314970014,0.9550148886570006,0.044622531509849614
FW_00072060,natural_vegetation_fire,0.0029857478548634855,0.8637950297358942,0.1332192224092424,0.000525059315512012,0.9201922138359553,0.07928272684853262
FW_01274757,natural_vegetation_fire,0.0021870477617655375,0.9896991293541932,0.008113822884041123,0.0001127359286872037,0.995187338959124,0.004699925112188686
FW_01437143,industrial_fire_candidate,0.26110196218403864,0.009203442688742515,0.7296945951272188,0.3256028916967937,0.0034668224302534826,0.6709302858729529
FW_00469435,other_uncertain,0.0010458736984705953,0.02507684503929278,0.9738772812622367,0.004788123247277693,0.02501206555051484,0.9701998112022076
FW_01058428,other_uncertain,0.004467135545908664,0.019697985280021493,0.97583487917407,0.015154498891804825,0.01560368778389268,0.9692418133243026
FW_01176384,other_uncertain,0.002073738591985842,0.02749274180747386,0.9704335196005403,0.007514809869116803,0.025766348600469273,0.966718841530414
FW_00095773,natural_vegetation_fire,0.0315570956065897,0.9285555751315584,0.03988732926185192,0.0021834698972966545,0.9662104380817662,0.03160609202093729
FW_00499611,natural_vegetation_fire,0.0009732967392549448,0.9823200927513551,0.016706610509389996,7.701059748733776e-05,0.9913173411336773,0.008605648268835229
FW_00250629,natural_vegetation_fire,0.014276742522460101,0.897483275655782,0.0882399818217579,0.0015823879573056004,0.9359932463215391,0.06242436572115542
FW_00520278,other_uncertain,0.010599819796242527,0.057661830793391516,0.9317383494103659,0.01723471689082871,0.05231164681935152,0.9304536362898198
FW_00569648,other_uncertain,0.2531215438700591,0.15235577149744892,0.594522684632492,0.11305664831522957,0.1439254691956719,0.7430178824890986
FW_01245923,natural_vegetation_fire,0.0015254746802871135,0.9851862908096186,0.01328823451009418,0.00010210793099263908,0.9926312749408248,0.007266617128182467
FW_01116735,other_uncertain,0.04020945683551027,0.10193681420110415,0.8578537289633856,0.0344081179182574,0.09089379532963315,0.8746980867521095
FW_00540260,other_uncertain,0.009304635441572852,0.04122039487990519,0.9494749696785221,0.01834212176388367,0.03524650212726979,0.9464113761088465
FW_00004767,natural_vegetation_fire,0.0007988235515529362,0.9782688679056041,0.02093230854284283,7.178831588511217e-05,0.9894486830115511,0.010479528672563704
FW_00145796,natural_vegetation_fire,0.0015756130506934139,0.9382353375098896,0.06018904943941698,0.00020395378078610593,0.9673787171939233,0.032417329025290716
FW_00026165,other_uncertain,0.2643965544307268,0.007686304604413342,0.7279171409648598,0.3460768890026579,0.002703633319963787,0.6512194776773784
FW_00125581,natural_vegetation_fire,0.0004736357536244435,0.9928881791772823,0.006638185069093148,2.8608647022674958e-05,0.9967570944275297,0.0032142969254475608
FW_01264753,natural_vegetation_fire,0.0006563913737136115,0.9903784214392569,0.008965187187029518,4.261677802431886e-05,0.9954818315064983,0.004475551715477409
FW_00033147,other_uncertain,0.5124906075239859,0.04527573863603412,0.44223365383998003,0.32759337610359707,0.03439662873048337,0.6380099951659196
FW_01059537,other_uncertain,0.0014703226236973059,0.05375378719147129,0.9447758901848313,0.0042709327066732155,0.06039410729797008,0.9353349599953568
FW_00112097,other_uncertain,0.01630165605634882,0.07024562298881339,0.9134527209548379,0.021407116460148045,0.06336038407137579,0.9152324994684762
FW_00961537,natural_vegetation_fire,0.0093051595043861,0.7851441732182126,0.2055506672774012,0.0017703796732761044,0.8541814476914067,0.14404817263531722
FW_00267985,natural_vegetation_fire,0.0009001487605602938,0.9824496424616133,0.016650208777826542,7.200733499814872e-05,0.9914309490520923,0.008497043612909507
FW_00890723,other_uncertain,0.7431426566304988,0.01521008443671144,0.24164725893278957,0.5995219958432829,0.009549338969631414,0.39092866518708574
FW_00286147,natural_vegetation_fire,0.0009613140882685332,0.9912626531527561,0.007776032758975304,5.5403596546539574e-05,0.9958631032601462,0.004081493143307332
FW_01395782,natural_vegetation_fire,0.004566754442996776,0.855965379166856,0.13946786639014733,0.0007692641116794745,0.9118456817397058,0.08738505414861476
FW_00243118,natural_vegetation_fire,0.0014362056249392346,0.9791765133461969,0.01938728102886381,0.00011381943127176354,0.989454824097857,0.010431356470871078
FW_01689003,natural_vegetation_fire,0.009718382900783364,0.7078054897893242,0.2824761273098924,0.0022972388196925114,0.7909225298084915,0.20678023137181584
FW_00579683,natural_vegetation_fire,0.0023155460985476634,0.868802998750918,0.12888145515053417,0.00041663074732236336,0.9252229512516964,0.07436041800098134
FW_01362255,other_uncertain,0.0010077953006703156,0.011277723922661121,0.9877144807766687,0.00669961348633204,0.009484437950939402,0.9838159485627287
FW_00458266,other_uncertain,0.020505896868394442,0.12116136274219567,0.8583327403894099,0.019292494621422004,0.11970147215944493,0.861006033219133
FW_00617740,natural_vegetation_fire,0.001880888577723023,0.9723043855050547,0.02581472591722228,0.00016153323821440214,0.9855679307151852,0.01427053604660044
FW_00772804,natural_vegetation_fire,0.001644128882393276,0.9468063823797722,0.0515494887378345,0.0001965180820402247,0.9719242241466876,0.027879257771272186
FW_00797240,natural_vegetation_fire,0.004429786450862535,0.881007322466862,0.11456289108227541,0.0006722355605368369,0.9285313734167981,0.07079639102266509
FW_00229773,natural_vegetation_fire,0.006341136316407743,0.886857641004239,0.10680122267935332,0.0008757178311522988,0.9304600469041905,0.06866423526465734
FW_00469278,other_uncertain,0.06251405329476321,0.02688184249404862,0.9106041042111882,0.08515199386639269,0.016450931454866233,0.8983970746787412
FW_00552435,other_uncertain,0.006609638204674197,0.25791361090872544,0.7354767508866003,0.005238780600895615,0.31554282917055326,0.6792183902285511
FW_00025348,other_uncertain,0.009651038835640781,0.08569203031432654,0.9046569308500327,0.013292512788874947,0.08546922405089526,0.9012382631602297
FW_00460478,natural_vegetation_fire,0.002754741784809939,0.9160451111054954,0.08120014710969471,0.0003773020258248277,0.9526916068955499,0.04693109107862548
FW_00790504,natural_vegetation_fire,0.0004509138808976035,0.9851071787096112,0.014441907409491169,3.791190817754349e-05,0.9931563630461149,0.006805725045707615
FW_00706544,natural_vegetation_fire,0.0016596345769696729,0.9866473036681922,0.01169306175483816,0.00010392564603191666,0.9934142849378509,0.0064817894161171225
FW_01506446,natural_vegetation_fire,0.0008500801710472863,0.9849941547802724,0.014155765048680333,6.408440242847525e-05,0.9927337746706456,0.007202140926925735
FW_01397862,natural_vegetation_fire,0.0067537507908995665,0.8559134858309322,0.13733276337816822,0.0010591737450936758,0.9089782393843684,0.08996258687053794
FW_00480299,other_uncertain,0.014961449636403064,0.5627315675227137,0.4223069828408832,0.004659390787168092,0.6476229379283974,0.3477176712844344
FW_00268624,natural_vegetation_fire,0.002061243039743182,0.9760378042330385,0.021900952727218405,0.0001625615480714198,0.9875584838277697,0.012278954624158775
FW_01194955,other_uncertain,0.6299194115068112,0.029331655118619494,0.34074893337456924,0.4460242880537396,0.021222507590203374,0.532753204356057
FW_01591200,natural_vegetation_fire,0.11080317423494832,0.3335555941733676,0.5556412315916841,0.03710862783805106,0.3587225938002432,0.6041687783617058
FW_00671628,natural_vegetation_fire,0.004667084298001089,0.8447188206520426,0.15061409504995635,0.0008191053805949956,0.9040998497062287,0.0950810449131764
FW_00620234,other_uncertain,0.06824271070642982,0.354546470414869,0.5772108188787012,0.02434203454728244,0.3856105643369254,0.5900474011157921
FW_00613147,other_uncertain,0.0026354610169150874,0.05539832392588199,0.941966215057203,0.006426036029751469,0.05855860972620229,0.9350153542440462
FW_00688137,natural_vegetation_fire,0.0021925736381713185,0.9532129808175719,0.044594445544256636,0.00023419059034199507,0.9748037254925694,0.024962083917088658
FW_01024757,natural_vegetation_fire,0.00045678746140534487,0.9837048935123743,0.01583831902622042,3.984821617453101e-05,0.9925008328379049,0.0074593189459204534
FW_01245309,natural_vegetation_fire,0.005366279038266207,0.920968348083616,0.07366537287811764,0.000630386045967727,0.9533526155642388,0.04601699838979343
FW_01050477,other_uncertain,0.011060448537809828,0.22247202547516967,0.7664675259870205,0.008565739779533899,0.25726664529593213,0.7341676149245341
FW_00090924,natural_vegetation_fire,0.0024314280110959968,0.9626888333794755,0.03487973860942833,0.00022879618857278117,0.9799668207078785,0.01980438310354883
FW_00610163,industrial_fire_candidate,0.5704807196628765,0.008097364282167752,0.4214219160549558,0.549615176967988,0.0030573851563840244,0.44732743787562806
FW_01093362,natural_vegetation_fire,0.0035650123244323306,0.9313308487722227,0.06510413890334497,0.0004206666430271541,0.960916013722812,0.038663319634160934
FW_00457653,natural_vegetation_fire,0.0025788407252302454,0.9227320279125457,0.07468913136222408,0.0003424552052689196,0.9568965261719863,0.04276101862274494
FW_01709913,natural_vegetation_fire,0.002016053918209263,0.9681153443289101,0.02986860175288076,0.00018248714505437268,0.983204928116155,0.01661258473879052
FW_00892307,natural_vegetation_fire,0.04048945586035199,0.34051596650609256,0.6189945776335554,0.01683263894096528,0.37597809895615647,0.6071892621028782
FW_01332119,natural_vegetation_fire,0.0019416802288626889,0.969761776358298,0.02829654341283949,0.00017267221108760786,0.9841478419523899,0.01567948583652249
FW_00469797,natural_vegetation_fire,0.004839997638576315,0.7498894442152475,0.24527055814617618,0.001158467014150203,0.8354818141372162,0.16335971884863357
FW_00242597,natural_vegetation_fire,0.005303397818385357,0.9431731372187954,0.05152346496281926,0.000527004798535928,0.9673946745413295,0.03207832066013458
FW_01120954,other_uncertain,0.0011672676640425161,0.01282129300561224,0.9860114393303453,0.007027899958027977,0.010895181000876447,0.9820769190410955
FW_00106296,other_uncertain,0.1163388438270112,0.4454588851938036,0.43820227097918524,0.030134776970020295,0.49820443192477626,0.47166079110520337
FW_00051183,natural_vegetation_fire,0.0054852674966564905,0.4357768335355499,0.5587378989677936,0.0028556387489493754,0.5385202830284395,0.45862407822261125
FW_01333845,natural_vegetation_fire,0.019329381935047563,0.9457370526122933,0.034933565452659035,0.0013384538371450584,0.9728466846121566,0.025814861550698138
FW_01717170,natural_vegetation_fire,0.0006554466785064193,0.9827230210435353,0.01662153227795846,5.510053650294091e-05,0.9917792598516084,0.008165639611888424
FW_00096305,natural_vegetation_fire,0.00046804591486825846,0.9903989589089083,0.009132995176223447,3.231022429105755e-05,0.9955924494230624,0.00437524035264652
FW_00735022,natural_vegetation_fire,0.0028462105753133226,0.9778250162570649,0.0193287731676219,0.00020234158242737568,0.9884973627772929,0.01130029564027951
FW_00095811,natural_vegetation_fire,0.012424987458250093,0.9556044485939508,0.03197056394779912,0.0008789144546256139,0.9768399184665716,0.02228116707880279
FW_00257147,natural_vegetation_fire,0.00154578652672355,0.9878620385249778,0.01059217494829847,9.393942830632473e-05,0.9940691934260525,0.005836867145641049
FW_00393818,other_uncertain,0.0025136137807840074,0.029926130919820798,0.9675602552993952,0.00830046055951479,0.02791571922733407,0.9637838202131511
FW_01465584,natural_vegetation_fire,0.0020521105747974824,0.9698774991263432,0.02807039029885924,0.00018027664739484272,0.9841594871436554,0.0156602362089497
FW_01708355,natural_vegetation_fire,0.004796758153385061,0.8295480566512031,0.16565518519541164,0.0008871315197626499,0.8934616642293707,0.1056512042508667
FW_00491235,natural_vegetation_fire,0.0019391453355052696,0.9753037352984919,0.022757119366002936,0.00015696824717415737,0.9871874957311134,0.012655536021712353
FW_00444492,industrial_fire_candidate,0.2889693580839457,0.0135519931659142,0.6974786487501402,0.30880183934666705,0.005857655075217588,0.6853405055781153
FW_00135868,natural_vegetation_fire,0.0004990434908908914,0.9850200992626451,0.014480857246463998,4.133396262946345e-05,0.9930515267968931,0.006907139240477292
FW_00140827,natural_vegetation_fire,0.000719165984665135,0.9868790370568514,0.012401796958483353,5.2670078827363896e-05,0.9937426088362173,0.0062047210849552935
FW_01636540,other_uncertain,0.008435746288462106,0.7729490684685725,0.21861518524296536,0.0016985583688025484,0.8458160123960684,0.152485429235129
FW_01594717,other_uncertain,0.008089329273923683,0.4357354644841184,0.556175206241958,0.0038712597226326817,0.5274708353420989,0.4686579049352684
FW_00648680,other_uncertain,0.01439181702703462,0.16618102020507772,0.8194271627678877,0.012494939261062538,0.18007409420393566,0.8074309665350018
FW_00725866,natural_vegetation_fire,0.0004708381060763897,0.9765996308773061,0.022929531016617606,4.786959515458236e-05,0.9891941091159044,0.010758021288940933
FW_00662755,industrial_fire_candidate,0.7470787244990302,0.007473170632317001,0.2454481048686527,0.6747476005239712,0.003255030858282595,0.32199736861774614
FW_00765130,other_uncertain,0.002203726029027702,0.9004661817067349,0.09733009226423749,0.0003432358571889838,0.9445621329072404,0.05509463123557044
FW_00179596,natural_vegetation_fire,0.38298874957751744,0.3980798825247868,0.21893136789769588,0.0838357133401588,0.5581465977758818,0.35801768888395935
FW_01355428,natural_vegetation_fire,0.0013518948385717266,0.9873419401821762,0.011306164979251987,8.621450244459676e-05,0.9937947761591908,0.006119009338364544
FW_00232210,natural_vegetation_fire,0.003121071856440081,0.9795961400113696,0.017282788132190367,0.00020860043853662433,0.9895463380028662,0.010245061558597125
FW_00655395,other_uncertain,0.01016462203261217,0.1340667339453844,0.8557686440220035,0.010920565966098665,0.1448862272556678,0.8441932067782335
FW_00384390,other_uncertain,0.2971500823768967,0.006068890032198105,0.6967810275909052,0.3962293861709197,0.0019266494090511915,0.6018439644200291
FW_00050392,natural_vegetation_fire,0.03019667796650838,0.801557486843606,0.16824583518988556,0.004281089324746583,0.8612428796990584,0.13447603097619507
FW_00894701,natural_vegetation_fire,0.0007438193319588305,0.9807682157551117,0.018487964912929443,6.411667561091124e-05,0.9907358288510658,0.009200054473323324
FW_00012225,other_uncertain,0.02147569718421213,0.011327299333050104,0.9671970034827378,0.0583414060167745,0.006404080102323216,0.9352545138809024
FW_01534225,natural_vegetation_fire,0.004740499814226414,0.813649815579248,0.18160968460652552,0.0009298385287349738,0.8824775778035129,0.11659258366775217
FW_00529146,natural_vegetation_fire,0.0004399767250488632,0.9782349591522064,0.0213250641227447,4.3827589769194757e-05,0.9900188972814321,0.00993727512879881
FW_00809388,natural_vegetation_fire,0.015588133357006328,0.8882702870307296,0.09614157961226416,0.001781487107608534,0.9293154138882582,0.06890309900413331
FW_01510066,natural_vegetation_fire,0.0015509449741662451,0.9829090311611217,0.015540023864712035,0.00011057526265859155,0.9914075587872653,0.008481865950076224
FW_01189888,natural_vegetation_fire,0.05794513167236339,0.8720369343363443,0.07001793399129216,0.004901788398343519,0.9340238756678014,0.06107433593385506
FW_00376137,natural_vegetation_fire,0.003271259988031467,0.8310748343811356,0.16565390563083285,0.0006443609720481967,0.898153165317641,0.10120247371031069
FW_00932650,natural_vegetation_fire,0.0011396575490538843,0.9895124906238594,0.009347851827086891,6.899433096787235e-05,0.9949491042423114,0.004981901426720517
FW_00600623,natural_vegetation_fire,0.0026012967939165344,0.8851961618206781,0.11220254138540547,0.00042537394449151326,0.9344500427917146,0.0651245832637938
FW_01273373,other_uncertain,0.4294931253582193,0.24664376291337986,0.3238631117284009,0.13731073900000215,0.31936819326093213,0.5433210677390657
FW_01022411,natural_vegetation_fire,0.0038543917928197556,0.9174872171516465,0.0786583910555338,0.0004925540405675363,0.9522332638223344,0.04727418213709801
FW_00096656,natural_vegetation_fire,0.009115929657334642,0.9390357288245799,0.05184834151808542,0.0008369434721369828,0.9646321275958637,0.03453092893199928
FW_01718913,natural_vegetation_fire,0.0029271404763212944,0.9141338363187795,0.08293902320489922,0.00040127718393837475,0.9512952326427254,0.04830349017333611
FW_00208249,natural_vegetation_fire,0.001005394989712371,0.9828259910501652,0.016168613960122414,7.805503866491193e-05,0.9915545440568752,0.008367400904459933
FW_00192794,industrial_fire_candidate,0.24214633835802957,0.015726284452015463,0.742127377189955,0.26197768485491074,0.007205340857414944,0.7308169742876743
FW_00440286,natural_vegetation_fire,0.001846800968705079,0.9607662847348288,0.03738691429646594,0.00018719740655136772,0.9792891656942733,0.020523636899175364
FW_01152883,natural_vegetation_fire,0.0019967124724348485,0.12483067280724035,0.8731726147203247,0.0034285338458291087,0.15744373638415493,0.8391277297700158
FW_00805932,natural_vegetation_fire,0.002422415561641768,0.9566561803900901,0.040921404048268044,0.00024496429743043035,0.9765632243618962,0.023191811340673402
FW_00088627,natural_vegetation_fire,0.0021478869981428035,0.9333195869057536,0.06453252609610372,0.0002735405439245159,0.9636472634195341,0.03607919603654134
FW_00261849,natural_vegetation_fire,0.0007796795132337715,0.9890430958732209,0.01017722461354523,5.191853826366712e-05,0.9947793711689656,0.00516871029277077
FW_01613230,other_uncertain,0.0792810089879596,0.04005890054334307,0.8806600904686974,0.08520798323321502,0.02655339328089722,0.8882386234858879
FW_01031121,natural_vegetation_fire,0.0006909181229736687,0.9815634284889597,0.01774565338806659,5.921845443819505e-05,0.9911802488776129,0.008760532667948817
FW_01197175,other_uncertain,0.8121029001740832,0.008177847489528803,0.17971925233638808,0.7150139711208658,0.0042365728492892675,0.28074945602984486
FW_00844171,other_uncertain,0.001824477690254273,0.015028648573993705,0.983146873735752,0.009014855558832828,0.012521787731440755,0.9784633567097264
FW_00795583,natural_vegetation_fire,0.017524560486891334,0.8986932823556875,0.08378215715742122,0.0018396592128665657,0.9373150021115525,0.06084533867558099
FW_01217221,natural_vegetation_fire,0.0015451495908250198,0.9393957831579915,0.05905906725118351,0.00019883764061101985,0.9680710693845949,0.03173009297479408
FW_00353133,natural_vegetation_fire,0.0036810751414064436,0.9313301555885407,0.06498876927005273,0.00043180589690192757,0.960825683205493,0.03874251089760503
FW_00858598,natural_vegetation_fire,0.0006502392711240827,0.9902491191050297,0.009100641623846314,4.254369976435827e-05,0.9954213577739246,0.004536098526311125
FW_01278005,industrial_fire_candidate,0.2965842218914338,0.017327618312942255,0.6860881597956239,0.2910037207609965,0.008186903915065956,0.7008093753239375
FW_01070195,other_uncertain,0.0008618456388148664,0.010271252062123962,0.9888669022990612,0.00624439163827407,0.008625054068845076,0.9851305542928808
FW_00193116,natural_vegetation_fire,0.005447956065820514,0.9730459741433074,0.02150606979087203,0.00036675425181858053,0.98604289417185,0.013590351576331473
FW_00109632,natural_vegetation_fire,0.003031761661752493,0.946789920083893,0.05017831825435446,0.00032475241705144414,0.9704814669341297,0.029193780648818893
FW_01611297,other_uncertain,0.00434093127253599,0.23511551141985643,0.7605435573076077,0.0040785587872257684,0.29585373876574395,0.7000677024470303
FW_00856498,other_uncertain,0.024139251643665947,0.020187602732123795,0.9556731456242102,0.049495541575154345,0.012956074833944528,0.9375483835909012
FW_00527509,natural_vegetation_fire,0.0011710258216347188,0.8592214079123179,0.13960756626604734,0.0002469190787465313,0.9247774215048459,0.07497565941640771
FW_00591066,other_uncertain,0.4360311633734688,0.006111775039382729,0.5578570615871484,0.49409344284547824,0.0019259153711942206,0.5039806417833276
FW_01707789,natural_vegetation_fire,0.002263239749091569,0.8087228423530164,0.1890139178978919,0.0005153154733726734,0.8871913432519812,0.11229334127464617
FW_01442513,natural_vegetation_fire,0.0013250129441822478,0.9035085232162292,0.09516646383958836,0.00022154321701097835,0.9490331102074582,0.05074534657553087
FW_01456964,natural_vegetation_fire,0.001647520268072725,0.9751108721664672,0.02324160756545989,0.00013807689795767775,0.9871938887350017,0.012668034367040566
FW_01566674,natural_vegetation_fire,0.0009860565524463542,0.979647604373349,0.019366339074204642,8.289956966922051e-05,0.989957913939825,0.009959186490505634
FW_01510484,natural_vegetation_fire,0.0034324969899078793,0.8976949952814615,0.09887250772863078,0.000501846704416558,0.9405315410237213,0.05896661227186216
FW_01410146,natural_vegetation_fire,0.002708723400840564,0.7667121600496248,0.2305791165495346,0.0006849093874922752,0.8561541851835632,0.14316090542894444
FW_00603077,other_uncertain,0.003567262655332183,0.01047315949406225,0.9859595778506055,0.017093900594779797,0.007394245094300012,0.9755118543109202
FW_01294068,industrial_fire_candidate,0.2261386979141413,0.02453248047992671,0.749328821605932,0.21486081567721657,0.013077258284861434,0.7720619260379219
FW_00095795,natural_vegetation_fire,0.049341327040934746,0.8608458633269794,0.08981280963208588,0.0047598355012969445,0.9190928590131996,0.07614730548550344
FW_01502794,natural_vegetation_fire,0.0034808880821360203,0.90227706097389,0.0942420509439739,0.0004953086859488192,0.9432947730421803,0.05620991827187078
FW_00148551,natural_vegetation_fire,0.0038461561798803245,0.9841872686128271,0.011966575207292492,0.00021336736068539855,0.9924388832685745,0.007347749370740017
FW_00571201,other_uncertain,0.5102545484454056,0.009397150036744491,0.48034830151784985,0.4945631221359908,0.0036731533742175243,0.5017637244897917
FW_00144192,natural_vegetation_fire,0.0013743925684448633,0.9939604568167677,0.004665150614787453,6.071664459230396e-05,0.9973417676825407,0.002597515672867085
FW_01168406,other_uncertain,0.0029883732263912403,0.021366490567442307,0.9756451362061664,0.010958098830481383,0.018117917662034147,0.9709239835074844
FW_01588411,natural_vegetation_fire,0.021188827687933877,0.4776928271653432,0.5011183451467229,0.0074564410767168,0.5494604257089741,0.44308313321430903
FW_01245132,natural_vegetation_fire,0.025712976419813485,0.8381886820844209,0.13609834149576558,0.0032984475129845645,0.891349640390169,0.1053519120968466
FW_00151550,natural_vegetation_fire,0.004189624163999264,0.5503240070117725,0.44548636882422815,0.001742515715588452,0.6661731239958636,0.332084360288548
FW_01501267,other_uncertain,0.004900871780283749,0.7849061084367828,0.21019301978293353,0.001051255091407551,0.861466251557516,0.13748249335107643
FW_01344394,natural_vegetation_fire,0.017630153472330247,0.8471406691834948,0.13522917734417475,0.002371081204578323,0.8981085499346348,0.09952036886078697
FW_01560436,natural_vegetation_fire,0.007965018909905641,0.8790557848458396,0.11297919624425484,0.001093712979791189,0.9241059403747052,0.0748003466455036
FW_00964747,other_uncertain,0.0011434346768778747,0.007775174335341686,0.9910813909877805,0.008660291343842854,0.005925743460469504,0.9854139651956877
FW_00704736,natural_vegetation_fire,0.0012628270777001018,0.9824081793594267,0.01632899356287323,9.496333713950149e-05,0.9912212975265775,0.008683739136282918
FW_00058209,natural_vegetation_fire,0.0008010186483771992,0.9820884619303495,0.017110519421273167,6.603263431699094e-05,0.9913288611019275,0.008605106263755363
FW_00020853,other_uncertain,0.23627811420127465,0.30027049347356605,0.4634513923251592,0.07274925641545837,0.33593143424224486,0.5913193093422967
FW_00835595,other_uncertain,0.24033088083473306,0.009754728150550875,0.749914391014716,0.3037514837320552,0.0037786490258752197,0.6924698672420695
FW_01679691,natural_vegetation_fire,0.0017598126506749834,0.8729133723536106,0.1253268149957145,0.00032606381192364515,0.9297067398368336,0.06996719635124272
FW_00751850,natural_vegetation_fire,0.004660426910042489,0.7817258543933321,0.21361371869662538,0.001019157055923581,0.8597677994433186,0.13921304350075786
FW_01493090,natural_vegetation_fire,0.0034221015700760323,0.9260384088628395,0.0705394895670845,0.0004224469814388014,0.9578522465276487,0.041725306490912474
FW_00482307,natural_vegetation_fire,0.0048969682450991855,0.5376863620887442,0.45741666966615646,0.0020357310418768317,0.6497060749627185,0.3482581939954047
FW_00469302,other_uncertain,0.002732965850057169,0.015805709599514554,0.9814613245504283,0.011771018603161201,0.012667769957256457,0.9755612114395824
FW_01268933,natural_vegetation_fire,0.004871171998760798,0.9008389297871466,0.09428989821409253,0.0006572330220773479,0.9408267553580103,0.05851601161991245
FW_01220157,natural_vegetation_fire,0.007558155346756344,0.9211248015995518,0.07131704305369198,0.0008291283113650917,0.95273559719921,0.04643527448942501
FW_01673358,natural_vegetation_fire,0.001875407030336831,0.43074064604922446,0.5673839469204387,0.0012443692012804673,0.5640813550784693,0.43467427572025025
FW_00964150,other_uncertain,0.0029487085256734457,0.06393450060002964,0.9331167908742969,0.006499302403237991,0.0686784904067267,0.9248222071900353
FW_00970932,natural_vegetation_fire,0.001170973919536187,0.9789730857909152,0.019855940289548422,9.682589498749344e-05,0.9894844040989049,0.010418770006107643
FW_01602818,natural_vegetation_fire,0.0006816082922337693,0.9821301664187373,0.017188225289028903,5.775908553838601e-05,0.9914647858950247,0.008477455019436883
FW_01051012,other_uncertain,0.004127657983312838,0.7917402910250774,0.20413205099160983,0.0008935764190117675,0.868500596106627,0.13060582747436125
FW_00955154,industrial_fire_candidate,0.5367157266311564,0.01508299591412835,0.4482012774547152,0.45908688608493203,0.0073904592633339625,0.533522654651734
FW_01467617,natural_vegetation_fire,0.007021484938355876,0.7851825217255307,0.20779599333611337,0.0014082974547068037,0.8573554224220717,0.14123628012322142
FW_01368790,natural_vegetation_fire,0.00325959853427182,0.876590437388285,0.12014996407744308,0.0005333938141370473,0.9276532283988426,0.07181337778702025
FW_01596656,other_uncertain,0.24502436309026535,0.017942603119568676,0.7370330337901659,0.2527629970619804,0.008597529099516393,0.738639473838503
FW_00711703,other_uncertain,0.004207160035148561,0.010688896328513367,0.9851039436363381,0.019048710372601963,0.007422662626801268,0.9735286270005967
FW_01422146,natural_vegetation_fire,0.0007959436161329163,0.9891910104527939,0.010013045931073208,5.247307419648726e-05,0.9948472424563725,0.005100284469430959
FW_00955442,natural_vegetation_fire,0.010774626218967992,0.9393317093421933,0.049893664438838595,0.0009484326642716776,0.9650989969646983,0.03395257037102991
FW_00588386,natural_vegetation_fire,0.001262357505852263,0.7736437109394745,0.2250939315546733,0.0003577794199643501,0.8712075832938758,0.12843463728615986
FW_01414876,natural_vegetation_fire,0.009726232294633791,0.8919197178094095,0.09835404989595663,0.0012048770538151514,0.932359586538321,0.06643553640786397
FW_01029483,natural_vegetation_fire,0.002529725755117143,0.9597697119575475,0.03770056228733531,0.00024489713455227703,0.9782631793030511,0.02149192356239667
FW_01004313,natural_vegetation_fire,0.1315455137587408,0.07623592133742825,0.792218564903831,0.09338940589053682,0.0579479006392786,0.8486626934701846
FW_00905352,natural_vegetation_fire,0.0033058417174654537,0.7458132226054173,0.25088093567711717,0.0008588205582479263,0.8380901287312369,0.16105105071051506
FW_01400237,natural_vegetation_fire,0.00666742968052033,0.9742395309619041,0.019093039357575666,0.00041392683240720876,0.9871767540740265,0.012409319093566157
FW_00327783,natural_vegetation_fire,0.0009474149936848274,0.97319177402626,0.025860810980055285,9.077440406057244e-05,0.9867440961625907,0.013165129433348759
FW_00156317,other_uncertain,0.0020172205561596146,0.7043676180803058,0.29361516136353477,0.0006461468853812376,0.8151411103738638,0.18421274274075483
FW_01600232,natural_vegetation_fire,0.004645233199674253,0.34885470380587896,0.6465000629944467,0.0031240369263442233,0.440997482323016,0.5558784807506397
FW_01599070,natural_vegetation_fire,0.0039998455530046995,0.7966680859270887,0.19933206851990654,0.0008568854330227889,0.872378746028443,0.12676436853853398
FW_00742492,natural_vegetation_fire,0.0015312876557354027,0.9581521621815947,0.04031655016266996,0.0001654146226241149,0.9782047404516897,0.02162984492568632
FW_00438365,other_uncertain,0.005706254136303269,0.03521027442784606,0.9590834714358506,0.013884457400070035,0.03083252499257261,0.9552830176073573
FW_00520371,other_uncertain,0.08514806001053335,0.022650351752844453,0.8922015882366221,0.11304218663864625,0.012765770925573275,0.8741920424357804
FW_01526574,natural_vegetation_fire,0.003126836766497985,0.952532841001741,0.04434032223176106,0.0003149712554387389,0.9737827924907072,0.025902236253853985
FW_00366706,natural_vegetation_fire,0.001618830399451432,0.9378335899046245,0.06054757969592404,0.00020923198460101258,0.9670741171279489,0.0327166508874501
FW_01405334,natural_vegetation_fire,0.0005900120888772509,0.989856698850406,0.009553289060716787,3.999918924036052e-05,0.9952600721064027,0.004699928704356975
FW_00607463,natural_vegetation_fire,0.02307109563837892,0.61614159745272,0.36078730690890104,0.005789605590587519,0.692820481987953,0.3013899124214595
FW_00175427,natural_vegetation_fire,0.002370436574270094,0.9774792909635914,0.02015027246213838,0.00017649841361810464,0.9883130668823422,0.011510434704039592
FW_00610121,natural_vegetation_fire,0.025262054665720637,0.49375357123931934,0.48098437409496003,0.008251032719357957,0.5633735787968063,0.42837538848383583
FW_00414036,natural_vegetation_fire,0.0026113642340487926,0.7531938268778574,0.2441948088880939,0.0006926471622970148,0.8470030992330022,0.15230425360470076
FW_00879911,natural_vegetation_fire,0.0010472628350622533,0.9725209234828528,0.026431813682085033,9.969692661757583e-05,0.986286725607428,0.013613577465954554
FW_01606379,natural_vegetation_fire,0.012851007897213147,0.8450449800051206,0.1421040120976662,0.0018603652750461422,0.8974088830079865,0.10073075171696726
FW_00053968,natural_vegetation_fire,0.00157828139541419,0.9720822702240199,0.02633944838056599,0.00014057316108473551,0.9856080840105473,0.014251342828367906
FW_01352871,other_uncertain,0.05189719354070536,0.16201683336853065,0.786085973090764,0.0327432950036158,0.15642077440662375,0.8108359305897604
FW_01634321,other_uncertain,0.11022188154723789,0.008789826282784562,0.8809882921699776,0.192405463540314,0.0036323804102031776,0.8039621560494828
FW_00941853,natural_vegetation_fire,0.0008449943588557318,0.9118703692384655,0.08728463640267863,0.00014535910319761892,0.955809998615445,0.04404464228135734
FW_01328076,other_uncertain,0.001963826650450082,0.029427905367344492,0.9686082679822053,0.007003144241529908,0.028174494549181316,0.9648223612092889
FW_01217015,natural_vegetation_fire,0.0010098604251967316,0.8813205850993271,0.1176695544754761,0.00019792518798315338,0.9383650429084467,0.06143703190357032
FW_00257163,natural_vegetation_fire,0.003941622563882136,0.9473697872554653,0.04868859018065254,0.0003996084582972924,0.9703601406227846,0.02924025091891817
FW_01222399,other_uncertain,0.006638261684408383,0.40884594010234687,0.5845157982132447,0.003541558563695256,0.5023012876465468,0.4941571537897581
FW_01612279,industrial_fire_candidate,0.3784132390927545,0.010361764073467651,0.6112249968337778,0.3975593851955318,0.004054097790028013,0.5983865170144402
FW_01257925,natural_vegetation_fire,0.0012520568597033036,0.9551714599738479,0.04357648316644874,0.00014467541605499014,0.9770380938837678,0.022817230700177105
FW_01201968,natural_vegetation_fire,0.001510984409150847,0.8396885636475085,0.15880045194334055,0.00032984745837963403,0.9109828233572299,0.08868732918439043
FW_01027808,natural_vegetation_fire,0.0011405580747619202,0.01893954909698293,0.9799198928282551,0.005794982168308969,0.017588964146914222,0.9766160536847769
FW_00426530,natural_vegetation_fire,0.004800446594924756,0.747187568903271,0.24801198450180426,0.0011599341661335495,0.8335390525882872,0.16530101324557925
FW_00662141,natural_vegetation_fire,0.0006800598802773565,0.9749670078918307,0.024352932227892043,6.692398342040598e-05,0.9880061154369925,0.011926960579587085
FW_00989040,natural_vegetation_fire,0.0009257186743022914,0.9839058336590812,0.015168447666616533,7.088055932776175e-05,0.9921452303584731,0.007783889082199024
FW_01033806,natural_vegetation_fire,0.0033375819398293173,0.8235997183346625,0.17306269972550822,0.0006731872819499718,0.8929520960409053,0.1063747166771448
FW_01315303,natural_vegetation_fire,0.0022048846321219362,0.9608534138273254,0.03694170154055263,0.0002161552397322215,0.9790663178775317,0.020717526882736124
FW_00866751,natural_vegetation_fire,0.0006388342950200076,0.9740132843201287,0.025347881384851268,6.460885682060653e-05,0.9876214723597404,0.012313918783438963
FW_01621881,other_uncertain,0.003902544836254467,0.36143921375887667,0.6346582414048689,0.0026419097913029503,0.46146820900857705,0.5358898812001199
FW_01542982,natural_vegetation_fire,0.0020724694361494668,0.9162604200637945,0.08166711050005604,0.0002979879181189545,0.9540457113658797,0.04565630071600142
FW_00263110,natural_vegetation_fire,0.0026325422496527055,0.9612550075784383,0.03611245017190906,0.00024844593893770414,0.9790572100308255,0.020694344030236938
FW_01208003,natural_vegetation_fire,0.0021999170044298363,0.832593050985955,0.16520703200961523,0.00046212511175937636,0.9029957836406113,0.09654209124762937
FW_01053368,other_uncertain,0.0074900766214340475,0.031178910595583097,0.9613310127829828,0.017832601757686355,0.0257020738355649,0.9564653244067488
FW_01626672,other_uncertain,0.0032673195922492512,0.16105390085541402,0.8356787795523368,0.004240498895317564,0.2002459955890179,0.7955135055156646
FW_00872207,natural_vegetation_fire,0.0014571967465216785,0.9788472957465197,0.019695507506958497,0.00011599547870507168,0.9892717791397919,0.010612225381503073
FW_01060011,other_uncertain,0.44674613646112704,0.014781318310167022,0.5384725452287059,0.40417739074597975,0.0068173285019484196,0.5890052807520718
FW_01016986,other_uncertain,0.0007797203982780129,0.009567176897696398,0.9896531027040255,0.005999182695557329,0.008006255225984117,0.9859945620784586
FW_00393792,other_uncertain,0.06076364821588876,0.037722962095071144,0.9015133896890402,0.07243480865836639,0.025303525946064897,0.9022616653955687
FW_00196153,other_uncertain,0.012490048667469672,0.6604018615818911,0.3271080897506392,0.0031825537598228672,0.7451145710184731,0.2517028752217041
FW_00443245,other_uncertain,0.6848725219759609,0.027213167356713423,0.28791431066732553,0.49230999525225266,0.020625238612748474,0.4870647661349988
FW_01636431,other_uncertain,0.0024133258547210895,0.8082530948530868,0.18933357929219213,0.0005441712290875627,0.8861594063333719,0.11329642243754066
FW_00044949,other_uncertain,0.0344950250366626,0.01932196832909745,0.94618300663424,0.06467599774051798,0.011703372708627084,0.923620629550855
FW_01719056,natural_vegetation_fire,0.0007683246848732402,0.9819776465965389,0.017254028718587958,6.398401896864616e-05,0.9913036468253991,0.008632369155632235
FW_00210133,natural_vegetation_fire,0.0016600254036430956,0.9561586438390275,0.04218133075732941,0.00018069076971145693,0.976975227712107,0.022844081518181483
FW_01338470,industrial_fire_candidate,0.7001985263764874,0.00486961089813199,0.2949318627253807,0.6848180083292283,0.0015872760959078525,0.31359471557486385
FW_00592222,other_uncertain,0.02600349433033715,0.06438136457548986,0.909615141094173,0.031219185691997997,0.054050572230313156,0.9147302420776888
FW_00102605,other_uncertain,0.023283873884730737,0.026840856006715364,0.9498752701085539,0.042669418459441395,0.018549766021430002,0.9387808155191286
FW_00597495,natural_vegetation_fire,0.003502599984000084,0.8357872842916948,0.16071011572430496,0.0006697177512638519,0.9006416299877402,0.0986886522609959
FW_01176936,other_uncertain,0.000763974180088774,0.008820694317337589,0.9904153315025737,0.006130984436295354,0.0072680033516553865,0.9866010122120492
FW_00758658,natural_vegetation_fire,0.0007931926514039299,0.9856338945310801,0.013572912817515978,5.939847368522393e-05,0.9930851728110504,0.006855428715264352
FW_00498209,natural_vegetation_fire,0.0012325762537063463,0.9665596242938449,0.03220779945244866,0.00012468074119159552,0.9830052838927865,0.016870035366021875
FW_00867540,natural_vegetation_fire,0.0010771311637019923,0.9820119621363391,0.016910906699958973,8.430131360945164e-05,0.9911003409596449,0.008815357726745722
FW_01487415,natural_vegetation_fire,0.001073666105189366,0.9844407705902214,0.014485563304589184,7.876025662257601e-05,0.9923454066484263,0.007575833094951093
FW_01252302,other_uncertain,0.0042723227921084616,0.26144537241358545,0.734282304794306,0.003724658393768381,0.3314508092045809,0.6648245324016505
FW_00163829,other_uncertain,0.47260513221276196,0.015967950916546198,0.511426916870692,0.4122377937275327,0.007700593147320227,0.580061613125147
FW_01596817,other_uncertain,0.0011785615122572885,0.022892303620960425,0.9759291348667823,0.0054416558412315194,0.022069164348951332,0.9724891798098171
FW_00563199,natural_vegetation_fire,0.004425208120720567,0.8532156938794185,0.14235909799986088,0.0007581183186130107,0.9102526624356683,0.08898921924571869
FW_01530405,natural_vegetation_fire,0.029274571147886393,0.871199021040439,0.0995264078116746,0.0031349650319686872,0.9190455057372355,0.07781952923079578
FW_01574780,other_uncertain,0.01735750532941419,0.11021270418628806,0.8724297904842978,0.01793921489679495,0.10864931844868106,0.873411466654524
FW_01125653,other_uncertain,0.0038888196666875823,0.08479217837512133,0.911319001958191,0.006896489385280788,0.09330371380251068,0.8997997968122086
FW_01495513,natural_vegetation_fire,0.001232486299691382,0.9845345947669351,0.014232918933373565,8.780950179325698e-05,0.9923402865785281,0.007571903919678719
FW_01601189,natural_vegetation_fire,0.007877301698488326,0.34673666131611347,0.6453860369853982,0.004720616650288904,0.4233651170988563,0.5719142662508548
FW_00431861,other_uncertain,0.016724973679460933,0.26327055153088663,0.7200044747896523,0.01041537971674238,0.29992827803224087,0.6896563422510168
FW_01278515,natural_vegetation_fire,0.0021411448634811214,0.9677320276941648,0.03012682744235407,0.00019270465198868928,0.9829310422332945,0.016876253114716754
FW_01597120,natural_vegetation_fire,0.0007748075856877026,0.967917978442905,0.03130721397140732,8.33430895833811e-05,0.9843975334221899,0.015519123488226701
FW_01376451,natural_vegetation_fire,0.0008769713875682225,0.9908699501601477,0.008253078452284068,5.2556688077501893e-05,0.9956707862181422,0.0042766570937803105
FW_01050792,natural_vegetation_fire,0.004431271867578859,0.549112070991348,0.4464566571410732,0.0018277832610138183,0.6635567594362675,0.33461545730271863
FW_00414959,natural_vegetation_fire,0.0005559241735630529,0.9841389729689108,0.015305102857526074,4.6329818143238944e-05,0.9925679031132038,0.007385767068652895
FW_00081034,natural_vegetation_fire,0.0022893414520034697,0.9900799782406076,0.007630680307388916,0.00011424477139737593,0.9954327684467502,0.004452986781852221
FW_01190601,natural_vegetation_fire,0.020527540931283533,0.8586238735636226,0.1208485855050939,0.002543435118249843,0.9071055086516105,0.0903510562301396
FW_01261890,other_uncertain,0.017429347901621168,0.3047143632306147,0.6778562888677641,0.0096450280597134,0.35067180279921856,0.6396831691410679
FW_01489154,other_uncertain,0.020805690471816133,0.03651469347110927,0.9426796160570746,0.03441480664139954,0.027546259421678918,0.9380389339369216
FW_01223138,natural_vegetation_fire,0.004251394415020156,0.9700491000334549,0.0256995055515249,0.00032086100032801325,0.983987493425462,0.015691645574210187
FW_00149802,other_uncertain,0.2734154835739417,0.0073103272587761855,0.7192741891672821,0.35827872008771516,0.0025151021771665787,0.6392061777351183
FW_00908341,natural_vegetation_fire,0.0016610728617622297,0.9219122465195344,0.07642668061870322,0.00023944163408375405,0.9581904054542921,0.041570152911624206
FW_01471668,natural_vegetation_fire,0.0213240454383273,0.6990360108921281,0.2796399436695447,0.004417635309664299,0.7724194087887386,0.22316295590159718
FW_01552436,other_uncertain,0.06617145572751927,0.044175161898703616,0.8896533823737771,0.07193711897572554,0.030590741095570764,0.8974721399287038
FW_01514809,natural_vegetation_fire,0.002710286919598382,0.9820933001915821,0.015196412888819582,0.0001753936102921052,0.9909429306078572,0.008881675781850605
FW_00431333,industrial_fire_candidate,0.8684004428158177,0.003656139304103043,0.1279434178800793,0.8213565144323411,0.0013800215690094706,0.17726346399864937
FW_00066622,other_uncertain,0.10383446403300446,0.005033808040226892,0.8911317279267688,0.2256708720004668,0.0017619766908497385,0.7725671513086835
FW_00054202,natural_vegetation_fire,0.16587048468438523,0.6464485489640154,0.1876809663515993,0.02380932065243568,0.7645647290103725,0.21162595033719192
FW_00130479,natural_vegetation_fire,0.0023081421020817693,0.9755896870320216,0.022102170865896408,0.00017953177630052595,0.9872598261380356,0.012560642085663853
FW_00707167,natural_vegetation_fire,0.0006041291406559066,0.9915515059371869,0.007844364922157242,3.760886001709692e-05,0.9960703824938771,0.003892008646105818
FW_00919137,natural_vegetation_fire,0.004648874029186352,0.8988973798606849,0.09645374611012876,0.0006393162599269042,0.939793003986678,0.05956767975339525
FW_00679062,natural_vegetation_fire,0.002699997724684229,0.7273701650684504,0.26992983720686536,0.0007680291709041074,0.8275150715999157,0.17171689922918015
FW_01315318,natural_vegetation_fire,0.003320498492221463,0.9795403557295949,0.017139145778183616,0.00021903588404123737,0.9895414798563605,0.010239484259598223
FW_01584236,natural_vegetation_fire,0.001804373493966942,0.9088833991046698,0.08931222740136324,0.00027764538077190687,0.9504703936005426,0.0492519610186855
FW_01617349,other_uncertain,0.03755115904753049,0.02563120084419678,0.9368176401082726,0.06088473186216183,0.016490311801514484,0.9226249563363237
FW_01366969,natural_vegetation_fire,0.0018439815076293255,0.9692863833237247,0.02886963516864586,0.0001667786551001037,0.9839401439954699,0.01589307734943005
FW_00075847,natural_vegetation_fire,0.001902150481681888,0.9294356384303365,0.06866221108798162,0.0002545211185905938,0.9618734118713914,0.03787206701001805
FW_00569849,natural_vegetation_fire,0.0011283331995795565,0.834491299832567,0.1643803669678536,0.0002642402276820832,0.9105729354624429,0.0891628243098751
FW_00442080,natural_vegetation_fire,0.04571162093094012,0.06435837765622758,0.8899300014128324,0.046825809500913175,0.05086233826591814,0.9023118522331687
FW_00702485,natural_vegetation_fire,0.0008971220787367443,0.9431055494239893,0.055997328497274054,0.00012284642172076047,0.9716734490742068,0.02820370450407253
FW_01308804,natural_vegetation_fire,0.006443650593888633,0.955992196953177,0.03756415245293427,0.0005388234859953417,0.9754506624361166,0.02401051407788821
FW_01226056,other_uncertain,0.0032094672699271715,0.015956121289694966,0.9808344114403779,0.013148589531597484,0.012561115427849903,0.9742902950405526
FW_01102083,other_uncertain,0.03586592078801439,0.062152284561901104,0.9019817946500844,0.039971124327868666,0.049964785171809266,0.9100640905003221
FW_01201366,natural_vegetation_fire,0.0020910146757392523,0.8838112062645207,0.11409777905974006,0.0003575545126495745,0.9350093013853734,0.0646331441019772
FW_00647040,natural_vegetation_fire,0.017582243308075486,0.9257171217430409,0.05670063494888364,0.0015321814771302913,0.9573286846865386,0.04113913383633112
FW_00530134,natural_vegetation_fire,0.001375985895730021,0.9179454305308602,0.08067858357340983,0.00021008733654871283,0.9568066983586986,0.04298321430475284
FW_00071894,natural_vegetation_fire,0.0013231425366871,0.9528515139638637,0.04582534349944922,0.00015507338772695662,0.9756945183450437,0.024150408267229282
FW_00943554,natural_vegetation_fire,0.005572276569468246,0.8186829048651012,0.17574481856543045,0.001042767176226948,0.8843979160067484,0.11455931681702455
FW_01056986,natural_vegetation_fire,0.003166678323531518,0.9525182531751741,0.04431506850129431,0.0003182688159980813,0.9737545705717513,0.02592716061225068
FW_00593239,other_uncertain,0.005024114692733629,0.011518000914236146,0.9834578843930303,0.020906458703600077,0.00795233925323274,0.9711412020431672
FW_00849867,other_uncertain,0.0028556553858283674,0.7269763753246811,0.27016796928949055,0.0008049373566516966,0.826308382472331,0.17288668017101724
FW_00845857,other_uncertain,0.0008570619877335579,0.006651391294906931,0.9924915467173596,0.007551994559746239,0.005074370232835377,0.9873736352074184
FW_00269602,natural_vegetation_fire,0.0015604700800534862,0.9045814164875479,0.0938581134323987,0.0002522294935440351,0.948769663357034,0.050978107149422
FW_00590384,natural_vegetation_fire,0.006732413910504664,0.8272796923165205,0.16598789377297488,0.0011799127454492806,0.8887735231258717,0.11004656412867896
FW_01300999,natural_vegetation_fire,0.005128711982081608,0.9630056328968268,0.03186565512109151,0.00041294657337908745,0.979745575029751,0.019841478396869866
FW_00038183,natural_vegetation_fire,0.0013534960341988768,0.9586465114330062,0.03999999253279506,0.00014858145464284597,0.9787040814170828,0.021147337128274293
FW_00379639,other_uncertain,0.3167533574496376,0.007827195018852718,0.6754194475315097,0.3840328833504551,0.0027378036153994346,0.6132293130341454
FW_00187814,natural_vegetation_fire,0.009842965312322972,0.5394614696382313,0.45069556504944575,0.003531223070348404,0.6337357720075447,0.3627330049221067
FW_00065064,natural_vegetation_fire,0.0009958933416705292,0.9887897928348957,0.010214313823433697,6.389386768908682e-05,0.9945936877840545,0.0053424183482562344
FW_00872535,natural_vegetation_fire,0.0034099700672472998,0.9509007660587636,0.04568926387398903,0.0003435033978840199,0.972688916804278,0.026967579797837773
FW_00571202,other_uncertain,0.40494370677376335,0.009945767161855346,0.5851105260643813,0.4197307280980378,0.003843416166239766,0.5764258557357225
FW_01298170,natural_vegetation_fire,0.0009317943306712858,0.9583683744170589,0.040699831252269704,0.00010942674534636605,0.9793099391332806,0.0205806341213731
FW_00900491,other_uncertain,0.006402242514585474,0.5097436912558544,0.4838540662295601,0.0026956510915442738,0.6142105829181158,0.38309376599033984
FW_00822492,natural_vegetation_fire,0.0066354767666083345,0.8075114710964044,0.18585305213698708,0.0012498366367800196,0.8745814254177504,0.12416873794546962
FW_00943393,natural_vegetation_fire,0.006402111376473289,0.6999154875881906,0.2936824010353361,0.0016743901911204174,0.7912450589010109,0.20708055090786864
FW_00177316,natural_vegetation_fire,0.0009545214935208059,0.9809076055242197,0.01813787298225943,7.844480013517106e-05,0.9906175339454973,0.009304021254367648
FW_00732528,natural_vegetation_fire,0.0018153891193419122,0.9599855090371539,0.03819910184350423,0.00018629832503148377,0.9788909132255761,0.020922788449392354
FW_00224015,natural_vegetation_fire,0.0031208920560247145,0.9715938003764928,0.025285307567482398,0.0002453638009255801,0.9848858406855715,0.014868795513502937
FW_00725694,natural_vegetation_fire,0.0023389365221442564,0.9497181689061158,0.04794289457173999,0.00025560583995940054,0.9727044363813163,0.027039957778724297
FW_00609377,other_uncertain,0.005079521384129717,0.9570136135796266,0.03790686503624366,0.0004422232473556612,0.9760352039903243,0.02352257276232003
FW_01582438,natural_vegetation_fire,0.004366257483024251,0.8727879318642829,0.12284581065269282,0.0006898982846095733,0.9232755087610325,0.07603459295435798
FW_00595771,natural_vegetation_fire,0.002286590229781142,0.9607816567691068,0.03693175300111222,0.0002228546369692765,0.9789742793704252,0.020802865992605488
FW_01129321,natural_vegetation_fire,0.0025083880355028475,0.9265279740653617,0.07096363789913548,0.00032629231666710974,0.9592129359101761,0.04046077177315683
FW_00075166,natural_vegetation_fire,0.001983281538119908,0.9832213384577214,0.01479538000415877,0.0001332584424389644,0.9915369083828903,0.008329833174670771
FW_00156298,other_uncertain,0.31631410225999435,0.021303374085094192,0.6623825236549115,0.2849133183570998,0.0108642813129645,0.7042224003299357
FW_01634222,other_uncertain,0.2945155032168758,0.00618067965581463,0.6993038171273096,0.392250909379893,0.001978081115375188,0.6057710095047318
FW_01522225,natural_vegetation_fire,0.00028144601696658143,0.9887463348703455,0.010972219112687781,2.273378261733583e-05,0.9950569361291431,0.0049203300882395195
FW_01645286,natural_vegetation_fire,0.0010316512872512466,0.983297280299594,0.01567106841315481,7.872191968729983e-05,0.9917801950812277,0.008141082999084876
FW_00211331,natural_vegetation_fire,0.018564654235432954,0.6612235043423599,0.32021184142220704,0.0043607055130389085,0.7394004254690235,0.2562388690179375
FW_01532443,natural_vegetation_fire,0.008704655614717026,0.4771669408035992,0.5141284035816838,0.0037140862333839147,0.5713422789694409,0.42494363479717523
FW_01177305,other_uncertain,0.2191298873015454,0.2530577871649792,0.5278123255334755,0.07654317078580311,0.26873440175897095,0.6547224274552259
FW_00540483,natural_vegetation_fire,0.00043529442463220437,0.9585654480880379,0.04099925748733,5.7946265874657316e-05,0.980999403413589,0.018942650320536457
FW_01671958,other_uncertain,0.005273379998394626,0.6583372354769426,0.3363893845246627,0.0015976007246784833,0.7597737827158774,0.23862861655944434
FW_00943967,other_uncertain,0.05320004193790261,0.3592621607925664,0.5875377972695309,0.019883349913226975,0.3941705477172444,0.5859461023695286
FW_00078848,natural_vegetation_fire,0.0022598446599354214,0.9408772868651091,0.056862868474955724,0.00026881181875319874,0.9677812155876807,0.031949972593566175
FW_01711597,other_uncertain,0.01102360970214476,0.305988626053961,0.6829877642438943,0.006779999932631486,0.3637879697154567,0.6294320303519118
FW_01603099,natural_vegetation_fire,0.004363333313881964,0.26897501887100805,0.72666164781511,0.003703047223150337,0.3408475761818326,0.655449376595017
FW_00599012,natural_vegetation_fire,0.008844321127438045,0.5836823673928614,0.4074733114797004,0.0029172647416697266,0.6802718443819555,0.3168108908763749
FW_00507928,other_uncertain,0.05229022390773298,0.01836389171834126,0.9293458843739256,0.0880453080573185,0.010391763899304511,0.901562928043377
FW_00669703,other_uncertain,0.0031952415774790643,0.8809140487466998,0.11589070967582127,0.0005142985334247389,0.9304994225730456,0.06898627889352972
FW_00934827,industrial_fire_candidate,0.21971952018855634,0.025066542214087224,0.7552139375973563,0.20899287550571155,0.01346537310431424,0.7775417513899743
FW_01326057,natural_vegetation_fire,0.0023191426786688413,0.9313118991370567,0.06636895818427459,0.00029572001106176546,0.9622475100070026,0.03745676998193552
FW_00364770,natural_vegetation_fire,0.021418576449650634,0.9015059683910782,0.07707545515927121,0.0021017903011204537,0.9404184183241489,0.05747979137473073
FW_01067616,other_uncertain,0.022443359857925022,0.43251147985244787,0.545045160289627,0.008643725182943486,0.4971691789124056,0.4941870959046509
FW_00039725,industrial_fire_candidate,0.9060057355441936,0.001713075091655426,0.092281189364151,0.8890992027593813,0.0004651569716256927,0.11043564026899312
FW_01685088,natural_vegetation_fire,0.0016330095166690573,0.926228768250156,0.0721382222331749,0.00022940399445062692,0.9606565401367595,0.03911405586878991
FW_01386802,natural_vegetation_fire,0.00304007717076314,0.5769493154832781,0.42001060734595874,0.0012610909290923702,0.6995061153655086,0.29923279370539907
FW_01159901,other_uncertain,0.00240448531356995,0.03720556475519981,0.9603899499312303,0.007267322921996313,0.036571527033244004,0.9561611500447597
FW_00636831,other_uncertain,0.01091678039776783,0.10554417214354318,0.883539047458689,0.013077608662115972,0.10829184683710222,0.8786305445007818
FW_01311025,natural_vegetation_fire,0.006719390396900091,0.863868419118211,0.12941219048488883,0.001020116824865038,0.9145218691412638,0.08445801403387132
FW_01522293,natural_vegetation_fire,0.0018451898365707477,0.9052882872368176,0.09286652292661143,0.0002886482145992919,0.9483007408753206,0.05141061091008003
FW_00555453,industrial_fire_candidate,0.3470978551974432,0.24195175586857642,0.4109503889339804,0.11525036461379719,0.2821159048103915,0.6026337305758113
FW_01065319,other_uncertain,0.033779865533776675,0.07022738913574683,0.8959927453304765,0.03619679268396437,0.05847997516758598,0.9053232321484497
FW_00797934,natural_vegetation_fire,0.007708980677331206,0.8590649226274845,0.1332260966951842,0.0011640113763463176,0.910335488666705,0.0885004999569487
FW_00539051,other_uncertain,0.027266453748023313,0.2924126719256399,0.6803208743263367,0.013981537567771459,0.32528141382393366,0.6607370486082949
FW_01454274,natural_vegetation_fire,0.0038656066224947673,0.8874405930708196,0.10869380030668563,0.0005828911206685421,0.9334537372818261,0.06596337159750534
FW_01606681,natural_vegetation_fire,0.002688723275271021,0.6796596673995329,0.31765160932519604,0.000874308070655404,0.7906867836719845,0.20843890825735994
FW_01600050,industrial_fire_candidate,0.3524215775445417,0.08052370507360963,0.5670547173818488,0.1948390830960814,0.06616359552637331,0.7389973213775454
FW_01008407,natural_vegetation_fire,0.0011841971222391308,0.9488131952046425,0.050002607673118246,0.00014707548328138077,0.9738442139148793,0.02600871060183947
FW_01723520,other_uncertain,0.034102495636967364,0.8758758786462241,0.09002162571680863,0.003413413819278986,0.9246735877212415,0.07191299845947946
FW_01610448,other_uncertain,0.20911123330440604,0.07158566496167697,0.719303101733917,0.135399626031943,0.053264823977722496,0.8113355499903345
FW_00867623,natural_vegetation_fire,0.0007076986288045104,0.9896876704215948,0.009604630949600769,4.6717805718558726e-05,0.9951242200206201,0.004829062173661359
FW_00790190,natural_vegetation_fire,0.02349754705612405,0.7557857775931576,0.2207166753507183,0.0040717914417689035,0.8220556434360459,0.17387256512218507
FW_01325674,natural_vegetation_fire,0.02569097320610105,0.7953054547026699,0.17900357209122905,0.003856952091798074,0.8556923598196777,0.14045068808852412
FW_01632004,other_uncertain,0.05529345261911564,0.6483327133560134,0.29637383402487094,0.010637854252874846,0.719214635543139,0.2701475102039861
FW_01145521,natural_vegetation_fire,0.002231055682208173,0.1893803925924805,0.8083885517253113,0.0028736675469262555,0.24828074226131377,0.7488455901917599
FW_01209901,natural_vegetation_fire,0.0026546659482251595,0.8907366411467538,0.10660869290502098,0.00042094477750832213,0.937695713075055,0.06188334214743669
FW_00393537,natural_vegetation_fire,0.0016765292735049563,0.8216633967017555,0.17666007402473957,0.00038440813256091866,0.8987847820386484,0.10083080982879047
FW_00977978,natural_vegetation_fire,0.0028594278534367482,0.8738937183261344,0.12324685382042888,0.0004847520085682643,0.9268558812353243,0.07265936675610755
FW_00030831,other_uncertain,0.06720755375737356,0.02727660131897511,0.9055158449236513,0.08901199914308722,0.016616144240311357,0.8943718566166015
FW_00260766,natural_vegetation_fire,0.0020268785878577566,0.986891981703509,0.01108113970863315,0.0001202855529134431,0.9935767793293667,0.006302935117719988
FW_01137499,natural_vegetation_fire,0.002445764472386745,0.21631359394846914,0.7812406415791441,0.002808451837984732,0.2841779506773296,0.7130135974846857
FW_01510498,natural_vegetation_fire,0.00906424686224952,0.7570553661249104,0.23388038701283995,0.0018890209433940674,0.8324078625009238,0.16570311655568212
FW_00302035,natural_vegetation_fire,0.0004500309186237825,0.9857749230308975,0.013775046050478664,3.710446500465834e-05,0.9934655565058208,0.006497339029174562
FW_01077900,other_uncertain,0.0029582190732456676,0.016230198998464816,0.9808115819282895,0.012310133542785626,0.012957169612455216,0.9747326968447593
FW_00369398,natural_vegetation_fire,0.011518502633201576,0.8920279355162858,0.09645356185051268,0.00137751581810197,0.9321145697998258,0.06650791438207229
FW_01716530,other_uncertain,0.028270399300791393,0.4778243863467867,0.49390521435242185,0.009339403795084461,0.5434353784270666,0.447225217777849
FW_01057272,other_uncertain,0.03003642491043124,0.23470850292025883,0.73525507216931,0.017497775770134765,0.2521893817358518,0.7303128424940135
FW_01607794,other_uncertain,0.10578101118367406,0.06415212782262157,0.8300668609937043,0.08579656239704926,0.04707699703225751,0.8671264405706932
FW_01646124,natural_vegetation_fire,0.006709352581617029,0.18388412404526247,0.8094065233731206,0.006668699933815233,0.21721021922611036,0.7761210808400745
FW_00765046,other_uncertain,0.008762793610156576,0.6416937145801039,0.34954349180973954,0.0025101699061568566,0.7348396401135466,0.2626501899802966
FW_00585017,other_uncertain,0.0013652789354374048,0.008217927933752193,0.9904167931308105,0.009592633344796408,0.006202474252338443,0.984204892402865
FW_00891899,industrial_fire_candidate,0.7163429808884934,0.0027179587546667444,0.28093906035683974,0.7469550423916538,0.0006557019570333103,0.2523892556513129
FW_00363076,natural_vegetation_fire,0.0018149250761085988,0.989224669450041,0.008960405473850547,0.0001003498441691436,0.9948408068471175,0.005058843308713494
FW_00422451,natural_vegetation_fire,0.0021486627197543967,0.7833858413548446,0.21446549592540107,0.0005372325010470022,0.8708280234150793,0.12863474408387374
FW_00020637,other_uncertain,0.012063228943611566,0.026061178129295145,0.9618755929270933,0.027141576212558177,0.01943190873756329,0.9534265150498784
FW_01644275,other_uncertain,0.0018661176593153537,0.035452834871996824,0.9626810474686879,0.006190874690160834,0.035544665071695555,0.9582644602381436
FW_00181829,other_uncertain,0.030247331061160516,0.1640558008584426,0.8056968680803969,0.021803226120398273,0.16580714885649572,0.8123896250231061
FW_01383309,natural_vegetation_fire,0.002122031898734212,0.9323418645147746,0.06553610358649124,0.00027278913037302353,0.9631327628224347,0.03659444804719225
FW_00769364,natural_vegetation_fire,0.02967795148116924,0.9241154331269817,0.04620661539184902,0.002207319561272689,0.9615967731874471,0.03619590725128026
FW_01030463,other_uncertain,0.015080460833975788,0.5372346533397628,0.4476848858262614,0.004976609138638559,0.6212555072551135,0.3737678836062481
FW_00459603,other_uncertain,0.05245910216954924,0.004773744842619852,0.9427671529878308,0.15021127234138118,0.0018636438546474979,0.8479250838039712
FW_01303338,natural_vegetation_fire,0.004327018013443245,0.9788339296897455,0.01683905229681138,0.00027199030124205073,0.9893291697416307,0.010398839957127282
FW_01700019,other_uncertain,0.0025147410639809143,0.012643500863968492,0.9848417580720505,0.012254014819458734,0.009737981154351323,0.9780080040261899
FW_00483512,natural_vegetation_fire,0.0017835942251062463,0.8409375358409731,0.15727886993392054,0.00037650629881103665,0.9102238137249858,0.08939967997620307
FW_00705753,other_uncertain,0.013634786966078118,0.4146361798256745,0.5717290332082473,0.006115726543512552,0.48907255401033073,0.5048117194461568
FW_01711608,other_uncertain,0.010906491592564398,0.09969444744464935,0.8893990609627863,0.013458502954223624,0.10115835615571103,0.8853831408900654
FW_01500066,natural_vegetation_fire,0.0013310703195884574,0.96533137849822,0.033337551182191366,0.00013505186104517891,0.9822485710165441,0.017616377122410976
FW_00947657,other_uncertain,0.05070218559669387,0.0207521651615256,0.9285456492417806,0.08196524994627488,0.012175211826396564,0.9058595382273286
FW_01701515,natural_vegetation_fire,0.013846736289336761,0.5127402028633281,0.47341306084733503,0.004924936092111799,0.597539680412435,0.39753538349545325
FW_00462523,other_uncertain,0.0029366895035574923,0.6665618299860754,0.330501480510367,0.0009729576670418841,0.7783807516932045,0.22064629063975355
FW_01382051,natural_vegetation_fire,0.000932389442779197,0.9911864837015534,0.007881126855667515,5.429624624281167e-05,0.995825914988611,0.004119788765146164
FW_00600756,natural_vegetation_fire,0.0692334674485733,0.6416745589928717,0.289091973558555,0.012860117637672818,0.7145304732537159,0.27260940910861126
FW_00486591,other_uncertain,0.00667398060075715,0.8283806974606095,0.16494532193863318,0.0011668719510928534,0.889639032211837,0.10919409583707002
FW_01699675,other_uncertain,0.006218037110679656,0.04949400144401536,0.9442879614453049,0.012610818468473384,0.04622849949615317,0.9411606820353734
FW_01464914,natural_vegetation_fire,0.0009967207378567466,0.9832096780368347,0.015793601225308623,7.672407675608665e-05,0.991753992231192,0.008169283692051962
FW_00640282,natural_vegetation_fire,0.017723594795805857,0.658484228266466,0.3237921769377281,0.004231392060326432,0.7375466646100398,0.2582219433296337
FW_01487826,natural_vegetation_fire,0.004916125622623664,0.8205956424412799,0.17448823193609647,0.0009348760822581006,0.8869879172798001,0.11207720663794185
FW_01130880,natural_vegetation_fire,0.003629292243325537,0.4169785351659319,0.5793921725907425,0.0021652137343607684,0.5291739980716635,0.46866078819397583
FW_00065726,natural_vegetation_fire,0.0005847419322427778,0.9916093069353265,0.007805951132430745,3.651659825185581e-05,0.9961051647789262,0.0038583186228219684
FW_00059864,natural_vegetation_fire,0.0024008242691092225,0.9426633989720327,0.054935776758857996,0.0002783077429871343,0.9686361012419895,0.031085591015023405
FW_00504311,natural_vegetation_fire,0.0013556637220834909,0.9346203069458345,0.06402402933208182,0.0001851688184376763,0.9659146543138097,0.033900176867752534
FW_01616313,other_uncertain,0.0088141174188568,0.04951129075687981,0.9416745918242634,0.016209189815737043,0.044384660310239535,0.9394061498740235
FW_00034049,other_uncertain,0.006014338866627609,0.5150143226571678,0.4789713384762046,0.0025329211963900735,0.6213285147428542,0.37613856406075574
FW_00792794,natural_vegetation_fire,0.0010009046328377652,0.9928418595741503,0.006157235793011942,5.207236670481543e-05,0.9966774319240951,0.003270495709200017
FW_01116693,other_uncertain,0.0023030805308029683,0.03872506047042855,0.9589718589987685,0.006914043507376388,0.03858821672196547,0.9544977397706582
FW_00406501,natural_vegetation_fire,0.0027645738146968983,0.9557795022736152,0.041455923911687995,0.0002754100405717126,0.9758552221968706,0.023869367762557634
FW_01575195,other_uncertain,0.0012546357879588581,0.04448998620964972,0.9542553780023914,0.004172445361545296,0.04900265502196923,0.9468248996164854
FW_01270215,other_uncertain,0.40085566120951144,0.006343389119397382,0.5928009496710911,0.4663072634967178,0.0020253067478654685,0.5316674297554167
FW_01182813,other_uncertain,0.0031677831761719494,0.035475508043247325,0.9613567087805807,0.00906330388630661,0.03339927237780063,0.9575374237358927
FW_00013096,other_uncertain,0.014073747668166431,0.051675495942495576,0.9342507563893381,0.02224071820993369,0.044262854030642236,0.9334964277594241
FW_00149787,other_uncertain,0.1218303878693287,0.008479925890764585,0.8696896862399068,0.2077046380481567,0.003413039135836693,0.7888823228160067
FW_00156384,natural_vegetation_fire,0.0015302950410196858,0.9836048414156081,0.014864863543372148,0.00010730917989001181,0.9917837128778699,0.008108977942239961
FW_01467188,natural_vegetation_fire,0.0016878634996320093,0.9930679337074948,0.005244202792873073,7.573760016072228e-05,0.9969414930453063,0.0029827693545329435
FW_00329467,natural_vegetation_fire,0.009709108903251334,0.9000303799427839,0.09026051115396473,0.0011516979220024457,0.9380136679329187,0.06083463414507885
FW_01181859,other_uncertain,0.01887995174658054,0.027682904029358607,0.9534371442240608,0.03630356010302962,0.019789671086734854,0.9439067688102356
FW_01348021,natural_vegetation_fire,0.036485858980894174,0.849426479255125,0.11408766176398066,0.004087568388299295,0.9034859404968886,0.09242649111481226
FW_01498720,natural_vegetation_fire,0.05428792551042525,0.8206659462078891,0.12504612828168565,0.006150168711776529,0.8855758607370725,0.10827397055115108
FW_01000630,other_uncertain,0.023170663889462217,0.30885147030817217,0.6679778658023656,0.01185734680839165,0.34907249518278227,0.6390701580088262
FW_00554487,other_uncertain,0.15681130331588272,0.07298279892593926,0.770205897758178,0.10831598866709397,0.05453184237891878,0.8371521689539873
FW_01413655,other_uncertain,0.0043339635104103795,0.012875916200817414,0.9827901202887722,0.017919393579467237,0.009295030160611804,0.9727855762599209
FW_01532349,industrial_fire_candidate,0.4905486982165979,0.005596773810128349,0.5038545279732738,0.5393837417228239,0.0017133460844209589,0.45890291219275514
FW_00894697,natural_vegetation_fire,0.0005012289144192469,0.9935674018948976,0.00593136919068325,2.864874170090458e-05,0.9970697826461392,0.002901568612159936
FW_00763603,natural_vegetation_fire,0.009456178686703443,0.8047866562823591,0.1857571650309373,0.0016821191411983344,0.8690936444447906,0.12922423641401098
FW_00098914,natural_vegetation_fire,0.004521713266991365,0.9769635671663088,0.018514719566699582,0.00029386248629954175,0.9882358950130926,0.011470242500607948
FW_00034071,natural_vegetation_fire,0.006983260230311205,0.6730930079908285,0.31992373177886024,0.0019290209208311531,0.7670096861022984,0.2310612929768705
FW_01040967,other_uncertain,0.006362440121502606,0.4983741678395368,0.49526339203896047,0.002756879279325957,0.602489849343395,0.39475327137727895
FW_01390882,natural_vegetation_fire,0.07508313129929275,0.5522220077396474,0.37269486096105997,0.01693563276910989,0.6178207108840462,0.3652436563468439
FW_00634450,other_uncertain,0.6171578150783501,0.038990408348073664,0.34385177657357624,0.40635241048108184,0.03148835813172296,0.5621592313871953
FW_00393816,other_uncertain,0.008091461618538331,0.14900448194782334,0.8429040564336383,0.008696434656109378,0.1676910848790839,0.8236124804648067
FW_01601951,natural_vegetation_fire,0.023731741754418306,0.7812215172758885,0.19504674096969332,0.003794800547586707,0.8438772658351905,0.15232793361722272
FW_01047104,other_uncertain,0.15609014103868268,0.018153275483088205,0.8257565834782291,0.18579650306808748,0.008993604141722324,0.8052098927901902
FW_00367730,natural_vegetation_fire,0.0030316426007517094,0.7000831496528537,0.29688520774639465,0.0009116799263107108,0.8046316532347145,0.19445666683897478
FW_01115424,other_uncertain,0.005241572845101815,0.07022188237408553,0.9245365447808126,0.009420452057690666,0.07201023953043892,0.9185693084118706
FW_01666949,other_uncertain,0.0028119887719646364,0.7035207174255971,0.2936672938024382,0.0008493424132412733,0.8086492071858766,0.19050145040088212
FW_00171741,natural_vegetation_fire,0.00240838690666123,0.9826546586751753,0.01493695441816338,0.00015760794946755003,0.9912336907805318,0.008608701270000595
FW_01125521,natural_vegetation_fire,0.000931707499803489,0.9276493823728459,0.07141891012735078,0.00014259628989656394,0.9636032129881534,0.036254190721949825
FW_00054101,other_uncertain,0.026597552923843484,0.2720463887338715,0.701356058342285,0.014451429585839413,0.30069640686631505,0.6848521635478456
FW_01230651,natural_vegetation_fire,0.005501377888146281,0.7634335829802825,0.23106503913157103,0.0012349839579884278,0.8439760802499225,0.15478893579208908
FW_01250756,other_uncertain,0.07574729098711777,0.22655848872764575,0.6976942202852364,0.03589998003022015,0.22888033571926397,0.7352196842505159
FW_00894824,natural_vegetation_fire,0.0008008457844341719,0.9918470867935157,0.007352067422049928,4.642199046765696e-05,0.9961725330387005,0.003781044970831939
FW_00433176,natural_vegetation_fire,0.0024472198444566474,0.9503948920064732,0.047157888149070244,0.00026352584965054433,0.9729940041866422,0.02674246996370733
FW_01077872,other_uncertain,0.08557552616715225,0.023622087187313155,0.8908023866455346,0.11154438867999025,0.01346135188935133,0.8749942594306584
FW_01636428,natural_vegetation_fire,0.0015703980215590703,0.8445134899540844,0.15391611202435654,0.00033420731617183214,0.9135704783226719,0.0860953143611562
FW_01566544,natural_vegetation_fire,0.0031199788217229764,0.6742234759462724,0.32265654523200454,0.0010012657474588896,0.7834459819727045,0.21555275227983653
FW_00015177,natural_vegetation_fire,0.00243854469877873,0.9732946207877495,0.024266834513471707,0.00019574992803909,0.9859460228210986,0.013858227250862193
FW_00469437,other_uncertain,0.0007452018059454302,0.028824601791126392,0.970430196402928,0.0035146892774271803,0.030835648397439075,0.9656496623251338
FW_00687359,other_uncertain,0.010669739214958734,0.00986428527454549,0.9794659755104957,0.03804219630336094,0.005942683836758296,0.9560151198598809
FW_01540275,natural_vegetation_fire,0.0018545440530001668,0.8016159061671746,0.19652954977982526,0.00044809361319009673,0.8847902592831021,0.11476164710370788
FW_00941967,natural_vegetation_fire,0.0012715216657369164,0.9846008649021204,0.014127613432142597,8.986519563117689e-05,0.9923645061131814,0.0075456286911873855
FW_00757796,natural_vegetation_fire,0.01702834090149357,0.34877103026766376,0.6342006288308427,0.008496388212229285,0.4052116774087722,0.5862919343789985
FW_00018178,other_uncertain,0.5001539767485742,0.007408349074499336,0.49243767417692647,0.5144833246314473,0.002588865973026652,0.482927809395526
FW_00065961,natural_vegetation_fire,0.009714271509948878,0.7323657705047948,0.2579199579852562,0.0021457602098224103,0.8114571786956678,0.18639706109450963
FW_00020330,natural_vegetation_fire,0.08061183047709138,0.11457113991133198,0.8048170296115768,0.05409647662387903,0.09924375526319497,0.846659768112926
FW_01398226,natural_vegetation_fire,0.04808748656311944,0.28202984496887773,0.6698826684680028,0.022073098073360328,0.30192288469177614,0.6760040172348636
FW_00334052,natural_vegetation_fire,0.004830418689424678,0.7871640652795143,0.208005516031061,0.0010314039095709181,0.8632919206689565,0.13567667542147252
FW_00984780,natural_vegetation_fire,0.0018385381907777023,0.936084911980549,0.06207654982867326,0.00023562055654287062,0.9657049694889432,0.034059409954513835
FW_00645605,natural_vegetation_fire,0.004025555976670928,0.8589299710057459,0.13704447301758307,0.0006852130730196872,0.9147737415460663,0.08454104538091418
FW_00758371,natural_vegetation_fire,0.000718383574039785,0.9849148880113137,0.014366728414646491,5.5968388694843636e-05,0.9927836055906044,0.0071604260207008335
FW_00086431,natural_vegetation_fire,0.00185703307612328,0.9827292359338544,0.015413730990022481,0.00012825889219878208,0.9912714918353784,0.008600249272422667
FW_01562144,natural_vegetation_fire,0.004182780207999187,0.8938140666586583,0.1020031531333427,0.0006022357922162403,0.9370697875001024,0.06232797670768141
FW_00569647,other_uncertain,0.08027504967743149,0.027308845405273414,0.8924161049172951,0.10065882959230485,0.016309716218987046,0.8830314541887081
FW_01323325,other_uncertain,0.00471735821290271,0.10881367519690248,0.8864689665901947,0.006966349436595038,0.12274939409797261,0.8702842564654324
FW_01554699,natural_vegetation_fire,0.0016818035511502996,0.748532916913698,0.24978527953515162,0.0004896486849393551,0.8501815009488581,0.14932885036620247
FW_00755305,natural_vegetation_fire,0.003000119492609331,0.9769291185935692,0.02007076191382131,0.00021495838229266542,0.9879849296679132,0.011800111949794254
FW_01602231,natural_vegetation_fire,0.010025796015266063,0.6439212338170353,0.34605297016769865,0.002781243866771589,0.7341999194899395,0.263018836643289
FW_00479994,other_uncertain,0.050745548830209576,0.6536185358855829,0.29563591528420746,0.009822300979989271,0.7242312581982104,0.2659464408218003
FW_00057990,natural_vegetation_fire,0.003405857930844213,0.9365789498117475,0.06001519225740828,0.0003894171548263374,0.9641860343841928,0.03542454846098066
FW_00089549,other_uncertain,0.10975929535700202,0.03957483994574169,0.8506658646972564,0.10777722758411816,0.02538809595192249,0.8668346764639593
FW_00732477,natural_vegetation_fire,0.001462828435739261,0.9615937748621819,0.036943396702078676,0.00015304712232590257,0.9801227559377405,0.019724196939933644
FW_01527716,other_uncertain,0.004069421504561964,0.19747150095437496,0.798459077541063,0.00438361436243491,0.24617787113286063,0.7494385145047046
FW_01500363,natural_vegetation_fire,0.0015729236384047238,0.9803171019230807,0.018109974438514472,0.00011937048620979934,0.9900143502547206,0.009866279259069664
FW_01199306,natural_vegetation_fire,0.0005022969737391149,0.9857574530513336,0.013740249974927317,4.065321937594263e-05,0.9933920235804902,0.0065673232001339605
FW_01415659,natural_vegetation_fire,0.0009915343085279025,0.9573316960497202,0.041676769641751855,0.00011653759041769917,0.978654637112762,0.021228825296820415
FW_01632954,other_uncertain,0.14969403372967652,0.04687963106252627,0.8034263352077972,0.12558043968177685,0.030919643784884474,0.8434999165333387
FW_00764044,other_uncertain,0.8920756922698603,0.021027514328273912,0.08689679340186594,0.7106194771851918,0.025146890689289592,0.2642336321255185
FW_01600068,industrial_fire_candidate,0.3722923577234283,0.021958343816725862,0.6057492984598458,0.3169705917497333,0.011490818114778565,0.6715385901354882
FW_00621000,natural_vegetation_fire,0.004762637094317828,0.7461968945451262,0.24904046836055593,0.0011558349758563223,0.8328985133402871,0.16594565168385667
FW_00794048,natural_vegetation_fire,0.0016076428958467822,0.912479981330727,0.08591237577342617,0.00024708997243896874,0.9530629622510296,0.046689947776531376
FW_01611055,industrial_fire_candidate,0.23636934220866562,0.034387758552561355,0.729242899238773,0.196486193584322,0.020445145537336472,0.7830686608783415
FW_00301394,natural_vegetation_fire,0.0027458878757482333,0.884792087481105,0.11246202464314686,0.0004456464485254833,0.9338633519461286,0.06569100160534601
FW_00060436,natural_vegetation_fire,0.01032729790773802,0.9135111384007831,0.07616156369147883,0.0011159911930384236,0.9472907035511382,0.051593305255823486
FW_00734343,natural_vegetation_fire,0.0011327358025452457,0.9756125785162528,0.023254685681202047,0.00010075671224925514,0.9877827983368487,0.012116444950902127
FW_01430062,natural_vegetation_fire,0.0034456713206807736,0.9750628802558455,0.021491448423473756,0.0002487817521477708,0.9869184578076774,0.012832760440174775
FW_00462443,natural_vegetation_fire,0.058059043719555434,0.7791327052881059,0.16280825099233875,0.007563327076789851,0.8486744438747104,0.1437622290484999
FW_01632932,other_uncertain,0.33170986148044423,0.03329249267201716,0.6349976458475387,0.2547662016383122,0.01997327377186291,0.7252605245898249
FW_01601824,natural_vegetation_fire,0.0006479829899509114,0.9883798404539671,0.010972176556082099,4.584441548334179e-05,0.9945155908138396,0.0054385647706770394
FW_01566780,natural_vegetation_fire,0.04915546907166822,0.5092277287624762,0.44161680216585547,0.013412900840724285,0.570101827567742,0.4164852715915338
FW_00282619,natural_vegetation_fire,0.03576069126816309,0.48363295331026235,0.48060635542157454,0.011076075045833517,0.5456212856756302,0.4433026392785363
FW_01623090,natural_vegetation_fire,0.003101994871504692,0.8636783286215488,0.1332196765069465,0.0005421075400737846,0.9198284502065741,0.07962944225335211
FW_01650147,natural_vegetation_fire,0.004700736220552567,0.7811338673737221,0.2141653964057252,0.0010282829428029867,0.8592261713368106,0.13974554572038642
FW_01657603,other_uncertain,0.21176931140517383,0.1832753525013952,0.604955336093431,0.08933366589489268,0.17849540957620955,0.7321709245288978
FW_00797939,natural_vegetation_fire,0.003030196720544288,0.9312995816651022,0.06567022161435362,0.0003684011046810489,0.9613782628221911,0.03825333607312801
FW_00642743,other_uncertain,0.0035778544369328403,0.025283815172284212,0.9711383303907829,0.011552885298814479,0.021772068951813762,0.9666750457493717
FW_00500118,natural_vegetation_fire,0.0027441292797597146,0.7862709683405925,0.21098490237964787,0.000650759692492879,0.8697024721500635,0.1296467681574437
FW_01121605,natural_vegetation_fire,0.0016202463828552712,0.9074345539759677,0.09094519964117691,0.00025607936201873415,0.9501859818075876,0.04955793883039363
FW_01599075,natural_vegetation_fire,0.002526992747334074,0.9414309628814693,0.056042044371196614,0.00029328785330898986,0.967798281862858,0.031908430283833
FW_01107774,industrial_fire_candidate,0.290913849875685,0.017139505250476705,0.6919466448738383,0.2882057413720162,0.008064712495586445,0.7037295461323974
FW_00418080,other_uncertain,0.0011306365107999572,0.009521781136612199,0.9893475823525878,0.007848340109184207,0.00760334134301672,0.9845483185477991
FW_00233687,natural_vegetation_fire,0.0040714687979043485,0.9436485660172019,0.05227996518489369,0.0004243759915590239,0.9680580993090909,0.03151752469934993
FW_01168382,other_uncertain,0.12346311382338272,0.22590434012813468,0.6506325460484825,0.05220212196317645,0.2258940746434648,0.7219038033933588
FW_00086488,natural_vegetation_fire,0.0005436329570427414,0.991774167991217,0.007682199051740193,3.4118372525265255e-05,0.9962001545462236,0.00376572708125122
FW_00741540,natural_vegetation_fire,0.0014663239100692147,0.9819862190839104,0.016547457006020436,0.00010830223902808498,0.9909343895771482,0.008957308183823856
FW_00667470,natural_vegetation_fire,0.004676448987432127,0.7342942580829204,0.2610292929296476,0.0011787752280355518,0.8240086402256196,0.17481258454634477
FW_01380604,other_uncertain,0.00694117224259252,0.2518284873126579,0.7412303404447496,0.0055325072981840485,0.3063636489702638,0.6881038437315521
FW_00258040,natural_vegetation_fire,0.0021747129410779,0.9924737922902233,0.0053514947686990845,9.4575726674248e-05,0.9967679637747211,0.00313746049860479
FW_00666643,natural_vegetation_fire,0.003911826378662522,0.7527227646052608,0.24336540901607676,0.0009654889812506819,0.8407325027258664,0.15830200829288302
FW_01536120,other_uncertain,0.015149429735054579,0.02799455428207744,0.956856015982868,0.030909040673046524,0.02062767062970238,0.948463288697251
FW_01662881,natural_vegetation_fire,0.0009991021384707904,0.9675241917332197,0.03147670612830955,0.00010344551946374601,0.9838138308440018,0.016082723636534464
FW_00895648,natural_vegetation_fire,0.0007118715979118025,0.9503133604799956,0.04897476792209254,9.501789922014197e-05,0.9759201822236371,0.023984799877142676
FW_01092093,other_uncertain,0.0026888247208444334,0.01568037455055209,0.9816308007286034,0.011676245786005431,0.01257033968022338,0.9757534145337712
FW_00815587,other_uncertain,0.004226717744342147,0.9340581937305937,0.061715088525064195,0.00047336569770952926,0.9621341984148769,0.03739243588741362
FW_00188528,natural_vegetation_fire,0.0008819643136908338,0.9842417620667714,0.01487627361953766,6.749547764572271e-05,0.992339354521837,0.007593150000517366
FW_00700932,other_uncertain,0.13979335207611704,0.0272911181290112,0.8329155297948717,0.14791824436879897,0.015439298609084506,0.8366424570221166
FW_01633186,natural_vegetation_fire,0.0045803414711639906,0.6535130230925493,0.3419066354362866,0.001443570302260037,0.7584838130537088,0.2400726166440312
FW_00746085,other_uncertain,0.003398483112053899,0.039930325515053045,0.956671191372893,0.00902342771458788,0.0382453180629959,0.9527312542224163
FW_00018501,natural_vegetation_fire,0.005476860824459897,0.8056004416301585,0.1889226975453816,0.001075617403603918,0.8752082394867123,0.12371614310968371
FW_01657200,natural_vegetation_fire,0.0013764599757086185,0.9677622375676017,0.030861302456689676,0.00013426285396829878,0.9834775153127034,0.016388221833328147
FW_01121070,other_uncertain,0.10851440307867471,0.023009569685837547,0.8684760272354877,0.13269219837785132,0.012681966204882487,0.8546258354172663
FW_00817128,natural_vegetation_fire,0.0005658160569520405,0.982473239661307,0.016960944281740997,4.91096132050896e-05,0.9917678352536115,0.008183055133183471
FW_01488025,natural_vegetation_fire,0.0008839857048536974,0.9718202218115082,0.02729579248363807,8.767297990958812e-05,0.9861426866412561,0.01376964037883418
FW_00918792,natural_vegetation_fire,0.007056070322678258,0.959065388911769,0.03387854076555268,0.0005560568487630214,0.9775119149450009,0.021932028206236156
FW_00654128,natural_vegetation_fire,0.003209685105107794,0.9457554101325754,0.05103490476231699,0.0003434107369692341,0.969760295029557,0.029896294233473786
FW_00899503,natural_vegetation_fire,0.0014260424308935968,0.9684862208271341,0.03008773674197221,0.00013678633644948553,0.9838125806592785,0.01605063300427202
FW_01217751,natural_vegetation_fire,0.001192396773092765,0.9676664834161838,0.031141119810723348,0.00011946588749179537,0.9836273029759699,0.016253231136538298
FW_00691832,other_uncertain,0.018646769553418863,0.03567960811940643,0.9456736223271748,0.03216575661890209,0.027128928242153186,0.9407053151389448
FW_00107386,industrial_fire_candidate,0.854614257698278,0.04870100527037814,0.09668473703134385,0.5764516960467491,0.08206682076978865,0.34148148318346233
FW_01301288,natural_vegetation_fire,0.004077598562788924,0.904699014053609,0.09122338738360211,0.0005563882274731214,0.9440624363508231,0.05538117542170365
FW_00186708,natural_vegetation_fire,0.002162692523910148,0.9858713883534058,0.01196591912268385,0.0001311777372292411,0.9930229591659275,0.006845863096843344
FW_00674770,natural_vegetation_fire,0.0013317000963362746,0.9753748616178537,0.0232934382858099,0.00011553816336184778,0.9875099152116837,0.012374546624954264
FW_00771717,natural_vegetation_fire,0.008572606955210237,0.9711059389726987,0.020321454072090937,0.000526489985068992,0.9858551658696723,0.013618344145258796
FW_00074003,other_uncertain,0.008390074728473045,0.49755663896901986,0.49405328630250706,0.0034372345532604565,0.5942133413600635,0.40234942408667596
FW_00130112,natural_vegetation_fire,0.001331272842009269,0.9852066099793091,0.013462117178681716,9.153830375297627e-05,0.9926694661868515,0.0072389955093957615
FW_00812285,natural_vegetation_fire,0.005440597660247403,0.806676721124179,0.18788268121557353,0.0010659057537518645,0.8760547489131506,0.12287934533309747
FW_01278963,natural_vegetation_fire,0.001202729367074,0.9904129547537063,0.008384315879219664,6.902161053131897e-05,0.9954192822898776,0.004511696099591045
FW_00063994,natural_vegetation_fire,0.0015607305644964827,0.9447879326652263,0.05365133677027721,0.00019164763006412173,0.9709670529789599,0.028841299390976093
FW_01038614,natural_vegetation_fire,0.0026174052970114143,0.9026033703462557,0.0947792243567331,0.0003910454073563982,0.9449237197537896,0.05468523483885393
FW_01633184,other_uncertain,0.0409021958517862,0.019267452199316477,0.9398303519488973,0.07286849024903717,0.011402961469566979,0.9157285482813958
FW_00973806,natural_vegetation_fire,0.002751178960751277,0.8651793829874724,0.1320694380517763,0.0004879234042345828,0.9216850304507678,0.07782704614499777
FW_00431703,natural_vegetation_fire,0.00265355765818979,0.9661908173102224,0.031155625031587742,0.00023432548658377166,0.9818628782541073,0.017902796259308726
FW_00720382,natural_vegetation_fire,0.0013164981780028225,0.9168888451517798,0.0817946566702173,0.00020385637865566843,0.956426388568336,0.04336975505300825
FW_01230104,industrial_fire_candidate,0.725824869336981,0.003693577345003649,0.2704815533180155,0.7261221783560855,0.0010669535588311906,0.2728108680850833
FW_00474621,natural_vegetation_fire,0.0031837496153179316,0.4163167634603859,0.5804994869242962,0.001957350599616098,0.5322572367263282,0.4657854126740559
FW_01341899,other_uncertain,0.0013908472751420018,0.012821036414969749,0.9857881163098883,0.007969492367566914,0.010662452225765432,0.9813680554066677
FW_01122467,other_uncertain,0.6269406899971522,0.2878730304389056,0.08518627956394206,0.1593609340767545,0.5977234661936008,0.24291559972964472
FW_00830597,natural_vegetation_fire,0.0032222764838779235,0.9624013631673176,0.03437636034880423,0.0002882527353833331,0.9795129166292733,0.020198830635343463
FW_01186034,other_uncertain,0.5097388516524892,0.0480362612304067,0.44222488711710406,0.32011776459767594,0.03726284773603323,0.6426193876662908
FW_00407350,other_uncertain,0.4272394356892367,0.010048853734530478,0.5627117105762328,0.43334502813381726,0.003920122250915947,0.5627348496152668
FW_01719958,other_uncertain,0.020902851783713636,0.02909000086956784,0.9500071473467187,0.038173789031832064,0.02077669714833599,0.941049513819832
FW_01657631,other_uncertain,0.008090600669707909,0.05652308076099946,0.9353863185692927,0.014319859280200393,0.052684543243425384,0.9329955974763743
FW_00519692,natural_vegetation_fire,0.0005027922054584111,0.9505657192567305,0.0489314885378112,7.094232256264889e-05,0.9769293434099107,0.022999714267526696
FW_00625381,other_uncertain,0.3869295995005085,0.009368676649987273,0.6037017238495042,0.41412012913635166,0.003521869635763395,0.582358001227885
FW_01184427,other_uncertain,0.0014209423256868216,0.016337468502824443,0.9822415891714886,0.007256691630769076,0.01429934191980775,0.9784439664494231
FW_00265781,natural_vegetation_fire,0.000859251077419628,0.981366043653703,0.01777470526887737,7.11889927463624e-05,0.9909215836336707,0.00900722737358302
FW_00828310,other_uncertain,0.6285424758436897,0.28880013171143604,0.0826573924448743,0.1585557625889064,0.6039093768068058,0.23753486060428775
FW_01447161,natural_vegetation_fire,0.0006160420453115009,0.980430392570985,0.01895356538370358,5.530069831833772e-05,0.9907284472269625,0.00921625207471918
FW_00774314,other_uncertain,0.019777673665566337,0.4284336633296576,0.551788663004776,0.007907962127011744,0.4954994120974713,0.496592625775517
FW_00468869,other_uncertain,0.04050364818583441,0.43352932325180243,0.5259670285623632,0.013640909141063291,0.48634980670548394,0.5000092841534528
FW_00025541,natural_vegetation_fire,0.006304075939694206,0.6736718912362123,0.3200240328240936,0.0017732555843540609,0.76943790492952,0.22878883948612594
FW_00675820,other_uncertain,0.014448936612029792,0.3128431765507845,0.6727078868371859,0.008189661314900166,0.365375547075856,0.6264347916092439
FW_00303417,natural_vegetation_fire,0.0018131864798717847,0.9238598670954388,0.07432694642468954,0.00025417341393921906,0.9589237628355053,0.04082206375055547
FW_01405589,natural_vegetation_fire,0.0015797322135739742,0.9793024950602923,0.019117772726133728,0.00012259357013619856,0.9894690000498755,0.010408406379988341
FW_00229838,natural_vegetation_fire,0.001695610307816577,0.9808995299107841,0.01740485978139909,0.00012504585998639772,0.990297719057245,0.009577235082768703
FW_00075405,natural_vegetation_fire,0.0013606025705565413,0.9827782095979873,0.015861187831455997,9.988543452824994e-05,0.9913830642927511,0.008517050272720525
FW_00574550,other_uncertain,0.3524371672614071,0.13556031298116028,0.5120025197574326,0.15720697426891778,0.13246085317362982,0.7103321725574524
FW_01465569,natural_vegetation_fire,0.006449753285659264,0.7952735993789857,0.198276647335355,0.0012720824537857886,0.8658696753709775,0.13285824217523684
FW_01474756,natural_vegetation_fire,0.0017286937894192384,0.8254108224494382,0.17286048376114255,0.0003889315046004887,0.9008332729637043,0.09877779553169506
FW_01058756,other_uncertain,0.0021928816181836647,0.011301538884849697,0.9865055794969667,0.011681155235789133,0.008634369521406718,0.9796844752428041
FW_00729396,natural_vegetation_fire,0.05545471001283807,0.14337331613725945,0.8011719738499026,0.03669473378974522,0.13421268999107894,0.8290925762191759
FW_01068106,natural_vegetation_fire,0.002394148988014397,0.9060601200069057,0.09154573100507984,0.0003564264781244338,0.9474287190158226,0.052214854506052975
FW_01025477,industrial_fire_candidate,0.2990651323390866,0.00640058940926795,0.6945342782516455,0.3920443744147051,0.0020744687921540263,0.6058811567931408
FW_00693503,natural_vegetation_fire,0.0028351675011378114,0.9243674623643271,0.0727973701345352,0.0003661987848961736,0.9575048082969078,0.04212899291819608
FW_00076834,other_uncertain,0.0024759430477537935,0.02063740404917237,0.9768866529030737,0.009726890665589577,0.017771043682946314,0.9725020656514641
FW_01040807,other_uncertain,0.02746918141520281,0.17185124052942463,0.8006795780553725,0.019776619908023742,0.17664450363281486,0.8035788764591615
FW_00444490,industrial_fire_candidate,0.2072484741506984,0.015368026609968794,0.7773834992393328,0.23809294003561934,0.007049831718991628,0.754857228245389
FW_01091873,natural_vegetation_fire,0.0018833947389694978,0.8074844539187855,0.19063215134224507,0.00044482008210322766,0.8884433329006651,0.11111184701723167
FW_00739421,industrial_fire_candidate,0.027150583837614553,0.013817416290821349,0.9590319998715641,0.06309551344981627,0.007944682151170807,0.9289598043990129
FW_00753552,natural_vegetation_fire,0.0008348856747489577,0.9840241805567678,0.015140933768483246,6.493103171365691e-05,0.9922608957887425,0.007674173179543829
FW_00774513,natural_vegetation_fire,0.0039107430315870545,0.9585601609796677,0.037529095988745334,0.00035292506703144314,0.9770916032103093,0.022555471722659363
FW_01657742,other_uncertain,0.0013242401463042935,0.875822947008588,0.12285281284510777,0.0002542571316936403,0.9334227110267214,0.06632303184158489
FW_00037326,natural_vegetation_fire,0.0011946283518812877,0.9426784185472395,0.056126953100879166,0.00015639432607871247,0.970602980126467,0.029240625547454324
FW_01667118,natural_vegetation_fire,0.001038128667952793,0.9376264459571687,0.06133542537487825,0.00014500241101063298,0.9683987950389801,0.03145620255000908
FW_01550501,other_uncertain,0.002983237485839681,0.0921702249930009,0.9048465375211594,0.005441700124514443,0.10603170482621348,0.8885265950492721
FW_01203424,other_uncertain,0.003794443887655205,0.013222867880924681,0.9829826882314201,0.016110213911262165,0.009767570481278853,0.974122215607459
FW_00895557,other_uncertain,0.6285001765028826,0.013117989239034832,0.3583818342580827,0.5342805175574677,0.006532375045398631,0.45918710739713364
FW_01192420,natural_vegetation_fire,0.0037785498631718747,0.7981742072752385,0.19804724286158962,0.0008137610781989878,0.8741094982269789,0.12507674069482214
FW_00790195,natural_vegetation_fire,0.04252084960110613,0.7122690837486051,0.2452100666502888,0.007340754573655053,0.7814543687163814,0.21120487670996346
FW_01271629,natural_vegetation_fire,0.0033648974056593992,0.9673866347993114,0.02924846779502909,0.00027851396349696936,0.9824061692664263,0.017315316770076875
FW_00042097,industrial_fire_candidate,0.6681347686386923,0.007776799000387705,0.3240884323609201,0.617084771146061,0.0031238510963363803,0.37979137775760263
FW_01355799,other_uncertain,0.12590636510014333,0.17511401352909794,0.6989796213707588,0.06106551821129608,0.16522162767217458,0.7737128541165292
FW_01660497,natural_vegetation_fire,0.0007965273286133264,0.97467231133903,0.02453116133235672,7.667824319105433e-05,0.9876812466848829,0.012242075071926152
FW_00187319,natural_vegetation_fire,0.0014196357863700576,0.9750528630525023,0.023527501161127597,0.00012245343179694836,0.9872844321208167,0.012593114447386306
FW_01040110,natural_vegetation_fire,0.014924827636268397,0.5418534031334562,0.44322176923027534,0.004883133153216652,0.6262844364301076,0.3688324304166758
FW_01009124,other_uncertain,0.022867378391227235,0.31749795287206733,0.6596346687367055,0.01149099685511312,0.35997587516622465,0.6285331279786622
FW_00152542,natural_vegetation_fire,0.007319902593546415,0.8845965640668313,0.10808353333962219,0.000994740312222183,0.9282824147595894,0.07072284492818834
FW_01328728,natural_vegetation_fire,0.0008527026976662161,0.9898219078962952,0.009325389406038661,5.398907206703016e-05,0.9951468477418278,0.00479916318610505
FW_01650152,natural_vegetation_fire,0.001049617033570441,0.9713709218251597,0.027579461141269915,0.00010175171291471619,0.9856988512821261,0.0141993970049591
FW_01136700,natural_vegetation_fire,0.0015451728271785614,0.8068854462159759,0.19156938095684553,0.00037860145617285026,0.8902826097321203,0.1093387888117069
FW_00924325,natural_vegetation_fire,0.0021717978891204236,0.9582387179196282,0.03958948419125117,0.00022013999310977736,0.977630303707385,0.022149556299505227
FW_00499159,natural_vegetation_fire,0.03324810213459957,0.32764449724368727,0.6391074006217131,0.014921930218346896,0.36419084985449096,0.6208872199271621
FW_01475148,other_uncertain,0.012020471281358441,0.040061563456105405,0.9479179652625361,0.022322805551792453,0.03300166874002347,0.944675525708184
FW_00427077,natural_vegetation_fire,0.0027344211108514477,0.613891425916597,0.3833741529725516,0.001053984034414164,0.7352953250687484,0.2636506908968375
FW_00989915,natural_vegetation_fire,0.008335815341645422,0.8402506206603624,0.15141356399799205,0.0013373410363335396,0.8964068022475079,0.10225585671615867
FW_01349791,natural_vegetation_fire,0.0016168405878898048,0.9779440171728657,0.02043914223924439,0.0001286264748984631,0.9887280290854278,0.011143344439673731
FW_00325950,natural_vegetation_fire,0.005055265542642049,0.9060067594858588,0.08893797497149923,0.0006581943727130958,0.9439878403345902,0.05535396529269687
FW_01014069,natural_vegetation_fire,0.1326018011829476,0.43751282611622944,0.4298853727008229,0.033942404689676915,0.49161754408626696,0.47444005122405597
FW_00431885,natural_vegetation_fire,0.0017914663446992924,0.9271640008922714,0.07104453276302924,0.0002460908362964474,0.9608220651757483,0.038931843987955204
FW_00596000,natural_vegetation_fire,0.17174010379655513,0.2795366426413293,0.5487232535621156,0.0591657116840968,0.29626324900262474,0.6445710393132784
FW_01484775,natural_vegetation_fire,0.001746562947191264,0.8973207186034767,0.10093271844933213,0.00028795192198377567,0.9440181110576287,0.055693937020387455
FW_01688793,natural_vegetation_fire,0.0007487026598791734,0.93395406573306,0.0652972316070609,0.00011362061099953635,0.9676303571916431,0.03225602219735719
FW_00000358,other_uncertain,0.014703091574902807,0.02699442146745118,0.9583024869576461,0.030751036822272357,0.01979541303016755,0.9494535501475602
FW_00082874,natural_vegetation_fire,0.0009454591617573811,0.985157565183274,0.013896975654968665,6.954326787133293e-05,0.9927656221346108,0.007164834597518023
FW_00376165,natural_vegetation_fire,0.0015662934907883434,0.9476255401721271,0.05080816633708462,0.00018740478524215625,0.9724929581653735,0.02731963704938429
FW_00654175,natural_vegetation_fire,0.007104875219937733,0.7968435107645336,0.19605161401552867,0.0013693030938158402,0.8659773095021279,0.13265338740405636
FW_00669669,natural_vegetation_fire,0.04467197805502063,0.21085800609740618,0.7444700158475732,0.025195605737050233,0.21646560554856012,0.7583387887143896
FW_01538806,natural_vegetation_fire,0.02002556259806511,0.5441439565107282,0.4358304808912067,0.006127397679787785,0.6222582472328928,0.3716143550873194
FW_01529552,natural_vegetation_fire,0.000452438680513121,0.9910249783451397,0.008522582974347074,3.0515099322826353e-05,0.9958953207845832,0.004074164116093887
FW_00838539,other_uncertain,0.11827971710133672,0.02246074949329466,0.8592595334053688,0.14208761038009357,0.01218509738455591,0.8457272922353505
FW_00869243,natural_vegetation_fire,0.000798606041054528,0.9884742070012974,0.010727186957648068,5.4148765783346095e-05,0.9944899181323089,0.0054559331019078585
FW_01105162,other_uncertain,0.005731173867712729,0.04770553412868442,0.9465632920036029,0.012098689508573473,0.04463115283636966,0.9432701576550568
FW_00445507,other_uncertain,0.05283134573950431,0.17587294312846827,0.7712957111320274,0.03171921685570636,0.17245266786179603,0.7958281152824975
FW_00468733,other_uncertain,0.06982344264263203,0.035674231342714885,0.8945023260146531,0.08178309091902662,0.02323312919349669,0.8949837798874767
FW_00226834,natural_vegetation_fire,0.0029054229222383802,0.9613076093638924,0.035786967713869244,0.0002689019116805433,0.9789752524124412,0.020755845675878393
FW_00799529,natural_vegetation_fire,0.0028840486495142455,0.9916910772072627,0.005424874143223236,0.00012071575306471145,0.9965880293845933,0.003291254862342093
FW_00064903,industrial_fire_candidate,0.41189294114084096,0.01928395949356718,0.5688230993655919,0.3543846905150607,0.009748717633022265,0.6358665918519169
FW_01182329,natural_vegetation_fire,0.0009884203067671222,0.9689040927206994,0.03010748697253357,0.00010052678756063047,0.984527839025892,0.015371634186547238
FW_00077352,natural_vegetation_fire,0.0018606116069388812,0.9432208874373108,0.05491850095575032,0.0002245868776317125,0.9696278489545461,0.030147564167822143
FW_01042318,other_uncertain,0.006060092233062962,0.03160862030422006,0.9623312874627169,0.015228664317998812,0.02682336105393032,0.9579479746280708
FW_01685099,natural_vegetation_fire,0.006508485505442054,0.9312904118607044,0.06220110263385367,0.0006842847871533356,0.9595939156629166,0.03972179954993015
FW_00184307,industrial_fire_candidate,0.7680314872986841,0.004670767471992491,0.22729774522932347,0.7323435722535179,0.0016273222669814843,0.26602910547950065
FW_01104117,natural_vegetation_fire,0.0007439949373363691,0.9599140986758451,0.03934190638681872,8.919739330347907e-05,0.9805385956368432,0.019372206969853284
FW_01506546,industrial_fire_candidate,0.46797425856137365,0.12936756196421884,0.40265817947440746,0.2071120576973266,0.14012096860527382,0.6527669736973997
FW_01045422,industrial_fire_candidate,0.18750755966326757,0.045616390942755394,0.766876049393977,0.14939163870339542,0.02963256111696476,0.8209758001796398
FW_01460578,industrial_fire_candidate,0.36944134494250463,0.02836511596584034,0.6021935390916551,0.2910037131074298,0.01630326536879177,0.6926930215237784
FW_00779218,natural_vegetation_fire,0.003502069635080021,0.9832023531273488,0.013295577237570985,0.00020594957073028232,0.99174719891828,0.008046851510989671
FW_00259505,industrial_fire_candidate,0.7565330813180164,0.008572498999397604,0.2348944196825861,0.6681721312997005,0.0040802563767950275,0.3277476123235044
FW_01148948,other_uncertain,0.0029991180065063587,0.05554708080193233,0.9414538011915614,0.007047691406636365,0.05787867145698882,0.9350736371363748
FW_00667745,industrial_fire_candidate,0.009733673303795605,0.5222609040704008,0.4680054226258037,0.0036456332165072714,0.6163008392956143,0.3800535274878784
FW_01085342,natural_vegetation_fire,0.000704063132807034,0.9679965688188918,0.03129936804830119,7.689153199164044e-05,0.9845838883971538,0.015339220070854538
FW_01539775,natural_vegetation_fire,0.005871425366752132,0.936846058569515,0.05728251606373295,0.0006033271730605754,0.9632851888018192,0.036111484025120356
FW_00361239,natural_vegetation_fire,0.0012434170976263672,0.921291741186322,0.0774648417160515,0.0001890915326084111,0.9590661227464808,0.040744785720910864
FW_01426717,natural_vegetation_fire,0.000701684877566633,0.9864018056274568,0.012896509494976623,5.244194192086986e-05,0.9935208299532029,0.006426728104876238
FW_00074276,industrial_fire_candidate,0.27298096743048994,0.017505438783712163,0.7095135937857979,0.2741649647427593,0.008299066120779727,0.7175359691364609
FW_01633005,natural_vegetation_fire,0.0021748351587193675,0.07423855610317927,0.9235866087381014,0.004832775654353301,0.08496304231731142,0.9102041820283352
FW_00809530,other_uncertain,0.002660016284820412,0.8360235687957849,0.1613164149193946,0.0005335334651413938,0.9033824947216441,0.0960839718132145
FW_01105432,industrial_fire_candidate,0.43243433417918803,0.013950292693148821,0.5536153731276632,0.4012416401673809,0.0062463186256759215,0.5925120412069432
FW_00048809,natural_vegetation_fire,0.07427267488352896,0.7587358564356972,0.1669914686807738,0.009676765545544317,0.835935130173517,0.1543881042809387
FW_00770612,natural_vegetation_fire,0.0027900202324143827,0.959103038383152,0.0381069413844335,0.0002672442085981412,0.9777530184866405,0.021979737304761163
FW_01594213,other_uncertain,0.11376795421922284,0.017394161000464696,0.8688378847803124,0.15259918314151186,0.008793398077673839,0.8386074187808144
FW_00054981,natural_vegetation_fire,0.0016318365838283234,0.9327473055074583,0.06562085790871325,0.00021893152727169588,0.9642570793716533,0.03552398910107504
FW_00839572,other_uncertain,0.10455604610453932,0.03300711981687522,0.8624368340785855,0.11209135341534394,0.020217509287092584,0.8676911372975635
FW_00314024,natural_vegetation_fire,0.030366050443622256,0.40972484091181594,0.5599091086445619,0.011509656753583005,0.4640626787974215,0.5244276644489955
FW_01266739,natural_vegetation_fire,0.0005918757973141197,0.9949367810074796,0.004471343195206073,2.9351244677880103e-05,0.9977193035450153,0.002251345210306874
FW_00463732,other_uncertain,0.07997869454051439,0.005426353024921013,0.9145949524345646,0.18703049735475114,0.002039623345226005,0.8109298793000228
FW_01207090,other_uncertain,0.002117505915035693,0.010374374048083135,0.9875081200368813,0.011835238767677215,0.007808977874310422,0.9803557833580124
FW_01393277,natural_vegetation_fire,0.0008979826207004079,0.9897850923614524,0.009316925017847193,5.637141888416447e-05,0.9951186741313457,0.004824954449770016
FW_01721496,natural_vegetation_fire,0.0007116944997566144,0.9865052904997981,0.01278301500044532,5.287465543993751e-05,0.9935646609383726,0.006382464406187439
FW_01137506,other_uncertain,0.017692545918584383,0.06454015931668779,0.9177672947647277,0.023637417001525,0.05660416242686412,0.9197584205716108
FW_00456837,other_uncertain,0.06269312036995761,0.005114986216640014,0.9321918934134025,0.16394977131097765,0.001973339115517684,0.8340768895735047
FW_01671797,other_uncertain,0.000744327933480889,0.009113991227822197,0.990141680838697,0.0059299323729239805,0.0075885997759235005,0.9864814678511525
FW_00619269,natural_vegetation_fire,0.0014301860885541215,0.9816151353378325,0.016954678573613192,0.00010714505529496935,0.990747889519487,0.009144965425218156
FW_00825416,natural_vegetation_fire,0.006914228526990814,0.7916564698869376,0.2014293015860717,0.0013621662503838744,0.8623992985910675,0.13623853515854872
FW_00311185,other_uncertain,0.005883716267961305,0.06072083659646781,0.933395447135571,0.010994567714137192,0.05962862557548953,0.9293768067103733
FW_00668523,natural_vegetation_fire,0.007025718403628555,0.6124560061856743,0.38051827541069727,0.00226122806877809,0.7127300165458479,0.2850087553853741
FW_00801709,natural_vegetation_fire,0.001360304470150145,0.9497246353209784,0.04891506020887157,0.00016356512423270288,0.973972820838151,0.025863614037616414
FW_00076310,natural_vegetation_fire,0.002800679003988971,0.9495266695100056,0.047672651486005364,0.0002967003984688963,0.9722284055340809,0.02747489406745039
FW_01481451,natural_vegetation_fire,0.0017384021787765149,0.9822579202434778,0.016003677577745665,0.0001232518550824133,0.9910265525476991,0.008850195597218447
FW_00901226,natural_vegetation_fire,0.002818554345411487,0.930771540995553,0.06640990465903533,0.0003485057465704904,0.961294342288906,0.038357151964523634
FW_01676154,other_uncertain,0.0417872781593199,0.022391684421242203,0.9358210374194378,0.06945030455638404,0.013733836569432398,0.9168158588741836
FW_01633081,other_uncertain,0.0010657502284376755,0.05076465409693219,0.9481695956746301,0.003477292357966764,0.05851014592228996,0.9380125617197432
FW_01293713,other_uncertain,0.002496272364193221,0.021898400324851477,0.9756053273109552,0.009524912366243301,0.019087457931850797,0.9713876297019058
FW_01001870,industrial_fire_candidate,0.5814030928821527,0.013385760642352775,0.4052111464754945,0.5010798458258405,0.006438293735438074,0.49248186043872133
FW_00701125,other_uncertain,0.005093486225574318,0.03520215604698877,0.959704357727437,0.01279847008322212,0.031249971521274744,0.9559515583955032
FW_00110263,natural_vegetation_fire,0.0030740841495307033,0.9631511775976831,0.033774738252786304,0.000274873707795657,0.9799887464802498,0.01973637981195461
FW_00752123,natural_vegetation_fire,0.0009383048716421051,0.9928185846481676,0.0062431104801903324,4.9596813917101086e-05,0.9966614903310892,0.0032889128549937526
FW_01243576,natural_vegetation_fire,0.0015944588920231107,0.985127946090286,0.013277595017691168,0.00010594976031558035,0.9925940903665119,0.007299959873172352
FW_01554976,natural_vegetation_fire,0.0029895348253146273,0.7450755704275873,0.251934894747098,0.0007927290803930282,0.8390670330676195,0.16014023785198747
FW_00805449,natural_vegetation_fire,0.005435060944236016,0.8142684205370033,0.18029651851876052,0.0010376388482281397,0.881503737317834,0.11745862383393783
FW_01127613,other_uncertain,0.5990122977319946,0.032931653287860685,0.36805604898014477,0.4131705965763384,0.024109703404807403,0.5627197000188542
FW_00446738,industrial_fire_candidate,0.5040981753204357,0.01716388481373795,0.47873793986582647,0.4242437411526015,0.008694498388954386,0.5670617604584441
FW_00294182,natural_vegetation_fire,0.0016234110114113295,0.9516338338082987,0.04674275518028993,0.00018583764292366591,0.9745743434343235,0.025239818922752885
FW_01139697,other_uncertain,0.002852858142493411,0.9077182985827824,0.0894288432747242,0.0004079783104658541,0.9475644458493349,0.05202757584019932
FW_01557679,natural_vegetation_fire,0.0029335820155077493,0.8237672641447579,0.1732991538397344,0.0006050570495070097,0.8943777020330209,0.10501724091747208
FW_00905424,natural_vegetation_fire,0.0024914790753102815,0.8765390369705068,0.12096948395418285,0.0004275312337304559,0.9294439067825014,0.070128561983768
FW_00206483,natural_vegetation_fire,0.002757669490341518,0.9353199847679922,0.0619223457416664,0.00033089150132642464,0.9640212906367637,0.035647817861909896
FW_01004309,other_uncertain,0.18870085384428253,0.010109578661363259,0.8011895674943542,0.2578878497988996,0.004063039844695192,0.7380491103564052
FW_01306986,natural_vegetation_fire,0.002326436774084635,0.9738949886935636,0.023778574532351722,0.00018649419893469795,0.9863063266072215,0.013507179193843677
FW_00672195,natural_vegetation_fire,0.003361527137876348,0.7408679062176065,0.2557705666445171,0.0008833827332127483,0.8341481713223358,0.16496844594445154
FW_00972933,other_uncertain,0.0010142373804424161,0.012012078140462467,0.9869736844790951,0.006542416437079727,0.010236227294444391,0.983221356268476
FW_01657587,other_uncertain,0.0399628493708965,0.04685853343144699,0.9131786171976565,0.049008330524940705,0.03476865610614677,0.9162230133689125
FW_00751027,other_uncertain,0.0018929519402394095,0.7043183523217181,0.29378869573804245,0.0006135275328455923,0.8162152864034709,0.18317118606368352
FW_01631945,natural_vegetation_fire,0.3932100977813266,0.2475729679447632,0.3592169342739102,0.12666716362603084,0.30624263337150104,0.5670902030024682
FW_00753866,natural_vegetation_fire,0.0016656212529116419,0.9856322392027335,0.012702139544354764,0.00010790374784015516,0.9928633559819477,0.007028740270212181
FW_01618722,natural_vegetation_fire,0.0031831453201247076,0.9342190395775767,0.06259781510229841,0.0003752896431311029,0.9629626894145702,0.036662020942298715
FW_01347542,other_uncertain,0.0012799872564140421,0.018706206026450595,0.9800138067171353,0.006331708296476324,0.01708440536196044,0.9765838863415632
FW_01225130,natural_vegetation_fire,0.003356915449794869,0.8171185430142642,0.1795245415359408,0.0006921742303349781,0.8885122512894028,0.11079557448026231
FW_00088309,other_uncertain,0.6750519744381499,0.06121952008502481,0.2637285054768252,0.3943152808831596,0.06686046365303089,0.5388242554638095
FW_00025985,other_uncertain,0.07488061471572223,0.18146798319604032,0.7436514020882375,0.04045211342714255,0.17536511713019265,0.7841827694426649
FW_00765744,natural_vegetation_fire,0.0010174207515240316,0.9717999781144999,0.027182601133976116,9.849592447784009e-05,0.9859555456403054,0.01394595843521678
FW_01680282,natural_vegetation_fire,0.08533952467084659,0.28365273303290983,0.6310077422962436,0.03405027328656076,0.29734797406375657,0.6686017526496826
FW_01564512,natural_vegetation_fire,0.0017529147802118686,0.9308815612462878,0.06736552397350021,0.0002354589255201979,0.962973931350026,0.036790609724453825
FW_00533674,natural_vegetation_fire,0.0013202910544420864,0.8383011081157419,0.16037860082981606,0.0002965925214502883,0.9113887419514987,0.08831466552705122
FW_00648354,natural_vegetation_fire,0.014032223513357095,0.6337940539361666,0.35217372255047635,0.0037335565901874413,0.7184019501636238,0.2778644932461889
FW_01228700,natural_vegetation_fire,0.0010795918028909345,0.9452557408055414,0.0536646673915677,0.00014065046620333535,0.972241698563519,0.02761765097027745
FW_00749722,natural_vegetation_fire,0.0027407852719716825,0.9370150146049298,0.060244200123098356,0.00032491807651242074,0.9650260312168096,0.03464905070667808
FW_00506113,natural_vegetation_fire,0.0019945845763920888,0.5058767970621239,0.492128618361484,0.001077296205052476,0.6418888210517542,0.3570338827431934
FW_00925998,other_uncertain,0.0019280722805721205,0.009825301948524757,0.9882466257709032,0.011339670474480893,0.007392279159323369,0.9812680503661958
FW_01645405,natural_vegetation_fire,0.001464091619311088,0.9843222943673327,0.014213614013356156,0.00010145741257133573,0.9921776344185614,0.007720908168867317
FW_00617420,other_uncertain,0.022614838279530806,0.28107693668346684,0.6963082250370024,0.012486528784768348,0.3153514900759194,0.6721619811393124
FW_00596672,natural_vegetation_fire,0.000574315810576158,0.9891367771609175,0.010288907028506378,4.032486157872566e-05,0.9949245375420716,0.005035137596349692
FW_01695968,other_uncertain,0.21060961188193475,0.00747976946908138,0.7819106186489839,0.3040651659910426,0.0026704177999618255,0.6932644162089956
FW_00026755,other_uncertain,0.03267864949606949,0.10471282272737464,0.8626085277765558,0.029196586705663344,0.09581170708842575,0.8749917062059108
FW_01543251,natural_vegetation_fire,0.002016079577863367,0.8907361099229126,0.10724781049922405,0.00033537672556053686,0.9393424200821757,0.0603222031922638
FW_01003507,natural_vegetation_fire,0.005218522202699098,0.9364906924829421,0.058290785314358794,0.0005505550074649146,0.9632269008281529,0.03622254416438236
FW_01302749,industrial_fire_candidate,0.9346383812292489,0.0020053260404312473,0.06335629273031985,0.9039488191101729,0.000697002002926456,0.09535417888690066
FW_00665890,natural_vegetation_fire,0.002756757880446749,0.9874027746973315,0.009840467422221765,0.0001484475136118313,0.9940204082636446,0.005831144222743565
FW_01221786,natural_vegetation_fire,0.0024743946506177806,0.7195207638682335,0.2780048414811487,0.0007314378321300219,0.8230645221252808,0.17620404004258924
FW_01461967,natural_vegetation_fire,0.0013167424842070092,0.9320589853423343,0.06662427217345876,0.00018420919416593665,0.9646398698011803,0.035175921004653665
FW_01502606,natural_vegetation_fire,0.006754291155021471,0.8968361516085661,0.09640955723641238,0.0008757490153519652,0.936868331813258,0.062255919171390006
FW_01007428,other_uncertain,0.009895528667802682,0.053354517110202615,0.9367499542219947,0.017011653283650986,0.04796771519196398,0.9350206315243851
FW_01146813,other_uncertain,0.0026340700349855176,0.030768899221941294,0.9665970307430732,0.00847571875201476,0.028713903923694935,0.9628103773242902
FW_01643388,natural_vegetation_fire,0.0011923112736910648,0.9105870685442261,0.08822062018208296,0.00019499291356525915,0.9534588942645125,0.04634611282192228
FW_00566647,natural_vegetation_fire,0.0023046349845712213,0.8861057706868145,0.11158959432861415,0.0003832230906814612,0.9357619563090507,0.06385482060026801
FW_00431980,natural_vegetation_fire,0.0278973427218574,0.6202076869088764,0.3518949703692662,0.006663970683248935,0.6941532319132216,0.29918279740352943
FW_00081042,natural_vegetation_fire,0.0015885637097870751,0.9861221196729426,0.012289316617270216,0.00010226038528052833,0.9931304991491414,0.006767240465578118
FW_00178341,natural_vegetation_fire,0.005518147583652446,0.9595452496445163,0.034936602771831415,0.00045750607762681637,0.9776186657831438,0.02192382813922945
FW_01130767,natural_vegetation_fire,0.03618347835303479,0.746686219727239,0.21713030191972618,0.005869949887395235,0.8131654421182506,0.1809646079943542
FW_01713146,other_uncertain,0.0013292134156199942,0.007027654378364401,0.9916431322060155,0.0100886235327695,0.005138425564060716,0.9847729509031696
FW_01679278,other_uncertain,0.006720132578501187,0.029655422740706188,0.9636244446807926,0.016879780128697182,0.024495139512497568,0.9586250803588052
FW_01164164,natural_vegetation_fire,0.08052465706696826,0.44554274551718853,0.47393259741584326,0.02264495026256163,0.49443506470969323,0.48291998502774514
FW_01546098,natural_vegetation_fire,0.0008189102869000406,0.8569024511738852,0.14227863853921466,0.0001853160166182701,0.926305595728696,0.07350908825468579
FW_00073766,natural_vegetation_fire,0.0003990271554915612,0.9895960741678025,0.010004898676705998,2.934189050171409e-05,0.99528057210383,0.004690086005668312
FW_01013256,other_uncertain,0.0066264476789370565,0.04125454900847031,0.9521190033125927,0.014370852573985774,0.03674854528991707,0.948880602136097
FW_01102568,natural_vegetation_fire,0.0009811079711937293,0.9395455249012858,0.0594733671275204,0.00013626718442201613,0.9695749792661668,0.030288753549411258
FW_01055189,natural_vegetation_fire,0.0020014918730591642,0.6670471824668359,0.33095132566010477,0.000711527053504956,0.7863355338175056,0.2129529391289894
FW_00772199,natural_vegetation_fire,0.004635195685488561,0.7556187972700834,0.2397460070444281,0.001099443775708362,0.8404529245020562,0.15844763172223533
FW_01047379,other_uncertain,0.006135541146324849,0.07530207185603856,0.9185623869976366,0.010202383239314512,0.07694345684786907,0.9128541599128165
FW_01000614,natural_vegetation_fire,0.02889359796333141,0.2295467108862419,0.7415596911504267,0.017241024310581964,0.2465429321483598,0.7362160435410582
FW_01720351,other_uncertain,0.01562788231661202,0.0215429706681393,0.9628291470152488,0.035451452154044806,0.014860871598709363,0.9496876762472458
FW_00095736,natural_vegetation_fire,0.0008592244607988144,0.9781047221159651,0.021036053423236046,7.648889927631272e-05,0.9893006242946856,0.010622886806037998
FW_00948924,natural_vegetation_fire,0.0022777575387402204,0.9539782246909226,0.043744017770337255,0.0002397161848954529,0.9751602945882231,0.024599989226881495
FW_01679261,other_uncertain,0.0038806946150321217,0.03895598061237415,0.9571633247725937,0.010043519696480284,0.03653165145397648,0.9534248288495433
FW_00627306,natural_vegetation_fire,0.00609275265713061,0.8077431699869547,0.18616407735591461,0.0011649112276594495,0.8756303750901945,0.12320471368214624
FW_01279328,natural_vegetation_fire,0.0430361923815228,0.7586085054424292,0.198355302176048,0.006470941657240916,0.8250140682267031,0.1685149901160561
FW_00067787,natural_vegetation_fire,0.001243049604051147,0.9101074584698283,0.08864949192612062,0.00020242214757892768,0.9529930419641477,0.04680453588827357
FW_00925045,natural_vegetation_fire,0.002699701211924262,0.981815083033157,0.015485215754918765,0.00017620391346598126,0.9907818877310994,0.00904190835543461
FW_00647616,natural_vegetation_fire,0.007439973864082291,0.6755436854464152,0.3170163406895026,0.0020173154873876402,0.7679394096627169,0.23004327484989548
FW_01141317,other_uncertain,0.1341357274340753,0.05104511759924882,0.8148191549666758,0.11210061617594144,0.034683211649267486,0.8532161721747911
FW_00011573,other_uncertain,0.10200077855464809,0.012693005199314385,0.8853062162460376,0.15981074686950467,0.005927359644219099,0.8342618934862763
FW_01116734,natural_vegetation_fire,0.0247682516109742,0.21104430137197722,0.7641874470170484,0.01620123239670904,0.2265097825689592,0.7572889850343317
FW_00010135,industrial_fire_candidate,0.5801284668989113,0.01610475219394962,0.40376678090713913,0.47973519189902114,0.008415300591599673,0.5118495075093792
FW_01019323,other_uncertain,0.01994083172897817,0.6606819543918876,0.3193772138791342,0.0046227839479023505,0.7378573410755729,0.25751987497652473
FW_01156172,other_uncertain,0.001487092539700732,0.02436172667203304,0.9741511807882662,0.0062526470514419,0.02314808200163432,0.9705992709469238
FW_00057820,natural_vegetation_fire,0.0009613813135101154,0.9828553726488688,0.016183246037621075,7.519786809940359e-05,0.9915949978473921,0.008329804284508404
FW_01711907,natural_vegetation_fire,0.0030915703504414394,0.9115478112595438,0.08536061839001487,0.0004262619930696092,0.9495040952827866,0.05006964272414388
FW_00743744,natural_vegetation_fire,0.005301580112641879,0.9564400290284979,0.038258390858860125,0.00046042566012887434,0.9756755136648346,0.023864060675036602
FW_01605372,other_uncertain,0.07145248895566368,0.04845896079367976,0.8800885502506566,0.07302198332354487,0.0341110382444067,0.8928669784320484
FW_00316656,natural_vegetation_fire,0.0012432021294576671,0.867950696586242,0.1308061012843003,0.00024993580210364263,0.9293549695986919,0.07039509459920437
FW_00431886,natural_vegetation_fire,0.001847241720727481,0.9243236126080113,0.07382914567126114,0.00025731865869991333,0.9591106208518642,0.040632060489435816
FW_01051990,natural_vegetation_fire,0.0009053846986544632,0.8963348865578643,0.10275972874348127,0.00016778275699456084,0.9472207048194629,0.052611512423542575
FW_00979845,natural_vegetation_fire,0.0017709337755172764,0.7785502297702384,0.2196788364542445,0.00046541817450539987,0.8700488375651987,0.12948574426029594
FW_00668327,other_uncertain,0.2899454096703234,0.03847571916745521,0.6715788711622215,0.21919468633051611,0.023941703722741167,0.7568636099467428
FW_01722847,natural_vegetation_fire,0.005366568638867529,0.7820085159870043,0.21262491537412828,0.0011426411845249275,0.8582129416115617,0.1406444172039135
FW_00271290,other_uncertain,0.026628482703373865,0.6877284861218603,0.28564303117476575,0.0054287511231540615,0.7598173591316514,0.23475388974519457
FW_00259980,other_uncertain,0.02247351490065488,0.2245990364877414,0.7529274486116037,0.014482027088737411,0.2451943235457404,0.7403236493655223
FW_01583343,natural_vegetation_fire,0.0009209284612343348,0.9789603344883986,0.02011873705036697,7.955166677410801e-05,0.9896668881932255,0.01025356014000052
FW_01356410,natural_vegetation_fire,0.0022715382667206963,0.9614189645290458,0.03630949720423331,0.0002199462999987111,0.9793406445772717,0.020439409122729672
FW_01583196,natural_vegetation_fire,0.0006215982214276391,0.9649569126984546,0.03442148908011778,7.223496294935619e-05,0.9833220404392705,0.016605724597780293
FW_01632908,other_uncertain,0.028061903374614075,0.08306701086040856,0.8888710857649774,0.02925622879294419,0.07330892872065957,0.8974348424863963
FW_00089017,other_uncertain,0.11914620120973113,0.044904404842307864,0.835949393947961,0.10851116017528624,0.029652411593584137,0.8618364282311297
FW_00532324,natural_vegetation_fire,0.0013381413559237906,0.8667994627262046,0.13186239591787177,0.00026699683706059464,0.9281371161987829,0.0715958869641565
FW_00705770,other_uncertain,0.02248579746667939,0.20525883481014603,0.7722553677231745,0.015335272663844096,0.22110267819076604,0.7635620491453897
FW_01595023,natural_vegetation_fire,0.0010483292038780808,0.9906844656269613,0.008267205169160498,6.112278293754649e-05,0.9955617464120322,0.004377130805030211
FW_00927631,natural_vegetation_fire,0.001359373178474184,0.9670026103497673,0.03163801647175861,0.00013432147301576682,0.9830952573899282,0.016770421137056096
FW_00150811,natural_vegetation_fire,0.0005428280052282848,0.9945294349453471,0.004927737049424621,2.8396320642897708e-05,0.9975237223786307,0.002447881300726423
FW_00396362,other_uncertain,0.0020917191203312607,0.6162361859507935,0.38167209492887516,0.0008436717381323196,0.7433591959084263,0.25579713235344154
FW_00047358,other_uncertain,0.0372148756390685,0.1153941757870739,0.8473909485738575,0.030583559690593443,0.1065325868608284,0.8628838534485782
FW_01173369,natural_vegetation_fire,0.0009377394827586743,0.9696873067587831,0.02937495375845819,9.514060048526599e-05,0.9849965542055326,0.014908305193982231
FW_01467182,other_uncertain,0.3368750816574578,0.014389697924689056,0.6487352204178531,0.335736190002119,0.006369328224852879,0.6578944817730281
FW_00146541,natural_vegetation_fire,0.001378700530773259,0.9705540522498846,0.028067247219342006,0.00012897187779496716,0.9849442370771195,0.014926791045085683
FW_01361097,natural_vegetation_fire,0.002917383478612864,0.8985785319379367,0.09850408458345038,0.0004369804405577208,0.9419291771410334,0.057633842418408875
FW_00814094,natural_vegetation_fire,0.007283808838750933,0.8872277652852711,0.10548842587597813,0.0009780183189119248,0.9300947976315123,0.06892718404957583
FW_01356665,natural_vegetation_fire,0.002770807476837101,0.9667729059228832,0.03045628660027974,0.00024062030226975137,0.982160853414677,0.017598526283053237
FW_00079255,natural_vegetation_fire,0.0034592542456652452,0.9209835381501428,0.07555720760419209,0.00044086478917047334,0.9547612697413156,0.044797865469514135
FW_01496719,natural_vegetation_fire,0.0008943266302896991,0.9930478416255756,0.0060578317441347595,4.704663928306043e-05,0.9967771852731027,0.0031757680876143483
FW_01439894,natural_vegetation_fire,0.0016645860701473454,0.915387244062495,0.08294816986735758,0.0002499122060176758,0.954532278904536,0.0452178088894463
FW_00636000,natural_vegetation_fire,0.009704110352042862,0.877131790813396,0.1131640988345611,0.0012938899253891615,0.9219612241261602,0.07674488594845064
FW_00360903,natural_vegetation_fire,0.003930404594191916,0.8853729412298381,0.11069665417596983,0.0005968802499679793,0.9320432229035066,0.06735989684652545
FW_01611567,other_uncertain,0.03429519384611038,0.021910135154389023,0.9437946709995007,0.06108329922386994,0.0137086254155849,0.9252080753605453
FW_01376807,natural_vegetation_fire,0.003958206551563963,0.7175255247818705,0.27851626866656554,0.0010792070386390078,0.8136578694399209,0.18526292352143992
FW_01214375,natural_vegetation_fire,0.2061825160667983,0.513072001154975,0.2807454827782268,0.0398964348681975,0.6172428558232638,0.3428607093085387
FW_00962999,other_uncertain,0.004757850989119006,0.5503621401961144,0.4448800088147665,0.0019286104886380266,0.6629645497565073,0.33510683975485467
FW_01224623,natural_vegetation_fire,0.0007426318368117906,0.9693630573231623,0.02989431084002595,7.880475717217706e-05,0.9851692445545704,0.01475195068825739
FW_00690431,natural_vegetation_fire,0.0007531856915448634,0.9734136804522294,0.025833133856225623,7.481437670448791e-05,0.9871299244384555,0.012795261184840126
FW_00064247,natural_vegetation_fire,0.023990989837182973,0.8192700533761863,0.15673895678663075,0.0033615297701266845,0.875691428344313,0.12094704188556024
FW_00237920,natural_vegetation_fire,0.0030665129553395743,0.9712878148924312,0.02564567215222926,0.00024323144817597051,0.984712218909904,0.015044549641919838
FW_01205203,other_uncertain,0.002819615217473834,0.022489623042380818,0.9746907617401455,0.010269991685295457,0.019427038509092425,0.970302969805612
FW_00433059,natural_vegetation_fire,0.004881520374574807,0.9299000331832749,0.06521844644215039,0.0005487629989956374,0.9592267371396359,0.040224499861368335
FW_01267246,natural_vegetation_fire,0.0019726138475423287,0.8555191171920355,0.14250826896042212,0.00038610616464851785,0.9183292171798408,0.08128467665551063
FW_01652934,natural_vegetation_fire,0.0007026509258079819,0.9709346079480643,0.028362741126127557,7.350727870698287e-05,0.9860130805660766,0.01391341215521641
FW_00223513,natural_vegetation_fire,0.004448455057787465,0.9164685556673553,0.07908298927485727,0.0005572282951667633,0.9510891397760421,0.048353631928791115
FW_01167186,natural_vegetation_fire,0.003966767203659508,0.9327025912060102,0.06333064159033026,0.00045423914675101986,0.9614598167820515,0.03808594407119749
FW_01077826,other_uncertain,0.08304498373953725,0.0185319728413893,0.8984230434190735,0.12033767153226803,0.009907198030209202,0.8697551304375228
FW_01632960,other_uncertain,0.2917820546467224,0.0926707336638319,0.6155472116894457,0.157928408292821,0.07684950712517137,0.7652220845820077
FW_01618723,natural_vegetation_fire,0.002813729364936315,0.7946760103648945,0.20251026027016905,0.0006462940584630173,0.8751915795396378,0.1241621264018992
FW_00024829,other_uncertain,0.3474017792336151,0.00819746511822968,0.6444007556481552,0.40118476494560007,0.0029128280819947384,0.5959024069724052
FW_01042964,other_uncertain,0.5191753762589759,0.01965018013491555,0.46117444360610854,0.419019281152566,0.010653890049828115,0.5703268287976059
FW_00295568,other_uncertain,0.0011178757128768588,0.03078297528763706,0.9680991489994861,0.004568362804992711,0.03182612123898614,0.9636055159560212
FW_00840816,natural_vegetation_fire,0.0012011863032655816,0.9644415258392293,0.03435728785750528,0.00012554789002009004,0.981946164955481,0.017928287154498936
FW_01657682,other_uncertain,0.0066289134439933535,0.14516438136474155,0.8482067051912652,0.00761991299345235,0.16593956182629946,0.8264405251802481
FW_01439486,natural_vegetation_fire,0.008154444135463472,0.9684109435036143,0.02343461236092217,0.0005360893410664413,0.983909133882782,0.015554776776151616
FW_00913895,other_uncertain,0.01798382794397921,0.1642053442972931,0.8178108277587277,0.014836367952668631,0.17392329973286128,0.8112403323144701
FW_01705990,natural_vegetation_fire,0.0051931033024648025,0.8222405545081429,0.1725663421893923,0.0009720457024940418,0.8876041783372622,0.11142377596024373
FW_01003682,other_uncertain,0.2958077090497109,0.039024917269535095,0.6651673736807541,0.22138350387696917,0.02443948932198041,0.7541770068010504
FW_01493812,other_uncertain,0.007061117746742417,0.7802250854085352,0.21271379684472244,0.0014371024650205214,0.8535332065991441,0.1450296909358354
FW_00059871,natural_vegetation_fire,0.0033572430620183256,0.9366047587804547,0.06003799815752706,0.0003847991925109654,0.9642381246477324,0.0353770761597568
FW_01291267,natural_vegetation_fire,0.0006068214558732313,0.9854204613364113,0.013972717207715622,4.7996435159382215e-05,0.9931230943608471,0.006828909203993449
FW_00660845,natural_vegetation_fire,0.0008705727146569908,0.9855649120690109,0.013564515216332116,6.422173701682128e-05,0.9930073073229904,0.006928470939992904
FW_01467080,natural_vegetation_fire,0.0025040770284809675,0.9273106174569652,0.07018530551455399,0.00032407467573101237,0.9596737369342613,0.040002188390007715
FW_01485441,other_uncertain,0.0011539159292349983,0.035896620859348,0.962949463211417,0.0043493995389091294,0.03819208638644437,0.9574585140746464
FW_00208735,other_uncertain,0.4839172519199009,0.20840048965053581,0.30768225842956337,0.16965205254709023,0.2752076507511559,0.5551402967017539
FW_00663038,natural_vegetation_fire,0.003496995747180416,0.8523285160054734,0.1441744882473463,0.0006271211059955827,0.9115645699105757,0.08780830898342878
FW_00083301,natural_vegetation_fire,0.0022071360392338603,0.9616519921372173,0.036140871823548956,0.0002142380955318689,0.979510655489204,0.020275106415264085
FW_01458542,natural_vegetation_fire,0.00791460857382249,0.778638654970013,0.21344673645616433,0.001584650668031311,0.8509712507640248,0.14744409856794388
FW_00571203,other_uncertain,0.46650239677568656,0.01832221844219954,0.5151753847821138,0.3936784986887012,0.009321357199124415,0.5970001441121744
FW_01590855,natural_vegetation_fire,0.0028139435012880356,0.9289339219512798,0.06825213454743231,0.0003526532036246226,0.9602207173127877,0.0394266294835878
FW_01091867,natural_vegetation_fire,0.0132975918729078,0.44928237009475563,0.5374200380323365,0.005529565609779187,0.5292416518594795,0.4652287825307413
FW_00372754,natural_vegetation_fire,0.0018002373253060845,0.8991212933553316,0.09907846931936219,0.00029246718442852977,0.9448855923858872,0.054821940429684385
FW_00124842,natural_vegetation_fire,0.0015943080221215201,0.9649786263042067,0.03342706567367165,0.00015737781816423688,0.9817936373212882,0.018048984860547346
FW_01534466,natural_vegetation_fire,0.0018216437935600742,0.8971568833167293,0.1010214728897107,0.00029841834711429017,0.9436849725935393,0.05601660905934638
FW_00765706,natural_vegetation_fire,0.0016769122221409086,0.9626305942303213,0.035692493547537764,0.000169062048830631,0.9804547165746916,0.01937622137647781
FW_01488359,natural_vegetation_fire,0.005829901146240947,0.6022378745900647,0.39193222426369434,0.001996767684673648,0.7074688670268254,0.29053436528850085
FW_00080745,natural_vegetation_fire,0.0025747095402922394,0.9517660555234917,0.045659234936216216,0.00027100522819808006,0.9736759520089003,0.026053042762901536
FW_01171677,industrial_fire_candidate,0.017380472427454823,0.5310731705794189,0.4515463569931263,0.005647093492610344,0.61160058321295,0.3827523232944398
FW_00523369,natural_vegetation_fire,0.0012648418033244502,0.9316334518693027,0.06710170632737288,0.0001787173426027809,0.9645563496870521,0.03526493297034514
FW_01540073,natural_vegetation_fire,0.006817509660462564,0.7514178977345979,0.2417645926049396,0.0015243156009700264,0.831759888071482,0.16671579632754793
FW_01177304,other_uncertain,0.14199156463739507,0.04425168980019699,0.813756745562408,0.12373568026347234,0.028782621605271657,0.8474816981312561
FW_01574776,other_uncertain,0.012255261630791723,0.1883654470313066,0.7993792913379016,0.010288050942233586,0.21121899416813994,0.7784929548896264
FW_00497471,other_uncertain,0.07273424548023377,0.7548478920372028,0.1724178624825634,0.009661197434732621,0.8313842028676175,0.1589545996976499
FW_01599068,natural_vegetation_fire,0.0025778915795716525,0.8528799565227136,0.14454215189771485,0.0004867773433732561,0.9144547713910071,0.0850584512656198
FW_00202782,natural_vegetation_fire,0.0032150858103651573,0.9631390234264117,0.0336458907632232,0.00028499279082942015,0.9799455728148379,0.01976943439433275
FW_01071203,other_uncertain,0.017986283460091245,0.13367381229973022,0.8483399042401786,0.016635024132971667,0.1363850981992773,0.8469798776677511
FW_01195054,industrial_fire_candidate,0.4765513999762028,0.013007182617369748,0.5104414174064275,0.4370297608283811,0.0057653707932771294,0.5572048683783419
FW_00371080,natural_vegetation_fire,0.0018476921006527506,0.6983167555689979,0.29983555233034936,0.0006117389598213668,0.8121144972731243,0.18727376376705418
FW_01557411,natural_vegetation_fire,0.0016543839430587632,0.9028321536873691,0.0955134623695722,0.0002673053558740988,0.9474700640420006,0.05226263060212519
FW_00893113,natural_vegetation_fire,0.008742224409244832,0.9624802913051906,0.02877748428556449,0.0006214693169473715,0.9801840594614456,0.019194471221607123
FW_00817379,other_uncertain,0.251986663715654,0.05176240191074087,0.6962509343736052,0.17702123449478516,0.03514596489948933,0.7878328006057255
FW_00618765,natural_vegetation_fire,0.0007879473849411397,0.988760010095158,0.010452042519901004,5.2964575398611126e-05,0.9946358854117358,0.005311150012865756
FW_00692613,natural_vegetation_fire,0.006226236863055079,0.8341635591257738,0.15961020401117115,0.001079352538632248,0.8943512624858412,0.10456938497552654
FW_00107884,natural_vegetation_fire,0.002735370491946092,0.911618093326317,0.08564653618173686,0.0003852695814615528,0.950090995157369,0.04952373526116962
FW_00279289,natural_vegetation_fire,0.0030393720964196247,0.9111518746451257,0.08580875325845473,0.0004213213887280375,0.9493403445622929,0.0502383340489791
FW_00725867,natural_vegetation_fire,0.0006215084452405469,0.9857501168279663,0.01362837472679299,4.8461338789649427e-05,0.9932676640687473,0.00668387459246311
FW_01664820,natural_vegetation_fire,0.000958341322506596,0.9437060493653432,0.05533560931215032,0.00012911620338386268,0.9717853272102722,0.02808555658634388
FW_00452261,other_uncertain,0.08342287239787051,0.06616279361271163,0.8504143339894179,0.07130228119169335,0.04980272250431684,0.8788949963039898
FW_01393168,natural_vegetation_fire,0.0004647432745271795,0.9619325443280032,0.037602712397469616,5.8868985924766164e-05,0.9824269378502066,0.017514193163868628
FW_01614822,other_uncertain,0.05543968178659291,0.007921759870983258,0.9366385583424238,0.1281568555149856,0.003538024847153154,0.8683051196378613
FW_00429635,other_uncertain,0.2690254138403333,0.013629180029022749,0.717345406130644,0.29411323758367164,0.005913834362733068,0.6999729280535953
FW_01115816,natural_vegetation_fire,0.0009527121254713838,0.860798191218888,0.13824909665564064,0.00020670162856298334,0.9273052320085668,0.07248806636287014
FW_01650975,other_uncertain,0.16281886990335076,0.024362326383217142,0.8128188037134321,0.17157969100632742,0.013168426027237128,0.8152518829664355
FW_01353430,natural_vegetation_fire,0.0004978482396906124,0.984427221243561,0.01507493051674838,4.195531184928724e-05,0.9927764404658425,0.007181604222308151
FW_00100724,natural_vegetation_fire,0.001221397494857085,0.9778132647187487,0.020965337786394082,0.00010268113635720308,0.988852650968221,0.011044667895421707
FW_01540467,natural_vegetation_fire,0.0023098228633819857,0.6953717629081445,0.30231841422847344,0.0007400176012478852,0.8058563418005252,0.19340364059822693
FW_00346073,other_uncertain,0.006600485230360221,0.9106524094283295,0.08274710534131022,0.0007950731327443994,0.9461045269419068,0.0531003999253489
FW_01353009,natural_vegetation_fire,0.005753866095044847,0.941130042887777,0.053116091017178194,0.0005726319444033197,0.9660263787525449,0.03340098930305183
FW_00965793,natural_vegetation_fire,0.04154709907581304,0.5741705020137176,0.3842823989104695,0.010157618842566144,0.6424302223065254,0.34741215885090854
FW_00469304,other_uncertain,0.002882537879816462,0.018458803080199784,0.9786586590399837,0.011406261363693077,0.015216763614866678,0.9733769750214403
FW_00182390,natural_vegetation_fire,0.01199672936998309,0.6122935422487112,0.37570972838130573,0.003472068301050557,0.7010986543912222,0.2954292773077272
FW_00547114,natural_vegetation_fire,0.0018993605343979895,0.877484115192617,0.12061652427298486,0.00034017604201421457,0.9318842538453295,0.06777557011265635
FW_00797932,natural_vegetation_fire,0.008420230912246706,0.6927284598770154,0.29885130921073794,0.002130599199911817,0.7804668377522234,0.2174025630478648
FW_01017230,other_uncertain,0.001210356201169104,0.012814652935302338,0.9859749908635286,0.007214798279359235,0.01083989687136407,0.9819453048492767
FW_00449587,other_uncertain,0.10507357803330533,0.6913314846897922,0.20359493727690248,0.015304247794783352,0.7807949242405827,0.20390082796463393
FW_01691993,industrial_fire_candidate,0.6436894142051913,0.013474700163861483,0.342835885630947,0.5415127493656574,0.006908172665989698,0.45157907796835295
FW_00449766,other_uncertain,0.01869004552209973,0.06578342958319712,0.9155265248947031,0.024370151308837823,0.05758443867388615,0.918045410017276
FW_01656476,industrial_fire_candidate,0.21638076273628548,0.016440222497910016,0.7671790147658046,0.239463026195412,0.007691725537220663,0.7528452482673674
FW_00740522,natural_vegetation_fire,0.0012993659579208724,0.9730105107946754,0.025690123247403714,0.00011806459997268743,0.986297490271274,0.013584445128753403
FW_00356503,natural_vegetation_fire,0.02189728929666259,0.6574931220189384,0.3206095886843991,0.005020259185523484,0.7335610301152734,0.26141871069920314
FW_01506544,industrial_fire_candidate,0.1170159887931434,0.46123715109072355,0.4217468601161331,0.02924070466674299,0.5177149013106069,0.45304439402265007
FW_01528027,other_uncertain,0.0017269304078404227,0.882480674457212,0.11579239513494759,0.00030715500116623837,0.9354741452959172,0.06421869970291653
FW_00955135,other_uncertain,0.0012420126862178517,0.012917079117278667,0.9858409081965036,0.007323471586383086,0.010911162834117274,0.9817653655794997
FW_00024951,natural_vegetation_fire,0.0012263276784822586,0.8946723591965804,0.10410131312493738,0.00021775158661055272,0.9445596169522511,0.055222631461138365
FW_01169486,other_uncertain,0.14445973882477858,0.2883360413452999,0.5672042198299215,0.050593647971491906,0.3044417582146499,0.6449645938138582
FW_01659721,natural_vegetation_fire,0.0023217600738386188,0.7990087036168254,0.19866953630933595,0.0005439275861688322,0.8804294817408153,0.11902659067301592
FW_01139688,natural_vegetation_fire,0.0019957697063104716,0.9286408156242787,0.06936341466941075,0.0002663109998385125,0.9612516993931679,0.03848198960699356
FW_01175183,other_uncertain,0.0011633701123822413,0.01385526346651539,0.9849813664211023,0.006770707363672904,0.011982698665614924,0.9812465939707121
FW_01218639,natural_vegetation_fire,0.0036486245596585214,0.9787826770632022,0.01756869837713925,0.00023969319268462867,0.9891480316987058,0.010612275108609627
FW_00720666,natural_vegetation_fire,0.002242089948728015,0.8908326472850695,0.10692526276620237,0.0003659871006262223,0.9387596399779485,0.060874372921425245
FW_01105470,natural_vegetation_fire,0.0020453415892769675,0.9250697002896903,0.07288495812103271,0.0002785175190915096,0.9591354781429212,0.04058600433798703
