observation_id,actual_class,raw_prob_industrial,raw_prob_natural,raw_prob_other,calibrated_prob_industrial,calibrated_prob_natural,calibrated_prob_other
FW_00520400,other_uncertain,0.005044406763219568,0.03162390719425869,0.9633316860425217,0.01606402088814629,0.014462522022307368,0.9694734570895462
FW_00598409,other_uncertain,0.006723745014372968,0.03927250282370115,0.9540037521619259,0.017084434497289726,0.01984350937342482,0.9630720561292855
FW_01113476,natural_vegetation_fire,0.001523289193363697,0.8354857701300313,0.16299094067660497,0.0006497170100473657,0.8979898180685194,0.10136046492143325
FW_01327288,natural_vegetation_fire,0.0010727644148842003,0.9819482217305318,0.01697901385458404,0.00034277796404755067,0.9897230160490552,0.009934205986897178
FW_00797680,natural_vegetation_fire,0.002141385920839306,0.9687195678690903,0.029139046210070435,0.000556882367085345,0.9826214727084038,0.016821644924510847
FW_00417794,natural_vegetation_fire,0.0036378488119977645,0.9700721525560753,0.026289998631926915,0.0007581243825445251,0.9841342706205974,0.015107604996858027
FW_01616965,other_uncertain,0.00873367698286127,0.14846016401469064,0.842806159002448,0.009688160683227276,0.1336453204808695,0.8566665188359033
FW_01393850,industrial_fire_candidate,0.7832685457614297,0.010295417936394689,0.2064360363021757,0.7217651018417796,0.0039272675547642345,0.2743076306034562
FW_00600507,other_uncertain,0.0011288249970752143,0.021039927415051028,0.9778312475878737,0.007981830939543999,0.007919019515189755,0.9840991495452661
FW_00024830,other_uncertain,0.18174490608949712,0.009240900992630459,0.8090141929178724,0.25415934067119383,0.0023770058327358262,0.7434636534960704
FW_01632947,natural_vegetation_fire,0.5109744339108354,0.06332029105852492,0.4257052750306396,0.2678818901353695,0.06328429061563637,0.6688338192489941
FW_00945743,other_uncertain,0.026834535380191617,0.6644226006272506,0.3087428639925578,0.005269725181550715,0.7772082847940966,0.21752199002435268
FW_00402443,other_uncertain,0.40203632233665093,0.12918104143507556,0.4687826362282736,0.14843906866420753,0.16369570198701436,0.6878652293487781
FW_01491166,natural_vegetation_fire,0.003578320985634434,0.780011790081396,0.2164098889329696,0.001222198772725579,0.8595046730850633,0.13927312814221116
FW_00698318,natural_vegetation_fire,0.001819078400766612,0.872961787517406,0.12521913408182736,0.0006658002001808206,0.9236892198773068,0.07564497992251222
FW_01605726,other_uncertain,0.009625113024442083,0.4378947854756311,0.5524801014999268,0.004582150349088428,0.5223484058168958,0.4730694438340159
FW_01458439,natural_vegetation_fire,0.0054135541399030415,0.9708288330676655,0.023757612792431416,0.0009540574819313501,0.9854232303590035,0.013622712159065003
FW_01491513,industrial_fire_candidate,0.8362716072630457,0.007961133527173769,0.1557672592097806,0.7992203159182918,0.0025844533769777303,0.19819523070473033
FW_01341954,other_uncertain,0.0018188771044400306,0.9013503199822029,0.09683080291335697,0.0006225810805504216,0.9419511001407035,0.057426318778746016
FW_01121066,industrial_fire_candidate,0.37231482356062273,0.007736283034416257,0.619948893404961,0.42435141891274203,0.001860278131610924,0.573788302955647
FW_00916504,natural_vegetation_fire,0.010485626281391597,0.8397343325430756,0.14978004117553287,0.0020595498953765593,0.9067532991946325,0.09118715090999083
FW_01135176,natural_vegetation_fire,0.012089347978460467,0.46988692392226244,0.5180237280992771,0.004903114455545417,0.5631980636123977,0.43189882193205686
FW_00058848,natural_vegetation_fire,0.034133518580921896,0.8179896763338781,0.14787680508519996,0.004395651872758936,0.9038807051200749,0.09172364300716628
FW_01666924,natural_vegetation_fire,0.0027106376379642154,0.8942683072278503,0.10302105513418558,0.0008053390974339273,0.9381035354654543,0.06109112543711177
FW_01600075,natural_vegetation_fire,0.019240778386684504,0.4383643273122883,0.5423948943010272,0.007005164079449057,0.5282092407259423,0.46478559519460866
FW_00872132,other_uncertain,0.12429914664900535,0.05577758094228846,0.8199232724087062,0.08844634172982765,0.035900900666314725,0.8756527576038576
FW_00156128,other_uncertain,0.5146547682880588,0.04500051773996438,0.44034471397197694,0.3078889478640325,0.036830547942560674,0.6552805041934069
FW_00728741,natural_vegetation_fire,0.0018934762684272197,0.9738213964089193,0.02428512732265358,0.0005047565614248082,0.9854406642755915,0.014054579162983619
FW_00946463,natural_vegetation_fire,0.0015265002891396227,0.9521464097843565,0.0463270899265038,0.0004853140665740932,0.9726326903701449,0.026881995563281098
FW_00207882,natural_vegetation_fire,0.004489600267621049,0.974154794063184,0.021355605669194994,0.0008396647690895524,0.9868862776508707,0.01227405758003983
FW_01138360,other_uncertain,0.004028766241583118,0.6291823504095178,0.36678888334889925,0.0017877246131742075,0.7302646021457826,0.26794767324104324
FW_00676922,industrial_fire_candidate,0.26153079297729304,0.08404257322324934,0.6544266337994576,0.12487852111421632,0.07416782538332546,0.8009536535024582
FW_00468854,other_uncertain,0.01924881011581897,0.3894196599028474,0.5913315299813336,0.007852838594576705,0.46508861330217927,0.5270585481032439
FW_00064174,natural_vegetation_fire,0.024803574501976334,0.6867738994313897,0.2884225260666339,0.004792788205410308,0.796065945713766,0.19914126608082372
FW_01574890,other_uncertain,0.0011763514059334958,0.9450348283649905,0.05378882022907596,0.0004248671200949388,0.9682002507132489,0.031374882166656355
FW_00436859,other_uncertain,0.10530153337681009,0.07199371873973613,0.8227047478834537,0.06959379816061408,0.05160252913964236,0.8788036726997436
FW_00510711,other_uncertain,0.1072665100502416,0.006925847700853958,0.8858076422489044,0.21023948470608542,0.001517438773197827,0.7882430765207168
FW_00483237,natural_vegetation_fire,0.001215100710108639,0.8367007603430758,0.16208413894681548,0.0005654191798151168,0.8984669205794156,0.10096766024076922
FW_01206597,other_uncertain,0.020676914483375178,0.844786278065628,0.13453680745099691,0.003062633509334321,0.9154431067961244,0.08149425969454138
FW_00672189,natural_vegetation_fire,0.0014715830148937668,0.9707290284742845,0.02779938851082181,0.00044093366641898864,0.9834402601282082,0.016118806205372965
FW_01632916,other_uncertain,0.04600804346051489,0.25650225311866787,0.6974897034208172,0.01910234800072414,0.28958664151731517,0.6913110104819608
FW_00125594,natural_vegetation_fire,0.0012522430518932405,0.9292549308756431,0.06949282607246375,0.0004623367688724864,0.958769168990901,0.04076849424022655
FW_01405566,natural_vegetation_fire,0.0006453967604028822,0.9798562536322882,0.01949834960730893,0.0002563416977649283,0.9882856151070014,0.011458043195233743
FW_00800366,other_uncertain,0.14666638374884777,0.05208197379459935,0.801251642456553,0.1024117463332052,0.03294136040511276,0.864646893261682
FW_01632903,other_uncertain,0.08545664632981437,0.28298511307205687,0.6315582405981288,0.026540704216010545,0.33940085223438443,0.634058443549605
FW_00056501,industrial_fire_candidate,0.44622316300177406,0.027841551217109236,0.5259352857811167,0.3180618808498779,0.015835011915389687,0.6661031072347324
FW_00831984,natural_vegetation_fire,0.003661931399631875,0.8310965633941135,0.16524150520625472,0.0011132177807647416,0.8967602171691168,0.10212656505011847
FW_00806931,other_uncertain,0.03529193566611918,0.09166457662906054,0.8730434877048203,0.030285122355193983,0.06944121581377329,0.9002736618310327
FW_00597055,natural_vegetation_fire,0.004046374273793625,0.9035851825577625,0.09236844316844378,0.0010014237151601002,0.9447647287200365,0.05423384756480348
FW_01273915,other_uncertain,0.0047517582237077685,0.02413831117999865,0.9711099305962937,0.01784945064532608,0.009775439914827126,0.9723751094398468
FW_00885461,natural_vegetation_fire,0.00303057384443633,0.9821633452571599,0.014806080898403908,0.0006330653462673194,0.9907839301450809,0.008583004508651862
FW_00874989,natural_vegetation_fire,0.0037398150255575665,0.9717299534438637,0.024530231530578858,0.0007641760789803434,0.9851355441253787,0.014100279795640805
FW_00039604,natural_vegetation_fire,0.001997183494357941,0.8740483113548264,0.12395450515081573,0.0007026032700463771,0.9245518238476926,0.07474557288226082
FW_00519225,natural_vegetation_fire,0.0014279629183367084,0.8865263155921996,0.11204572148946376,0.0005576783621783084,0.9321779828210197,0.06726433881680192
FW_00845564,other_uncertain,0.004045457561542337,0.029303002675544126,0.9666515397629135,0.014614443105834795,0.01292744355646714,0.972458113337698
FW_00566738,natural_vegetation_fire,0.06382892431693209,0.043900287611040194,0.8922707880720278,0.06453458174792044,0.024222358035605126,0.9112430602164744
FW_01009121,other_uncertain,0.03841889305710813,0.3213697141176573,0.6402113928252346,0.014298744978136501,0.3797621507673209,0.6059391042545427
FW_00266312,natural_vegetation_fire,0.0071040496167864,0.942732725039595,0.050163225343618736,0.001255061617967495,0.9699793566397839,0.028765581742248834
FW_00528475,other_uncertain,0.10222677067206988,0.009668806414604799,0.8881044229133253,0.17693860608682171,0.002536690580884361,0.8205247033322939
FW_01137528,other_uncertain,0.05458136562316819,0.3923900775807895,0.5530285567960423,0.014984151314286445,0.48386825302671016,0.5011475956590034
FW_00967949,natural_vegetation_fire,0.0016899013729584668,0.9580680884662559,0.04024201016078549,0.0005050080926565821,0.9761990169600077,0.023295974947335894
FW_00554480,other_uncertain,0.00350770447827632,0.03514197231683024,0.9613503232048934,0.012172080676005812,0.01679342452437249,0.9710344947996217
FW_01627182,other_uncertain,0.04457246180628498,0.11212903681174749,0.8432985013819675,0.03142069101403629,0.09341148712663072,0.8751678218593331
FW_00618814,natural_vegetation_fire,0.0010969763623917715,0.922516865219737,0.0763861584178713,0.00043491569315023585,0.9545308839317042,0.04503420037514547
FW_00211666,natural_vegetation_fire,0.0007398273484498179,0.9833256496079177,0.015934523043632555,0.00027188328911068645,0.9903527555009711,0.009375361209918096
FW_01140050,other_uncertain,0.01385385246288096,0.3375411169990146,0.6486050305381045,0.0072723871958902024,0.3927846339492212,0.5999429788548886
FW_00850140,natural_vegetation_fire,0.00556702177027709,0.9125878368787802,0.08184514135094277,0.0011849069891445856,0.9511498021905946,0.047665290820260636
FW_01603287,other_uncertain,0.3741299226417068,0.0650294189974292,0.5608406583608639,0.19220222209333354,0.05629383555632411,0.7515039423503423
FW_01655866,natural_vegetation_fire,0.12775974352234498,0.1518838998129134,0.7203563566647417,0.053037264773363735,0.15430024329798808,0.7926624919286481
FW_01604702,other_uncertain,0.12959265867298617,0.055247848575260126,0.8151594927517537,0.09141364002804106,0.035529864393873276,0.8730564955780857
FW_01488026,natural_vegetation_fire,0.0008648273638961034,0.9458385983365132,0.05329657429959064,0.0003522189631227328,0.9684509000611924,0.031196880975684932
FW_00069285,natural_vegetation_fire,0.0014602414434182946,0.9472339729626424,0.05130578559393925,0.0004803869469582986,0.969691838546121,0.0298277745069207
FW_01642320,natural_vegetation_fire,0.0011875337005036394,0.8859413917999007,0.11287107449959562,0.0004997309297023803,0.9315658056636035,0.06793446340669404
FW_00788721,natural_vegetation_fire,0.0011071264127643617,0.9788543391581894,0.020038534429046108,0.00035626603721280624,0.9879508258212341,0.011692908141553004
FW_00723905,natural_vegetation_fire,0.0011896659733453658,0.892996081511185,0.1058142525154697,0.0004919957930151512,0.9361104514816699,0.06339755272531486
FW_00335515,natural_vegetation_fire,0.010026898056771335,0.7526889419830083,0.23728415996022056,0.00241108234106672,0.8426668253282227,0.1549220923307105
FW_00829193,industrial_fire_candidate,0.002728368335561353,0.637451936845566,0.35981969481887266,0.0013876625446917123,0.7367799444159232,0.26183239303938516
FW_01279329,natural_vegetation_fire,0.06820977085519524,0.6664775128975929,0.2653127162472118,0.00933128092928799,0.8005366434518346,0.1901320756188774
FW_00438500,natural_vegetation_fire,0.01670228768096191,0.7460552001154267,0.23724251220361123,0.0033301316194706775,0.8411646064451122,0.15550526193541717
FW_00574036,other_uncertain,0.17226404173011942,0.19347662677397506,0.6342593314959056,0.05670174534622315,0.22461670486819343,0.7186815497855834
FW_01263635,other_uncertain,0.0020129792271531923,0.9218010689104087,0.07618595186243816,0.0006278223141678861,0.9547616236622997,0.04461055402353245
FW_00434988,natural_vegetation_fire,0.0021413771515259917,0.7686683044183769,0.22919031843009713,0.0009174139187106857,0.8494415955999587,0.14964099048133073
FW_01659118,other_uncertain,0.026026388601805204,0.021990137638430142,0.9519834737597646,0.052564285268117156,0.008618942747940289,0.9388167719839424
FW_00669695,other_uncertain,0.002853001884686256,0.8010430258726204,0.19610397224269338,0.0010203936550205938,0.8746010773640394,0.12437852898094007
FW_01501883,natural_vegetation_fire,0.013873744490110496,0.8178984343381025,0.1682278211717869,0.002557049818294884,0.8934195424222173,0.10402340775948792
FW_00355459,natural_vegetation_fire,0.0032636353042670083,0.8848819817096905,0.11185438298604253,0.0009209322624992777,0.9324790115230011,0.06660005621449964
FW_01187777,industrial_fire_candidate,0.07668942859124804,0.062490503787915645,0.8608200676208363,0.060713861718708406,0.04105300572577761,0.898233132555514
FW_01411763,natural_vegetation_fire,0.0045435152186142505,0.7719009908815709,0.2235554938998148,0.0014357508652873595,0.8540630052543765,0.14450124388033608
FW_00636833,other_uncertain,0.030055189962617256,0.08872886281404027,0.8812159472233424,0.027874102288795027,0.06597288352172968,0.9061530141894754
FW_00687422,other_uncertain,0.025164219918486462,0.17796203307075212,0.7968737470107614,0.016701748166370434,0.17501416587889512,0.8082840859547343
FW_01175334,natural_vegetation_fire,0.11317038460673838,0.1739390818752577,0.712890533518004,0.0449127644036321,0.18379459573169082,0.771292639864677
FW_00627316,natural_vegetation_fire,0.0021012689637974384,0.6558421590403212,0.3420565719958814,0.001140877939024207,0.753274975281687,0.24558414677928894
FW_00437353,natural_vegetation_fire,0.018048281729510767,0.5374644124582315,0.4444873058122577,0.005406512183676994,0.6447662399640791,0.349827247852244
FW_00995905,natural_vegetation_fire,0.0014632814990348864,0.9283314088228215,0.07020530967814369,0.0005090544081064908,0.9583631899227922,0.04112775566910138
FW_00287118,natural_vegetation_fire,0.005346010007158251,0.7988042929278448,0.19584969706499705,0.0014978039299209161,0.8748130341729144,0.1236891618971645
FW_01715244,natural_vegetation_fire,0.0015405212864156113,0.9333839429680864,0.06507553574549807,0.0005175577286341036,0.9614718474644631,0.03801059480690276
FW_01216684,natural_vegetation_fire,0.8256427028367455,0.04744223194305699,0.12691506522019746,0.6021163401493635,0.06739154749518168,0.3304921123554547
FW_00425827,other_uncertain,0.0061454810747894354,0.09214713073506653,0.901707388190144,0.010245451657037814,0.06780687944864312,0.921947668894319
FW_00756273,natural_vegetation_fire,0.03206817097459241,0.2981799768160592,0.6697518522093485,0.013556824905929117,0.34492908534319716,0.6415140897508737
FW_00703383,natural_vegetation_fire,0.07459185337744273,0.672097537286117,0.2533106093364402,0.009746634354142771,0.8089678120104639,0.18128555363539345
FW_00679152,other_uncertain,0.0024415445261532355,0.5912740387837889,0.4062844166900578,0.001426760423974574,0.6906509454049115,0.3079222941711141
FW_01711610,other_uncertain,0.027675725842078627,0.11623947161415608,0.8560848025437653,0.022809211704839055,0.09686061723601753,0.8803301710591434
FW_00573097,natural_vegetation_fire,0.010942830273704128,0.6809859340801646,0.3080712356461312,0.002947148930813605,0.7832693689218411,0.21378348214734533
FW_00075413,natural_vegetation_fire,0.001013613003357316,0.9607936809493439,0.03819270604729875,0.0003678207170861748,0.9773964661803767,0.0222357131025371
FW_01314968,natural_vegetation_fire,0.0017929470905595545,0.9746113572568157,0.023595695652624635,0.0004865784332632994,0.9858461123604306,0.01366730920630599
FW_01420042,natural_vegetation_fire,0.001916956427462802,0.9449497129792425,0.053133330593294836,0.0005698242266165264,0.9686143479801369,0.030815827793246518
FW_00141741,natural_vegetation_fire,0.019199732606225543,0.7522250636494343,0.22857520374434,0.0035774270493925038,0.8473747470853328,0.14904782586527476
FW_01610566,other_uncertain,0.0015978374957695315,0.02546996898436187,0.9729321935198686,0.008922110170547129,0.010468948520378605,0.9806089413090742
FW_01699553,other_uncertain,0.10969330188464495,0.0656551831575236,0.8246515149578314,0.07495190375523811,0.045208616493740715,0.8798394797510213
FW_00374045,natural_vegetation_fire,0.0021978839079163,0.7282400938319027,0.2695620222601809,0.00101203714161779,0.8170588849001525,0.18192907795822966
FW_01256703,natural_vegetation_fire,0.01664415605192032,0.5948747814205166,0.38848106252756315,0.00455203727798075,0.7048485996500257,0.2905993630719937
FW_01116311,other_uncertain,0.00315688210040074,0.726622809672082,0.2702203082275171,0.0012639706648234956,0.8167608137037552,0.18197521563142138
FW_01532420,natural_vegetation_fire,0.0028292290677875516,0.8624504464724096,0.13472032445980262,0.0008896710520448662,0.9175284289131935,0.08158190003476166
FW_00360431,natural_vegetation_fire,0.001821847292331914,0.9770724944713738,0.02110565823629421,0.00048458378406170973,0.9872784835726995,0.01223693264323883
FW_01040059,other_uncertain,0.5864214044648789,0.021368496260883545,0.3922100992742375,0.4522819938977576,0.01164806807254563,0.5360699380296968
FW_00566733,natural_vegetation_fire,0.5260966688633387,0.03187428003544605,0.44202905110121526,0.3561700237549487,0.021300589538490393,0.6225293867065609
FW_01657158,natural_vegetation_fire,0.0016545652311995263,0.7766394892824785,0.221705945486322,0.0007723224873459877,0.8550091257683399,0.14421855174431414
FW_00520479,other_uncertain,0.001144657572468138,0.030679986471248755,0.9681753559562831,0.006591547919058974,0.013650327165727562,0.9797581249152135
FW_01613217,other_uncertain,0.014346724287151792,0.08154956226337563,0.9041037134494726,0.018447698333169317,0.05758099984605684,0.9239713018207739
FW_01191401,natural_vegetation_fire,0.009750482859536159,0.8425887264825045,0.14766079065795934,0.0019589808489695244,0.9082994846224491,0.08974153452858144
FW_00646618,other_uncertain,0.02894996942634619,0.06592801412528142,0.9051220164483724,0.03190443761123337,0.042907102123190315,0.9251884602655763
FW_01657578,other_uncertain,0.5298656503600825,0.06238800134530756,0.4077463482946099,0.2811045353358254,0.06334983117591689,0.6555456334882577
FW_00661231,natural_vegetation_fire,0.0017027484926083792,0.9098944359384585,0.08840281556893316,0.000585680131270889,0.9472105937310801,0.0522037261376491
FW_00645743,other_uncertain,0.0866514191538609,0.015512600409844226,0.8978359804362949,0.12926344272193252,0.005192087931956496,0.865544469346111
FW_01301566,natural_vegetation_fire,0.005136233605465851,0.9356845400781505,0.059179226316383664,0.001058110704063681,0.9648405892632035,0.03410130003273285
FW_00048890,other_uncertain,0.04795955419623308,0.35965816216656316,0.5923822836372038,0.014943983213630978,0.43661696239129644,0.5484390543950726
FW_00095809,natural_vegetation_fire,0.006384825261846752,0.8700284135775176,0.12358676116063559,0.0014274641195032862,0.9247131554497718,0.07385938043072489
FW_00457734,natural_vegetation_fire,0.0021137249137918794,0.7826640937689889,0.21522218131721915,0.0008844324753883376,0.8601581432831289,0.13895742424148275
FW_00222698,natural_vegetation_fire,0.0021600169831445036,0.8402946960428277,0.15754528697402764,0.0007938123466685348,0.9019658786073135,0.09724030904601799
FW_00965926,natural_vegetation_fire,0.0026127844329402205,0.8444243703570103,0.15296284521004952,0.0008824028727943714,0.9051898846120225,0.09392771251518317
FW_00804422,natural_vegetation_fire,0.0037984271538813313,0.8119026919238315,0.1842988809222871,0.0011855004585194363,0.8832522424807598,0.11556225706072076
FW_01031981,natural_vegetation_fire,0.0035075417985164915,0.6112196233153461,0.3852728348861376,0.001705635530253904,0.7121193511650039,0.2861750133047421
FW_01593631,natural_vegetation_fire,0.009868752772954908,0.6658883858364785,0.32424286139056674,0.002855321676172082,0.769057379897741,0.22808729842608674
FW_00413585,natural_vegetation_fire,0.0010915032472992945,0.8913283988169439,0.10758009793575683,0.00046897981107800734,0.9349402565489036,0.0645907636400184
FW_01177236,natural_vegetation_fire,0.02636322284227943,0.43323856990698195,0.5403982072507386,0.00861346968878104,0.5251440433342539,0.4662424869769652
FW_00768190,natural_vegetation_fire,0.004360490624808833,0.6508921815878875,0.3447473277873036,0.0017937941820729765,0.7512061983007663,0.2470000075171608
FW_01617926,natural_vegetation_fire,0.0015671086697794225,0.8407165021157862,0.1577163892144345,0.0006535384831478356,0.9016790856463314,0.09766737587052078
FW_00823892,natural_vegetation_fire,0.2041459728272668,0.3778976091103733,0.41795641806236006,0.03806175034573654,0.5290729500697297,0.43286529958453374
FW_00558380,natural_vegetation_fire,0.0058148428556575385,0.9321634723803859,0.06202168476395655,0.0011515741423941141,0.9630920518135491,0.03575637404405695
FW_01129648,other_uncertain,0.0691465632034483,0.03673483339629712,0.8941186034002546,0.07419071114149142,0.018674358826493747,0.9071349300320147
FW_00040366,industrial_fire_candidate,0.7932856598886512,0.0101874877818824,0.19652685232946657,0.7329230918188641,0.0038937404309151574,0.26318316775022094
FW_00679114,natural_vegetation_fire,0.0011474202396466236,0.9459531571129484,0.052899422647404964,0.00041733213896817325,0.9687267452981914,0.03085592256284056
FW_00544311,natural_vegetation_fire,0.004658818792725033,0.8426232214655917,0.15271795974168323,0.001255408989729122,0.9053923234365172,0.09335226757375362
FW_01650149,natural_vegetation_fire,0.0033553956117707965,0.8656108951257809,0.13103370926244823,0.0009789658236211145,0.9199911631022265,0.07902987107415238
FW_00407933,natural_vegetation_fire,0.17966276345898283,0.40007789030303365,0.42025934623798344,0.03274355630163195,0.549747083767272,0.417509359931096
FW_00405195,natural_vegetation_fire,0.012746840316349328,0.7789873185170456,0.20826584116660501,0.0026393040511331267,0.8644630018646695,0.13289769408419738
FW_00783980,natural_vegetation_fire,0.0023412019967974365,0.955004885930447,0.04265391207275565,0.000620833193670125,0.9747627726445176,0.024616394161812175
FW_00013940,other_uncertain,0.014173519201599597,0.14963901340695332,0.8361874673914471,0.012999106077207391,0.13616856976689312,0.8508323241558995
FW_00052824,natural_vegetation_fire,0.0059306738281918745,0.8087769419093461,0.1852923842624619,0.001561512888145223,0.8824420507622752,0.11599643634957951
FW_00684825,natural_vegetation_fire,0.0037084551821348643,0.8801396014515919,0.11615194336627342,0.001005662500871969,0.929708352344413,0.0692859851547152
FW_00000029,natural_vegetation_fire,0.010671552552847364,0.791770537827087,0.1975579096200657,0.0023076411668338406,0.8728351518016517,0.12485720703151448
FW_00234241,natural_vegetation_fire,0.004116399997480933,0.9706313288224635,0.025252271180055633,0.0008132241948581665,0.9846861789479507,0.014500596857191163
FW_00004729,natural_vegetation_fire,0.0032867148110054365,0.9471157777939727,0.04959750739502193,0.0007815446359889786,0.9706383261689333,0.028580129195077603
FW_00696958,other_uncertain,0.031044702304753435,0.09389283705697872,0.8750624606382678,0.027584018562644363,0.07162196636690034,0.9007940150704554
FW_01130473,natural_vegetation_fire,0.0015549539881270051,0.7786957040243132,0.2197493419875598,0.0007407585074189117,0.8564535615281947,0.14280567996438645
FW_01217031,natural_vegetation_fire,0.0018505464817852172,0.9561124336086609,0.042037019909553795,0.0005371118793924969,0.9751449170947897,0.024317971025817776
FW_01217335,natural_vegetation_fire,0.008925503330152098,0.4256876240250259,0.565386872644822,0.004498738468949144,0.5065242527392928,0.488977008791758
FW_01262143,natural_vegetation_fire,0.004038959877085103,0.9535767686705627,0.04238427145235202,0.0008642513078412791,0.9747982315319168,0.024337517160241944
FW_00860587,natural_vegetation_fire,0.011836745103555252,0.8130993652019318,0.17506388969451286,0.0023477115252064124,0.8889310461005598,0.10872124237423365
FW_00538131,natural_vegetation_fire,0.005757266415722836,0.8976019128825243,0.09664082070175302,0.0012561722884849949,0.9419793278071464,0.05676449990436866
FW_01651743,natural_vegetation_fire,0.003434672571257571,0.8631958574118744,0.13336947001686814,0.0009982489770292973,0.918445286736174,0.0805564642867967
FW_01380450,other_uncertain,0.056943325986473184,0.6402242973495462,0.3028323766639807,0.008824353416010403,0.7703319338671178,0.22084371271687173
FW_00693372,natural_vegetation_fire,0.008868167274899325,0.8855926069000832,0.10553922582501749,0.0016762101550127546,0.936057536391674,0.0622662534533132
FW_01248763,natural_vegetation_fire,0.0022890275477537646,0.9587838396176643,0.03892713283458172,0.0006039912288588736,0.9769386242492861,0.02245738452185516
FW_01541003,natural_vegetation_fire,0.012340645892504772,0.7407900879509879,0.24686926615650734,0.002802354525186664,0.834547194533524,0.16265045094128935
FW_00095790,natural_vegetation_fire,0.004965477737275903,0.842612439557956,0.15242208270476823,0.0013046093937469215,0.905578477973629,0.09311691263262414
FW_01648915,other_uncertain,0.08145395843326918,0.007151827052852399,0.9113942145138785,0.17720086177267158,0.0016040026652645002,0.8211951355620639
FW_01166053,other_uncertain,0.3109985940926613,0.012444344751322134,0.6765570611560165,0.3202732431479826,0.003961006407433024,0.6757657504445843
FW_01132041,natural_vegetation_fire,0.0021340463256877733,0.842291184316054,0.15557476935825817,0.0007846466413871388,0.9033207159553721,0.09589463740324061
FW_00771451,natural_vegetation_fire,0.0010426531775342683,0.9852399600349264,0.013717386787539258,0.000328884113602015,0.9916137937042944,0.008057322182103751
FW_01600285,natural_vegetation_fire,0.01900555085122609,0.5974922911260206,0.38350215802275317,0.0049098545889838426,0.7088126029734599,0.2862775424375563
FW_00449872,other_uncertain,0.030054987107471277,0.1748642087667828,0.795080804125746,0.01887386784442119,0.17170456537492682,0.809421566780652
FW_01175736,natural_vegetation_fire,0.0030788773879103495,0.7987972785016894,0.19812384411040035,0.0010734459784180529,0.8731413942505718,0.12578515977101015
FW_01176561,natural_vegetation_fire,0.0014319289462530332,0.9195914728346652,0.07897659821908164,0.0005145700494292668,0.9530025276036876,0.046482902346882855
FW_01372252,natural_vegetation_fire,0.0020327843186290196,0.9557621469949535,0.04220506868641756,0.0005689251202571568,0.9750398358215401,0.02439123905820274
FW_00919835,natural_vegetation_fire,0.0018297267547905133,0.9850360463638812,0.013134226881328223,0.000459928203103384,0.9918698453191034,0.0076702264777932586
FW_01513979,natural_vegetation_fire,0.0036268755210586696,0.6274211993056258,0.36895192517331554,0.0016834138435368896,0.728151514449091,0.27016507170737203
FW_01222556,natural_vegetation_fire,0.0011724101380108077,0.9437630270688033,0.055064562793186,0.00042571560291386473,0.967439795028116,0.03213448936897028
FW_01351433,other_uncertain,0.0011577470163146098,0.02890140800769965,0.9699408449759858,0.006851126212379516,0.01252440251560411,0.9806244712720164
FW_01169256,natural_vegetation_fire,0.0025553814272457637,0.615830903669426,0.3816137149033281,0.0013941833007616034,0.715534936542367,0.28307088015687143
FW_00069932,natural_vegetation_fire,0.21459792159596233,0.4486109199511776,0.33679115845286,0.03299997112978868,0.6366313471462983,0.3303686817239129
FW_00146365,natural_vegetation_fire,0.009077704496929394,0.5566903811457747,0.4342319143572958,0.0034083912015086806,0.6603582545771727,0.33623335422131867
FW_01657662,other_uncertain,0.02671260377781273,0.12572000515423887,0.8475673910679484,0.02133786195762443,0.10813238460063199,0.8705297534417437
FW_00181831,other_uncertain,0.031250804741056716,0.15202062583869436,0.8167285694202489,0.021068209856436954,0.14172791311174898,0.8372038770318141
FW_01437141,industrial_fire_candidate,0.832770576655177,0.00522706474122509,0.16200235860359813,0.8289631235635739,0.0011686340274140582,0.169868242409012
FW_00417403,natural_vegetation_fire,0.010456540638178337,0.7110602600611922,0.27848319930062954,0.0026948473031018563,0.8089801848218698,0.18832496787502828
FW_00535199,natural_vegetation_fire,0.0008869071079777223,0.9354899955517284,0.063623097340294,0.00036904703243552676,0.9622533668224809,0.03737758614508362
FW_01137526,other_uncertain,0.04372690286915681,0.3160162420941102,0.640256855036733,0.015736461021776792,0.3740191391576416,0.6102443998205815
FW_01116651,other_uncertain,0.04032843575270721,0.07955965230934361,0.8801119119379492,0.03553622282917621,0.056836753110799394,0.9076270240600244
FW_01366879,natural_vegetation_fire,0.003636590923317476,0.80363357731786,0.19272983175882252,0.0011750009772286754,0.8771355130359181,0.12168948598685325
FW_00751085,other_uncertain,0.002116313887141121,0.9421915519842837,0.05569213412857501,0.0006099695795401306,0.9670949670303901,0.03229506339006973
FW_01276650,natural_vegetation_fire,0.0021019997096215267,0.9509404293197676,0.046957570970610964,0.0005903963931974276,0.9722525200426295,0.027157083564173123
FW_01070965,natural_vegetation_fire,0.0013118380404188205,0.9271115926583212,0.07157656930126007,0.000478299319949977,0.9575110750735943,0.04201062560645575
FW_01453480,natural_vegetation_fire,0.004472174856404294,0.9521987086116912,0.04332911653190444,0.0009228707503097911,0.9742115538871569,0.024865575362533438
FW_00991741,industrial_fire_candidate,0.07980692141038336,0.06725941080388857,0.8529336677857281,0.060005242103832096,0.0458285381369839,0.894166219759184
FW_00596843,natural_vegetation_fire,0.023261921748410894,0.5885013083399128,0.3882367699116764,0.005664527621769435,0.7019533371875959,0.2923821351906347
FW_01168357,other_uncertain,0.5101926578879432,0.013808671705919442,0.47599867040613736,0.45043168374484865,0.005241855450508999,0.5443264608046423
FW_01116784,other_uncertain,0.011567202675136064,0.11786559961061846,0.8705671977142455,0.013174925857523823,0.09708816203047725,0.889736912111999
FW_00770349,other_uncertain,0.00195908389476332,0.9242810256011769,0.07375989050405989,0.000613511293494881,0.9562377493378961,0.04314873936860891
FW_00267532,natural_vegetation_fire,0.007209222436181123,0.8851271424634156,0.10766363510040325,0.0014820514335620403,0.9348888941819175,0.06362905438452053
FW_00541313,other_uncertain,0.05302266629231522,0.25409502927644356,0.6928823044312412,0.021065336025425707,0.28796580669666344,0.6909688572779109
FW_00762632,natural_vegetation_fire,0.011213437123227293,0.8722086672493925,0.1165778956273802,0.0019918678963840313,0.9286978803767938,0.06931025172682222
FW_01471099,natural_vegetation_fire,0.001244383115986028,0.9657228030925598,0.033032813791454195,0.0004078158531276942,0.9804118222539133,0.01918036189295887
FW_00584226,natural_vegetation_fire,0.00237661222373489,0.9177056210822382,0.07991776669402685,0.0007013689779154625,0.9524894268808733,0.04680920414121124
FW_00030723,natural_vegetation_fire,0.014912007221498342,0.8650338284703172,0.12005416430818451,0.0024030041262338713,0.9259294598895603,0.07166753598420582
FW_01480979,natural_vegetation_fire,0.00317334161153522,0.9294914564567252,0.06733520193173964,0.000807754859148825,0.9601087580920161,0.039083487048835026
FW_01030465,other_uncertain,0.03296862075433563,0.2550248566171789,0.7120065226284855,0.015530708772470384,0.2839738491022043,0.7004954421253253
FW_01116641,other_uncertain,0.16744015394033412,0.06188713531418116,0.7706727107454847,0.10335897621029444,0.0432793433949275,0.8533616803947781
FW_01199961,natural_vegetation_fire,0.0010633084938736794,0.9199432787045216,0.07899341280160485,0.00042977877711832023,0.9529187308742101,0.04665149034867152
FW_00895556,other_uncertain,0.7455291738202687,0.07404076576996467,0.18043006040976656,0.4366430239736033,0.12097837745146266,0.44237859857493406
FW_01157036,industrial_fire_candidate,0.23189942387525936,0.00897916439129133,0.7591214117334493,0.2983674598249568,0.0022902381828262043,0.6993423019922169
FW_00526363,other_uncertain,0.002240879592712609,0.024819956234573188,0.9729391641727143,0.011121905020830773,0.010116542878269106,0.9787615521009001
FW_00695073,natural_vegetation_fire,0.007372511647791132,0.9131988040951446,0.0794286842570642,0.0013995243615892124,0.9524581628817791,0.04614231275663162
FW_00496038,natural_vegetation_fire,0.0007586074612754153,0.9570513608961319,0.04219003164259271,0.00031339407147698475,0.975022690227667,0.02466391570085595
FW_01539337,natural_vegetation_fire,0.02093624777990121,0.28027392444057847,0.6987898277795203,0.010898055325224974,0.3160385146105797,0.6730634300641953
FW_00032532,natural_vegetation_fire,0.003092312781627098,0.8824266542280655,0.11448103299030728,0.0008966839324517886,0.9307895169589772,0.06831379910857095
FW_01388715,natural_vegetation_fire,0.002045829405515432,0.9757196264864023,0.02223454410808224,0.0005231897568088885,0.9866090308709708,0.012867779372220353
FW_01396619,natural_vegetation_fire,0.0009717440739468232,0.9737369788919289,0.0252912770341244,0.0003389034388198801,0.984914833798303,0.014746262762877205
FW_01251533,natural_vegetation_fire,0.006614165596193967,0.624335516655372,0.369050317748434,0.0024396923770170897,0.7277706718459568,0.26978963577702597
FW_00569284,other_uncertain,0.38113398156445183,0.05107526080328356,0.5677907576322646,0.21700210982019214,0.03900249961497034,0.7439953905648374
FW_01254678,other_uncertain,0.0169642133842335,0.4719562270393338,0.5110795595764326,0.00600874353329487,0.568417876312958,0.42557338015374724
FW_01143631,natural_vegetation_fire,0.0016987648962464522,0.8748729048915828,0.12342833021217074,0.0006361257716183293,0.9248393591554974,0.07452451507288428
FW_00046681,natural_vegetation_fire,0.0011545288525053171,0.9566506525889362,0.042194818558558354,0.0004039269250729396,0.9750544607106276,0.02454161236429944
FW_01152868,other_uncertain,0.02047368298164585,0.10272530940930583,0.8768010076090483,0.020257793055791985,0.08067231004356121,0.8990698969006469
FW_01203417,other_uncertain,0.16377041007811582,0.010714334250179295,0.8255152556717048,0.22457578481124718,0.002987744924752327,0.7724364702640005
FW_01271901,other_uncertain,0.025911419361808078,0.8264261607325879,0.14766241990560403,0.0036552626084488437,0.9055747653779572,0.09076997201359394
FW_01314244,natural_vegetation_fire,0.025858789719762108,0.7849851598114204,0.18915605046881748,0.003997431906894051,0.8758538570520475,0.12014871104105841
FW_00221632,natural_vegetation_fire,0.0015084747408420228,0.9791264511621429,0.01936507409701504,0.0004277935274761893,0.9883085730816195,0.011263633390904412
FW_00672449,other_uncertain,0.0021078844273234518,0.9385963713547288,0.059295744217947643,0.0006152728473476687,0.9649511727293978,0.03443355442325457
FW_01444163,natural_vegetation_fire,0.0038809159953322988,0.9759511490215877,0.020167934983080033,0.0007629099097323281,0.9876246097042143,0.011612480386053316
FW_00479621,natural_vegetation_fire,0.04346368668672225,0.2541429215538199,0.7023933917594578,0.018546542683463126,0.28552603744486443,0.6959274198716724
FW_01676136,other_uncertain,0.03214973031143635,0.3942764234071305,0.573573846281433,0.010677822300087387,0.4771535073605607,0.5121686703393519
FW_00696275,natural_vegetation_fire,0.0037963850495300305,0.9102322604938067,0.08597135445666332,0.0009476173574106413,0.9487387455322146,0.05031363711037466
FW_00442883,other_uncertain,0.6252926260596149,0.07777545013283621,0.2969319238075489,0.32048540695102073,0.10391587141528105,0.5755987216336982
FW_01637847,natural_vegetation_fire,0.007240307994547231,0.87649401136517,0.11626568064028293,0.001516588203696428,0.9293757089183975,0.06910770287790607
FW_01074987,industrial_fire_candidate,0.11762112675344083,0.03233547715374298,0.8500433960928162,0.11095559533865182,0.015846764820818336,0.8731976398405299
FW_00876095,natural_vegetation_fire,0.045036151476848474,0.6119072983254226,0.34305655019772885,0.008103416313844612,0.7367752943141467,0.2551212893720088
FW_00594143,natural_vegetation_fire,0.0011939937115145304,0.8866457146240697,0.11216029166441575,0.0005005402747291901,0.9320281583332632,0.06747130139200752
FW_00000492,industrial_fire_candidate,0.6152475056980513,0.03625540147515092,0.3484970928267977,0.40769483144974,0.029229390517669596,0.5630757780325903
FW_00347147,other_uncertain,0.013863191164690685,0.6587512472920166,0.3273855615432928,0.0035630673068008678,0.764952602496561,0.23148433019663797
FW_00332084,natural_vegetation_fire,0.009602143545791872,0.7477657821188912,0.24263207433531692,0.002372754095626416,0.838520291014534,0.1591069548898396
FW_01615279,other_uncertain,0.02312945873772918,0.2194397941615857,0.7574307471006851,0.013822453953010688,0.23135829449333012,0.7548192515536593
FW_00334710,natural_vegetation_fire,0.0021955504451267238,0.8681848413032421,0.12961960825163113,0.0007538305420324822,0.9208511380093101,0.07839503144865745
FW_01031895,natural_vegetation_fire,0.0019237556974430264,0.8999749406726174,0.09810130362993952,0.0006461297733747443,0.9411629031001236,0.05819096712650148
FW_00095771,natural_vegetation_fire,0.04587289648751696,0.687614195156286,0.266512908356197,0.006974933437384524,0.8077502815681685,0.18527478499444697
FW_00160007,natural_vegetation_fire,0.0034076944485701625,0.9532196040923446,0.04337270145908531,0.0007819800501987295,0.9742726492872961,0.024945370662505302
FW_00621081,other_uncertain,0.005730016168927946,0.8786196989797301,0.11565028485134189,0.0013111443905848888,0.9299153333171178,0.0687735222922973
FW_01187598,natural_vegetation_fire,0.00259337427440614,0.8834570671742237,0.11394955855137022,0.0008046151053040069,0.9311160162285841,0.06807936866611199
FW_01488256,natural_vegetation_fire,0.001655984213515875,0.9681893856434769,0.030154630143007267,0.00047876287236424056,0.982066481105619,0.017454756022016654
FW_00303850,natural_vegetation_fire,0.002431250511348286,0.9825536944674945,0.015015055021157193,0.0005546407993038832,0.9907242366121255,0.008721122588570572
FW_01160038,other_uncertain,0.006400603350574616,0.04919104860799382,0.9444083480414316,0.01472117451344658,0.027477733671742263,0.9578010918148112
FW_01379110,natural_vegetation_fire,0.002634189694957167,0.9815159337794053,0.015849876525637324,0.000585891542660816,0.9902238145641726,0.009190293893166402
FW_00770347,other_uncertain,0.0050922339969484195,0.9120091185340794,0.08289864746897203,0.0011249803500946033,0.9505431670045256,0.048331852645379994
FW_01283243,natural_vegetation_fire,0.001589375529426589,0.9574034928759627,0.0410071315946107,0.00048798230847472626,0.9757539976561759,0.023758020035349506
FW_01119694,natural_vegetation_fire,0.0034944323410269567,0.8019244818263555,0.19458108583261757,0.0011511663989161567,0.8757756521308935,0.12307318147019031
FW_01156176,other_uncertain,0.0008057157580125329,0.007964492414525133,0.9912297918274622,0.010877814054464733,0.001946775872787302,0.9871754100727479
FW_00702530,other_uncertain,0.01253062467676557,0.792253701154832,0.1952156741684023,0.0025401598340674637,0.8742201742038774,0.12323966596205504
FW_01650148,natural_vegetation_fire,0.0018754348339046856,0.8784000104062646,0.11972455475983071,0.0006697540322794538,0.9272966764231311,0.07203356954458957
FW_01270319,other_uncertain,0.06821627488372432,0.8049423795698167,0.1268413455464589,0.00685150968735453,0.9122852839695699,0.08086320634307574
FW_01387448,natural_vegetation_fire,0.0012260684801205463,0.9347695870279591,0.0640043444919203,0.00044936123637693187,0.9620863124883748,0.03746432627524835
FW_00348344,other_uncertain,0.003821320469649497,0.7341888678963874,0.2619898116339632,0.001397068239980107,0.8236001753029316,0.1750027564570883
FW_00545874,natural_vegetation_fire,0.0013157975097468847,0.8265522458990311,0.17213195659122196,0.0006062108291554293,0.8914452227445446,0.10794856642629994
FW_01604463,natural_vegetation_fire,0.002534956888814445,0.6963672315247278,0.3010978115864577,0.0011770465848767206,0.7903641495880768,0.20845880382704665
FW_01116764,other_uncertain,0.13005348712556025,0.03904920325787921,0.8308973096165606,0.10838497041614087,0.021176789702244563,0.8704382398816145
FW_01572774,other_uncertain,0.42038081157426593,0.020843359139863352,0.5587758292858708,0.3346840997715874,0.009708610049244056,0.6556072901791685
FW_00574034,other_uncertain,0.23347530184708434,0.044053016291950915,0.7224716818609647,0.15469108716014332,0.027295141597921586,0.818013771241935
FW_01304290,natural_vegetation_fire,0.005260328239024111,0.8042279548170185,0.19051171694395744,0.0014664642751395362,0.8787163645766997,0.11981717114816086
FW_00866723,natural_vegetation_fire,0.003175930762112608,0.9387816082114948,0.05804246102639252,0.0007862747528600463,0.9656587572214419,0.03355496802569811
FW_00740231,natural_vegetation_fire,0.004333463510567976,0.9177973922333041,0.07786914425612781,0.0010056981280699249,0.9536712000258473,0.045323101846082965
FW_01040328,other_uncertain,0.40579597803746464,0.08365664819258489,0.5105473737699505,0.1856271519650428,0.0857863065545433,0.7285865414804138
FW_00349690,natural_vegetation_fire,0.0017561872249567613,0.7810372935914626,0.21720651918358064,0.0007934347212831933,0.8585050543993968,0.1407015108793198
FW_00786479,natural_vegetation_fire,0.0017711611119351663,0.9493580066062849,0.04887083228178003,0.000535635828960578,0.9711339798747117,0.028330384296327744
FW_00535010,natural_vegetation_fire,0.004821442067458679,0.6679642349792249,0.3272143229533165,0.001840964880678013,0.7673396150024019,0.2308194201169201
FW_00961535,natural_vegetation_fire,0.006943792585122486,0.8984955284915082,0.09456067892336924,0.001402450488458115,0.9431689637570756,0.055428585754466436
FW_00876803,natural_vegetation_fire,0.014833976666336351,0.9160549406790306,0.06911108265463292,0.0021042871851923604,0.9579110733644154,0.039984639450392157
FW_00532184,natural_vegetation_fire,0.0010573539006891767,0.8520074113237781,0.14693523477553277,0.0005029984237958935,0.9088402711864563,0.09065673038974774
FW_01532703,natural_vegetation_fire,0.0007689878003975772,0.9763711469048201,0.022859865294782518,0.0002905102964077631,0.9863302695164488,0.013379220187143381
FW_01478549,natural_vegetation_fire,0.0016854158785439594,0.9731040343906519,0.025210549730804204,0.0004726388689614613,0.9849227730845841,0.0146045880464545
FW_00374419,natural_vegetation_fire,0.0022353918473499313,0.939309047098525,0.05845556105412502,0.0006359678560295844,0.9654502249749556,0.033913807169014785
FW_00022478,natural_vegetation_fire,0.0048033190114070735,0.8311727573706644,0.1640239236179286,0.0013108889070923165,0.8975862706697271,0.10110284042318066
FW_01455906,natural_vegetation_fire,0.0036358823250689227,0.9463219496204924,0.05004216805443862,0.0008323464792266557,0.97035253882501,0.02881511469576317
FW_00325142,other_uncertain,0.0021251288708649977,0.8689130201807421,0.1289618509483929,0.0007379515405715546,0.9212758417766096,0.07798620668281873
FW_00832792,other_uncertain,0.06174061169318502,0.04751658927928038,0.8907427990275347,0.06072122476718398,0.02718213633712208,0.9120966388956939
FW_01589593,natural_vegetation_fire,0.0009166038276229986,0.9397621678568353,0.05932122831554183,0.0003716905364134112,0.9648532684200006,0.03477504104358594
FW_00201032,natural_vegetation_fire,0.001030114801548329,0.9738000013230048,0.02516988387544681,0.0003508451912923635,0.9849835280100908,0.014665626798616774
FW_00794287,natural_vegetation_fire,0.0024730084824840103,0.9816957741581255,0.01583121735939051,0.0005637830034211767,0.9902506869681573,0.009185530028421488
FW_00839704,natural_vegetation_fire,0.003932918358388848,0.9033997973975326,0.09266728424407851,0.0009849205913559542,0.9445844173237447,0.05443066208489932
FW_00072060,natural_vegetation_fire,0.0016676987629006405,0.9531994359071811,0.0451328653299182,0.000509903523279838,0.9733345270553847,0.026155569421335532
FW_01274757,natural_vegetation_fire,0.0039107946221353706,0.9723346818035066,0.02375452357435797,0.0007821017022333739,0.9855648387825635,0.013653059515203162
FW_01437143,industrial_fire_candidate,0.38409870285455083,0.020122875633894744,0.5957784215115545,0.31467316002003426,0.008939798566007675,0.676387041413958
FW_00469435,other_uncertain,0.001569227246582626,0.03488784952092696,0.9635429232324904,0.007469854360560506,0.016487585312345558,0.976042560327094
FW_01058428,other_uncertain,0.007325163547463878,0.019836090123418026,0.9728387463291182,0.02572806479653325,0.0073730158973190265,0.9668989193061477
FW_01176384,other_uncertain,0.00689978599495261,0.11329708117177291,0.8798031328332745,0.009803179095173774,0.09112986715268051,0.8990669537521457
FW_00095773,natural_vegetation_fire,0.03836441154282679,0.6928533243296527,0.26878226412752054,0.006180109304121212,0.8084258891061392,0.1853940015897397
FW_00499611,natural_vegetation_fire,0.002198824532036923,0.9128858536657701,0.08491532180219301,0.0006778378830784616,0.9494101145923809,0.049912047524540544
FW_00250629,natural_vegetation_fire,0.005266253230116893,0.9225198307056555,0.07221391606422756,0.0011158040879755801,0.9570292684547157,0.04185492745730858
FW_00520278,other_uncertain,0.028589772885942583,0.10286001841764464,0.8685502086964128,0.024920608751226182,0.08144420178354488,0.893635189465229
FW_00569648,other_uncertain,0.11633951333505979,0.06244315973549241,0.8212173269294478,0.07996800741966345,0.04218952047857301,0.8778424721017636
FW_01245923,natural_vegetation_fire,0.002098745992029102,0.9445666779553512,0.05333457605261968,0.0006023919494621031,0.9684926413017051,0.030904966748832793
FW_01116735,other_uncertain,0.04591777928623376,0.0885715474751313,0.8655106732386351,0.036422816759771215,0.06666409979376255,0.8969130834464663
FW_00540260,other_uncertain,0.030019280441106036,0.1265293340987714,0.8434513854601227,0.022870817238111584,0.10945869530632947,0.867670487455559
FW_00004767,natural_vegetation_fire,0.0011076839308325364,0.9480465144687551,0.050845801600412334,0.00040582749876587234,0.9699431552856989,0.02965101721553528
FW_00145796,natural_vegetation_fire,0.003551408741148796,0.832991063563722,0.16345752769512917,0.0010883912506564812,0.8980015679983572,0.10091004075098635
FW_00026165,other_uncertain,0.17935443959478845,0.01099302190263531,0.8096525385025763,0.23499674579452834,0.003119028462290345,0.7618842257431814
FW_00125581,natural_vegetation_fire,0.0013792440573941094,0.9718545877240685,0.026766168218537396,0.0004218831411386294,0.9840432705886908,0.015534846270170667
FW_01264753,natural_vegetation_fire,0.0009639739514930026,0.9639802018418216,0.03505582420668534,0.0003524305762928192,0.9792300660036578,0.020417503420049443
FW_00033147,other_uncertain,0.6011443317386741,0.041467128223587696,0.3573885400377382,0.3795198539252411,0.035870643824722416,0.5846095022500365
FW_01059537,other_uncertain,0.0034061875996539274,0.32773487475047,0.668858937649876,0.003152707596546809,0.3729313870070528,0.6239159053964004
FW_00112097,other_uncertain,0.01181841477749665,0.04114937994898339,0.94703220527352,0.023531967514209634,0.021350879921108897,0.9551171525646815
FW_00961537,natural_vegetation_fire,0.0046983350483486945,0.8923700961279392,0.102931568823712,0.0011261957695402407,0.9381047539677273,0.06076905026273239
FW_00267985,natural_vegetation_fire,0.001538530073134953,0.9751458676726565,0.02331560225420849,0.000442858164927158,0.9860272015544371,0.013529940280635804
FW_00890723,other_uncertain,0.6738167560833098,0.021339788318308565,0.30484345559838155,0.5275471428090178,0.012754132324690692,0.4596987248662915
FW_00286147,natural_vegetation_fire,0.0008348366016042771,0.9822213534117421,0.016943809986653523,0.00029452825024295777,0.9897609452166509,0.009944526533106067
FW_01395782,natural_vegetation_fire,0.0035988543961097724,0.9025071344581151,0.09389401114577516,0.000935858257979691,0.9438339466972917,0.055230195044728723
FW_00243118,natural_vegetation_fire,0.003324215854253982,0.9717971162073877,0.024878667938358277,0.000712549160458478,0.9849737765777645,0.014313674261777112
FW_01689003,natural_vegetation_fire,0.033428100621903115,0.7261204472880113,0.24045145209008553,0.005295021827105068,0.8338841372736786,0.1608208408992163
FW_00579683,natural_vegetation_fire,0.00238999424061305,0.9067306708044394,0.09087933495494745,0.0007239846772252767,0.9457191129943068,0.05355690232846793
FW_01362255,other_uncertain,0.0011153756330154786,0.023793065924432786,0.9750915584425517,0.007423610889446114,0.009455447292213048,0.9831209418183409
FW_00458266,other_uncertain,0.016094550809499727,0.28431251935064866,0.6995929298398516,0.009157440328754308,0.31999879194556113,0.6708437677256845
FW_00617740,natural_vegetation_fire,0.0020235756512991068,0.9157373141591912,0.0822391101895097,0.0006400447085440385,0.951051845483267,0.04830810980818887
FW_00772804,natural_vegetation_fire,0.001001605757575912,0.9647098027127009,0.03428859152972307,0.00035955079681021485,0.979679381478715,0.019961067724474802
FW_00797240,natural_vegetation_fire,0.007776984780809573,0.8947651566599012,0.09745785855928922,0.00151500050202973,0.9412731278485263,0.05721187164944393
FW_00229773,natural_vegetation_fire,0.009156269909694908,0.7931515416870746,0.19769218840323047,0.0020976324101671254,0.8729914123734516,0.12491095521638133
FW_00469278,other_uncertain,0.2716526532441503,0.09687170308296887,0.6314756436728809,0.12007211570500456,0.09252341652431822,0.7874044677706772
FW_00552435,other_uncertain,0.004343799417445548,0.29141875940645123,0.7042374411761032,0.0040166002643541344,0.3240704454162227,0.6719129543194231
FW_00025348,other_uncertain,0.017691582320850607,0.13724189157285552,0.845066526106294,0.015694270739363587,0.12119361817350337,0.863112111087133
FW_00460478,natural_vegetation_fire,0.0026521990960270297,0.8639097063056628,0.13343809459831027,0.000852904533856876,0.9183687404124706,0.0807783550536724
FW_00790504,natural_vegetation_fire,0.0007596913973895913,0.9692865772985116,0.02995373130409866,0.0002986389697009167,0.9822005887024823,0.017500772327816855
FW_00706544,natural_vegetation_fire,0.0015229311607125996,0.9562574196345563,0.04221964920473122,0.0004776441419273411,0.9750449213240749,0.024477434533997845
FW_01506446,natural_vegetation_fire,0.0013369133714199108,0.9464387898341676,0.05222429679441243,0.00045676455077000644,0.9691419363891014,0.030401299060128596
FW_01397862,natural_vegetation_fire,0.0052028603770181946,0.9170473718616176,0.0777497677613644,0.0011244219124711503,0.9536791315795758,0.04519644650795292
FW_00480299,other_uncertain,0.008058013880377447,0.5231802421845588,0.4687617439350637,0.003405009381309765,0.6227730419138052,0.373821948704885
FW_00268624,natural_vegetation_fire,0.001580317436042335,0.9855528510959028,0.01286683146805462,0.0004199293456226834,0.9920506342818557,0.0075294363725216355
FW_01194955,other_uncertain,0.7730531335766723,0.02150985181624778,0.20543701460708008,0.6281372041443465,0.014723491389699299,0.3571393044659544
FW_01591200,natural_vegetation_fire,0.04478576293029937,0.5478312799622976,0.407382957107403,0.009275092326913257,0.669777702277713,0.3209472053953736
FW_00671628,natural_vegetation_fire,0.009600212823459955,0.8298648111639185,0.1605349760126215,0.0019956486231230523,0.8994872471594487,0.09851710421742836
FW_00620234,other_uncertain,0.08348339614906503,0.42692274386847845,0.4895938599824566,0.018159982190818293,0.5421382939832089,0.43970172382597283
FW_00613147,other_uncertain,0.0046863774628295605,0.6822837811732425,0.3130298413639279,0.0017573297721514317,0.7800894577743036,0.21815321245354496
FW_00688137,natural_vegetation_fire,0.0036754200664194862,0.945163036031074,0.0511615439025066,0.000840942098091436,0.9696917421383122,0.029467315763596222
FW_01024757,natural_vegetation_fire,0.0006566584569153155,0.9656195526469133,0.0337237888961714,0.0002779778499246328,0.9799872442236228,0.019734777926452562
FW_01245309,natural_vegetation_fire,0.008452211886826357,0.9201685538869963,0.07137923422617738,0.0014898260743296424,0.9572311016151847,0.04127907231048569
FW_01050477,other_uncertain,0.009668954935484675,0.3161855765630767,0.6741454685014385,0.006151810719605107,0.3614622672523337,0.6323859220280612
FW_00090924,natural_vegetation_fire,0.003384720747996347,0.9653523435889725,0.031262935663031115,0.0007424921123827479,0.9812946086604676,0.017962899227149554
FW_00610163,industrial_fire_candidate,0.7186603954662872,0.01115341144919663,0.27018619308451597,0.6507704015805308,0.004260291364383554,0.3449693070550857
FW_01093362,natural_vegetation_fire,0.004879755779036884,0.868531636986231,0.12658860723473225,0.001218482986422955,0.9228702680269492,0.07591124898662803
FW_00457653,natural_vegetation_fire,0.003065888974098503,0.6817682097325506,0.3151659012933508,0.0013604587826840115,0.7780972917489096,0.2205422494684064
FW_01709913,natural_vegetation_fire,0.0030286675379869363,0.7839031416470267,0.21306819081498637,0.0010962228869844921,0.8619860302007477,0.13691774691226777
FW_00892307,natural_vegetation_fire,0.054053649084296315,0.5340900471986891,0.4118563037170146,0.010757306331565932,0.659094854844193,0.3301478388242411
FW_01332119,natural_vegetation_fire,0.0007362469984498417,0.986740958327242,0.012522794674308162,0.00026389263844225837,0.9923360630324943,0.007400044329063518
FW_00469797,natural_vegetation_fire,0.007651147961240919,0.7353335419052196,0.25701531013353957,0.0021215537564766586,0.827324915636518,0.1705535306070054
FW_00242597,natural_vegetation_fire,0.003954660972309453,0.9338309843177474,0.0622143547099431,0.000910070887997513,0.9631278963073902,0.03596203280461232
FW_01120954,other_uncertain,0.0031228025422450063,0.03136568186662343,0.9655115155911315,0.012038462411664426,0.014232201219893274,0.9737293363684423
FW_00106296,other_uncertain,0.05070892814681063,0.4533159875305724,0.4959750843226171,0.012391465342221934,0.5614759725070575,0.4261325621507205
FW_00051183,natural_vegetation_fire,0.004328504716496072,0.765653798115413,0.23001769716809095,0.0014123675819329813,0.8490793971895347,0.14950823522853218
FW_01333845,natural_vegetation_fire,0.018959098446017897,0.9172742642859587,0.06376663726802341,0.002422086897912598,0.9606829315608908,0.03689498154119669
FW_01717170,natural_vegetation_fire,0.0012462094818914953,0.8778800147437463,0.12087377577436222,0.000524171315448097,0.9263769936514965,0.07309883503305539
FW_00096305,natural_vegetation_fire,0.0005826254428057337,0.9780001757805414,0.021417198776652914,0.00024373939899585123,0.9871686675168668,0.012587593084137443
FW_00735022,natural_vegetation_fire,0.0020155431536494446,0.966339499036983,0.03164495780936749,0.0005428443326205718,0.9811815932778349,0.018275562389544506
FW_00095811,natural_vegetation_fire,0.0059695105365614835,0.862625307076496,0.1314051823869426,0.0013942187462548548,0.9196198014220097,0.07898597983173558
FW_00257147,natural_vegetation_fire,0.0010021247122941881,0.9856854208493832,0.01331245443832268,0.0003200363260870591,0.991852412060126,0.007827551613786999
FW_00393818,other_uncertain,0.007229405665211545,0.08004069306412319,0.9127299012706653,0.012226120712282955,0.055527731374643875,0.9322461479130733
FW_01465584,natural_vegetation_fire,0.0025218523238491625,0.9645768103348217,0.03290133734132897,0.000625260206064471,0.9804188459735639,0.01895589382037157
FW_01708355,natural_vegetation_fire,0.005721835262734979,0.7809319127764888,0.21334625196077622,0.0016198306665304342,0.8617655301252125,0.13661463920825717
FW_00491235,natural_vegetation_fire,0.0044885013739528745,0.9075639896175886,0.0879475090084587,0.0010550482649215565,0.9474795219847877,0.05146542975029091
FW_00444492,industrial_fire_candidate,0.39050685814931924,0.011132460238547385,0.5983606816121334,0.39081164956918957,0.0034217782912616145,0.6057665721395489
FW_00135868,natural_vegetation_fire,0.0006194273653355738,0.9377422358386269,0.06163833679603763,0.0002953840199127642,0.9633642687668461,0.03634034721324104
FW_00140827,natural_vegetation_fire,0.0016134675181275128,0.9689514426708085,0.029435089811063863,0.0004697521434637918,0.9824855108920909,0.01704473696444516
FW_01636540,other_uncertain,0.0036430606761907094,0.9079880069168556,0.08836893240695387,0.000929787066623537,0.9472649474025819,0.05180526553079472
FW_01594717,other_uncertain,0.007177720927364186,0.5371937950880457,0.4556284839845901,0.003079161937629369,0.6377556925464768,0.35916514551589385
FW_00648680,other_uncertain,0.011652959199283674,0.09725626280671792,0.8910907779939985,0.014739152305169544,0.07388085585835087,0.9113799918364794
FW_00725866,natural_vegetation_fire,0.0008798649901651226,0.9363234378149253,0.06279669719490952,0.0003663860045310443,0.962750939496124,0.03688267449934499
FW_00662755,industrial_fire_candidate,0.7605291298691104,0.0072433166529739575,0.23222755347791582,0.7366465790389282,0.002018477252459978,0.2613349437086118
FW_00765130,other_uncertain,0.0024064532321908614,0.9221755732438226,0.07541797352398634,0.0006982268990056691,0.955238221402178,0.0440635516988163
FW_00179596,natural_vegetation_fire,0.30451546181653366,0.37091092413593313,0.32457361404753327,0.05311832390422233,0.5725022207468445,0.3743794553489332
FW_01355428,natural_vegetation_fire,0.0008718712351663065,0.9821963513357452,0.016931777429088527,0.0003023253455416569,0.989765457279142,0.009932217375316492
FW_00232210,natural_vegetation_fire,0.0024522812629691223,0.9601685180247999,0.0373792007122311,0.0006260278390972004,0.9778284022045876,0.021545569956315114
FW_00655395,other_uncertain,0.006284825766701118,0.0356168631111754,0.9580983111221235,0.01725824795847161,0.017213685678911374,0.9655280663626169
FW_00384390,other_uncertain,0.5394783408773347,0.008722059062826496,0.45179960005983866,0.5335517143343714,0.0024393663493759935,0.4640089193162526
FW_00050392,natural_vegetation_fire,0.01799474777165784,0.8116066345505083,0.17039861767783368,0.003032224400869758,0.89112253148584,0.10584524411329015
FW_00894701,natural_vegetation_fire,0.0011557187235182417,0.9708096643167495,0.028034616959732184,0.00038141030454009203,0.9833179665674785,0.016300623127981428
FW_00012225,other_uncertain,0.047203019739754194,0.0393924275648477,0.913404552695398,0.05639953560396554,0.020462162573793602,0.9231383018222409
FW_01534225,natural_vegetation_fire,0.0031724809126836844,0.8422059078898129,0.15462161119750345,0.0009967490202268145,0.9040961476968008,0.09490710328297251
FW_00529146,natural_vegetation_fire,0.0006337589364924604,0.9311753024145353,0.06819093864897229,0.00030521645796039435,0.9593878801701969,0.04030690337184268
FW_00809388,natural_vegetation_fire,0.008025146930056109,0.9087859724392244,0.08318888063071955,0.0014896031402731398,0.9500920259705501,0.048418370889176804
FW_01510066,natural_vegetation_fire,0.003199249545438693,0.9124105209639967,0.0843902294905647,0.0008502516953417595,0.9497358204354498,0.049413927869208396
FW_01189888,natural_vegetation_fire,0.123468912276646,0.6798021063830687,0.19672898134028544,0.01313652934065859,0.8424998460686411,0.14436362459070035
FW_00376137,natural_vegetation_fire,0.004019753450200139,0.8307912217036135,0.16518902484618633,0.0011783740301436756,0.8967980392450182,0.10202358672483816
FW_00932650,natural_vegetation_fire,0.0010417414148063931,0.9841083396690176,0.014849918916176033,0.00033164022599457154,0.9909578989427512,0.008710460831254192
FW_00600623,natural_vegetation_fire,0.002722509531766631,0.889381700767874,0.10789578970035929,0.0008169848268896814,0.9350040939133089,0.06417892125980149
FW_01273373,other_uncertain,0.20336593076643233,0.18777593593006775,0.6088581333034999,0.06555460627439391,0.22236611174345355,0.7120792819821526
FW_01022411,natural_vegetation_fire,0.0047963775021052975,0.8568051928768466,0.13839842962104792,0.001238241712322017,0.9150609565025752,0.08370080178510272
FW_00096656,natural_vegetation_fire,0.006876394343080652,0.8442703571997574,0.14885324845716197,0.001581589000147721,0.9078470670285532,0.09057134397129923
FW_01718913,natural_vegetation_fire,0.003241247004999586,0.9319832473413658,0.06477550565363453,0.0008122242185942559,0.9616410132724581,0.03754676250894758
FW_00208249,natural_vegetation_fire,0.0019735523081917507,0.938747607454401,0.05927884023740722,0.0005911547581479076,0.9649615294515891,0.03444731579026286
FW_00192794,industrial_fire_candidate,0.34911486723322854,0.015488621406446641,0.6353965113603248,0.3214007172175809,0.0057397995002946385,0.6728594832821244
FW_00440286,natural_vegetation_fire,0.005904060268021907,0.7686177309096999,0.22547820882227831,0.0016934722818017554,0.8524984890162618,0.14580803870193626
FW_01152883,natural_vegetation_fire,0.008308360307418014,0.22486688816875916,0.7668247515238228,0.007215965004174614,0.234522725347463,0.7582613096483625
FW_00805932,natural_vegetation_fire,0.002817677106718883,0.9556296248550354,0.04155269803824564,0.0006919844939052706,0.9753760448047178,0.02393197070137674
FW_00088627,natural_vegetation_fire,0.003236710496929221,0.8689493767405995,0.1278139127624714,0.0009507462919243193,0.9221124639665759,0.07693678974149969
FW_00261849,natural_vegetation_fire,0.0016602023615533146,0.9882578748787971,0.010081922759649432,0.00042142713539075464,0.993653140883582,0.005925431981027191
FW_01613230,other_uncertain,0.10654753816291317,0.05511095561801729,0.8383415062190696,0.08024111960735768,0.034829724646007976,0.8849291557466344
FW_01031121,natural_vegetation_fire,0.001089368232619099,0.9283222002752388,0.07058843149214201,0.00042626882706482515,0.9580739432926877,0.04149978788024747
FW_01197175,other_uncertain,0.7039768154026687,0.01927481688578654,0.27674836771154476,0.5692156388237192,0.011065072039928915,0.41971928913635187
FW_00844171,other_uncertain,0.004373058905661289,0.12124189941720262,0.8743850416771362,0.007127842548210381,0.09971777799284938,0.8931543794589403
FW_00795583,natural_vegetation_fire,0.012683573390747584,0.76526385962365,0.22205256698560233,0.0027080254393932945,0.8539796885433013,0.14331228601730528
FW_01217221,natural_vegetation_fire,0.0009772095572927084,0.9543895443362062,0.044633246106501163,0.0003683908106634576,0.973607291330577,0.026024317858759517
FW_00353133,natural_vegetation_fire,0.01281529321586498,0.8641113289920084,0.12307337779212654,0.002199077127954364,0.924255232279496,0.07354569059254963
FW_00858598,natural_vegetation_fire,0.00207471857506546,0.9555985647604047,0.0423267166645298,0.0005762672949151499,0.974966940413153,0.02445679229193189
FW_01278005,industrial_fire_candidate,0.357384992569745,0.03471417110702645,0.6079008363232286,0.2404095965414606,0.020853738740442995,0.7387366647180965
FW_01070195,other_uncertain,0.0011209301063144252,0.02389973918996583,0.9749793307037198,0.007428585986199537,0.009517155317084131,0.9830542586967163
FW_00193116,natural_vegetation_fire,0.00976857964431261,0.9327267698272487,0.057504650528438776,0.0015648554186649568,0.9653910361390062,0.033044108442328926
FW_00109632,natural_vegetation_fire,0.00390859950325318,0.8482204106778872,0.14787098981885968,0.0011155919400760573,0.9087155224568997,0.09016888560302418
FW_01611297,other_uncertain,0.003962513056732754,0.2917513978483231,0.7042860890949442,0.003793557864196409,0.32421165657305406,0.6719947855627495
FW_00856498,other_uncertain,0.04150624985101853,0.055767001185572894,0.9027267489634085,0.04358211112116599,0.03393176297647965,0.9224861259023542
FW_00527509,natural_vegetation_fire,0.001235034914420874,0.8022917470202097,0.19647321806536944,0.0006139222031131442,0.8737551105863184,0.12563096721056832
FW_00591066,other_uncertain,0.4564348817050593,0.012994223948887957,0.5305708943460528,0.4186715434358778,0.0045761342605826144,0.5767523223035396
FW_01707789,natural_vegetation_fire,0.0039436335980365805,0.633770203893214,0.36228616250874934,0.001748134760392778,0.7345987730982952,0.26365309214131216
FW_01442513,natural_vegetation_fire,0.004402400801820964,0.8847996052860208,0.11079799391215821,0.0011028294535947922,0.9331214077657383,0.06577576278066684
FW_01456964,natural_vegetation_fire,0.0010754720063696982,0.949747887795821,0.04917664019780937,0.0003964623060905127,0.9709300046424816,0.028673533051427766
FW_01566674,natural_vegetation_fire,0.0015950938782465912,0.8866923352161153,0.11171257090563796,0.0005958981038023173,0.9324341909992164,0.06696991089698126
FW_01510484,natural_vegetation_fire,0.002648565268530795,0.7654022892796235,0.2319491454518456,0.0010501551321490915,0.8474361210605242,0.15151372380732672
FW_01410146,natural_vegetation_fire,0.002766261010263019,0.862774755265167,0.13445898372456996,0.0008770498447558967,0.9176983165330618,0.08142463362218239
FW_00603077,other_uncertain,0.003805379102010112,0.03109540941775804,0.9650992114802317,0.013645489196034536,0.014079870760803914,0.9722746400431616
FW_01294068,industrial_fire_candidate,0.17810343624379268,0.05471619769485382,0.7671803660613534,0.1146454479876188,0.03630089840403977,0.8490536536083414
FW_00095795,natural_vegetation_fire,0.04640551316776796,0.5716961522560825,0.3818983345761494,0.0090032569327539,0.6962843357958514,0.2947124072713947
FW_01502794,natural_vegetation_fire,0.0017760029576740061,0.8521361229668653,0.14608787407546078,0.0006874833960806763,0.9097284840697861,0.08958403253413309
FW_00148551,natural_vegetation_fire,0.002737770543728698,0.9758456011355381,0.02141662832073314,0.00062148729026294,0.9870163954747161,0.01236211723502106
FW_00571201,other_uncertain,0.5800968410387363,0.01821185378802337,0.40169130517324037,0.46809084615941376,0.008835870598489979,0.5230732832420962
FW_00144192,natural_vegetation_fire,0.0013563953439656893,0.9841814732397662,0.014462131416268082,0.00038785052802215635,0.9911520807083426,0.008460068763635092
FW_01168406,other_uncertain,0.008361758390234035,0.10800114851256512,0.8836370930972008,0.011334499835448705,0.0853667437271424,0.9032987564374089
FW_01588411,natural_vegetation_fire,0.014257657327248052,0.5869120141811353,0.3988303284916167,0.004211307248082267,0.6953493716862934,0.3004393210656243
FW_01245132,natural_vegetation_fire,0.013664911614476964,0.8569518883612824,0.12938320002424047,0.0023234147568523497,0.9199817663339729,0.07769481890917479
FW_00151550,natural_vegetation_fire,0.006101938157190029,0.6537968213292888,0.3401012405135212,0.002186242504996775,0.7553607874605052,0.24245297003449806
FW_01501267,other_uncertain,0.006297505705528259,0.8596824629793809,0.13402003131509074,0.0014494294187804555,0.917859807916034,0.08069076266518548
FW_01344394,natural_vegetation_fire,0.002932650760305872,0.8887375699134643,0.10832977932622995,0.0008556838066019735,0.9347321860873359,0.06441213010606203
FW_01560436,natural_vegetation_fire,0.01721327405159927,0.7446289458743318,0.23815778007406885,0.0034016604331685157,0.8403072935843039,0.15629104598252758
FW_00964747,other_uncertain,0.0007504009753339357,0.014049621509164455,0.9851999775155016,0.00770327906725664,0.004406593786743617,0.9878901271459997
FW_00704736,natural_vegetation_fire,0.0008604823404836206,0.981571093846826,0.01756842381269057,0.0003012228636071471,0.9893971243676072,0.010301652768785788
FW_00058209,natural_vegetation_fire,0.0013092389193857515,0.9749805184798187,0.023710242600795458,0.00040251060481535196,0.9858148740767688,0.013782615318415802
FW_00020853,other_uncertain,0.35295618072633134,0.354976540233495,0.2920672790401737,0.06305368775808125,0.5757735789168423,0.36117273332507627
FW_00835595,other_uncertain,0.25504744716490496,0.01439918593814264,0.7305533668969524,0.2646518552535849,0.004882662555044753,0.7304654821913703
FW_01679691,natural_vegetation_fire,0.0014248827587561633,0.8801109640508659,0.11846415319037809,0.0005653369031118654,0.9280134453262227,0.07142121777066535
FW_00751850,natural_vegetation_fire,0.008870585932702235,0.782775312210287,0.2083541018570107,0.0021031117842328106,0.8651110022937899,0.1327858859219773
FW_01493090,natural_vegetation_fire,0.0007741498964650492,0.9903201548453143,0.008905695258220568,0.00026230915485223554,0.9944408423340159,0.005296848511131982
FW_00482307,natural_vegetation_fire,0.00297059034326066,0.5281357622950978,0.4688936473616415,0.0018352550381549662,0.6236668895005234,0.3744978554613216
FW_00469302,other_uncertain,0.004609810562327241,0.03498715578649468,0.9604030336511781,0.014417004719072883,0.01672830623830548,0.9688546890426216
FW_01268933,natural_vegetation_fire,0.005550293365009479,0.8748718628394313,0.11957784379555915,0.0012975490316277035,0.9273922106520588,0.07131024031631344
FW_01220157,natural_vegetation_fire,0.010559575241690279,0.8441119167886204,0.14532850796968932,0.0020483314662624818,0.9097665278944991,0.08818514063923845
FW_01673358,natural_vegetation_fire,0.0019657481633509753,0.8005682330433056,0.19746601879334333,0.0008157022267669497,0.8733983696068465,0.12578592816638667
FW_00964150,other_uncertain,0.0009897904443213327,0.02164921202086802,0.9773609975348106,0.007254355182405416,0.008241308528557603,0.984504336289037
FW_00970932,natural_vegetation_fire,0.0012765899545145632,0.9454390539025996,0.05328435614288586,0.00044569457369199257,0.9685085440192149,0.031045761407092993
FW_01602818,natural_vegetation_fire,0.0011020793186112664,0.9303518562818792,0.06854606439950969,0.00042681898172076564,0.9593184480010636,0.04025473301721577
FW_01051012,other_uncertain,0.0019991050657463877,0.7341801071764152,0.2638207877578383,0.000944192778511575,0.8217117876203744,0.17734401960111404
FW_00955154,industrial_fire_candidate,0.6616017026542632,0.01832177927746928,0.3200765180682676,0.5362088003560248,0.009661803686222128,0.45412939595775315
FW_01467617,natural_vegetation_fire,0.0049011347123337325,0.9097249599303524,0.08537390535731397,0.001106037581470868,0.949037451257044,0.049856511161485
FW_01368790,natural_vegetation_fire,0.006447274055371504,0.9538600953694183,0.039692630575210185,0.00113942888117516,0.9761467851814358,0.02271378593738893
FW_01596656,other_uncertain,0.3950576478113149,0.035099972309828795,0.5698423798788562,0.26111205968126816,0.021922039821743525,0.7169659004969883
FW_00711703,other_uncertain,0.0036599500950473774,0.026521865772457003,0.9698181841324955,0.014489009788732462,0.01118098119319538,0.9743300090180721
FW_01422146,natural_vegetation_fire,0.0011757625635449049,0.9804785857009313,0.01834565173552391,0.00036559640935371736,0.9889245639219776,0.010709839668668814
FW_00955442,natural_vegetation_fire,0.00359278498255597,0.8831466474486375,0.11326056756880648,0.0009797437067781737,0.9315727115962746,0.06744754469694715
FW_00588386,natural_vegetation_fire,0.0014464882691520326,0.676643198315819,0.32191031341502896,0.0008723378471166351,0.7712530817444868,0.22787458040839662
FW_01414876,natural_vegetation_fire,0.006527261323953774,0.8247743632041035,0.16869837547194266,0.001599030332670897,0.8941843388644509,0.1042166308028782
FW_01029483,natural_vegetation_fire,0.0010746222051805786,0.9231409381594772,0.07578443963534232,0.00042883723312964834,0.9548947563387729,0.04467640642809763
FW_01004313,natural_vegetation_fire,0.14550478300499195,0.27673965728577354,0.5777555597092344,0.03893683521655853,0.3486699357999708,0.6123932289834707
FW_00905352,natural_vegetation_fire,0.003485055011468283,0.8299736032158229,0.16654134177270874,0.0010830768127284745,0.8958476714726696,0.10306925171460181
FW_01400237,natural_vegetation_fire,0.008236172256761612,0.9525707922468406,0.03919303549639786,0.0013226337302777297,0.9762694663469172,0.022407899922805112
FW_00327783,natural_vegetation_fire,0.0009410906767102485,0.9676862156001055,0.03137269372318424,0.00034201161506873767,0.9813789854619414,0.018279002922989968
FW_00156317,other_uncertain,0.0016218237447628299,0.7365036951915466,0.2618744810636907,0.0008281185231775148,0.8230952082022537,0.1760766732745689
FW_01600232,natural_vegetation_fire,0.004575503289027517,0.51298939931453,0.4824350973964424,0.0024655131237279982,0.6083508346606401,0.38918365221563184
FW_01599070,natural_vegetation_fire,0.0032973848459587904,0.8585490653256121,0.13815354982842903,0.0009841985221497927,0.915257405907202,0.08375839557064826
FW_00742492,natural_vegetation_fire,0.00441492714616844,0.9468459069769319,0.04873916587689968,0.0009329737371284688,0.9710559170093047,0.028011109253566764
FW_00438365,other_uncertain,0.0036839305713285415,0.025245883382884353,0.9710701860457871,0.01492916742911824,0.01041157028970831,0.9746592622811735
FW_00520371,other_uncertain,0.217032441720102,0.039382594240495485,0.7435849640394026,0.1541678650536467,0.02273249680552604,0.8230996381408273
FW_01526574,natural_vegetation_fire,0.0029144163968151883,0.8163230316422855,0.1807625519608993,0.0010009680309210414,0.8857405833208355,0.1132584486482435
FW_00366706,natural_vegetation_fire,0.004572998659831186,0.9274829110299504,0.06794409031021827,0.001011217655129669,0.9596550955342456,0.03933368681062491
FW_01405334,natural_vegetation_fire,0.0010393193954181894,0.9680829521765272,0.030877728428054727,0.0003623687229688221,0.9816679592012151,0.017969672075816154
FW_00607463,natural_vegetation_fire,0.029374831508055692,0.6980857474144391,0.27253942107750523,0.0051903718707825165,0.808271458525005,0.18653816960421252
FW_00175427,natural_vegetation_fire,0.0024455424956985224,0.8890863609056344,0.10846809659866705,0.0007664321287793222,0.9346257356065615,0.06460783226465924
FW_00610121,natural_vegetation_fire,0.022072647663339513,0.4228791799440717,0.5550481723925889,0.007902042139785143,0.5099380204997525,0.48215993736046237
FW_00414036,natural_vegetation_fire,0.002671450404299775,0.8189434643520632,0.1783850852436369,0.0009445013484598215,0.8874112366793511,0.11164426197218909
FW_00879911,natural_vegetation_fire,0.0014731591641029892,0.9383499249790759,0.0601769158568211,0.000496517083382737,0.9644095784752567,0.035093904441360506
FW_01606379,natural_vegetation_fire,0.00980597217091303,0.420914461943288,0.569279565885799,0.004818043751911623,0.5010153940478365,0.494166562200252
FW_00053968,natural_vegetation_fire,0.0016521609165882924,0.9303984680797026,0.0679493710037092,0.0005444244825267479,0.9597451938875821,0.03971038162989133
FW_01352871,other_uncertain,0.08921219205911685,0.32490764948983686,0.5858801584510462,0.024422403362775402,0.4023161848236724,0.5732614118135522
FW_01634321,other_uncertain,0.14692339645364288,0.01175904916648775,0.8413175543798693,0.20204772697509918,0.0034411519964379937,0.7945111210284628
FW_00941853,natural_vegetation_fire,0.0009944992293364548,0.7686984168510026,0.23030708391966095,0.0005771612395022076,0.8478000360145413,0.15162280274595638
FW_01328076,other_uncertain,0.004660252717841498,0.09084760255484281,0.9044921447273157,0.008713139617197233,0.06622028840133717,0.9250665719814656
FW_01217015,natural_vegetation_fire,0.0012264753464972474,0.8033697941755509,0.19540373047795176,0.0006099821021929976,0.8745384358514157,0.12485158204639135
FW_00257163,natural_vegetation_fire,0.0020600571275442812,0.9472484931246954,0.050691449747760145,0.0005905599370892355,0.9700554865862635,0.02935395347664729
FW_01222399,other_uncertain,0.009345838708576701,0.6963717532508238,0.2942824080405996,0.0025945637859193776,0.7957488318232091,0.20165660439087155
FW_01612279,industrial_fire_candidate,0.448674267210944,0.0071572124269967344,0.5441685203620592,0.49163603307881415,0.001672258780450936,0.5066917081407349
FW_01257925,natural_vegetation_fire,0.0014729602709780635,0.9329648309015617,0.06556220882746042,0.0005044008734545743,0.9611732407810428,0.03832235834550269
FW_01201968,natural_vegetation_fire,0.001104866683293069,0.8946711424694964,0.10422399084721054,0.000468675540361264,0.9370968763594336,0.06243444810020519
FW_01027808,natural_vegetation_fire,0.0025290771392227998,0.06974194459018573,0.9277289782705915,0.006916419580182615,0.04500481582705084,0.9480787645927666
FW_00426530,natural_vegetation_fire,0.0018986100914458218,0.8840520953053258,0.11404929460322837,0.0006659294648135905,0.9309828702823247,0.0683512002528616
FW_00662141,natural_vegetation_fire,0.0009652268366163005,0.9105143219369809,0.08852045122640291,0.00041549420263208204,0.9469727191885424,0.052611786608825505
FW_00989040,natural_vegetation_fire,0.0031063432438243016,0.9312302399083381,0.06566341684783765,0.0007935124430552103,0.9611154136497159,0.038091073907228885
FW_01033806,natural_vegetation_fire,0.0017557829530001215,0.6281288075482269,0.370115409498773,0.0010827937781113333,0.7263536764256273,0.2725635297962614
FW_01315303,natural_vegetation_fire,0.008554457837605774,0.8876002686149955,0.10384527354739857,0.0016324556104641743,0.9371666467996314,0.06120089758990438
FW_00866751,natural_vegetation_fire,0.0012037397169028683,0.9610585353304363,0.03773772495266104,0.00040738483627907144,0.9776677770571043,0.021924838106616752
FW_01621881,other_uncertain,0.0031865155887349523,0.6830833261890781,0.3137301582221869,0.0013889024244005538,0.7793968008259954,0.21921429674960402
FW_01542982,natural_vegetation_fire,0.0016712412136028329,0.8377552816631104,0.16057347712328662,0.0006837433083431921,0.8997333900461084,0.09958286664554823
FW_00263110,natural_vegetation_fire,0.0014943824678710377,0.987908584883542,0.010597032648586916,0.0003975257673395336,0.9933733001230419,0.0062291741096186055
FW_01208003,natural_vegetation_fire,0.003989918700918386,0.8471375690777287,0.1488725122213528,0.001132210262923347,0.9080343206499835,0.09083346908709317
FW_01053368,other_uncertain,0.005653125280104609,0.031716691853803484,0.9626301828660919,0.017193812397493537,0.014537918315364471,0.9682682692871419
FW_01626672,other_uncertain,0.006372285779158453,0.32659885692396556,0.667028857296876,0.004638761458257583,0.37382498723816415,0.6215362513035781
FW_00872207,natural_vegetation_fire,0.0022765526544265666,0.9393083433901447,0.05841510395542881,0.0006429699083531491,0.9654735460564577,0.03388348403518912
FW_01060011,other_uncertain,0.5216633069934848,0.019015435551904658,0.45932125745461044,0.4174588161229635,0.009034870414974331,0.5735063134620622
FW_01016986,other_uncertain,0.0005455665224761176,0.011874037599593004,0.9875803958779309,0.006931474257568164,0.0034477254413957208,0.9896208003010362
FW_00393792,other_uncertain,0.06221569512185508,0.023147688193290196,0.9146366166848546,0.08715523812795124,0.009389252661235841,0.9034555092108129
FW_00196153,other_uncertain,0.007015409814478583,0.5403293706701859,0.4526552195153356,0.003016284143329538,0.6410884137009548,0.35589530215571563
FW_00443245,other_uncertain,0.6690039934437509,0.061924082193579186,0.26907192436266986,0.385057229460562,0.07719237027097998,0.5377504002684581
FW_01636431,other_uncertain,0.0009435220282342647,0.9701740346542109,0.028882443317554983,0.00033874130793620305,0.9828289297578979,0.016832328934165915
FW_00044949,other_uncertain,0.014547501170066816,0.018748628182861115,0.9667038706470722,0.040116112948541664,0.00680943627213917,0.9530744507793191
FW_01719056,natural_vegetation_fire,0.0009693056766185571,0.9563246133459741,0.04270608097740737,0.00036408347132719246,0.974742618357122,0.02489329817155085
FW_00210133,natural_vegetation_fire,0.00436788779171315,0.9593486858445464,0.03628342636374048,0.0008857847538096224,0.9783096911327832,0.020804524113407132
FW_01338470,industrial_fire_candidate,0.7816572460157567,0.007878180947864282,0.21046457303637903,0.747358965984398,0.002398577153074954,0.25024245686252716
FW_00592222,other_uncertain,0.03612194985839977,0.21165271608425493,0.7522253340573454,0.01873576282498388,0.22342446352835316,0.757839773646663
FW_00102605,other_uncertain,0.09203171066797203,0.17226948773043577,0.7356988016015923,0.0392431701600873,0.177948308365913,0.7828085214739997
FW_00597495,natural_vegetation_fire,0.0072074514188402794,0.754685151111562,0.23810739746959764,0.0019663222514401447,0.8425096068494867,0.1555240708990731
FW_01176936,other_uncertain,0.001382346121420813,0.03632331775014943,0.9622943361284297,0.006765441453682575,0.01745285262218528,0.9757817059241322
FW_00758658,natural_vegetation_fire,0.002993020637606511,0.897506273564598,0.09950070579779552,0.0008481049551336188,0.9403309057913622,0.05882098925350418
FW_00498209,natural_vegetation_fire,0.0015054622836175346,0.8833970353944305,0.11509750232195186,0.0005799506921390612,0.9302246634530001,0.06919538585486075
FW_00867540,natural_vegetation_fire,0.002306987433697977,0.9120228375651419,0.08567017500116,0.0006992536977835863,0.9489477237011201,0.05035302260109619
FW_01487415,natural_vegetation_fire,0.001969487711986469,0.9709463249004421,0.027084187387571325,0.0005242430596497245,0.9838204943134717,0.015655262626878545
FW_01252302,other_uncertain,0.0065152072978582965,0.6784802151362792,0.31500457756586236,0.0021625532012594924,0.7781309785353415,0.2197064682633991
FW_00163829,other_uncertain,0.5809068868862046,0.03663211261713741,0.3824610004966579,0.3792984012528728,0.028486113970332558,0.5922154847767946
FW_01596817,other_uncertain,0.002107969976009956,0.08644172852200224,0.9114503015019878,0.0055037384622339805,0.061109280770649074,0.9333869807671169
FW_00563199,natural_vegetation_fire,0.002842952804759611,0.7431476437878124,0.254009403407428,0.0011471061201329524,0.829972490459458,0.16888040342040916
FW_01530405,natural_vegetation_fire,0.06677842496801419,0.698028703931471,0.23519287110051498,0.008599599810853663,0.8276534558343495,0.16374694435479686
FW_01574780,other_uncertain,0.033809851082053116,0.2064248683881609,0.759765280529786,0.01827100536579063,0.2156347749984664,0.7660942196357429
FW_01125653,other_uncertain,0.0010950540016415758,0.015526913335826944,0.9833780326625315,0.009204071830518846,0.005107469149527807,0.9856884590199534
FW_01495513,natural_vegetation_fire,0.002216574740065243,0.9536843583306349,0.04409906692929965,0.0006036774548134141,0.9739239704228728,0.025472352122313704
FW_01601189,natural_vegetation_fire,0.02077513766097864,0.2611771845865838,0.7180476777524376,0.011433769939060236,0.28914768947419994,0.6994185405867398
FW_00431861,other_uncertain,0.027094648193459237,0.16004032293679835,0.8128650288697425,0.01867642596952949,0.1515775422438819,0.8297460317865886
FW_01278515,natural_vegetation_fire,0.003259539750914989,0.8809872355708996,0.11575322467818519,0.000928684624264888,0.9299703847384221,0.06910093063731307
FW_01597120,natural_vegetation_fire,0.0008769326230975357,0.9571085126553636,0.0420145547215389,0.0003418494930647739,0.9751412399302187,0.024516910576716507
FW_01376451,natural_vegetation_fire,0.0014806099700754366,0.9805715416594027,0.01794784837052175,0.0004192097601794903,0.9891283759083527,0.01045241433146782
FW_01050792,natural_vegetation_fire,0.006148408275308963,0.5039693975020844,0.48988219422260665,0.0030098158250600414,0.5993996312571848,0.3975905529177552
FW_00414959,natural_vegetation_fire,0.0009141942639081847,0.9354664541803109,0.06361935155578075,0.0003758635667927582,0.9622623927839085,0.037361743649298784
FW_00081034,natural_vegetation_fire,0.002430845326761107,0.9721658689526907,0.025403285720548115,0.0005906955450058079,0.9847518806819168,0.01465742377307743
FW_01190601,natural_vegetation_fire,0.010054105443766673,0.8166357483234519,0.17331014623278143,0.0021114922636270134,0.8904665812376324,0.10742192649874054
FW_01261890,other_uncertain,0.04831929191876106,0.39400404119399207,0.5576766668872468,0.013811254148038259,0.4834808764918663,0.5027078693600955
FW_01489154,other_uncertain,0.028054637274944907,0.0958773996881123,0.8760679630369428,0.025598445455009878,0.07361145868774475,0.9007900958572453
FW_01223138,natural_vegetation_fire,0.003532594363338165,0.9023093154822432,0.09415809015441853,0.0009259223268973453,0.9436713969113495,0.0554026807617533
FW_00149802,other_uncertain,0.24940055066056588,0.014773449797823825,0.7358259995416103,0.2580504006704579,0.0050724527722200785,0.736877146557322
FW_00908341,natural_vegetation_fire,0.007937286207381693,0.8233071469009335,0.16875556689168486,0.0018048740486393188,0.8939800759141505,0.10421505003721016
FW_01471668,natural_vegetation_fire,0.07695569030532297,0.6154987006083374,0.3075456090863396,0.011247082305064422,0.7567334024608429,0.23201951523409275
FW_01552436,other_uncertain,0.059442370864372616,0.09857319747840294,0.8419844316572245,0.04054226540213833,0.0786281407466832,0.8808295938511784
FW_01514809,natural_vegetation_fire,0.002337688129723261,0.9574465731112324,0.040215738759044335,0.0006147346483039343,0.9761853891477964,0.02319987620389965
FW_00431333,industrial_fire_candidate,0.9278213715726619,0.0029335712662624793,0.06924505716107555,0.9372756921432474,0.0004287217230633791,0.06229558613368934
FW_00066622,other_uncertain,0.20648794442729587,0.011839401516666395,0.7816726540560378,0.24909396446119783,0.003526627715251209,0.7473794078235511
FW_00054202,natural_vegetation_fire,0.0377158809741838,0.09051653821989358,0.8717675808059226,0.03179255244835186,0.06833000256367432,0.8998774449879738
FW_00130479,natural_vegetation_fire,0.0010046949396112094,0.9785215819872585,0.020473723073130376,0.00033683847646267173,0.9877053926266596,0.011957768896877623
FW_00707167,natural_vegetation_fire,0.0015807446646372567,0.9710610901650047,0.027358165170357975,0.0004594819721132598,0.9836891080704253,0.015851409957461496
FW_00919137,natural_vegetation_fire,0.003954467043738903,0.9344681450530877,0.06157738790317349,0.0009083228241459912,0.9635074937168864,0.03558418345896755
FW_00679062,natural_vegetation_fire,0.004964921205230421,0.7073568631088455,0.2876782156859242,0.0017290580511235096,0.802139967264188,0.19613097468468843
FW_01315318,natural_vegetation_fire,0.005267814960861339,0.9675121960867192,0.027219988952419522,0.0009547937532539475,0.9834499947884869,0.015595211458259211
FW_01584236,natural_vegetation_fire,0.001034941922980542,0.867052211856331,0.1319128462206885,0.0004802923773201702,0.9189738403593924,0.08054586726328725
FW_01617349,other_uncertain,0.03353836235967248,0.019306083119625873,0.9471555545207017,0.06542866498992263,0.00712850629489207,0.9274428287151852
FW_01366969,natural_vegetation_fire,0.0031005116812219814,0.9601021946776769,0.03679729364110111,0.000720277606808591,0.9781188018063985,0.021160920586792767
FW_00075847,natural_vegetation_fire,0.0018961530609237776,0.9282470662292708,0.06985678070980537,0.0005950158020847611,0.9586037758426013,0.04080120835531403
FW_00569849,natural_vegetation_fire,0.001160100247779391,0.8756467893131691,0.12319311043905147,0.0005046057767460647,0.9248179113452281,0.07467748287802588
FW_00442080,natural_vegetation_fire,0.12825940255078067,0.218996510390572,0.6527440870586474,0.04220528670040291,0.25424943762469177,0.7035452756749053
FW_00702485,natural_vegetation_fire,0.002738477300640029,0.7311864990834049,0.2660750236159549,0.001149088045215036,0.8201077852340816,0.1787431267207034
FW_01308804,natural_vegetation_fire,0.004457077826423064,0.9062447908741085,0.08929813129946851,0.0010541545272867872,0.946646266109714,0.05229957936299912
FW_01226056,other_uncertain,0.0031947690997517976,0.05679479757035011,0.940010433329898,0.008911556042893716,0.033568580489849106,0.9575198634672573
FW_01102083,other_uncertain,0.018429342081960277,0.01118508114746522,0.9703855767705745,0.06012652656129207,0.0031970021232461104,0.9366764713154618
FW_01201366,natural_vegetation_fire,0.0017608487603123161,0.8725647306037181,0.1256744206359696,0.0006534649927491912,0.9233774339335686,0.07596910107368215
FW_00647040,natural_vegetation_fire,0.014411803745509436,0.8367760871219849,0.14881210913250562,0.0025103724962439945,0.9068039890187084,0.09068563848504745
FW_00530134,natural_vegetation_fire,0.0011078671603297122,0.9180547884728422,0.08083734436682805,0.00044273605590867347,0.9517927192043896,0.0477645447397017
FW_00071894,natural_vegetation_fire,0.0016512551998259213,0.8715003858903587,0.1268483589098153,0.0006301653849711831,0.9225780279140593,0.07679180670096948
FW_00943554,natural_vegetation_fire,0.012364293100726665,0.8212379842080155,0.1663977226912578,0.0023683311061530776,0.894965976181331,0.10266569271251584
FW_01056986,natural_vegetation_fire,0.002984505681828116,0.8068723921675346,0.19014310215063734,0.0010358226233396102,0.8789751923606377,0.1199889850160227
FW_00593239,other_uncertain,0.006159472048605684,0.05376067811305745,0.9400798498383368,0.013717830836872245,0.031230563238424533,0.9550516059247033
FW_00849867,other_uncertain,0.004932206411270703,0.851157318338329,0.14391047525040035,0.0012751501091436464,0.9113553140103382,0.08736953588051805
FW_00845857,other_uncertain,0.0013494895517543138,0.016094295143199388,0.9825562153050462,0.010259912516583059,0.005388653870638268,0.9843514336127785
FW_00269602,natural_vegetation_fire,0.0027965520211403506,0.9405597015987628,0.05664374638009697,0.0007245947344814041,0.9665081899167502,0.03276721534876833
FW_00590384,natural_vegetation_fire,0.006192922022812693,0.42097344383664415,0.5728336341405431,0.0036366514829224293,0.4985992055838887,0.4977641429331888
FW_01300999,natural_vegetation_fire,0.007706876831832682,0.9549494361490543,0.037343687019113225,0.0012603991681206855,0.9773903910259925,0.02134920980588687
FW_00038183,natural_vegetation_fire,0.0015792362137203326,0.9444116533995143,0.05400911038676529,0.0005081126972252496,0.9680922210971752,0.03139966620559954
FW_00379639,other_uncertain,0.5509198189432166,0.01834555999204572,0.4307346210647376,0.44424961660211626,0.008720187670152578,0.5470301957277311
FW_00187814,natural_vegetation_fire,0.006265588444803953,0.7187598486647492,0.27497456289044686,0.001944809859249017,0.8127366911612101,0.18531849897954095
FW_00065064,natural_vegetation_fire,0.0019354823736415698,0.9689218255403419,0.02914269208601657,0.0005237874605100208,0.9826341838835561,0.01684202865593405
FW_00872535,natural_vegetation_fire,0.0026512961359202725,0.9356856205108873,0.06166308335319248,0.000712244650281157,0.9635271199737977,0.035760635375921154
FW_00571202,other_uncertain,0.5152415463151101,0.02264718082182424,0.46211127286306575,0.3905308534229124,0.012010457485959391,0.5974586890911282
FW_01298170,natural_vegetation_fire,0.0016523993234491114,0.9082156990777209,0.09013190159882993,0.000577650007352323,0.9461271452800669,0.05329520471258077
FW_00900491,other_uncertain,0.0033799763202806703,0.9524172028357655,0.044202820843953786,0.0007804046359709857,0.9737904095339892,0.025429185830039665
FW_00822492,natural_vegetation_fire,0.013875652952173965,0.7923148238435648,0.19380952320426126,0.0027012091931063772,0.8749950604250675,0.1223037303818261
FW_00943393,natural_vegetation_fire,0.03381988893418939,0.5806844946802172,0.3854956163855935,0.00725422223957571,0.6993558376012118,0.29338994015921255
FW_00177316,natural_vegetation_fire,0.002790763432913426,0.9320468798092629,0.06516235675782354,0.0007423720891910308,0.961428484885047,0.03782914302576197
FW_00732528,natural_vegetation_fire,0.0019916512649360246,0.9328259098432625,0.0651824388918016,0.0006049071340863172,0.9614260685518891,0.03796902431402471
FW_00224015,natural_vegetation_fire,0.0023638397288171377,0.9497072847863487,0.04792887548483417,0.0006360820322919694,0.9716715318120479,0.027692386155659998
FW_00725694,natural_vegetation_fire,0.009886909910108922,0.8678297764999433,0.12228331358994772,0.0018658940542901309,0.9251650617392209,0.07296904420648902
FW_00609377,other_uncertain,0.005843477954546001,0.7918520629903728,0.20230445905508113,0.0016036461940913394,0.87001456847029,0.12838178533561848
FW_01582438,natural_vegetation_fire,0.00330391573600585,0.670310113691197,0.3263859705727971,0.0014571146836370983,0.7680477621803529,0.23049512313601006
FW_00595771,natural_vegetation_fire,0.004241623533164014,0.8012592473824964,0.19449912908433953,0.0012958269895761664,0.875849165901581,0.12285500710884287
FW_01129321,natural_vegetation_fire,0.0021796890351437094,0.875663104844906,0.12215720611995044,0.0007378757787200938,0.9257541173891528,0.07350800683212706
FW_00075166,natural_vegetation_fire,0.002794442517787432,0.8893532825981827,0.10785227488402972,0.0008299646998594778,0.9350339940980089,0.06413604120213166
FW_00156298,other_uncertain,0.43539243535582367,0.018107144458403425,0.5465004201857728,0.3618475738881538,0.00780379442205654,0.6303486316897896
FW_01634222,other_uncertain,0.2532120890033132,0.009431745232708075,0.7373561657639787,0.309521327394614,0.0024892611640425035,0.6879894114413435
FW_01522225,natural_vegetation_fire,0.0005236339290400842,0.9413739422717147,0.058102423799245205,0.0002640774540619463,0.9654562075452581,0.03427971500067984
FW_01645286,natural_vegetation_fire,0.001885700950844572,0.9224768694563669,0.07563742959278873,0.000602544279741501,0.9550902845542592,0.04430717116599924
FW_00211331,natural_vegetation_fire,0.015140290514342418,0.5584812951430275,0.4263784143426301,0.004640518947141368,0.66601978896883,0.32933969208402863
FW_01532443,natural_vegetation_fire,0.007951836196633831,0.471473845498855,0.5205743183045112,0.0037813163196927994,0.5624513667049937,0.4337673169753135
FW_01177305,other_uncertain,0.20915638463946776,0.06001434243886895,0.7308292729216633,0.12339091309129821,0.04274126565623258,0.8338678212524693
FW_00540483,natural_vegetation_fire,0.00043883944753633444,0.9144337397226349,0.08512742082982876,0.0002558604798362825,0.9487609014205888,0.05098323809957514
FW_01671958,other_uncertain,0.005487441670848541,0.6191495341721663,0.37536302415698514,0.002201601265021622,0.7218153282801253,0.275983070454853
FW_00943967,other_uncertain,0.09288633586103566,0.5167822713898464,0.3903313927491178,0.0158094457540458,0.6584255831606879,0.3257649710852663
FW_00078848,natural_vegetation_fire,0.0017279053899266642,0.8815297713376266,0.1167423232724467,0.0006328988041221369,0.9292087302049942,0.07015837099088357
FW_01711597,other_uncertain,0.008212146140690435,0.3630051304351826,0.6287827234241269,0.004953485396717752,0.4242695807398489,0.5707769338634333
FW_01603099,natural_vegetation_fire,0.0029515963557753717,0.8146523724166902,0.18239603122753434,0.0010122176219096908,0.8845725111914361,0.11441527118665426
FW_00599012,natural_vegetation_fire,0.010788778459622386,0.552810330415054,0.4364008911253237,0.0038184069987236076,0.6573014412402743,0.3388801517610022
FW_00507928,other_uncertain,0.03321436295097004,0.01955187164004931,0.9472337654089806,0.06463588813906279,0.0072621888117951686,0.9281019230491421
FW_00669703,other_uncertain,0.0031897962871451366,0.8368594548609756,0.1599507488518792,0.001011673205042157,0.9004225904429048,0.09856573635205304
FW_00934827,industrial_fire_candidate,0.2608588807382019,0.10150261772668494,0.6376385015351131,0.11338151469186068,0.09807019592354438,0.7885482893845951
FW_01326057,natural_vegetation_fire,0.009854477108956363,0.8622629941199687,0.12788252877107498,0.0018862299296691812,0.9215028314643432,0.07661093860598767
FW_00364770,natural_vegetation_fire,0.011420433021613352,0.8379116799619796,0.15066788701640718,0.002176933617877461,0.9060086498402412,0.09181441654188129
FW_01067616,other_uncertain,0.003728514145174575,0.02737418265174717,0.9688973032030782,0.014412062371218486,0.011706409332719414,0.9738815282960622
FW_00039725,industrial_fire_candidate,0.8679632657388023,0.0034029154231064317,0.12863381883809122,0.8850357833777869,0.0005334468287057,0.1144307697935075
FW_01685088,natural_vegetation_fire,0.001886543750334439,0.9056861651529888,0.09242729109667665,0.0006296001774806622,0.9447210845217654,0.054649315300753974
FW_01386802,natural_vegetation_fire,0.003183338423379147,0.6602319495807332,0.3365847119958878,0.0014542654442773314,0.7587013716823624,0.23984436287336014
FW_01159901,other_uncertain,0.004277201977706471,0.13756769731563853,0.858155100706655,0.006535188337704508,0.11905259366437371,0.8744122179979218
FW_00636831,other_uncertain,0.01722473992702652,0.12042106019842187,0.8623541998745516,0.016645757207557343,0.10076769552167797,0.8825865472707647
FW_01311025,natural_vegetation_fire,0.002918271158131119,0.8529449399540122,0.1441367888878567,0.0009257893784606814,0.9112213409005621,0.08785286972097735
FW_01522293,natural_vegetation_fire,0.0021503242102921005,0.8080828948868922,0.18976678090281562,0.0008477143335349904,0.8790990303817103,0.1200532552847548
FW_00555453,industrial_fire_candidate,0.23949838134115337,0.056094495332519034,0.7044071233263276,0.1411749383348843,0.03958641511499189,0.8192386465501239
FW_01065319,other_uncertain,0.06418812716291977,0.19145609551946746,0.7443557773176128,0.028926624546180245,0.20043718230809668,0.7706361931457232
FW_00797934,natural_vegetation_fire,0.004039665238594505,0.7781394654004681,0.21782086936093742,0.001320197844182643,0.8584480874478805,0.14023171470793683
FW_00539051,other_uncertain,0.040352860884638415,0.3129726385785251,0.6466745005368364,0.015073824206213466,0.3685798934461451,0.6163462823476413
FW_01454274,natural_vegetation_fire,0.006372378717999601,0.9124079519723367,0.08121966930966357,0.0012853646127957226,0.9514608376920995,0.0472537976951046
FW_01606681,natural_vegetation_fire,0.003022448941675509,0.6932372445033644,0.30374030655496,0.0013176402471821857,0.7881801218657037,0.21050223788711417
FW_01600050,industrial_fire_candidate,0.15119914625624928,0.02863709234011583,0.8201637614036349,0.13860747575160362,0.013438906038990008,0.8479536182094064
FW_01008407,natural_vegetation_fire,0.002245218340153532,0.8800860376983506,0.11766874396149585,0.0007435334829642643,0.9286841426408309,0.0705723238762049
FW_01723520,other_uncertain,0.04781166696656445,0.5945714799358857,0.3576168530975498,0.008729970148313858,0.7207528217398745,0.2705172081118115
FW_01610448,other_uncertain,0.2249406158346052,0.1337610610059386,0.6412983231594562,0.08680522236713269,0.1413382691462571,0.7718565084866101
FW_00867623,natural_vegetation_fire,0.002690100956205849,0.925206180714778,0.07210371832901603,0.0007403795888277797,0.95724834197667,0.0420112784345024
FW_00790190,natural_vegetation_fire,0.01870560324747857,0.7717420480470127,0.20955234870550876,0.0033798466873880034,0.8621883427486053,0.13443181056400652
FW_01325674,natural_vegetation_fire,0.06849861936615602,0.516404615192346,0.4150967654414981,0.013003074063384024,0.6459757780842846,0.3410211478523314
FW_01632004,other_uncertain,0.011451406653556677,0.6005555557414772,0.38799303760496606,0.003579915466797979,0.7075342401229624,0.2888858444102397
FW_01145521,natural_vegetation_fire,0.003751889769426756,0.2532912448594421,0.742956865371131,0.004075361100982902,0.27109046663878533,0.7248341722602317
FW_01209901,natural_vegetation_fire,0.0033577080943387495,0.6763443934934525,0.3202978984122087,0.001453446164255542,0.7735517376544738,0.22499481618127068
FW_00393537,natural_vegetation_fire,0.003437211527393089,0.7461666611595746,0.2503961273130323,0.001278705411282445,0.8329653531160157,0.16575594147270173
FW_00977978,natural_vegetation_fire,0.00313426932809813,0.7160715571714167,0.28079417350048513,0.0012858045013913895,0.8079155172802216,0.190798678218387
FW_00030831,other_uncertain,0.06958456148151519,0.017814263515666565,0.9126011750028182,0.10593272471535332,0.0063683336683344124,0.8876989416163121
FW_00260766,natural_vegetation_fire,0.0018254874000902083,0.9840564742141433,0.014118038385766394,0.00046297866990614045,0.9913028480876299,0.008234173242463883
FW_01137499,natural_vegetation_fire,0.006701589897139999,0.22896054239791797,0.7643378677049419,0.006245136300655583,0.23944808444351354,0.7543067792558309
FW_01510498,natural_vegetation_fire,0.005362794678001125,0.6884096643962274,0.3062275409257714,0.0018832024668456045,0.7860520379109988,0.21206475962215557
FW_00302035,natural_vegetation_fire,0.0006935740768259785,0.9814659906933477,0.017840435229826264,0.00026492898861229196,0.9892479999494391,0.010487071061948586
FW_01077900,other_uncertain,0.0069542440243911775,0.049352778464318965,0.9436929775112898,0.015461108079704848,0.027632598781708238,0.956906293138587
FW_00369398,natural_vegetation_fire,0.01185933742295934,0.8135766508108875,0.17456401176615316,0.0023480058673907623,0.8892827432023463,0.10836925093026281
FW_01716530,other_uncertain,0.015743959403290018,0.6277725596611133,0.3564834809355965,0.004106569755219941,0.7368890161760862,0.259004414068694
FW_01057272,other_uncertain,0.002133401821160912,0.027504879577096873,0.9703617186017423,0.010222868621170727,0.011730045414212367,0.9780470859646169
FW_01607794,other_uncertain,0.09571049461653956,0.06404664656007258,0.840242858823388,0.06930917148241557,0.043143607789268616,0.8875472207283159
FW_01646124,natural_vegetation_fire,0.004282023603651649,0.08733856636198468,0.9083794100343636,0.008453102993940403,0.06252941483969762,0.9290174821663619
FW_00765046,other_uncertain,0.006017278657088699,0.8447826154705859,0.14920010587232552,0.0014577740601037215,0.9076952368233395,0.09084698911655681
FW_00585017,other_uncertain,0.0017075609350589147,0.022338333399308154,0.9759541056656329,0.009959536122508179,0.008667447975895047,0.9813730159015968
FW_00891899,industrial_fire_candidate,0.6940024438565954,0.00583074089598232,0.30016681524742234,0.7042456173603873,0.0012988035232407414,0.29445557911637205
FW_00363076,natural_vegetation_fire,0.0018571732914453194,0.9612238314908143,0.036918995217740315,0.0005279556884873652,0.9781301302898681,0.02134191402164455
FW_00422451,natural_vegetation_fire,0.0017536313491791152,0.6578364722008567,0.3404098964499643,0.0010183597915644806,0.7545805281182422,0.24440111209019338
FW_00020637,other_uncertain,0.03538875542205514,0.09847862468995047,0.8661326198879945,0.029175498023226366,0.07697980714961714,0.8938446948271566
FW_01644275,other_uncertain,0.005035701543241633,0.2932526824886654,0.7017116159680931,0.00437595085294643,0.3271220799317622,0.6685019692152915
FW_00181829,other_uncertain,0.026043832961066736,0.14574342990998465,0.8282127371289486,0.019271377421838643,0.132972366445996,0.8477562561321653
FW_01383309,natural_vegetation_fire,0.0012874820164156205,0.9060791523631805,0.09263336562040397,0.0004997544224353121,0.9444946997186647,0.05500554585890013
FW_00769364,natural_vegetation_fire,0.030167405804971174,0.7417870647652598,0.2280455294297691,0.00481196758317181,0.8448535842437679,0.15033444817306016
FW_01030463,other_uncertain,0.03472226715917354,0.3210105851625901,0.6442671476782363,0.01342756440937143,0.3779737947473907,0.6085986408432379
FW_00459603,other_uncertain,0.07556780645538104,0.0071257865597967535,0.9173064069848221,0.170046389313327,0.0015978807219489968,0.828355729964724
FW_01303338,natural_vegetation_fire,0.0038845059914009218,0.8345704662220442,0.16154502778655483,0.0011449494003453588,0.8993340133942445,0.09952103720541004
FW_01700019,other_uncertain,0.005265035252759736,0.04899549358271178,0.9457394711645284,0.013090155745429703,0.02726445132955132,0.959645392925019
FW_00483512,natural_vegetation_fire,0.003789144894192856,0.843262170717006,0.1529486843888011,0.001106859982163977,0.9052565159092792,0.09363662410855686
FW_00705753,other_uncertain,0.013653260301872177,0.38580294687750294,0.6005437928206249,0.006408512949381737,0.4576088952334613,0.5359825918171569
FW_01711608,other_uncertain,0.024516213811341406,0.14482010654339925,0.8306636796452593,0.018627191906883396,0.13159750814520146,0.8497752999479152
FW_01500066,natural_vegetation_fire,0.0013510035889422187,0.9861648984696874,0.012484097941370504,0.0003806693056283971,0.9922963191737975,0.007323011520574184
FW_00947657,other_uncertain,0.042203953671437484,0.02715642588245426,0.9306396204461083,0.06345041235963395,0.011810939803971516,0.9247386478363945
FW_01701515,natural_vegetation_fire,0.018587672076052483,0.7247585809976616,0.25665374692628595,0.0037145897801245447,0.8249761182231488,0.17130929199672681
FW_00462523,other_uncertain,0.004549541867864643,0.7641984929144064,0.23125196521772892,0.0014598970711033428,0.8481172227180652,0.15042288021083122
FW_01382051,natural_vegetation_fire,0.000915321680903106,0.9786567608185018,0.020427917500595215,0.00031831901080879056,0.9877367134819718,0.011944967507219453
FW_00600756,natural_vegetation_fire,0.06830720578128614,0.48808028034314094,0.443612513875573,0.01383723427130815,0.6123866681791361,0.3737760975495559
FW_00486591,other_uncertain,0.003000332064439991,0.7990932993796523,0.19790636855590754,0.001056175856964427,0.8732931349516676,0.125650689191368
FW_01699675,other_uncertain,0.003059922549153119,0.037606487178942945,0.959333590271904,0.01080314066055382,0.018498623720429187,0.970698235619017
FW_01464914,natural_vegetation_fire,0.0010092083876965593,0.9775531500403807,0.021437641571922728,0.0003396460882618818,0.9871470049919621,0.012513348919776061
FW_00640282,natural_vegetation_fire,0.04515339389104458,0.6305715579937959,0.32427504811515945,0.007798971384374598,0.7550590554813942,0.23714197313423127
FW_01487826,natural_vegetation_fire,0.0023446342455720683,0.8102905724336851,0.18736479332074293,0.0008890329132527825,0.880891794467008,0.11821917261973917
FW_01130880,natural_vegetation_fire,0.0015226307308138128,0.9297970834163288,0.06868028585285735,0.0005192295814382005,0.9592933207673219,0.04018744965123984
FW_00065726,natural_vegetation_fire,0.001455135026212583,0.9612301599819053,0.03731470499188213,0.00045615943228393595,0.9779133981101552,0.021630442457560767
FW_00059864,natural_vegetation_fire,0.0022521124616253813,0.8804063361028722,0.1173415514355024,0.0007443542734435855,0.9288970775015206,0.0703585682250357
FW_00504311,natural_vegetation_fire,0.001189076647426671,0.9410967212534765,0.057714202099096765,0.0004329051777518432,0.9658591510932907,0.03370794372895755
FW_01616313,other_uncertain,0.05817736293993788,0.24442433639538882,0.6973983006646732,0.023000324129963085,0.2752787186652996,0.7017209572047374
FW_00034049,other_uncertain,0.00695102264196566,0.6204289369231536,0.3726200404348808,0.0025348738321903917,0.7242169200284249,0.2732482061393847
FW_00792794,natural_vegetation_fire,0.0008178679473292123,0.9798956185724987,0.019286513480172063,0.0002953537912086131,0.9884031408631118,0.011301505345679442
FW_01116693,other_uncertain,0.0069855845329822325,0.06660010330298947,0.9264143121640284,0.013218777674015133,0.04260439609790522,0.9441768262280796
FW_00406501,natural_vegetation_fire,0.001038849577112499,0.9124905237510897,0.08647062667179768,0.0004321152663341333,0.9482780278708272,0.051289856862838705
FW_01575195,other_uncertain,0.0025001155285139165,0.11158257038073685,0.8859173140907493,0.005302071845440397,0.08808672629961187,0.9066112018549476
FW_01270215,other_uncertain,0.29021284154071864,0.012748310334176829,0.6970388481251046,0.30271421869566617,0.004082038848228913,0.6932037424561049
FW_01182813,other_uncertain,0.002213429546173011,0.017637292117529173,0.980149278336298,0.013219883824353176,0.006174589153483151,0.9806055270221637
FW_00013096,other_uncertain,0.012994271613862554,0.0719411510510443,0.9150645773350933,0.018568296178374147,0.04799847851642495,0.9334332253052009
FW_00149787,other_uncertain,0.1853705188781097,0.015222216069063202,0.7994072650528271,0.20956305552966303,0.005184902981057262,0.7852520414892796
FW_00156384,natural_vegetation_fire,0.002519258360648696,0.9403456808203753,0.05713506081897597,0.0006810790410570253,0.9662279199894004,0.03309100096954271
FW_01467188,natural_vegetation_fire,0.001612068896998031,0.975691445930636,0.02269648517236607,0.0004540264297122399,0.9863788681920692,0.01316710537821863
FW_00329467,natural_vegetation_fire,0.01899175460412417,0.8474736552967409,0.13353459009913496,0.0028926444600825673,0.9163917291886687,0.08071562635124874
FW_01181859,other_uncertain,0.05194941352457922,0.14200521340817027,0.8060453730672505,0.030284364233325183,0.13131676198421788,0.8383988737824569
FW_01348021,natural_vegetation_fire,0.040900165579850774,0.8263433816154686,0.13275645280468068,0.004805749144966701,0.9131414018748268,0.08205284898020632
FW_01498720,natural_vegetation_fire,0.037105045930179006,0.7808401325376447,0.18205482153217625,0.005018379772486442,0.8785460577441466,0.116435562483367
FW_01000630,other_uncertain,0.034096903237423266,0.2751571703569548,0.690745926405622,0.014993626155071816,0.3129187963967692,0.672087577448159
FW_00554487,other_uncertain,0.1611257760711887,0.14215733452241155,0.6967168894063996,0.06508024873660548,0.14495481653663603,0.7899649347267584
FW_01413655,other_uncertain,0.009644291672210115,0.04112995689539827,0.9492257514323916,0.02078694737082187,0.02129218286719377,0.9579208697619843
FW_01532349,industrial_fire_candidate,0.45400575377816715,0.010504374070650972,0.5354898721511818,0.44464875716607866,0.0032033926838510533,0.5521478501500702
FW_00894697,natural_vegetation_fire,0.0012231365165277354,0.9778046368698924,0.020972226613580048,0.0003804751436918114,0.9874030941705354,0.012216430685772805
FW_00763603,natural_vegetation_fire,0.005901070315504627,0.7907420225996137,0.20335690708488163,0.0016169187359468208,0.8692285719370539,0.1291545093269993
FW_00098914,natural_vegetation_fire,0.00837290333045477,0.9640213231815091,0.027605773488036073,0.0012721293155881508,0.9829443854650015,0.015783485219410455
FW_00034071,natural_vegetation_fire,0.008777536302803991,0.5532474458630046,0.4379750178341914,0.003363758071155624,0.6564441342827404,0.34019210764610397
FW_01040967,other_uncertain,0.009511282176367902,0.34284482562502383,0.6476438921986083,0.005694687046801496,0.39784097264480006,0.5964643403083985
FW_01390882,natural_vegetation_fire,0.07468254153099389,0.5558492088793168,0.3694682495896894,0.012583702748362756,0.693436771331689,0.29397952591994825
FW_00634450,other_uncertain,0.6859815939502814,0.07141457394644132,0.24260383210327743,0.38161675702159514,0.10075987354076965,0.5176233694376352
FW_00393816,other_uncertain,0.007183265982862756,0.6285555814026504,0.3642611526144867,0.00254284152053487,0.7322799523214818,0.26517720615798335
FW_01601951,natural_vegetation_fire,0.056846467226201576,0.17689155541062132,0.766261977363177,0.028107598609846674,0.17881221088103214,0.7930801905091213
FW_01047104,other_uncertain,0.11005802944497271,0.015149000021156565,0.8747929705338707,0.15128927988637006,0.00503352426231561,0.8436771958513144
FW_00367730,natural_vegetation_fire,0.008553864194037206,0.4612444117168517,0.5302017240891111,0.004044760499698898,0.5504832694131926,0.4454719700871086
FW_01115424,other_uncertain,0.0032908360360396193,0.026124252010891625,0.9705849119530687,0.013687603822117183,0.010929786664351243,0.9753826095135315
FW_01666949,other_uncertain,0.006333531300467666,0.585539787601329,0.40812668109820344,0.002576060174702476,0.6887164692486785,0.30870747057661907
FW_00171741,natural_vegetation_fire,0.0025562098442920757,0.987156635948789,0.010287154206918848,0.000548603486059732,0.9934360993437656,0.006015297170174679
FW_01125521,natural_vegetation_fire,0.0006820204967944733,0.9309264108487572,0.06839156865444841,0.00031922928399258,0.9592879471593204,0.040392823556687045
FW_00054101,other_uncertain,0.00989332060527592,0.5466100852824128,0.44349659411231107,0.0036699593223605735,0.6499935573720382,0.3463364833056012
FW_01230651,natural_vegetation_fire,0.007103968473309487,0.7122976087584874,0.2805984227682033,0.0021264702449868946,0.8078905912082052,0.18998293854680795
FW_01250756,other_uncertain,0.07868712574378486,0.20456872961565337,0.7167441446405617,0.03167351320140209,0.22198099544715397,0.746345491351444
FW_00894824,natural_vegetation_fire,0.005848539027157828,0.9640891177873764,0.03006234318546594,0.0010315733721520692,0.9817628657814412,0.017205560846406894
FW_00433176,natural_vegetation_fire,0.0016662562191537022,0.8958992688386553,0.10243447494219102,0.0005984920292561581,0.9383851244628431,0.06101638350790084
FW_01077872,other_uncertain,0.16472204628850876,0.03511988286294354,0.8001580708485478,0.1336848636903869,0.018445778352465674,0.8478693579571475
FW_01636428,natural_vegetation_fire,0.0009287873915596783,0.9267635430081181,0.07230766960032219,0.0003889356495734891,0.9569850748133261,0.042625989537100534
FW_01566544,natural_vegetation_fire,0.004637051098179686,0.8309120435183768,0.16445090538344354,0.0012840565610800915,0.8972965112766931,0.10141943216222703
FW_00015177,natural_vegetation_fire,0.0029604242685775774,0.8726089877372657,0.1244305879941567,0.0008935226623272771,0.924325363901938,0.07478111343573474
FW_00469437,other_uncertain,0.0011988493024438376,0.03799435275482411,0.960806797942732,0.006053795615322391,0.018595316806616753,0.9753508875780609
FW_00687359,other_uncertain,0.023934783255453687,0.032058332648736594,0.9440068840958098,0.04122403683776577,0.014955503487773619,0.9438204596744606
FW_01540275,natural_vegetation_fire,0.0027077170654305135,0.8400783236343956,0.15721395930017384,0.0009101402770855893,0.9022767881364893,0.09681307158642534
FW_00941967,natural_vegetation_fire,0.0018032829995971826,0.9680661028999334,0.03013061410046936,0.0005040646799581567,0.9820716059090546,0.017424329410987163
FW_00757796,natural_vegetation_fire,0.023344187598503496,0.4707208773757998,0.5059349350256966,0.00733612503744929,0.5701869527427544,0.4224769222197963
FW_00018178,other_uncertain,0.37700885991111294,0.01465886805817611,0.608332272030711,0.3471337365349144,0.005331500341024801,0.6475347631240608
FW_00065961,natural_vegetation_fire,0.004787390567241332,0.6586212501242653,0.3365913593084932,0.0018684783300975732,0.7587580766668082,0.23937344500309424
FW_00020330,natural_vegetation_fire,0.17148235109057886,0.34462268214276737,0.4838949667666538,0.03649324134569151,0.4635739215576507,0.4999328370966579
FW_01398226,natural_vegetation_fire,0.040832670984097326,0.0993546533270583,0.8598126756888443,0.03177443178149867,0.07832226803468033,0.8899033001838209
FW_00334052,natural_vegetation_fire,0.009230267725137135,0.8585052819694916,0.1322644503053712,0.0018290780512104728,0.9186915564878854,0.07947936546090408
FW_00984780,natural_vegetation_fire,0.0016793364069070508,0.9238812524403014,0.07443941115279161,0.0005598418757224783,0.9558072211596835,0.04363293696459403
FW_00645605,natural_vegetation_fire,0.002044854330495506,0.7589392483773465,0.239015897292158,0.0009101341233171032,0.8417121025570085,0.15737776331967449
FW_00758371,natural_vegetation_fire,0.0013762968229623662,0.9322348662831347,0.06638883689390296,0.0004852463664269989,0.9606650572603171,0.03884969637325582
FW_00086431,natural_vegetation_fire,0.0024876410970241995,0.9689765409854436,0.02853581791753213,0.0006081981855761343,0.9829424872631571,0.016449314551266865
FW_01562144,natural_vegetation_fire,0.0032645904300805453,0.8573696953936255,0.13936571417629406,0.000980860590171212,0.9144454466418335,0.0845736927679953
FW_00569647,other_uncertain,0.052749839725357704,0.04463437141311773,0.9026157888615246,0.05675363592200945,0.024661131577873453,0.918585232500117
FW_01323325,other_uncertain,0.0011903083466294055,0.014233660743538809,0.9845760309098318,0.010142037438026384,0.004508737674560528,0.985349224887413
FW_01554699,natural_vegetation_fire,0.001328618477049297,0.7738695037777602,0.22480187774519042,0.0006803078062615658,0.8524087637531826,0.1469109284405558
FW_00755305,natural_vegetation_fire,0.004092858509240748,0.9238090044497501,0.07209813704100936,0.0009560356287541536,0.9571873011642933,0.04185666320695245
FW_01602231,natural_vegetation_fire,0.007996686561672737,0.665020385293258,0.3269829281450693,0.0025174099657038007,0.7670420940658603,0.23044049596843585
FW_00479994,other_uncertain,0.048342959168507234,0.2724022643929453,0.6792547764385475,0.018854572274111418,0.3131059162768623,0.6680395114490263
FW_00057990,natural_vegetation_fire,0.006465916822029187,0.7113129832608066,0.2822210999171642,0.002012681778051031,0.8066175230115615,0.1913697952103875
FW_00089549,other_uncertain,0.13944373579941852,0.13270168711711813,0.7278545770834633,0.0609892921156118,0.1288793043199976,0.8101314035643906
FW_00732477,natural_vegetation_fire,0.003837831326510049,0.9381996889683147,0.057962479705175304,0.0008821913883321254,0.9656640503603535,0.033453758251314206
FW_01527716,other_uncertain,0.002436780068720084,0.14168108944678928,0.8558821304844906,0.0045475921861809114,0.12323377386859725,0.8722186339452219
FW_01500363,natural_vegetation_fire,0.002333486939884778,0.9566504295028391,0.04101608355727624,0.0006158939246490269,0.9757191020506761,0.02366500402467502
FW_01199306,natural_vegetation_fire,0.0019464208043553951,0.9083540893605027,0.08969948983514209,0.0006372518968874253,0.9464282907388174,0.05293445736429509
FW_01415659,natural_vegetation_fire,0.00066815684488185,0.9783109627759876,0.021020880379130632,0.0002641416547437361,0.9873999928522856,0.012335865492970508
FW_01632954,other_uncertain,0.2838740084317253,0.06181562717472665,0.6543103643935481,0.15452512843074315,0.0476859251764078,0.7977889463928491
FW_00764044,other_uncertain,0.7944770382566612,0.04633885338307375,0.15918410836026517,0.5604696901154438,0.060032235261405185,0.3794980746231509
FW_01600068,industrial_fire_candidate,0.5667328285507269,0.020010036108907597,0.4132571353403654,0.4452317531073382,0.010234430668844706,0.5445338162238171
FW_00621000,natural_vegetation_fire,0.012249746423184443,0.7386915105369234,0.24905874303989214,0.002801968782391147,0.8328085945964167,0.16438943662119235
FW_00794048,natural_vegetation_fire,0.001942883643143919,0.9043546239410968,0.0937024924157592,0.0006429853451705792,0.9439286433343916,0.05542837132043797
FW_01611055,industrial_fire_candidate,0.28032228199580256,0.05567122820607678,0.6640064897981206,0.16044076005765642,0.04053284753933283,0.7990263924030108
FW_00301394,natural_vegetation_fire,0.007989617579152506,0.7000474570657657,0.29196292535508195,0.002341475680203776,0.7980454545358274,0.19961306978396884
FW_00060436,natural_vegetation_fire,0.010692774610680888,0.9000244065851912,0.0892828188041278,0.001808744791588536,0.9460412587568721,0.05214999645153954
FW_00734343,natural_vegetation_fire,0.002480992844395297,0.9524976426208883,0.04502136453471634,0.0006485171447358632,0.9733708870226502,0.02598059583261385
FW_01430062,natural_vegetation_fire,0.0014302429354508949,0.9379452139827532,0.060624543081795955,0.0004883643899478015,0.9641384631008796,0.0353731725091725
FW_00462443,natural_vegetation_fire,0.0626857434596438,0.25124715616903914,0.686067100371317,0.023667317824445703,0.2863408004448874,0.689991881730667
FW_01632932,other_uncertain,0.5474892469759843,0.04669751621439749,0.40581323680961817,0.32568347755519106,0.04067871870908407,0.6336378037357249
FW_01601824,natural_vegetation_fire,0.0008213614552721476,0.9781501030504094,0.021028535494318514,0.0002992127389066606,0.9873923693535863,0.01230841790750713
FW_01566780,natural_vegetation_fire,0.05281036853903275,0.25067621804338003,0.6965134134175873,0.021218777506678062,0.2829697507904229,0.6958114717028991
FW_00282619,natural_vegetation_fire,0.08399405277566603,0.5531630509410067,0.3628428962833274,0.013648048212586883,0.6952045701418479,0.29114738164556525
FW_01623090,natural_vegetation_fire,0.002078195642224872,0.884976651947642,0.11294515241013334,0.0007016605513018393,0.9317197998961088,0.06757853955258933
FW_01650147,natural_vegetation_fire,0.007117668480295845,0.8474358369680669,0.14544649455163736,0.0016035359265732664,0.910128943372258,0.08826752070116885
FW_01657603,other_uncertain,0.5398809027939909,0.0665091176512731,0.39360997955473603,0.28032344311294705,0.07108733749618544,0.6485892193908676
FW_00797939,natural_vegetation_fire,0.00244278820559486,0.807337538023538,0.19021967377086715,0.0009169725517698107,0.8788376270884856,0.12024540035974453
FW_00642743,other_uncertain,0.015682711856938102,0.12001189452166,0.864305393621402,0.015737275343508522,0.10010897625860965,0.8841537483978819
FW_00500118,natural_vegetation_fire,0.0028231084001451518,0.7676660867304301,0.22951080486942474,0.0010863871810182389,0.8493665129046906,0.1495470999142911
FW_01121605,natural_vegetation_fire,0.0024851087417157984,0.8529444850939681,0.14457040616431605,0.0008403341976028001,0.9108897358480439,0.08826992995435336
FW_01599075,natural_vegetation_fire,0.009149800124533824,0.6119692474320635,0.3788809524434028,0.0030490876228725216,0.7174431050236533,0.2795078073534741
FW_01107774,industrial_fire_candidate,0.5517367433072855,0.006233719271412395,0.4420295374213022,0.5869226482926001,0.001368341619941595,0.4117090100874583
FW_00418080,other_uncertain,0.0020816922088314374,0.03391041905529925,0.9640078887358693,0.009015223793257759,0.015869808086431066,0.9751149681203113
FW_00233687,natural_vegetation_fire,0.005495104354288639,0.943352276377653,0.05115261926805839,0.0010752819300548797,0.969547086148304,0.029377631921641185
FW_01168382,other_uncertain,0.06818649327056943,0.11412681492275323,0.8176866918066773,0.04089160582433689,0.0977180481779273,0.8613903459977358
FW_00086488,natural_vegetation_fire,0.001653010734676799,0.9726242473056761,0.02572274195964714,0.0004683225461705832,0.9846293655964073,0.014902311857422095
FW_00741540,natural_vegetation_fire,0.0015253314626478781,0.9795664669588273,0.018908201578524787,0.0004294583466026053,0.9885705796343938,0.010999962019003528
FW_00667470,natural_vegetation_fire,0.0072955056134514,0.6311886704788705,0.3615158239076781,0.00255296307404365,0.7348969903881901,0.26255004653776626
FW_01380604,other_uncertain,0.006070746337867012,0.7849107011480839,0.20901855251404908,0.0016649703220016161,0.8649886668189624,0.1333463628590361
FW_00258040,natural_vegetation_fire,0.0018821717430996879,0.9751210435737678,0.022996784683132328,0.0004994967892714416,0.9861840153806526,0.013316487830075906
FW_00666643,natural_vegetation_fire,0.00444059731258562,0.6835217568737029,0.31203764581371146,0.0016966035413960964,0.7809775653663559,0.21732583109224812
FW_01536120,other_uncertain,0.011936292953452365,0.04112294120513529,0.9469407658414124,0.023683168336339776,0.021333171930716197,0.954983659732944
FW_01662881,natural_vegetation_fire,0.001386654990736014,0.9389767974615135,0.059636547547750524,0.0004778811151569832,0.9647270544051252,0.034795064479717905
FW_00895648,natural_vegetation_fire,0.001610703731471103,0.8877784546182236,0.11061084165030535,0.0005978727169310825,0.9331470743940666,0.06625505288900213
FW_01092093,other_uncertain,0.006738946055798594,0.050100262422303546,0.9431607915218979,0.015046198405451952,0.028230673538063127,0.9567231280564849
FW_00815587,other_uncertain,0.0024635495358349235,0.9197461272130979,0.0777903232510672,0.0007127898987919387,0.9537918039372019,0.04549540616400617
FW_00188528,natural_vegetation_fire,0.0022486286469016814,0.9474037908945888,0.05034758045850946,0.0006220826815805591,0.97025275710497,0.029125160213449304
FW_00700932,other_uncertain,0.1176217778450502,0.038159554346143806,0.844218667808806,0.1025180450389365,0.020305327154204248,0.8771766278068592
FW_01633186,natural_vegetation_fire,0.00598784512076605,0.7040385901264478,0.2899735647527861,0.0019499792245740155,0.8000836564223582,0.19796636435306786
FW_00746085,other_uncertain,0.002052689738299292,0.023281252629643236,0.9746660576320575,0.010904118117881202,0.009215884640751501,0.9798799972413673
FW_00018501,natural_vegetation_fire,0.005561221073210121,0.5490019184152994,0.4454368605114904,0.002570633538791414,0.6493910244654469,0.34803834199576167
FW_01657200,natural_vegetation_fire,0.0011947478612936656,0.9562096685778424,0.04259558356086404,0.0004129762492396943,0.9748204980174919,0.024766525733268523
FW_01121070,other_uncertain,0.08441688944173673,0.03662567234938091,0.8789574382088824,0.08433729682833618,0.01874402354286194,0.896918679628802
FW_00817128,natural_vegetation_fire,0.0009897794640963777,0.9428903224483687,0.056119898087535064,0.0003855550184070737,0.9667860427447952,0.03282840223679766
FW_01488025,natural_vegetation_fire,0.0011562475223215944,0.934219299525101,0.06462445295257728,0.0004344855818616515,0.9617022363188714,0.03786327809926687
FW_00918792,natural_vegetation_fire,0.004389876798658464,0.971270907999768,0.02433921520157358,0.0008418279212263352,0.985184750576897,0.013973421501876611
FW_00654128,natural_vegetation_fire,0.012234297231450133,0.9055971899881817,0.08216851278036823,0.0019317044315905595,0.9502520778345059,0.047816217733903425
FW_00899503,natural_vegetation_fire,0.0038047300575116618,0.8842001238151034,0.11199514612738473,0.00101160643286439,0.9323797669264571,0.06660862664067847
FW_01217751,natural_vegetation_fire,0.0044479962193548425,0.8670787460227586,0.12847325775788657,0.0011562185011305026,0.9216563530412577,0.07718742845761202
FW_00691832,other_uncertain,0.03263566949447869,0.08925715472619244,0.8781071757793288,0.02925358444607057,0.06668412551778623,0.9040622900361432
FW_00107386,industrial_fire_candidate,0.8200076061109207,0.0745171318707881,0.10547526201829109,0.5328790075328286,0.14830630638994272,0.31881468607722874
FW_01301288,natural_vegetation_fire,0.007751665669186129,0.8318999447461884,0.16034838958462533,0.0017465742272035013,0.8998643635678489,0.09838906220494756
FW_00186708,natural_vegetation_fire,0.0008144591916790536,0.9838410215249889,0.015344519283331992,0.00028689040256098985,0.990690156376576,0.00902295322086321
FW_00674770,natural_vegetation_fire,0.0017719505111292405,0.9261726380026164,0.07205541148625445,0.0005745811762562028,0.9572645895223969,0.042160829301346923
FW_00771717,natural_vegetation_fire,0.0019224084587721438,0.9790412103054521,0.019036381235775782,0.0004944373392527921,0.9884608274500402,0.011044735210707106
FW_00074003,other_uncertain,0.005296632199104721,0.9376804998983393,0.057022867902556,0.0010711275394664314,0.9661043516408716,0.0328245208196619
FW_00130112,natural_vegetation_fire,0.0017527837725687923,0.961136178088299,0.03711103813913215,0.0005101577753705177,0.9780229218366095,0.021466920388019874
FW_00812285,natural_vegetation_fire,0.002316463965017906,0.7696595102654249,0.2280240257695572,0.0009600747600183111,0.8504024908785227,0.1486374343614589
FW_01278963,natural_vegetation_fire,0.0033765707851691963,0.9715298685928725,0.025093560621958312,0.0007201498838575835,0.984845537099028,0.0144343130171144
FW_00063994,natural_vegetation_fire,0.0010824742474174172,0.9520226892292851,0.046894836523297484,0.00039497063835109233,0.9722808671636967,0.027324162197952175
FW_01038614,natural_vegetation_fire,0.003268933299901861,0.7707689613318424,0.2259621053682557,0.0011794838836481948,0.8521726032654598,0.1466479128508918
FW_01633184,other_uncertain,0.033547185270779434,0.01761912473612669,0.9488336899930939,0.06849373469629333,0.006229926233648989,0.9252763390700577
FW_00973806,natural_vegetation_fire,0.0027480046945326433,0.8898533657427014,0.10739862956276595,0.0008206573402957883,0.9353220749730713,0.06385726768663302
FW_00431703,natural_vegetation_fire,0.00284427207905374,0.7564532398326644,0.2407024880882817,0.0011166658250790083,0.8406050613567096,0.15827827281821147
FW_00720382,natural_vegetation_fire,0.0012427416807443863,0.9354849312810966,0.06327232703815922,0.00045208050128369776,0.962529528812964,0.03701839068575242
FW_01230104,industrial_fire_candidate,0.769476388412926,0.005661597837827522,0.22486201374924655,0.76846141958522,0.0012904480264354567,0.23024813238834468
FW_00474621,natural_vegetation_fire,0.00487330814141547,0.724908589933237,0.27021810192534734,0.0016494777316453605,0.8168227803499643,0.18152774191839033
FW_01341899,other_uncertain,0.0018695442120224045,0.02347711733388043,0.9746533384540972,0.010253522878157366,0.009320360334142833,0.9804261167876999
FW_01122467,other_uncertain,0.42994182615742316,0.2632747150669604,0.3067834587756165,0.10015770251263165,0.4486204932868054,0.4512218042005628
FW_00830597,natural_vegetation_fire,0.006507565433772965,0.8665135062699153,0.1269789282963118,0.0014555892655139422,0.9224830195013841,0.07606139123310196
FW_01186034,other_uncertain,0.3182719966250525,0.13818849744572412,0.5435395059292234,0.1142797310204178,0.16344248212121756,0.7222777868583645
FW_00407350,other_uncertain,0.41798063462618046,0.01855426346942549,0.563465101904394,0.3469200289363585,0.008023149105967405,0.6450568219576741
FW_01719958,other_uncertain,0.023945210924136904,0.015386327738701019,0.9606684613371621,0.05986438123124629,0.0051016879161660976,0.9350339308525877
FW_01657631,other_uncertain,0.01071140063712926,0.05065042557309482,0.9386381737897759,0.019868240764656465,0.028826785657013482,0.9513049735783301
FW_00519692,natural_vegetation_fire,0.0012379851434861087,0.8833361915446718,0.11542582331184212,0.0005155429153592502,0.929928085096135,0.06955637198850567
FW_00625381,other_uncertain,0.4369187848458043,0.01478753396573528,0.5482936811884604,0.38810107899946467,0.005601977683121546,0.6062969433174138
FW_01184427,other_uncertain,0.0030307568628365005,0.05120796068358872,0.9457612824535747,0.009118145469263683,0.02889341388862628,0.9619884406421101
FW_00265781,natural_vegetation_fire,0.005225504773523819,0.9258288042035617,0.06894569102291447,0.0011003806118485547,0.9590013919831993,0.03989822740495212
FW_00828310,other_uncertain,0.4466049901072149,0.34205301905401114,0.21134199083877386,0.08167675070561727,0.6197611177130578,0.29856213158132494
FW_01447161,natural_vegetation_fire,0.0018777566846887184,0.9316235118235445,0.06649873149176673,0.0005859063490636302,0.9606311317235923,0.038782961927343935
FW_00774314,other_uncertain,0.027586350594419926,0.47295031946059546,0.49946332994498477,0.008094671073299552,0.5749591095206734,0.41694621940602705
FW_00468869,other_uncertain,0.029250551447122516,0.5735093526322201,0.3972400959206574,0.006734616966465567,0.689519063007751,0.3037463200257833
FW_00025541,natural_vegetation_fire,0.01407154314062259,0.7798292359766312,0.20609922088274632,0.0027969728407172454,0.865820166594929,0.13138286056435383
FW_00675820,other_uncertain,0.009777057116299889,0.35717509673682585,0.6330478461468743,0.005591521533957981,0.4173652803529853,0.5770431981130567
FW_00303417,natural_vegetation_fire,0.0031038271564489935,0.9429377443429875,0.05395842850056359,0.0007655475146360477,0.9680812562002553,0.031153196285108698
FW_01405589,natural_vegetation_fire,0.003759097633464037,0.9182415164424252,0.07799938592411075,0.000922385892517564,0.9536266607868406,0.04545095332064186
FW_00229838,natural_vegetation_fire,0.0011359657712704289,0.971867604544442,0.0269964296842874,0.0003755917944568107,0.9839208002331689,0.015703607972374477
FW_00075405,natural_vegetation_fire,0.0014650135542004913,0.908805529819057,0.08972945662674243,0.0005364800221624905,0.9463490544429416,0.053114465534895954
FW_00574550,other_uncertain,0.2955466621582292,0.037146568769374326,0.6673067690723965,0.20003022483871027,0.022042958868690666,0.7779268162925991
FW_01465569,natural_vegetation_fire,0.006361155506221031,0.9431867484225441,0.050452096071234895,0.0011736779050078487,0.9698794915726152,0.028946830522376964
FW_01474756,natural_vegetation_fire,0.005037842631438372,0.8597773498787177,0.1351848074898438,0.0012669529914894158,0.9171873914362324,0.08154565557227803
FW_01058756,other_uncertain,0.0037868911837874576,0.02131608047962541,0.9748970283365871,0.016594500351339598,0.00815192428259185,0.9752535753660685
FW_00729396,natural_vegetation_fire,0.023007303826384985,0.5328341755534918,0.4441585206201231,0.006340118972623754,0.6422675897464659,0.3513922912809102
FW_01068106,natural_vegetation_fire,0.005817038524635183,0.7020116576796206,0.2921713037957442,0.0019240478251855591,0.7982189294854812,0.19985702268933314
FW_01025477,industrial_fire_candidate,0.34122837244126486,0.008715226387765871,0.6500564011709693,0.38574690952617624,0.0022441434332716357,0.6120089470405522
FW_00693503,natural_vegetation_fire,0.0016164178662216066,0.8860554025392374,0.11232817959454092,0.0006015837905325028,0.9320418964740292,0.06735651973543819
FW_00076834,other_uncertain,0.003356535546860438,0.04195881030012695,0.9546846541530126,0.010788671268248307,0.02169124124953358,0.9675200874822181
FW_01040807,other_uncertain,0.03244389431290843,0.15226002371006367,0.8152960819770279,0.021550262440077076,0.14219947815016792,0.836250259409755
FW_00444490,industrial_fire_candidate,0.2784936164757528,0.014917440463688788,0.7065889430605584,0.2772378185377091,0.0052170457113816775,0.7175451357509092
FW_01091873,natural_vegetation_fire,0.001506512188307318,0.7480429460421331,0.25045054176955966,0.0007736629495555824,0.8322991927836784,0.16692714426676608
FW_00739421,industrial_fire_candidate,0.02300138598880716,0.02824340244248273,0.94875521156871,0.04293133372413477,0.012421923606182581,0.9446467426696827
FW_00753552,natural_vegetation_fire,0.002719515808568061,0.8879723960273004,0.10930808816413158,0.0008191843919963031,0.9341016056609484,0.06507920994705531
FW_00774513,natural_vegetation_fire,0.002427614110116346,0.9317431983797703,0.06582918751011331,0.0006833911813775695,0.9610372547026506,0.03827935411597184
FW_01657742,other_uncertain,0.0007846357453110862,0.9408656423557263,0.0583497218989626,0.00033737388258185794,0.9654055852713905,0.034257040846027466
FW_00037326,natural_vegetation_fire,0.0013642153557528111,0.9118789709012829,0.0867568137429645,0.0005099411799713446,0.9481819448999175,0.05130811392011098
FW_01667118,natural_vegetation_fire,0.0008198062573195866,0.8664841678663615,0.1326960258763189,0.0004178659381938725,0.9182988506690403,0.08128328339276575
FW_01550501,other_uncertain,0.0022676984093490363,0.030429470171728423,0.9673028314189226,0.010059796552831072,0.013581960751937532,0.9763582426952314
FW_01203424,other_uncertain,0.005233654333237677,0.04048753709468544,0.9542788085720769,0.014425734585437892,0.020689352930711266,0.964884912483851
FW_00895557,other_uncertain,0.796328450774131,0.05730568961594358,0.14636585960992549,0.5352003062864094,0.08767779731401258,0.377121896399578
FW_01192420,natural_vegetation_fire,0.003622632592712242,0.8781568257007398,0.11822054170654803,0.0009961781972856589,0.9283727502158394,0.07063107158687486
FW_00790195,natural_vegetation_fire,0.0062866792585467655,0.7872758704994351,0.20643745024201798,0.0016921355378604372,0.8668974107129617,0.1314104537491779
FW_01271629,natural_vegetation_fire,0.01246146312133301,0.9354997121395305,0.052038824739136576,0.0017904590974852398,0.9683510159476441,0.0298585249548707
FW_00042097,industrial_fire_candidate,0.9332857925495639,0.002071210122319298,0.06464299732811664,0.9506937491648205,0.00021959509044872116,0.04908665574473088
FW_01355799,other_uncertain,0.14266685155719125,0.43316203743841597,0.4241711110043928,0.025635335653028328,0.5778465883002565,0.3965180760467152
FW_01660497,natural_vegetation_fire,0.0019054645433507088,0.8896350197660461,0.10845951569060325,0.0006586538595694105,0.934579178415953,0.06476216772447749
FW_00187319,natural_vegetation_fire,0.0013837119398952343,0.9413453316605944,0.0572709563995103,0.0004738418456652461,0.9661411291013635,0.033385029052971214
FW_01040110,natural_vegetation_fire,0.019719415876151204,0.5250433907920191,0.4552371933318296,0.005864428836431147,0.6318119754445575,0.3623235957190113
FW_01009124,other_uncertain,0.031628541395793464,0.22846328859371787,0.7399081700104887,0.01635752879812936,0.24603201263288535,0.7376104585689852
FW_00152542,natural_vegetation_fire,0.006983480685173267,0.7134001595900437,0.2796163597247831,0.002099798077822235,0.8087381561877975,0.18916204573438025
FW_01328728,natural_vegetation_fire,0.002902211738647236,0.9206150848659294,0.07648270339542348,0.0007846884063688995,0.9545847095053858,0.04463060208824528
FW_01650152,natural_vegetation_fire,0.0018539781261678935,0.9271056408615738,0.07104038101225847,0.00058890004188754,0.9578849474712128,0.04152615248689971
FW_01136700,natural_vegetation_fire,0.0013044893405489652,0.9142017372144293,0.08449377344502174,0.000493423927633561,0.9495750927145682,0.04993148335779825
FW_00924325,natural_vegetation_fire,0.003980557845065996,0.9214626651131306,0.07455677704180354,0.0009463163598108485,0.9557064556136513,0.04334722802653775
FW_00499159,natural_vegetation_fire,0.029598428756120666,0.1612887830789416,0.8091127881649378,0.019647371847912525,0.15359065094027322,0.8267619772118143
FW_01475148,other_uncertain,0.030538486099036703,0.066821271318212,0.9026402425827513,0.032749185443596514,0.04380621327947398,0.9234446012769295
FW_00427077,natural_vegetation_fire,0.0027803811936994564,0.8025372030175469,0.1946824157887537,0.001001503999312366,0.8756343694711156,0.12336412652957211
FW_00989915,natural_vegetation_fire,0.012772460995353355,0.8110437157437346,0.17618382326091211,0.0024688458453030315,0.8879708439804943,0.10956031017420263
FW_01349791,natural_vegetation_fire,0.0023676523637846977,0.9608027443526693,0.036829603283546127,0.0006115024356688188,0.9781531304388934,0.021235367125437766
FW_00325950,natural_vegetation_fire,0.0025508239934247815,0.9294492440081048,0.06799993199847047,0.0007086417281265617,0.9597293670302538,0.03956199124161964
FW_01014069,natural_vegetation_fire,0.09135883274322676,0.32157349893369325,0.5870676683230801,0.025029410737484437,0.3982007949042761,0.5767697943582394
FW_00431885,natural_vegetation_fire,0.0017387536758666242,0.8939619094204977,0.10429933690363555,0.0006169131329766051,0.9372110257138387,0.062172061153184556
FW_00596000,natural_vegetation_fire,0.2753861219881915,0.3024654049307629,0.4221484730810457,0.0590477506700683,0.4415446246364335,0.49940762469349814
FW_01484775,natural_vegetation_fire,0.002053896152151446,0.9290024780767986,0.06894362577104995,0.0006229603215648263,0.9591604605330389,0.040216579145396204
FW_01688793,natural_vegetation_fire,0.0005407456955396915,0.9163474955006132,0.08311175880384723,0.0002887310872754667,0.9501180664691156,0.04959320244360885
FW_00000358,other_uncertain,0.10422003596369209,0.1259689822641469,0.7698109817721609,0.051307463711491724,0.11600127237901164,0.8326912639094967
FW_00082874,natural_vegetation_fire,0.0034036433803835073,0.9319309559392839,0.0646654006803327,0.0008365042069669021,0.9616983235277835,0.03746517226524976
FW_00376165,natural_vegetation_fire,0.0026978144300426952,0.716738709815821,0.2805634757541362,0.0011726907994704062,0.8080206989250641,0.19080661027546536
FW_00654175,natural_vegetation_fire,0.00810270105547433,0.752623777522891,0.23927352142163452,0.0021196565341247667,0.841451724204823,0.15642861926105228
FW_00669669,natural_vegetation_fire,0.03336626273342988,0.6285521352912751,0.338081601975295,0.006496729515373584,0.7470561673721511,0.2464471031124752
FW_01538806,natural_vegetation_fire,0.04062331127346255,0.655996682810122,0.30338000591641534,0.006920787136685122,0.7766632090983754,0.21641600376493939
FW_01529552,natural_vegetation_fire,0.0006585329008866096,0.9654148012043039,0.03392666589480951,0.0002786911992956031,0.9798685387118623,0.019852770088842092
FW_00838539,other_uncertain,0.08944007680531102,0.056737090456711194,0.8538228327379779,0.07046978302544638,0.03593283047337703,0.8935973865011766
FW_00869243,natural_vegetation_fire,0.0018179600878638676,0.9565997041383133,0.04158233577382282,0.0005304792045544502,0.9754118529035666,0.024057667891878968
FW_01105162,other_uncertain,0.027555197217886962,0.288735490154404,0.683709312627709,0.012641789419664262,0.33012560410235975,0.657232606477976
FW_00445507,other_uncertain,0.0749751467904994,0.3448681895824714,0.5801566636270291,0.020686131577725374,0.4259409761912604,0.5533728922310142
FW_00468733,other_uncertain,0.10122770535528147,0.035385919613374804,0.8633863750313439,0.09638531415695567,0.017971987221640787,0.8856426986214035
FW_00226834,natural_vegetation_fire,0.0015247218014837064,0.967955744943328,0.030519533255188216,0.00045615955252762005,0.9818619715097336,0.017681868937738862
FW_00799529,natural_vegetation_fire,0.0024221611910605584,0.9733905758908179,0.024187262918121344,0.0005857428798452124,0.9854524377849027,0.013961819335252193
FW_00064903,industrial_fire_candidate,0.7093369678458995,0.005119647352708316,0.2855433848013921,0.7302552089863363,0.001033353358426608,0.26871143765523714
FW_01182329,natural_vegetation_fire,0.001190435543127717,0.9308076935555624,0.06800187090130994,0.00044651236940560624,0.9596642249353389,0.03988926269525555
FW_00077352,natural_vegetation_fire,0.0022098614223815213,0.8243778254006043,0.17341231317701403,0.0008327098854573243,0.8908670859152177,0.10830020419932496
FW_01042318,other_uncertain,0.00496590483878307,0.03119992195264399,0.963834173208573,0.016024298035303697,0.014180689914162482,0.9697950120505339
FW_01685099,natural_vegetation_fire,0.0042208982872460775,0.7673314011329025,0.22844770057985142,0.0013862450762545536,0.8502963714646743,0.14831738345907106
FW_00184307,industrial_fire_candidate,0.7493845599684839,0.0068596434732463175,0.24375579655826982,0.7324985148841247,0.001811019656054207,0.26569046545982117
FW_01104117,natural_vegetation_fire,0.0010992544774316836,0.9338113902623476,0.06508935526022072,0.00042197174467791096,0.9614120382885523,0.038165989966769676
FW_01506546,industrial_fire_candidate,0.5570651116018094,0.1668685511909337,0.276066337207257,0.18831569234999554,0.2966550581711485,0.515029249478856
FW_01045422,industrial_fire_candidate,0.4344329115070045,0.029764560805248755,0.5358025276877467,0.30289807627640225,0.017451442291116837,0.6796504814324809
FW_01460578,industrial_fire_candidate,0.3699278703974596,0.08041367323879889,0.5496584563637416,0.17275481714252008,0.07755915499581041,0.7496860278616695
FW_00779218,natural_vegetation_fire,0.0020530478056805072,0.9800533519068633,0.0178936002874562,0.0005107892293948278,0.9891060686254197,0.010383142145185384
FW_00259505,industrial_fire_candidate,0.7608166809804758,0.010973551413257778,0.22820976760626632,0.6927046420145421,0.0043097840252924275,0.3029855739601654
FW_01148948,other_uncertain,0.007719369498589232,0.3645326463718868,0.6277479841295239,0.004751560435811311,0.42600139941195825,0.5692470401522305
FW_00667745,industrial_fire_candidate,0.004406382471340194,0.5738606404671299,0.42173297706152996,0.002117425845284869,0.6748841412081155,0.3229984329465996
FW_01085342,natural_vegetation_fire,0.0008865726355349407,0.9550258747054001,0.04408755265906483,0.00034668170922100863,0.9739198798485244,0.025733438442254845
FW_01539775,natural_vegetation_fire,0.003896951864895107,0.8443452656569387,0.15175778247816626,0.0011230789062011935,0.9060699884498938,0.09280693264390494
FW_00361239,natural_vegetation_fire,0.0025493562836177664,0.8806314337881082,0.11681920992827409,0.0008016337368682536,0.9292598953147155,0.06993847094841606
FW_01426717,natural_vegetation_fire,0.0005869805761447302,0.9724854885494,0.026927530874455242,0.0002520045768966941,0.9839557426200778,0.015792252803025583
FW_00074276,industrial_fire_candidate,0.392028111891607,0.03474731519437157,0.5732245729140215,0.2603652073267385,0.02151651584360041,0.7181182768296612
FW_01633005,natural_vegetation_fire,0.009326794409707375,0.2935762721782151,0.6970969334120775,0.006381778625011664,0.3300591193208592,0.6635591020541293
FW_00809530,other_uncertain,0.005047421968057839,0.7624385828997893,0.23251399513215304,0.0015601244672283723,0.8471148547417268,0.15132502079104496
FW_01105432,industrial_fire_candidate,0.6275397253080551,0.008031904016641172,0.36442837067530387,0.6131145848185446,0.002218677592274033,0.38466673758918135
FW_00048809,natural_vegetation_fire,0.03984490314762356,0.6082770771557059,0.35187801969667054,0.0075689785597762085,0.7305188491994539,0.26191217224076985
FW_00770612,natural_vegetation_fire,0.0034445993878868043,0.9126818766626881,0.08387352394942509,0.0008882093980945833,0.9500455648611036,0.04906622574080179
FW_01594213,other_uncertain,0.07174915497914523,0.044777010296302905,0.8834738347245518,0.06882636842338176,0.02505566406240469,0.9061179675142136
FW_00054981,natural_vegetation_fire,0.002611588808384214,0.7228645549779715,0.2745238562136443,0.0011356431473253192,0.8130672007442284,0.18579715610844616
FW_00839572,other_uncertain,0.11119220479954445,0.20612402413291817,0.6826837710675373,0.03980178824141753,0.2309449813747193,0.7292532303838632
FW_00314024,natural_vegetation_fire,0.03356832025566971,0.3142051955872068,0.6522264841571236,0.013378107832089172,0.3680187734402963,0.6186031187276145
FW_01266739,natural_vegetation_fire,0.0008985841036551601,0.9840690838844195,0.01503233201192542,0.0003037273961242431,0.990864629657006,0.008831642946869962
FW_00463732,other_uncertain,0.1299017527563872,0.008620451055495654,0.8614777961881172,0.214093548341815,0.0021250587059689755,0.783781392952216
FW_01207090,other_uncertain,0.004494528823735159,0.04796607174113748,0.9475393994351274,0.01201639807504011,0.026397207062571065,0.9615863948623888
FW_01393277,natural_vegetation_fire,0.0013436742962240646,0.977377222006295,0.02127910369748102,0.00040343937082560027,0.9872171981449525,0.012379362484221815
FW_01721496,natural_vegetation_fire,0.0007349220451763278,0.9430959025777987,0.056169175377024955,0.00032213145731343064,0.9667013496128617,0.032976518929824825
FW_01137506,other_uncertain,0.06574778103462622,0.18310722073473185,0.7511449982306418,0.030230605031308175,0.1889407619258713,0.7808286330428206
FW_00456837,other_uncertain,0.1393614652800229,0.008616872144596643,0.8520216625753804,0.2231768378533066,0.0021238132180241326,0.7746993489286692
FW_01671797,other_uncertain,0.0013328613974847563,0.020344640044038794,0.9783224985584763,0.00899420728106337,0.007556064439944937,0.9834497282789917
FW_00619269,natural_vegetation_fire,0.0025412134177736218,0.938063430041,0.05939535654122626,0.0006894228819854739,0.9648830027316146,0.03442757438640003
FW_00825416,natural_vegetation_fire,0.009933724406990049,0.719103518898111,0.270962756694899,0.0025694396965210593,0.8154052414711972,0.18202531883228168
FW_00311185,other_uncertain,0.01111840805283065,0.5100221865750866,0.4788594053720827,0.0042644511430683886,0.6098571557166932,0.3858783931402385
FW_00668523,natural_vegetation_fire,0.005728862706260658,0.7379860974933818,0.2562850398003575,0.0017710613024355018,0.8281764718786335,0.17005246681893088
FW_00801709,natural_vegetation_fire,0.006005941763499494,0.8993415908302768,0.0946524674062238,0.0012828808837130614,0.9431996622658992,0.05551745685038777
FW_00076310,natural_vegetation_fire,0.003526281815305657,0.923541988823218,0.07293172936147643,0.0008749771521690956,0.9567164887163576,0.04240853413147331
FW_01481451,natural_vegetation_fire,0.005922720936761922,0.9474941231433708,0.046583155919867204,0.0011087355671327906,0.9721848992901668,0.026706365142700507
FW_00901226,natural_vegetation_fire,0.002093609962340458,0.9519405910594221,0.045965798978237535,0.0005869602483090271,0.9728350779374368,0.026577961814254123
FW_01676154,other_uncertain,0.03590605707133914,0.030256389244032678,0.9338375536846282,0.054421670958256015,0.013812379239984837,0.9317659498017592
FW_01633081,other_uncertain,0.0015820165235913319,0.06448420323349172,0.933933780242917,0.005410968216637502,0.03999455359139161,0.9545944781919709
FW_01293713,other_uncertain,0.010617634048933226,0.11992407073485559,0.8694582952162112,0.012374677794749937,0.09936283440635182,0.8882624877988982
FW_01001870,industrial_fire_candidate,0.7044845085690521,0.004204413694681028,0.2913110777362668,0.746829325262539,0.0007184979359904763,0.2524521768014705
FW_00701125,other_uncertain,0.009939699294833544,0.16351963184554763,0.8265406688596187,0.009896633216028123,0.15305216474834551,0.8370512020356263
FW_00110263,natural_vegetation_fire,0.0040615403359821846,0.9431890424007467,0.05274941726327088,0.0008983923634163271,0.9687282817611275,0.030373325875456103
FW_00752123,natural_vegetation_fire,0.001376869483310523,0.9877950758208541,0.010828054695835268,0.00037918330645180713,0.9932525969151836,0.006368219778364629
FW_01243576,natural_vegetation_fire,0.0011205352498103002,0.9759687858590292,0.022910678891160455,0.000364794701224006,0.9862883315286239,0.013346873770151965
FW_01554976,natural_vegetation_fire,0.0022399036917273656,0.7790152323558812,0.21874486395239154,0.0009228656350330799,0.8575162501412976,0.14156088422366936
FW_00805449,natural_vegetation_fire,0.015773444154013862,0.7669243758443617,0.21730218000162435,0.0030793794541343397,0.8569469067662018,0.13997371377966383
FW_01127613,other_uncertain,0.5420247745664463,0.07460010554867623,0.38337511988487744,0.268967999955037,0.08552730800538498,0.6455046920395779
FW_00446738,industrial_fire_candidate,0.4925602125041322,0.016533742038408315,0.4909060454574595,0.4139570559577233,0.006997380153783242,0.5790455638884934
FW_00294182,natural_vegetation_fire,0.0008935145159346119,0.974632791110229,0.024473694373836348,0.0003208046653570525,0.9853911176120083,0.014288077722634518
FW_01139697,other_uncertain,0.0017455024429362167,0.8603514820086705,0.13790301554839327,0.0006681161790883619,0.9152476016292961,0.08408428219161539
FW_01557679,natural_vegetation_fire,0.0022030333415396595,0.8462478906371316,0.1515490760213289,0.0007930017967310898,0.9060990592075999,0.09310793899566906
FW_00905424,natural_vegetation_fire,0.002435444211868379,0.9132706480441823,0.08429390774394924,0.0007200818876708719,0.9498005205467209,0.04947939756560839
FW_00206483,natural_vegetation_fire,0.00713459568685516,0.9479007118683646,0.04496469244478015,0.0012362671484442112,0.9730169075812647,0.025746825270291138
FW_01004309,other_uncertain,0.2180736388924468,0.015039052912051105,0.766887308195502,0.2342190096405838,0.005150464633559269,0.760630525725857
FW_01306986,natural_vegetation_fire,0.005270583378884981,0.8273784975303228,0.1673509190907923,0.0013977258480730149,0.8952366845050937,0.10336558964683333
FW_00672195,natural_vegetation_fire,0.005317056433224572,0.7194340590659279,0.2752488845008476,0.0017583841273824327,0.8126076001415341,0.18563401573108332
FW_00972933,other_uncertain,0.0017179240944916723,0.024658640283836537,0.9736234356216718,0.009487431101808054,0.009997603508892257,0.9805149653892996
FW_01657587,other_uncertain,0.22627484810216636,0.09302401079056201,0.6807011411072716,0.10573316431542445,0.08339615196576214,0.8108706837188133
FW_00751027,other_uncertain,0.003053694956909123,0.819945502521267,0.17700080252182385,0.0010217033591951618,0.8884409082284499,0.11053738841235503
FW_01631945,natural_vegetation_fire,0.13019536687439354,0.12884427044501176,0.7409603626805948,0.05907743903772015,0.12255771807014164,0.8183648428921382
FW_00753866,natural_vegetation_fire,0.0009317995152822257,0.9836740505061272,0.015394149978590697,0.0003112963018936426,0.9906521531620759,0.009036550536030525
FW_01618722,natural_vegetation_fire,0.0026805970517226555,0.8402833756975733,0.15703602725070398,0.0009042309589685513,0.9023966316650662,0.09669913737596526
FW_01347542,other_uncertain,0.002411384793735366,0.060027798435707484,0.937560816770557,0.007281460845873962,0.03624600202583323,0.9564725371282928
FW_01225130,natural_vegetation_fire,0.004628527559580331,0.8670628224542312,0.1283086499861887,0.0011842859058674277,0.921755605183547,0.07706010891058561
FW_00088309,other_uncertain,0.3985013913900268,0.22173972511595394,0.37975888349401915,0.10563555800271257,0.3462754114580976,0.5480890305391898
FW_00025985,other_uncertain,0.06057919399640039,0.1245375709637085,0.8148832350398911,0.036060623731819806,0.10994264379541298,0.8539967324727672
FW_00765744,natural_vegetation_fire,0.0012227769273720074,0.9495959493695914,0.04918127370303666,0.0004284678901754402,0.9709386033730936,0.028632928736730963
FW_01680282,natural_vegetation_fire,0.1291998097758995,0.39239154039669444,0.4784086498274061,0.026456162178124975,0.5152724448902836,0.45827139293159136
FW_01564512,natural_vegetation_fire,0.0025110639139063287,0.9353851278503557,0.06210380823573794,0.0006900147122694066,0.9632679748631859,0.036042010424544496
FW_00533674,natural_vegetation_fire,0.002002601560444249,0.8133955535659649,0.1846018448735909,0.0008030734680927192,0.8828035046309394,0.11639342190096802
FW_00648354,natural_vegetation_fire,0.028537845492735997,0.671114584846758,0.300347569660506,0.005395956102263745,0.7841462312533168,0.21045781264441948
FW_01228700,natural_vegetation_fire,0.0018689535424098306,0.8968502803089089,0.1012807661486814,0.0006398469246613407,0.9391470988733893,0.060213054201949216
FW_00749722,natural_vegetation_fire,0.002284662978108733,0.8588299063230753,0.13888543069881581,0.0007884701380997691,0.9146932223406541,0.08451830752124613
FW_00506113,natural_vegetation_fire,0.0026925786432420657,0.48452927126661843,0.5127781500901394,0.0018991145363962585,0.5730447930060976,0.4250560924575063
FW_00925998,other_uncertain,0.0031036822245411686,0.030711739590504536,0.9661845781849544,0.012127430890576595,0.013804324520419567,0.9740682445890038
FW_01645405,natural_vegetation_fire,0.0025692399743662588,0.9290030406354156,0.06842771939021818,0.0007126099229894884,0.9594712829491472,0.039816107127863244
FW_00617420,other_uncertain,0.058445000826681706,0.2795764907251141,0.6619785084482042,0.02088397510339486,0.3263868252179705,0.6527291996786346
FW_00596672,natural_vegetation_fire,0.0012108732553536342,0.916942116828915,0.08184700991573135,0.00046844120602639586,0.95119354379517,0.048338014998803566
FW_01695968,other_uncertain,0.1773232172198929,0.009612901598390396,0.8130638811817167,0.24644872793906702,0.002527394781413373,0.7510238772795196
FW_00026755,other_uncertain,0.01345202083874076,0.02565842894010204,0.9608895502211572,0.03254935940048074,0.0107544781640475,0.9566961624354717
FW_01543251,natural_vegetation_fire,0.0029904678601480484,0.8849306656470031,0.11207886649284907,0.0008736372381187286,0.9323329861643268,0.06679337659755447
FW_01003507,natural_vegetation_fire,0.0019569782301575465,0.8874343513727609,0.11060867039708164,0.0006728166643584001,0.9332077259825273,0.06611945735311425
FW_01302749,industrial_fire_candidate,0.8909541350180418,0.0043313153001692875,0.10471454968178896,0.8912746695509466,0.0008668954460887209,0.10785843500296462
FW_00665890,natural_vegetation_fire,0.004639757328310941,0.9168989235262689,0.07846131914542032,0.0010502552923331782,0.9532891436448518,0.045660601062814964
FW_01221786,natural_vegetation_fire,0.001794996820610858,0.9302800503355458,0.06792495284384323,0.0005724382927538811,0.9597676280276364,0.039659933679609696
FW_01461967,natural_vegetation_fire,0.000998651154915619,0.9313928403472855,0.06760850849779886,0.00040106291409901506,0.9598659698807297,0.039732967205171395
FW_01502606,natural_vegetation_fire,0.003107127360175828,0.7234676060976376,0.27342526654218663,0.0012599493958854481,0.8140891492434014,0.18465090136071316
FW_01007428,other_uncertain,0.013251286867523304,0.4090179196959095,0.5777307934365671,0.005957568603180503,0.48772491192172823,0.5063175194750913
FW_01146813,other_uncertain,0.009888342389605318,0.10845154103575391,0.8816601165746408,0.012537306452128161,0.08607666725685453,0.9013860262910173
FW_01643388,natural_vegetation_fire,0.0014609505388980158,0.8781513971562106,0.12038765230489151,0.0005765152932508052,0.9267685149038457,0.07265496980290344
FW_00566647,natural_vegetation_fire,0.0053891486508022704,0.9118917026635562,0.08271914868564154,0.0011642054894887939,0.9506293799094246,0.04820641460108649
FW_00431980,natural_vegetation_fire,0.029980219188169715,0.20903739638553112,0.7609823844262992,0.016798704156441822,0.218460536927506,0.7647407589160522
FW_00081042,natural_vegetation_fire,0.0032053370229859,0.8739408353105427,0.12285382766647143,0.0009344743594318415,0.9253616981570545,0.07370382748351352
FW_00178341,natural_vegetation_fire,0.016257306627799034,0.8154558186133174,0.1682868747588836,0.00282844822466781,0.8929471943618382,0.10422435741349415
FW_01130767,natural_vegetation_fire,0.039738009510997645,0.6695341802383684,0.29072781025063404,0.006634456481296619,0.7885393109481021,0.20482623257060126
FW_01713146,other_uncertain,0.0013446314565324674,0.012741748292669362,0.9859136202507982,0.0115852652813022,0.003847058686552049,0.9845676760321458
FW_01679278,other_uncertain,0.01525453075071944,0.17178411392310752,0.8129613553261731,0.012507554917758111,0.16495228063190304,0.8225401644503388
FW_01164164,natural_vegetation_fire,0.060222999352553,0.5240054488707058,0.41577155177674124,0.011778435769575078,0.6506899792255993,0.3375315850048256
FW_01546098,natural_vegetation_fire,0.0007225981062646904,0.8206284677654181,0.17864893412831725,0.00042753156385958157,0.8862448266108041,0.11332764182533643
FW_00073766,natural_vegetation_fire,0.0009886249165918187,0.9303799193717138,0.06863145571169432,0.0003997790874152272,0.9592421936755943,0.04035802723699053
FW_01013256,other_uncertain,0.008557051279549083,0.11081059666932855,0.8806323520511223,0.011331767921195475,0.0885648609016444,0.9001033711771601
FW_01102568,natural_vegetation_fire,0.0012480383384450213,0.8998352114749769,0.0989167501865781,0.00049810254608369,0.9405225847594665,0.05897931269444977
FW_01055189,natural_vegetation_fire,0.004034002968859482,0.8155707375284972,0.1803952595026433,0.0012198455571976758,0.8860552361462465,0.11272491829655595
FW_00772199,natural_vegetation_fire,0.007369397318154842,0.7783460432662831,0.214284559415562,0.0018976304741682563,0.8608695105207873,0.13723285900504453
FW_01047379,other_uncertain,0.005244447235381582,0.07716716102988685,0.9175883917347316,0.01024125395063948,0.05248313303864137,0.9372756130107193
FW_01000614,natural_vegetation_fire,0.025648513604159363,0.2809919172331618,0.6933595691626788,0.012343264265022448,0.3185875345830488,0.6690692011519288
FW_01720351,other_uncertain,0.021379376307510706,0.015528772020033372,0.9630918516724558,0.05567220367449962,0.005171465325015851,0.9391563310004845
FW_00095736,natural_vegetation_fire,0.0008448493474379489,0.9494680898820939,0.049687060770468236,0.00034323607769103245,0.9705970825673866,0.029059681354922394
FW_00948924,natural_vegetation_fire,0.001295529151440205,0.9676920051880413,0.0310124656605185,0.0004142504988849103,0.9815851574420507,0.01800059205906428
FW_01679261,other_uncertain,0.002539169056267678,0.020461357497654282,0.976999473446078,0.013290900015286822,0.0076608304721428435,0.9790482695125704
FW_00627306,natural_vegetation_fire,0.004497306219755258,0.7678810772706748,0.2276216165095699,0.0014387884628025806,0.8509322903601481,0.1476289211770493
FW_01279328,natural_vegetation_fire,0.15120213378981973,0.6374600684739531,0.2113377977362271,0.0164856019556893,0.8190425032307632,0.16447189481354735
FW_00067787,natural_vegetation_fire,0.0017233568866039085,0.7778455640595058,0.22043107905389034,0.0007896050012090719,0.8560236190459813,0.14318677595280963
FW_00925045,natural_vegetation_fire,0.0022316465084432718,0.9801110311502986,0.017657322341258084,0.0005364511661493145,0.9892246823793005,0.010238866454550194
FW_00647616,natural_vegetation_fire,0.005713284917985458,0.67395638702216,0.32033032805985456,0.002015597102288817,0.7734777551507952,0.22450664774691592
FW_01141317,other_uncertain,0.08939127964073774,0.04734058026165159,0.8632681400976105,0.07711012940101915,0.02750020357207584,0.895389667026905
FW_00011573,other_uncertain,0.12221182332903928,0.04077774126216284,0.8370104354087979,0.10184856174917689,0.022484919776389046,0.8756665184744341
FW_01116734,natural_vegetation_fire,0.02730930614455064,0.09069269115803973,0.8819980026974097,0.025946642315063037,0.06792105321521652,0.9061323044697204
FW_00010135,industrial_fire_candidate,0.47481458715893987,0.045583363596719405,0.4796020492443407,0.2812593524944342,0.03594259794391796,0.6827980495616479
FW_01019323,other_uncertain,0.0085003181541453,0.46284561973238386,0.5286540621134708,0.004014895790217273,0.552395755733325,0.44358934847645776
FW_01156172,other_uncertain,0.005462686968045265,0.09584862015442444,0.8986886928775304,0.00932571503117455,0.07162572735774689,0.9190485576110786
FW_00057820,natural_vegetation_fire,0.001957694506487983,0.9616159207286354,0.03642638476487651,0.000544032501585591,0.978411642229212,0.02104432526920241
FW_01711907,natural_vegetation_fire,0.0018463449219610602,0.8751767726176819,0.12297688246035714,0.000668406933396497,0.9251661995407345,0.07416539352586891
FW_00743744,natural_vegetation_fire,0.007184185985631823,0.9371821524088253,0.055633661605542895,0.0012862473078800378,0.9667521331916012,0.03196161950051878
FW_01605372,other_uncertain,0.14888533627210293,0.07121225684030437,0.7799024068875927,0.08873848180236589,0.05253094664160122,0.8587305715560329
FW_00316656,natural_vegetation_fire,0.0020824075608521005,0.8755058206054187,0.12241177183372914,0.0007181162048059019,0.9255748828010332,0.07370700099416107
FW_00431886,natural_vegetation_fire,0.00277576720150101,0.8504843405713546,0.14673989222714456,0.0009031462999350007,0.9094490555052367,0.08964779819482842
FW_01051990,natural_vegetation_fire,0.0012606635865733307,0.8247788303465446,0.17396050606688213,0.0005929760707407644,0.8901110893655266,0.10929593456373272
FW_00979845,natural_vegetation_fire,0.0008789165419998084,0.7578322420444371,0.24128884141356313,0.000547620456219241,0.8389761687674442,0.16047621077633664
FW_00668327,other_uncertain,0.49669193167317344,0.019505081150247724,0.4838029871765789,0.39590095729888486,0.009234590313470105,0.5948644523876451
FW_01722847,natural_vegetation_fire,0.006344630364287177,0.7148534149833278,0.278801954652385,0.001975362781097326,0.8095177439678021,0.1885068932511007
FW_00271290,other_uncertain,0.015055425562181668,0.5010279127421814,0.4839166616956369,0.005236172862608242,0.601799421200629,0.3929644059367627
FW_00259980,other_uncertain,0.016931941531063328,0.4166040964948885,0.5664639619740481,0.00680665984017153,0.49940027065874293,0.4937930695010855
FW_01583343,natural_vegetation_fire,0.001755157769112165,0.8890642892921833,0.10918055293870468,0.0006277041195543249,0.9340937075577723,0.06527858832267326
FW_01356410,natural_vegetation_fire,0.0010921767446958272,0.9224588969306194,0.07644892632468483,0.0004338370987535237,0.9544912048445898,0.045074958056656574
FW_01583196,natural_vegetation_fire,0.0006509275018775361,0.9520910088619524,0.04725806363617002,0.00029084828542657687,0.9719994757958694,0.0277096759187039
FW_01632908,other_uncertain,0.24105388312211862,0.20520402917639924,0.5537420877014821,0.070808467666462,0.2605118220872551,0.6686797102462829
FW_00089017,other_uncertain,0.08213134146408131,0.047679939655006415,0.8701887188809123,0.07273902633335409,0.0276656379152724,0.8995953357513736
FW_00532324,natural_vegetation_fire,0.0019891401624782075,0.903643004147929,0.09436785568959283,0.0006533113744461216,0.9435160440754691,0.05583064455008496
FW_00705770,other_uncertain,0.017876276050288884,0.3282032772652532,0.6539204466844578,0.008714761512505217,0.38170569637954666,0.6095795421079481
FW_01595023,natural_vegetation_fire,0.0018988847401620328,0.9573310760444722,0.040770039215365636,0.0005430370559685861,0.9758836232777264,0.02357333966630507
FW_00927631,natural_vegetation_fire,0.0030276101693393767,0.9240187958095527,0.07295359402110792,0.0007974331021911496,0.9567246193809053,0.04247794751690356
FW_00150811,natural_vegetation_fire,0.001056343245321475,0.9829715447492737,0.015972112005404913,0.0003372177913020976,0.9903069975052454,0.00935578470345244
FW_00396362,other_uncertain,0.0014199790259397326,0.7114764048200751,0.2871036161539852,0.0008039036712056467,0.8018105109653485,0.1973855853634458
FW_00047358,other_uncertain,0.04783414333129952,0.10933130696238226,0.8428345497063182,0.033329328023539155,0.0903516563652046,0.8763190156112561
FW_01173369,natural_vegetation_fire,0.0010658931882771099,0.9330577926857982,0.06587631412592458,0.0004151208351648914,0.9609299695186112,0.03865490964622384
FW_01467182,other_uncertain,0.45195607847548,0.02518861345568032,0.5228553080688397,0.3334850934118772,0.01353227550078627,0.6529826310873366
FW_00146541,natural_vegetation_fire,0.002491952425718684,0.9374744146967833,0.060033632877498,0.000682587776856695,0.9645041852732972,0.034813226949846295
FW_01361097,natural_vegetation_fire,0.008634134007349244,0.947954149130947,0.04341171686170374,0.0013832422958125219,0.9737799684272098,0.024836789276977748
FW_00814094,natural_vegetation_fire,0.006830884730633003,0.843603457509618,0.14956565775974903,0.0015775892642531351,0.9073676777791898,0.09105473295655717
FW_01356665,natural_vegetation_fire,0.0022327868412380905,0.9767765082834606,0.020990704875301337,0.0005477972523295964,0.9873079351633252,0.012144267584345177
FW_00079255,natural_vegetation_fire,0.0036996734584757917,0.7983456255972092,0.19795470094431494,0.0012004696724042172,0.8733069701368271,0.12549256019076863
FW_01496719,natural_vegetation_fire,0.001173895119340232,0.9898606027460699,0.008965502134589663,0.00033753771791536036,0.99435814065831,0.005304321623774636
FW_01439894,natural_vegetation_fire,0.0011071037567371967,0.977516826608217,0.02137606963504571,0.00035906277701022374,0.9871771138348798,0.012463823388109817
FW_00636000,natural_vegetation_fire,0.007426042858999193,0.7972034061764302,0.19537055096457065,0.001832710896360718,0.8749500101008535,0.12321727900278572
FW_00360903,natural_vegetation_fire,0.012939481041912428,0.8479524129555982,0.13910810600248918,0.0022948868738265323,0.9136084599230919,0.08409665320308164
FW_01611567,other_uncertain,0.06679245053248627,0.02680121313632972,0.9064063363311841,0.08478029014913806,0.01169125935222639,0.9035284504986356
FW_01376807,natural_vegetation_fire,0.006947682920221793,0.9088379541543682,0.08421436292540999,0.0013663598614654462,0.9495711653061425,0.049062474832392254
FW_01214375,natural_vegetation_fire,0.24690761752675394,0.4568337213888817,0.29625866108436444,0.03586992759710027,0.6669204777126898,0.29720959469020986
FW_00962999,other_uncertain,0.0028500250954486784,0.5333829571682632,0.4637670177362882,0.001769733962904344,0.6293605367756926,0.368869729261403
FW_01224623,natural_vegetation_fire,0.0007743491639142235,0.9664373162674025,0.03278833456868326,0.0003058651706733608,0.9805458501568247,0.01914828467250195
FW_00690431,natural_vegetation_fire,0.0017914669688627028,0.8745985277358775,0.12361000529525995,0.0006572335036097071,0.9247403171490964,0.07460244934729393
FW_00064247,natural_vegetation_fire,0.02018906690687811,0.40622357590803243,0.5735873571850896,0.007773518989214804,0.48755575489868913,0.5046707261120961
FW_00237920,natural_vegetation_fire,0.00286852626698455,0.9746836919883126,0.02244778174470288,0.0006430710303965069,0.9864119760886468,0.012944952880956451
FW_01205203,other_uncertain,0.004524866057078487,0.061384835281878616,0.9340902986610429,0.010581316924979553,0.037692595458014996,0.9517260876170054
FW_00433059,natural_vegetation_fire,0.008960758731703359,0.4306764952970948,0.5603627459712018,0.004458487943929877,0.5128539248156726,0.48268758724039756
FW_01267246,natural_vegetation_fire,0.0014216758003092079,0.9193564323335058,0.07922189186618492,0.0005126699640083707,0.9528502505349855,0.04663707950100619
FW_01652934,natural_vegetation_fire,0.0010479302864668599,0.9118488408493526,0.08710322886418045,0.00043509955911763114,0.9478866117160465,0.05167828872483598
FW_00223513,natural_vegetation_fire,0.005263699202197146,0.8861772755373087,0.10855902526049413,0.001223869901548847,0.9344950086005293,0.06428112149792183
FW_01167186,natural_vegetation_fire,0.006672509974650911,0.7524000076094265,0.24092748241592252,0.0018855549443384564,0.8403586206767166,0.15775582437894503
FW_01077826,other_uncertain,0.17261951022812955,0.028641277553357377,0.7987392122185131,0.1515389474111908,0.01360281132409804,0.8348582412647111
FW_01632960,other_uncertain,0.5101541441694906,0.05286795684279219,0.4369778989877172,0.28697994578260316,0.04744312341410236,0.6655769308032946
FW_01618723,natural_vegetation_fire,0.003292968845710256,0.8497457919879041,0.1469612391663856,0.0010027438296486256,0.9093274070461621,0.08966984912418922
FW_00024829,other_uncertain,0.3084693674529204,0.010069314356557453,0.6814613181905221,0.3435176606121424,0.0028107728788234823,0.6536715665090341
FW_01042964,other_uncertain,0.5139276467149871,0.020408523760305008,0.4656638295247079,0.4027152907885924,0.010096741961993404,0.5871879672494142
FW_00295568,other_uncertain,0.0032968907344903494,0.293707200347953,0.7029959089175566,0.0033722910673306414,0.3262828831539169,0.6703448257787525
FW_00840816,natural_vegetation_fire,0.0007276153696848843,0.9762720305893625,0.023000354040952548,0.0002811854585199521,0.9862488733714924,0.013469941169987782
FW_01657682,other_uncertain,0.014950162398660233,0.22202548260095636,0.7630243550003833,0.010457328976263575,0.23280048499942949,0.7567421860243069
FW_01439486,natural_vegetation_fire,0.004068778099962767,0.9666437962437944,0.029287425656242885,0.0008233178572260778,0.9823717225913088,0.016804959551465125
FW_00913895,other_uncertain,0.011003027690418074,0.41153843578460625,0.5774585365249757,0.005283751970917936,0.48972339579980634,0.5049928522292757
FW_01705990,natural_vegetation_fire,0.0019564179756041944,0.6127089179201186,0.38533466410427714,0.0011933630472062418,0.7115406129218292,0.28726602403096463
FW_01003682,other_uncertain,0.3668409195464247,0.035767895671258716,0.5973911847823166,0.24288550635634057,0.022033905116759515,0.7350805885269
FW_01493812,other_uncertain,0.006550415948442221,0.8549095766037862,0.1385400074477716,0.0015001779424176826,0.914827247807168,0.08367257425041433
FW_00059871,natural_vegetation_fire,0.0022086822336989448,0.8691546075071536,0.12863671025914752,0.000754886885091584,0.9215022213203535,0.07774289179455493
FW_01291267,natural_vegetation_fire,0.0008639668811104592,0.9665540951764098,0.03258193794247964,0.0003264915656009879,0.9806713315885563,0.01900217684584263
FW_00660845,natural_vegetation_fire,0.001739947555262899,0.917420024435606,0.08084002800913127,0.0005818958480448562,0.9518924792895931,0.047525624862361913
FW_01467080,natural_vegetation_fire,0.001672210771630268,0.9151232314817346,0.08320455774663527,0.0005715897120940336,0.9504285319156692,0.04899987837223679
FW_01485441,other_uncertain,0.002385458813977078,0.22336137614890067,0.7742531650371222,0.003371147899796333,0.22903221332559942,0.7675966387746042
FW_00208735,other_uncertain,0.48401986481687576,0.23834223924202572,0.27763789594109844,0.12353407907993515,0.42738057616271025,0.4490853447573545
FW_00663038,natural_vegetation_fire,0.002944076906049192,0.8643758872053563,0.13268003588859456,0.0009073277057061499,0.9188898383469914,0.08020283394730249
FW_00083301,natural_vegetation_fire,0.0029995358351461304,0.8972207651561042,0.0997796990087499,0.0008498080815058066,0.940155172159233,0.05899501975926121
FW_01458542,natural_vegetation_fire,0.009960034374718986,0.8283386375233684,0.16170132810191262,0.0020471726162790567,0.898625198224828,0.09932762915889293
FW_00571203,other_uncertain,0.5413179999993292,0.02282709074347078,0.43585490925720005,0.4087869674312776,0.012462041012890633,0.5787509915558318
FW_01590855,natural_vegetation_fire,0.0021218896164358152,0.92335303837585,0.07452507200771423,0.0006453009250211538,0.9557775617008281,0.043577137374150865
FW_01091867,natural_vegetation_fire,0.015033283908797487,0.5971046523463804,0.38786206374482207,0.004257390538549641,0.7061899848575808,0.2895526246038697
FW_00372754,natural_vegetation_fire,0.003442249025441722,0.9046743291914497,0.09188342178310865,0.0009062300245466149,0.9450917181292254,0.05400205184622778
FW_00124842,natural_vegetation_fire,0.0011999387939254792,0.9112563706324823,0.08754369057359229,0.0004727870293181929,0.9476555222075365,0.05187169076314525
FW_01534466,natural_vegetation_fire,0.0036430851445690146,0.7843067561783901,0.21205015867704094,0.0012245817533183814,0.8628051396484167,0.13597027859826483
FW_00765706,natural_vegetation_fire,0.003434955483777999,0.9086973478847725,0.08786769663144968,0.0008958823568752698,0.9475828996622113,0.051521217980913435
FW_01488359,natural_vegetation_fire,0.006672279924427092,0.643531841485646,0.3497958785899268,0.00235735771743756,0.746189240801224,0.2514534014813386
FW_00080745,natural_vegetation_fire,0.0024644262204488246,0.9587280239004425,0.03880754987910872,0.0006313842943066161,0.9769974201900976,0.022371195515595924
FW_01171677,industrial_fire_candidate,0.013108295035297184,0.600004121798106,0.38688758316659677,0.0038919339160158354,0.7079874484154605,0.28812061766852354
FW_00523369,natural_vegetation_fire,0.0014186528654439856,0.9115047033936671,0.08707664374088905,0.0005225945265435286,0.9479932669481201,0.05148413852533633
FW_01540073,natural_vegetation_fire,0.011701886526506066,0.7445619317426901,0.24373618173080364,0.0026924380681900167,0.8371991951154224,0.1601083668163876
FW_01177304,other_uncertain,0.2301975670182085,0.03687932548576858,0.732923107496023,0.16579598948841687,0.02075825135002281,0.8134457591615604
FW_01574776,other_uncertain,0.04320648180068932,0.35827834060555236,0.5985151775937583,0.014033595130793877,0.4329114666637216,0.5530549382054846
FW_00497471,other_uncertain,0.04463094252909993,0.19180193522419992,0.7635671222467002,0.02285983809399794,0.19738931674695706,0.779750845159045
FW_01599068,natural_vegetation_fire,0.0023725452943365363,0.8807938557816952,0.11683359892396827,0.0007673864160098073,0.9292375069311123,0.06999510665287781
FW_00202782,natural_vegetation_fire,0.0012290651908220657,0.9818639591870273,0.016906975622150787,0.000371965180859937,0.9897515065898732,0.009876528229267061
FW_01071203,other_uncertain,0.005549421092616499,0.8182419708832928,0.17620860802409077,0.0014703189481293337,0.8889723269577465,0.10955735409412418
FW_01195054,industrial_fire_candidate,0.4776738284672184,0.03905181641361016,0.48327435511917144,0.30001691543243825,0.02814537952698037,0.6718377050405814
FW_00371080,natural_vegetation_fire,0.0029634643170580563,0.6598308195118493,0.33720571617109263,0.0013936891414920883,0.7580851909603278,0.2405211198981801
FW_01557411,natural_vegetation_fire,0.0019472110135627322,0.8312979153585587,0.16675487362787872,0.0007602231131727255,0.8954991642844672,0.10374061260235996
FW_00893113,natural_vegetation_fire,0.010662582053942113,0.9308171694868534,0.05852024845920455,0.0016577366342356184,0.9646979189176278,0.03364434444813677
FW_00817379,other_uncertain,0.4362926699212258,0.11833707379207918,0.44537025628669497,0.16936098742926217,0.1502838018080315,0.6803552107627064
FW_00618765,natural_vegetation_fire,0.001567380929598953,0.920060651647927,0.07837196742247386,0.0005426472704268253,0.953391170249586,0.04606618247998732
FW_00692613,natural_vegetation_fire,0.008395220805854822,0.8142666039670626,0.17733817522708265,0.0019035011494599405,0.8878505385213087,0.11024596032923124
FW_00107884,natural_vegetation_fire,0.0018442638976098513,0.8964603483480614,0.10169538775432883,0.0006353453366693801,0.9388811165192464,0.06048353814408417
FW_00279289,natural_vegetation_fire,0.0062457294339848465,0.9268238556909657,0.06693041487504943,0.001220656817251706,0.960121030989714,0.03865831219303434
FW_00725867,natural_vegetation_fire,0.0009567508314912099,0.9236167309928939,0.0754265181756148,0.00039935859398600247,0.9550826226472954,0.0445180187587187
FW_01664820,natural_vegetation_fire,0.0013261026518662604,0.8439246792815287,0.15474921806660502,0.0005868390881698455,0.9036259452596735,0.09578721565215653
FW_00452261,other_uncertain,0.33158349326571235,0.07907322331561235,0.5893432834186754,0.15744373407369588,0.07257481830939384,0.7699814476169103
FW_01393168,natural_vegetation_fire,0.0009337111498182322,0.9221776597190021,0.07688862913117957,0.0003950703785716381,0.9541769289324542,0.04542800068897419
FW_01614822,other_uncertain,0.1146207636501344,0.02379377461475789,0.8615854617351077,0.1260691871727442,0.009978906191434045,0.8639519066358217
FW_00429635,other_uncertain,0.36647286914557525,0.017461110160431628,0.6160660206939931,0.31927055090387746,0.007033060836739238,0.6736963882593833
FW_01115816,natural_vegetation_fire,0.0017061953135522657,0.7795988156742749,0.21869498901217282,0.0007820240348274324,0.8573439580953538,0.1418740178698188
FW_01650975,other_uncertain,0.13812685554877405,0.026628672764954016,0.8352444716862719,0.13500492428258024,0.011956808166372332,0.8530382675510474
FW_01353430,natural_vegetation_fire,0.0008021709722902294,0.9614970255430809,0.037700803484628856,0.00031873399907285843,0.9776702769204986,0.022010989080428568
FW_00100724,natural_vegetation_fire,0.0007890569525023382,0.9502617258539939,0.04894921719350376,0.000328553464588973,0.9710253957929664,0.028646050742444557
FW_01540467,natural_vegetation_fire,0.002546161635649235,0.7948960340275187,0.20255780433683207,0.0009649201066586537,0.869782141265957,0.12925293862738424
FW_00346073,other_uncertain,0.007794608942903461,0.8734275066315171,0.1187778844255794,0.0015967021611407548,0.9276926966021012,0.07071060123675812
FW_01353009,natural_vegetation_fire,0.009563940120927743,0.8733222297564808,0.11711383012259159,0.0018058164693065513,0.9285613919838834,0.06963279154681014
FW_00965793,natural_vegetation_fire,0.04786835879963625,0.4871471784519413,0.46498446274842237,0.011063271740691162,0.6016462084003253,0.3872905198589834
FW_00469304,other_uncertain,0.005543836633004961,0.04405221683383376,0.9504039465331613,0.014291816734663447,0.023389545248532043,0.9623186380168046
FW_00182390,natural_vegetation_fire,0.008665192328380074,0.37986555779306114,0.6114692498785588,0.004916296880357818,0.446985990756672,0.5480977123629702
FW_00547114,natural_vegetation_fire,0.001397307694010994,0.8113680595164322,0.18723463278955688,0.0006490250579371972,0.8806369259953358,0.11871404894672698
FW_00797932,natural_vegetation_fire,0.002280078558047843,0.8023436986905947,0.19537622275135746,0.000888827764366005,0.8750291658717733,0.12408200636386064
FW_01017230,other_uncertain,0.0011077071722885958,0.01689009332847692,0.9820021994992344,0.008864513810947787,0.0057671002552657025,0.9853683859337865
FW_00449587,other_uncertain,0.04057085748803267,0.30740238094188177,0.6520267615700855,0.015347040306172748,0.3607658236280997,0.6238871360657275
FW_01691993,industrial_fire_candidate,0.8849595606202787,0.004712968080095451,0.11032747129962589,0.8815822532938091,0.0010120067260305813,0.11740573998016034
FW_00449766,other_uncertain,0.02170930061355763,0.10493141678781377,0.8733592825986286,0.020762168901654825,0.08325724027938249,0.8959805908189626
FW_01656476,industrial_fire_candidate,0.27091823117119823,0.05193916922607405,0.6771425996027277,0.16108446872192828,0.036165954669956764,0.802749576608115
FW_00740522,natural_vegetation_fire,0.0027993031594592452,0.9084685012507762,0.08873219558976457,0.000792679246949232,0.9470595443159198,0.05214777643713101
FW_00356503,natural_vegetation_fire,0.040886288276139576,0.6516087137181481,0.3075049980057123,0.007013357629764351,0.7727408433246711,0.22024579904556452
FW_01506544,industrial_fire_candidate,0.42234963022361915,0.21886760475215547,0.3587827650242253,0.11325119904707069,0.3512010187492897,0.5355477822036395
FW_01528027,other_uncertain,0.0007762180647683423,0.763660135605183,0.2355636463300485,0.0005020290214465014,0.8433514557064117,0.1561465152721419
FW_00955135,other_uncertain,0.0012928671193900955,0.02361953303661882,0.975087599843991,0.0081572805059848,0.009369707460334222,0.982473012033681
FW_00024951,natural_vegetation_fire,0.0012102308670847242,0.9281131712415573,0.07067659789135804,0.0004543900827908321,0.9580429498975267,0.04150266001968238
FW_01169486,other_uncertain,0.08333918757406607,0.08577016245300294,0.8308906499729309,0.054410226638769675,0.06552745735419639,0.880062316007034
FW_01659721,natural_vegetation_fire,0.0036336596996428662,0.811985546435397,0.18438079386496012,0.0011539922675569195,0.8831892859755057,0.1156567217569374
FW_01139688,natural_vegetation_fire,0.006367322118169889,0.8692167170178547,0.12441596086397544,0.0014277717089520394,0.9241736194815532,0.07439860880949489
FW_01175183,other_uncertain,0.0018361987435324032,0.04671519377028214,0.9514486074861854,0.007043751403153938,0.02517233419673801,0.967783914400108
FW_01218639,natural_vegetation_fire,0.005649228502761116,0.9108318178248926,0.08351895367234628,0.0012008822188123473,0.9501171791718881,0.04868193860929957
FW_00720666,natural_vegetation_fire,0.0013325424821455595,0.8714470262703751,0.12722043124747925,0.0005538290810418738,0.9222330492064524,0.07721312171250565
FW_01105470,natural_vegetation_fire,0.0031234478159208427,0.9158357291674952,0.0810408230165839,0.0008306118522352882,0.9517948503307966,0.047374537816968286
