observation_id,latitude,longitude,spatial_group,actual_class_id,actual_class,predicted_class_id,predicted_class,correct,prob_industrial_fire_candidate,prob_natural_vegetation_fire,prob_other_uncertain,max_probability
FW_00501709,30.76631,74.42885,61_148,1,natural_vegetation_fire,1,natural_vegetation_fire,True,0.0,0.893681263583511,0.1063187364164895,0.893681263583511
FW_00059227,15.3835,77.85237,30_155,1,natural_vegetation_fire,1,natural_vegetation_fire,True,0.014949283603861416,0.5568693818164195,0.428181334579719,0.5568693818164195
FW_00239656,24.12165,82.61414,48_165,2,other_uncertain,2,other_uncertain,True,0.07883305782037056,0.1532489285233084,0.7679180136563206,0.7679180136563206
FW_01587012,20.9826,85.13423,41_170,2,other_uncertain,2,other_uncertain,True,0.009082032100681352,0.0700539117601355,0.9208640561391828,0.9208640561391828
FW_00058775,30.03339,80.58723,60_161,1,natural_vegetation_fire,1,natural_vegetation_fire,True,0.0017172413793103446,0.9801782973762726,0.018104461244417155,0.9801782973762726
FW_00446635,20.9755,85.13471,41_170,2,other_uncertain,2,other_uncertain,True,0.022206174635685465,0.13917962018236488,0.838614205181949,0.838614205181949
FW_00647476,17.70963,73.87038,35_147,1,natural_vegetation_fire,1,natural_vegetation_fire,True,0.0018478664192949905,0.9180562829873938,0.08009585059331169,0.9180562829873938
FW_00351867,20.79319,85.25222,41_170,2,other_uncertain,2,other_uncertain,True,0.1430622536425937,0.07197443048485024,0.7849633158725555,0.7849633158725555
FW_01369279,21.68359,79.44989,43_158,1,natural_vegetation_fire,1,natural_vegetation_fire,True,0.0,0.9251147929751576,0.07488520702484272,0.9251147929751576
FW_00870874,23.67986,84.63904,47_169,1,natural_vegetation_fire,1,natural_vegetation_fire,True,0.0,0.9038638927770497,0.09613610722295018,0.9038638927770497
FW_00401337,31.59083,75.08582,63_150,1,natural_vegetation_fire,1,natural_vegetation_fire,True,0.0,0.736892353947613,0.2631076460523875,0.736892353947613
FW_00487836,29.97312,75.70296,59_151,1,natural_vegetation_fire,1,natural_vegetation_fire,True,0.016300298075633442,0.8725390664770638,0.1111606354473031,0.8725390664770638
FW_00201903,22.49478,77.46163,44_154,1,natural_vegetation_fire,1,natural_vegetation_fire,True,0.013052251290076708,0.714867934092568,0.2720798146173554,0.714867934092568
FW_00692431,20.97389,85.1722,41_170,2,other_uncertain,2,other_uncertain,True,0.017219607853249656,0.07069444763319539,0.9120859445135544,0.9120859445135544
FW_01549487,29.96433,75.97034,59_151,1,natural_vegetation_fire,1,natural_vegetation_fire,True,0.003436702649656526,0.8777063066839617,0.11885699066638193,0.8777063066839617
FW_00273934,24.4251,82.9408,48_165,2,other_uncertain,1,natural_vegetation_fire,False,0.0036392770721763827,0.8432594459410435,0.15310127698678055,0.8432594459410435
FW_01326950,19.57822,79.53756,39_159,1,natural_vegetation_fire,1,natural_vegetation_fire,True,0.0018478664192949905,0.9912927250064407,0.006859408574264407,0.9912927250064407
FW_01093624,29.97165,75.70154,59_151,1,natural_vegetation_fire,1,natural_vegetation_fire,True,0.02114337951261073,0.8553747426405599,0.12348187784682985,0.8553747426405599
FW_00406183,31.36398,75.27506,62_150,1,natural_vegetation_fire,1,natural_vegetation_fire,True,0.0018963898916967508,0.869151551626543,0.1289520584817605,0.869151551626543
FW_00044098,17.47551,78.45539,34_156,2,other_uncertain,1,natural_vegetation_fire,False,0.05649301054329915,0.5826492026370778,0.3608577868196234,0.5826492026370778
FW_00513874,30.58096,74.30906,61_148,1,natural_vegetation_fire,1,natural_vegetation_fire,True,0.0,0.9468621320541282,0.053137867945872046,0.9468621320541282
FW_01128107,20.96236,85.17518,41_170,2,other_uncertain,2,other_uncertain,True,0.011880864664023048,0.07224082167098184,0.9158783136649946,0.9158783136649946
FW_00601520,19.72302,79.17346,39_158,0,industrial_fire_candidate,2,other_uncertain,False,0.2897999174186394,0.06326304847329632,0.6469370341080641,0.6469370341080641
FW_00472477,29.55618,75.53979,59_151,1,natural_vegetation_fire,1,natural_vegetation_fire,True,0.12134398334820894,0.696135822612847,0.18252019403894457,0.696135822612847
FW_00831754,20.96189,85.17382,41_170,2,other_uncertain,2,other_uncertain,True,0.003436702649656526,0.05512015685406416,0.9414431404962788,0.9414431404962788
FW_01627520,25.24708,75.92477,50_151,1,natural_vegetation_fire,1,natural_vegetation_fire,True,0.0,0.8544897748826853,0.1455102251173151,0.8544897748826853
FW_00453011,31.39459,75.06087,62_150,1,natural_vegetation_fire,1,natural_vegetation_fire,True,0.019608607957672324,0.7726918433264734,0.20769954871585472,0.7726918433264734
FW_00861401,9.46025,76.42058,18_152,2,other_uncertain,1,natural_vegetation_fire,False,0.0033530405634373314,0.6581707668808682,0.33847619255569494,0.6581707668808682
FW_00241777,20.79759,85.25902,41_170,2,other_uncertain,2,other_uncertain,True,0.28742099460142284,0.052749823623843325,0.6598291817747335,0.6598291817747335
FW_00392998,31.06729,75.22839,62_150,1,natural_vegetation_fire,1,natural_vegetation_fire,True,0.0018478664192949905,0.8882822829099793,0.10986985067072635,0.8882822829099793
FW_01093603,29.96334,75.97634,59_151,1,natural_vegetation_fire,1,natural_vegetation_fire,True,0.005152834083448952,0.8243036096288466,0.170543556287705,0.8243036096288466
FW_00827189,9.67894,76.49619,19_152,1,natural_vegetation_fire,1,natural_vegetation_fire,True,0.0015045317220543806,0.8299476310936943,0.1685478371842515,0.8299476310936943
FW_01286811,23.80258,92.55355,47_185,1,natural_vegetation_fire,1,natural_vegetation_fire,True,0.0,0.9823417143766879,0.01765828562331223,0.9823417143766879
FW_00493165,31.46989,75.27615,62_150,1,natural_vegetation_fire,1,natural_vegetation_fire,True,0.0018478664192949905,0.8436887196994918,0.15446341388121337,0.8436887196994918
FW_01692006,9.97866,76.37612,19_152,2,other_uncertain,2,other_uncertain,True,0.2601354984202434,0.02818391300604497,0.7116805885737107,0.7116805885737107
FW_01182628,26.01556,85.7341,52_171,1,natural_vegetation_fire,1,natural_vegetation_fire,True,0.003896389891696751,0.5397710666665848,0.4563325434417187,0.5397710666665848
FW_00148607,22.35121,80.11906,44_160,1,natural_vegetation_fire,1,natural_vegetation_fire,True,0.001603864734299517,0.9852733958813598,0.013122739384340762,0.9852733958813598
FW_00109867,24.33519,92.89869,48_185,1,natural_vegetation_fire,1,natural_vegetation_fire,True,0.001603864734299517,0.8359176154710806,0.16247851979462025,0.8359176154710806
FW_00334280,25.30287,83.49904,50_166,1,natural_vegetation_fire,1,natural_vegetation_fire,True,0.0,0.9486837608404144,0.051316239159585865,0.9486837608404144
FW_01567752,30.49718,76.76963,60_153,1,natural_vegetation_fire,1,natural_vegetation_fire,True,0.003663821183870605,0.8130509155661182,0.18328526325001138,0.8130509155661182
FW_00016767,27.45997,95.47503,54_190,2,other_uncertain,1,natural_vegetation_fire,False,0.02284147404334825,0.5679299489210435,0.4092285770356084,0.5679299489210435
FW_01070375,17.13994,77.17563,34_154,0,industrial_fire_candidate,2,other_uncertain,False,0.4257503572644652,0.030197997814802778,0.5440516449207319,0.5440516449207319
FW_01541517,25.42664,75.95255,50_151,1,natural_vegetation_fire,1,natural_vegetation_fire,True,0.0,0.9699355532863323,0.03006444671366811,0.9699355532863323
FW_00442354,24.17252,82.64666,48_165,2,other_uncertain,2,other_uncertain,True,0.06685916068085151,0.08830715185681667,0.8448336874623315,0.8448336874623315
FW_01345134,21.51262,76.19573,43_152,1,natural_vegetation_fire,1,natural_vegetation_fire,True,0.0,0.9484321187365541,0.051567881263446184,0.9484321187365541
FW_01581336,22.24848,78.30606,44_156,1,natural_vegetation_fire,1,natural_vegetation_fire,True,0.0,0.9319916625902187,0.06800833740978161,0.9319916625902187
FW_01095201,31.30648,75.26761,62_150,1,natural_vegetation_fire,1,natural_vegetation_fire,True,0.0,0.8879540767165085,0.11204592328349153,0.8879540767165085
FW_01129842,19.96279,79.33357,39_158,2,other_uncertain,0,industrial_fire_candidate,False,0.5224916391581323,0.01601732477226219,0.46149103606960573,0.5224916391581323
FW_00129829,25.7061,90.49995,51_180,1,natural_vegetation_fire,1,natural_vegetation_fire,True,0.0018478664192949905,0.9884543106266258,0.009697822954079303,0.9884543106266258
FW_00052222,20.79452,85.25465,41_170,2,other_uncertain,2,other_uncertain,True,0.18899877486963046,0.03875497264412273,0.7722462524862462,0.7722462524862462
FW_01155525,20.79457,85.25243,41_170,2,other_uncertain,2,other_uncertain,True,0.14351581689903992,0.07414357831652219,0.7823406047844375,0.7823406047844375
FW_01668808,24.11775,86.35081,48_172,2,other_uncertain,2,other_uncertain,True,0.08496385254695522,0.08770167987571656,0.8273344675773275,0.8273344675773275
FW_00537464,22.30042,71.16919,44_142,1,natural_vegetation_fire,1,natural_vegetation_fire,True,0.02038164796127885,0.5967591849013997,0.38285916713732165,0.5967591849013997
FW_00443664,24.20476,82.71164,48_165,1,natural_vegetation_fire,2,other_uncertain,False,0.1338118019123248,0.08887773720554497,0.7773104608821293,0.7773104608821293
FW_00753730,25.5222,94.55535,51_189,1,natural_vegetation_fire,1,natural_vegetation_fire,True,0.0,0.9927241451866304,0.007275854813369784,0.9927241451866304
FW_01162099,24.20704,82.7066,48_165,2,other_uncertain,2,other_uncertain,True,0.04041514270823529,0.06844704078431829,0.8911378165074461,0.8911378165074461
FW_00001804,28.13577,77.06302,56_154,2,other_uncertain,1,natural_vegetation_fire,False,0.023665241523361854,0.662771127396266,0.31356363108037255,0.662771127396266
FW_00694399,12.91964,79.72605,25_159,1,natural_vegetation_fire,1,natural_vegetation_fire,True,0.0018478664192949905,0.9704278316500399,0.027724301930665274,0.9704278316500399
FW_00339116,19.95736,79.33961,39_158,1,natural_vegetation_fire,2,other_uncertain,False,0.3681278201394788,0.1408031664881192,0.49106901337240216,0.49106901337240216
FW_01482670,19.78528,79.14627,39_158,0,industrial_fire_candidate,2,other_uncertain,False,0.08005527530566432,0.09653425128476334,0.8234104734095719,0.8234104734095719
FW_01614691,28.27115,77.27496,56_154,1,natural_vegetation_fire,2,other_uncertain,False,0.19042506579777924,0.30261099975316536,0.5069639344490557,0.5069639344490557
FW_01078391,29.94559,75.72118,59_151,1,natural_vegetation_fire,1,natural_vegetation_fire,True,0.007208697648172979,0.8311997107933773,0.16159159155844993,0.8311997107933773
FW_01456321,22.11062,80.43148,44_160,1,natural_vegetation_fire,1,natural_vegetation_fire,True,0.0,0.9966883049639093,0.0033116950360907718,0.9966883049639093
FW_00645555,12.24843,75.2373,24_150,1,natural_vegetation_fire,1,natural_vegetation_fire,True,0.10009448311184445,0.6646835381466243,0.23522197874153197,0.6646835381466243
FW_00504778,30.87784,74.38483,61_148,1,natural_vegetation_fire,1,natural_vegetation_fire,True,0.0091474391651406,0.5801978597722662,0.4106547010625937,0.5801978597722662
FW_01593514,11.35075,78.4759,22_156,1,natural_vegetation_fire,1,natural_vegetation_fire,True,0.0,0.9514880891891836,0.048511910810816745,0.9514880891891836
FW_01186021,24.13946,82.57179,48_165,2,other_uncertain,2,other_uncertain,True,0.03472186824616223,0.3283900917753716,0.636888039978466,0.636888039978466
FW_01589227,23.83031,84.92589,47_169,2,other_uncertain,2,other_uncertain,True,0.0,0.29438038547189016,0.7056196145281092,0.7056196145281092
FW_00518181,31.00017,75.38127,62_150,1,natural_vegetation_fire,1,natural_vegetation_fire,True,0.0,0.8906867509371662,0.10931324906283438,0.8906867509371662
FW_00544937,20.95822,85.18365,41_170,2,other_uncertain,2,other_uncertain,True,0.007566860166211214,0.0675517206462164,0.9248814191875717,0.9248814191875717
FW_00003794,20.96132,85.15427,41_170,2,other_uncertain,2,other_uncertain,True,0.028555986020815396,0.14107334150780648,0.8303706724713771,0.8303706724713771
FW_01049670,27.51214,70.3783,55_140,1,natural_vegetation_fire,2,other_uncertain,False,0.0,0.34441980732541383,0.6555801926745857,0.6555801926745857
FW_00965145,25.32772,83.57346,50_167,1,natural_vegetation_fire,1,natural_vegetation_fire,True,0.002,0.9386432464156079,0.059356753584392574,0.9386432464156079
FW_00910762,22.09377,78.17985,44_156,0,industrial_fire_candidate,1,natural_vegetation_fire,False,0.1922856823375265,0.5856205856629186,0.22209373199955462,0.5856205856629186
FW_01699370,27.15011,84.62742,54_169,1,natural_vegetation_fire,1,natural_vegetation_fire,True,0.018378574028195194,0.7466981809029977,0.2349232450688079,0.7466981809029977
FW_01646537,20.58877,75.34357,41_150,1,natural_vegetation_fire,1,natural_vegetation_fire,True,0.0,0.9532346574502876,0.04676534254971248,0.9532346574502876
FW_01511943,24.22149,82.9978,48_165,1,natural_vegetation_fire,1,natural_vegetation_fire,True,0.01907253284477806,0.7721294879914647,0.2087979791637579,0.7721294879914647
FW_00733363,15.28658,75.08033,30_150,1,natural_vegetation_fire,1,natural_vegetation_fire,True,0.0,0.9660901773761482,0.033909822623851935,0.9660901773761482
FW_00074150,29.12518,75.77819,58_151,2,other_uncertain,2,other_uncertain,True,0.17934818738408798,0.16340633802763424,0.6572454745882775,0.6572454745882775
FW_01474518,25.3714,83.49213,50_166,1,natural_vegetation_fire,1,natural_vegetation_fire,True,0.0,0.8336000934720141,0.16639990652798692,0.8336000934720141
FW_00371808,20.97438,85.16824,41_170,2,other_uncertain,2,other_uncertain,True,0.006730824443107833,0.08132372408684391,0.9119454514700478,0.9119454514700478
FW_00762268,24.72832,94.18786,49_188,1,natural_vegetation_fire,1,natural_vegetation_fire,True,0.0,0.9958709005038944,0.0041290994961056685,0.9958709005038944
FW_01413854,23.6852,91.88898,47_183,1,natural_vegetation_fire,1,natural_vegetation_fire,True,0.0,0.9510748731024364,0.04892512689756367,0.9510748731024364
FW_01115740,18.31238,74.5667,36_149,2,other_uncertain,2,other_uncertain,True,0.025819791586503653,0.32818879605140877,0.6459914123620872,0.6459914123620872
FW_00268769,20.94912,85.01223,41_170,2,other_uncertain,2,other_uncertain,True,0.02427601653780416,0.1116512950858756,0.8640726883763192,0.8640726883763192
FW_00349181,29.91844,75.57759,59_151,1,natural_vegetation_fire,1,natural_vegetation_fire,True,0.0,0.8863137681179558,0.11368623188204446,0.8863137681179558
FW_00048791,9.6404,76.46542,19_152,2,other_uncertain,1,natural_vegetation_fire,False,0.013999937387412401,0.7209931174164207,0.26500694519616724,0.7209931174164207
FW_01702192,28.05272,77.28837,56_154,1,natural_vegetation_fire,1,natural_vegetation_fire,True,0.0,0.8707103127725635,0.12928968722743683,0.8707103127725635
FW_01722875,21.61278,71.56731,43_143,1,natural_vegetation_fire,1,natural_vegetation_fire,True,0.002,0.9158020027837288,0.08219799721627163,0.9158020027837288
FW_00827430,15.17561,77.5557,30_155,1,natural_vegetation_fire,1,natural_vegetation_fire,True,0.0,0.9531721076757493,0.046827892324251025,0.9531721076757493
FW_00066001,13.73937,76.69637,27_153,1,natural_vegetation_fire,1,natural_vegetation_fire,True,0.0,0.925948061500956,0.07405193849904455,0.925948061500956
FW_00868117,14.62665,78.9203,29_157,1,natural_vegetation_fire,1,natural_vegetation_fire,True,0.0018478664192949905,0.9484260006910403,0.04972613288966504,0.9484260006910403
FW_00004558,22.21284,84.86497,44_169,2,other_uncertain,2,other_uncertain,True,0.1510570529615287,0.04269345823601985,0.8062494888024508,0.8062494888024508
FW_00650314,20.55507,74.0174,41_148,1,natural_vegetation_fire,1,natural_vegetation_fire,True,0.005169940712478798,0.8979058958588876,0.0969241634286342,0.8979058958588876
FW_01238911,24.39658,73.61776,48_147,1,natural_vegetation_fire,1,natural_vegetation_fire,True,0.0,0.9463435454016403,0.05365645459836018,0.9463435454016403
FW_01513832,23.12572,75.82848,46_151,1,natural_vegetation_fire,1,natural_vegetation_fire,True,0.001506236559139785,0.7312761293115345,0.2672176341293259,0.7312761293115345
FW_00082499,23.82447,92.99522,47_185,1,natural_vegetation_fire,1,natural_vegetation_fire,True,0.0,0.9871712699085079,0.012828730091491967,0.9871712699085079
FW_01566148,31.69069,75.03693,63_150,1,natural_vegetation_fire,1,natural_vegetation_fire,True,0.025665887082419153,0.8527579038914871,0.12157620902609415,0.8527579038914871
FW_01391033,17.51137,77.52155,35_155,1,natural_vegetation_fire,1,natural_vegetation_fire,True,0.0,0.9888136244174431,0.011186375582556916,0.9888136244174431
FW_00888383,25.06463,83.89117,50_167,1,natural_vegetation_fire,1,natural_vegetation_fire,True,0.00568971791399123,0.9201020308187359,0.07420825126727336,0.9201020308187359
FW_00446629,20.96229,85.1759,41_170,2,other_uncertain,2,other_uncertain,True,0.012875440402456449,0.07840772188327992,0.9087168377142626,0.9087168377142626
FW_01123966,30.70158,74.23226,61_148,1,natural_vegetation_fire,1,natural_vegetation_fire,True,0.0017801608579088473,0.8657390151130233,0.13248082402906808,0.8657390151130233
FW_00223988,18.85938,72.92815,37_145,0,industrial_fire_candidate,2,other_uncertain,False,0.2754907301209016,0.08709433961432027,0.6374149302647779,0.6374149302647779
FW_01138776,15.31596,76.25436,30_152,0,industrial_fire_candidate,2,other_uncertain,False,0.024808794525117937,0.19975219665024826,0.7754390088246335,0.7754390088246335
FW_01393433,20.96272,85.17056,41_170,2,other_uncertain,2,other_uncertain,True,0.0049429392087963105,0.07253038495989883,0.9225266758313044,0.9225266758313044
FW_01218307,15.23096,74.05865,30_148,1,natural_vegetation_fire,1,natural_vegetation_fire,True,0.010767324874974903,0.8496931995540965,0.13953947557092897,0.8496931995540965
FW_00479767,24.16744,82.68203,48_165,2,other_uncertain,2,other_uncertain,True,0.02604292610118351,0.057606359408403786,0.9163507144904119,0.9163507144904119
FW_00306699,24.14869,82.69758,48_165,2,other_uncertain,2,other_uncertain,True,0.1287882534260565,0.09949247488537498,0.7717192716885681,0.7717192716885681
FW_00998163,22.21399,84.87076,44_169,2,other_uncertain,2,other_uncertain,True,0.21111582601100395,0.015356844538033184,0.773527329450962,0.773527329450962
FW_01254885,23.83702,84.95256,47_169,2,other_uncertain,2,other_uncertain,True,0.001506236559139785,0.07239496678218675,0.9260987966586731,0.9260987966586731
FW_01601359,23.83116,84.9257,47_169,2,other_uncertain,2,other_uncertain,True,0.0,0.2332469752435802,0.7667530247564195,0.7667530247564195
FW_01085649,29.92153,75.86205,59_151,1,natural_vegetation_fire,1,natural_vegetation_fire,True,0.009443982041779453,0.5439744419578243,0.4465815760003962,0.5439744419578243
FW_00109749,24.08954,92.87655,48_185,1,natural_vegetation_fire,1,natural_vegetation_fire,True,0.0,0.9909682612585425,0.009031738741457698,0.9909682612585425
FW_00894490,24.41047,92.69812,48_185,1,natural_vegetation_fire,1,natural_vegetation_fire,True,0.0,0.9663067032047945,0.03369329679520565,0.9663067032047945
FW_00607714,17.49759,76.07923,34_152,1,natural_vegetation_fire,1,natural_vegetation_fire,True,0.0,0.8860402677216149,0.11395973227838553,0.8860402677216149
FW_00334079,25.03008,87.68233,50_175,1,natural_vegetation_fire,1,natural_vegetation_fire,True,0.01568029026514718,0.836836250567109,0.14748345916774444,0.836836250567109
FW_01427552,20.96759,85.17159,41_170,2,other_uncertain,2,other_uncertain,True,0.0055662177441232535,0.03447108383414683,0.9599626984217297,0.9599626984217297
FW_00024961,28.62179,74.81576,57_149,1,natural_vegetation_fire,2,other_uncertain,False,0.0,0.47625289747121496,0.523747102528785,0.523747102528785
FW_01560028,31.64732,75.18984,63_150,1,natural_vegetation_fire,1,natural_vegetation_fire,True,0.00530591951913043,0.8938750551826908,0.10081902529817903,0.8938750551826908
FW_01163227,25.09206,83.83347,50_167,1,natural_vegetation_fire,1,natural_vegetation_fire,True,0.0,0.9184736442470424,0.08152635575295816,0.9184736442470424
FW_00706986,23.58303,92.95249,47_185,1,natural_vegetation_fire,1,natural_vegetation_fire,True,0.0017801608579088473,0.9762163408109857,0.022003498331105556,0.9762163408109857
FW_00595530,17.1398,77.18397,34_154,0,industrial_fire_candidate,0,industrial_fire_candidate,True,0.6715120324269972,0.027209791890163874,0.30127817568283904,0.6715120324269972
FW_00443372,25.37266,85.18485,50_170,1,natural_vegetation_fire,1,natural_vegetation_fire,True,0.002,0.8039373050343814,0.194062694965619,0.8039373050343814
FW_01213709,24.14998,86.33101,48_172,1,natural_vegetation_fire,2,other_uncertain,False,0.18585529346544696,0.20280873744001132,0.6113359690945416,0.6113359690945416
FW_01025195,30.13159,76.596,60_153,1,natural_vegetation_fire,1,natural_vegetation_fire,True,0.0,0.8838130845800088,0.11618691541999138,0.8838130845800088
FW_01248604,24.11581,73.69704,48_147,1,natural_vegetation_fire,1,natural_vegetation_fire,True,0.0,0.8405914429766211,0.15940855702337933,0.8405914429766211
FW_00099968,22.80761,74.17554,45_148,1,natural_vegetation_fire,1,natural_vegetation_fire,True,0.0,0.9807657748678106,0.019234225132189475,0.9807657748678106
FW_01663781,24.14803,86.33076,48_172,2,other_uncertain,2,other_uncertain,True,0.22838812634722436,0.27666037096816637,0.49495150268460986,0.49495150268460986
FW_00210506,23.94774,84.55602,47_169,1,natural_vegetation_fire,1,natural_vegetation_fire,True,0.0,0.998,0.002,0.998
FW_00540565,21.58286,72.2547,43_144,2,other_uncertain,1,natural_vegetation_fire,False,0.0,0.8216302056084267,0.17836979439157372,0.8216302056084267
FW_01579661,23.83895,84.95447,47_169,2,other_uncertain,2,other_uncertain,True,0.005145513631316168,0.1291528279308128,0.8657016584378703,0.8657016584378703
FW_00683901,15.91547,77.36283,31_154,2,other_uncertain,2,other_uncertain,True,0.08307571625001756,0.16048497772118728,0.7564393060287945,0.7564393060287945
FW_01012808,22.5859,71.94295,45_143,1,natural_vegetation_fire,1,natural_vegetation_fire,True,0.0018959390862944162,0.8562598624615301,0.14184419845217586,0.8562598624615301
FW_01379162,24.19104,85.45502,48_170,1,natural_vegetation_fire,1,natural_vegetation_fire,True,0.0,0.9802477431379527,0.019752256862047336,0.9802477431379527
FW_00839920,19.5882,78.7523,39_157,1,natural_vegetation_fire,1,natural_vegetation_fire,True,0.0018478664192949905,0.975985000418835,0.02216713316187008,0.975985000418835
FW_00975868,9.96063,76.39945,19_152,2,other_uncertain,2,other_uncertain,True,0.14955179831863108,0.2630074202977452,0.5874407813836235,0.5874407813836235
FW_01587737,23.82965,84.92785,47_169,2,other_uncertain,2,other_uncertain,True,0.0,0.2739560393860322,0.7260439606139677,0.7260439606139677
FW_00854170,23.92295,91.8231,47_183,1,natural_vegetation_fire,1,natural_vegetation_fire,True,0.11663834560595476,0.6670832093243158,0.21627844506972962,0.6670832093243158
FW_00856722,20.97088,85.14519,41_170,2,other_uncertain,2,other_uncertain,True,0.017155072469753247,0.049655359487754326,0.9331895680424922,0.9331895680424922
FW_00994374,31.8855,75.07093,63_150,1,natural_vegetation_fire,1,natural_vegetation_fire,True,0.0017172413793103446,0.7952887247250888,0.20299403389560097,0.7952887247250888
FW_01081513,30.13062,76.3557,60_152,1,natural_vegetation_fire,1,natural_vegetation_fire,True,0.0,0.9567319116834819,0.043268088316518113,0.9567319116834819
FW_00920240,23.56647,80.88395,47_161,1,natural_vegetation_fire,1,natural_vegetation_fire,True,0.0,0.9897953994983211,0.010204600501679024,0.9897953994983211
FW_00989815,22.87287,71.78658,45_143,1,natural_vegetation_fire,1,natural_vegetation_fire,True,0.001718351324828263,0.7865681640912412,0.21171348458393116,0.7865681640912412
FW_01311001,12.57867,79.94823,25_159,1,natural_vegetation_fire,1,natural_vegetation_fire,True,0.0,0.9375595672214153,0.06244043277858505,0.9375595672214153
FW_00707516,15.73988,77.32638,31_154,1,natural_vegetation_fire,1,natural_vegetation_fire,True,0.0017172413793103446,0.9635067002195455,0.034776058401144186,0.9635067002195455
FW_00857094,22.35226,77.20226,44_154,1,natural_vegetation_fire,1,natural_vegetation_fire,True,0.0017172413793103446,0.8948812174947989,0.10340154112589114,0.8948812174947989
FW_01534228,26.53865,77.75574,53_155,2,other_uncertain,1,natural_vegetation_fire,False,0.0,0.8248749514042613,0.17512504859573919,0.8248749514042613
FW_01680293,27.24764,83.71884,54_167,1,natural_vegetation_fire,1,natural_vegetation_fire,True,0.0018478664192949905,0.7208696714722586,0.2772824621084467,0.7208696714722586
FW_00069506,12.09894,75.30691,24_150,1,natural_vegetation_fire,1,natural_vegetation_fire,True,0.005354745400522736,0.81213979551935,0.18250545908012755,0.81213979551935
FW_00666841,15.33129,74.14206,30_148,2,other_uncertain,1,natural_vegetation_fire,False,0.012866457739100714,0.8144313564150021,0.17270218584589778,0.8144313564150021
FW_00214659,19.56414,81.25557,39_162,1,natural_vegetation_fire,1,natural_vegetation_fire,True,0.0,0.915278505124063,0.08472149487593737,0.915278505124063
FW_01028869,22.19764,84.88511,44_169,1,natural_vegetation_fire,1,natural_vegetation_fire,True,0.08322209514686862,0.6102363550476709,0.3065415498054609,0.6102363550476709
FW_00172410,25.0355,87.69135,50_175,1,natural_vegetation_fire,1,natural_vegetation_fire,True,0.005560202819524502,0.9345682943936541,0.05987150278682202,0.9345682943936541
FW_00528628,23.835,84.95522,47_169,2,other_uncertain,1,natural_vegetation_fire,False,0.049060538505792964,0.5842392575421362,0.36670020395207154,0.5842392575421362
FW_00045205,14.09491,78.37415,28_156,1,natural_vegetation_fire,1,natural_vegetation_fire,True,0.0,0.9370070321701557,0.0629929678298447,0.9370070321701557
FW_00635898,17.50599,75.32611,35_150,1,natural_vegetation_fire,1,natural_vegetation_fire,True,0.0,0.9758348415468202,0.02416515845317978,0.9758348415468202
FW_01002741,25.49362,87.69463,50_175,1,natural_vegetation_fire,1,natural_vegetation_fire,True,0.0,0.9125785435869033,0.08742145641309682,0.9125785435869033
FW_00418955,17.02014,76.39312,34_152,1,natural_vegetation_fire,1,natural_vegetation_fire,True,0.010353637221605667,0.7598637588647388,0.2297826039136557,0.7598637588647388
FW_00447208,18.85766,72.92856,37_145,0,industrial_fire_candidate,2,other_uncertain,False,0.11373997765151851,0.11783710023116332,0.7684229221173174,0.7684229221173174
FW_01513910,24.45771,73.84377,48_147,1,natural_vegetation_fire,1,natural_vegetation_fire,True,0.012666741577650385,0.7734978598842631,0.2138353985380871,0.7734978598842631
FW_00101936,25.92516,94.91193,51_189,1,natural_vegetation_fire,1,natural_vegetation_fire,True,0.0019209257473481196,0.9355607993943212,0.06251827485833117,0.9355607993943212
FW_01437009,11.95676,79.06422,23_158,1,natural_vegetation_fire,1,natural_vegetation_fire,True,0.0,0.9653685410362945,0.03463145896370566,0.9653685410362945
FW_01486299,19.92424,85.65755,39_171,1,natural_vegetation_fire,1,natural_vegetation_fire,True,0.0018478664192949905,0.9576365855997966,0.040515547980908805,0.9576365855997966
FW_00944885,27.13864,83.54707,54_167,2,other_uncertain,1,natural_vegetation_fire,False,0.0,0.8928000069028561,0.10719999309714451,0.8928000069028561
FW_01159188,22.21145,84.86012,44_169,2,other_uncertain,2,other_uncertain,True,0.16597287353529566,0.03804461873277409,0.7959825077319292,0.7959825077319292
FW_00990713,31.53026,75.40973,63_150,2,other_uncertain,1,natural_vegetation_fire,False,0.007335009910766364,0.8380553363834137,0.15460965370582036,0.8380553363834137
FW_00487814,29.96109,75.7774,59_151,2,other_uncertain,2,other_uncertain,True,0.020618341006599726,0.3925872027233963,0.5867944562700039,0.5867944562700039
FW_00662745,22.20662,77.48911,44_154,1,natural_vegetation_fire,1,natural_vegetation_fire,True,0.0015045317220543806,0.9831789318538013,0.015316536424144487,0.9831789318538013
FW_01659500,17.02279,82.13847,34_164,2,other_uncertain,1,natural_vegetation_fire,False,0.10940711020475076,0.5829023718873806,0.3076905179078688,0.5829023718873806
FW_01565926,31.5223,75.42887,63_150,1,natural_vegetation_fire,1,natural_vegetation_fire,True,0.008979279232056143,0.6799373155664283,0.311083405201516,0.6799373155664283
FW_00180681,22.03135,77.13533,44_154,1,natural_vegetation_fire,1,natural_vegetation_fire,True,0.003794446223855251,0.9856735036561602,0.01053205011998458,0.9856735036561602
FW_01345011,19.05968,82.76053,38_165,1,natural_vegetation_fire,1,natural_vegetation_fire,True,0.0,1.0,0.0,1.0
FW_00691401,18.37782,74.89112,36_149,1,natural_vegetation_fire,1,natural_vegetation_fire,True,0.007464525005233091,0.9067420886565584,0.08579338633820906,0.9067420886565584
FW_01277126,19.90958,78.75608,39_157,1,natural_vegetation_fire,1,natural_vegetation_fire,True,0.0017172413793103446,0.9778392013742999,0.020443557246389698,0.9778392013742999
FW_00031437,22.21494,84.86796,44_169,2,other_uncertain,2,other_uncertain,True,0.1893620710280786,0.019696889358388207,0.7909410396135326,0.7909410396135326
FW_00915601,14.25803,79.38298,28_158,1,natural_vegetation_fire,1,natural_vegetation_fire,True,0.0,0.9977820753643605,0.00221792463563942,0.9977820753643605
FW_00052978,23.43002,68.71482,46_137,2,other_uncertain,2,other_uncertain,True,0.11010675588707838,0.08447266512584216,0.8054205789870791,0.8054205789870791
FW_01221350,17.94208,73.73858,35_147,1,natural_vegetation_fire,1,natural_vegetation_fire,True,0.004,0.9347979143909156,0.06120208560908466,0.9347979143909156
FW_00995441,16.79765,79.26803,33_158,1,natural_vegetation_fire,1,natural_vegetation_fire,True,0.0,0.854618978617057,0.1453810213829436,0.854618978617057
FW_00257542,24.20602,74.40488,48_148,1,natural_vegetation_fire,1,natural_vegetation_fire,True,0.01088998247463559,0.962063454571758,0.027046562953606645,0.962063454571758
FW_01428233,23.70943,91.79095,47_183,1,natural_vegetation_fire,1,natural_vegetation_fire,True,0.0,0.9953570084200865,0.004642991579913572,0.9953570084200865
FW_00338017,23.07397,75.80012,46_151,1,natural_vegetation_fire,1,natural_vegetation_fire,True,0.0,0.8230858538364659,0.17691414616353435,0.8230858538364659
FW_01027058,15.17768,77.10188,30_154,0,industrial_fire_candidate,2,other_uncertain,False,0.07720021394158538,0.3544578673380458,0.5683419187203691,0.5683419187203691
FW_00443881,17.14127,77.18391,34_154,0,industrial_fire_candidate,0,industrial_fire_candidate,True,0.4908273855135162,0.05040099472877215,0.4587716197577117,0.4908273855135162
FW_01710306,15.63787,76.65591,31_153,1,natural_vegetation_fire,1,natural_vegetation_fire,True,0.0037172413793103445,0.8838584432341537,0.11242431538653655,0.8838584432341537
FW_00478768,30.28917,76.05598,60_152,1,natural_vegetation_fire,1,natural_vegetation_fire,True,0.009786243153023741,0.7305806783586273,0.2596330784883496,0.7305806783586273
FW_00464563,30.77757,74.35803,61_148,1,natural_vegetation_fire,1,natural_vegetation_fire,True,0.002,0.9457499592667484,0.05225004073325168,0.9457499592667484
FW_01572217,30.46776,78.12345,60_156,1,natural_vegetation_fire,1,natural_vegetation_fire,True,0.005486033545953455,0.9502051210578507,0.04430884539619616,0.9502051210578507
FW_00433356,23.82532,84.91851,47_169,2,other_uncertain,2,other_uncertain,True,0.0,0.2954788686072513,0.7045211313927485,0.7045211313927485
FW_01087393,21.22989,72.02167,42_144,1,natural_vegetation_fire,1,natural_vegetation_fire,True,0.04988228043275563,0.5689223453571528,0.3811953742100919,0.5689223453571528
FW_01134035,17.14615,78.22596,34_156,1,natural_vegetation_fire,2,other_uncertain,False,0.019971424186415083,0.34283181380213856,0.6371967620114458,0.6371967620114458
FW_01091632,31.37542,75.06342,62_150,1,natural_vegetation_fire,1,natural_vegetation_fire,True,0.0,0.9030268752799103,0.09697312472008975,0.9030268752799103
FW_01506237,27.32339,84.58381,54_169,2,other_uncertain,1,natural_vegetation_fire,False,0.0,0.5187551874674501,0.48124481253254997,0.5187551874674501
FW_00268530,24.15906,82.60898,48_165,2,other_uncertain,2,other_uncertain,True,0.03365843003372589,0.2218397457368131,0.7445018242294608,0.7445018242294608
FW_00725566,25.9476,94.66798,51_189,1,natural_vegetation_fire,1,natural_vegetation_fire,True,0.0018478664192949905,0.9720696164490731,0.026082517131632125,0.9720696164490731
FW_00026708,20.95063,85.01199,41_170,2,other_uncertain,2,other_uncertain,True,0.007237124960609462,0.07157481392296024,0.9211880611164298,0.9211880611164298
FW_00567093,19.96305,79.3309,39_158,2,other_uncertain,2,other_uncertain,True,0.364410866515172,0.017217932154858995,0.6183712013299686,0.6183712013299686
FW_00584015,25.43421,86.06745,50_172,2,other_uncertain,2,other_uncertain,True,0.06903807914438133,0.283079895957393,0.6478820248982256,0.6478820248982256
FW_00125910,25.64554,90.10823,51_180,1,natural_vegetation_fire,1,natural_vegetation_fire,True,0.0,0.9803283709202592,0.01967162907974087,0.9803283709202592
FW_01559827,31.37918,75.12902,62_150,0,industrial_fire_candidate,1,natural_vegetation_fire,False,0.04455147288374981,0.6781178612233335,0.2773306658929171,0.6781178612233335
FW_01409533,24.92242,94.27116,49_188,1,natural_vegetation_fire,1,natural_vegetation_fire,True,0.003565107798605335,0.9448124196451267,0.051622472556268235,0.9448124196451267
FW_00437275,20.96427,85.17629,41_170,2,other_uncertain,2,other_uncertain,True,0.005718351324828263,0.06331460792643587,0.9309670407487358,0.9309670407487358
FW_01216254,14.74572,78.61447,29_157,1,natural_vegetation_fire,1,natural_vegetation_fire,True,0.00865463460437316,0.7748995084022196,0.21644585699340751,0.7748995084022196
FW_00553419,24.16683,82.56048,48_165,2,other_uncertain,2,other_uncertain,True,0.016258622830965196,0.09071894203144941,0.8930224351375848,0.8930224351375848
FW_00892950,20.79426,85.25661,41_170,2,other_uncertain,2,other_uncertain,True,0.13814203915737186,0.11757107659041657,0.7442868842522109,0.7442868842522109
FW_00958784,29.52036,75.54648,59_151,1,natural_vegetation_fire,1,natural_vegetation_fire,True,0.001603864734299517,0.8459146059363476,0.15248152932935316,0.8459146059363476
FW_01661576,30.6344,74.23049,61_148,2,other_uncertain,1,natural_vegetation_fire,False,0.008559341019737241,0.5104608202633375,0.4809798387169251,0.5104608202633375
FW_00722475,24.17353,82.56526,48_165,2,other_uncertain,2,other_uncertain,True,0.0068388782950907275,0.026883021882088697,0.9662780998228204,0.9662780998228204
FW_01665754,20.55927,79.90509,41_159,1,natural_vegetation_fire,1,natural_vegetation_fire,True,0.02752591035652441,0.658273163637306,0.3142009260061697,0.658273163637306
FW_00877021,20.9777,85.16925,41_170,2,other_uncertain,2,other_uncertain,True,0.0070724543032630385,0.08216107764745266,0.9107664680492839,0.9107664680492839
FW_00756506,20.2328,85.07614,40_170,1,natural_vegetation_fire,1,natural_vegetation_fire,True,0.0,0.9929596115073956,0.0070403884926044024,0.9929596115073956
FW_00302887,19.68502,81.0025,39_162,1,natural_vegetation_fire,1,natural_vegetation_fire,True,0.010925216614528445,0.9651327234294085,0.02394205995606327,0.9651327234294085
FW_00484277,30.23952,76.08295,60_152,1,natural_vegetation_fire,1,natural_vegetation_fire,True,0.0018478664192949905,0.7828466555151756,0.21530547806552988,0.7828466555151756
FW_01252533,23.82575,84.92861,47_169,1,natural_vegetation_fire,2,other_uncertain,False,0.002,0.18041817633800836,0.8175818236619911,0.8175818236619911
FW_00217616,20.96464,85.17331,41_170,2,other_uncertain,2,other_uncertain,True,0.02005293110946254,0.05933067534731971,0.9206163935432171,0.9206163935432171
FW_01152801,25.33916,83.47503,50_166,1,natural_vegetation_fire,1,natural_vegetation_fire,True,0.0018485088413829507,0.9233322497846043,0.07481924137401319,0.9233322497846043
FW_01185568,33.78097,73.99383,67_147,1,natural_vegetation_fire,1,natural_vegetation_fire,True,0.011949642926260048,0.9478233889005231,0.04022696817321736,0.9478233889005231
FW_01504527,22.01606,85.84586,44_171,1,natural_vegetation_fire,1,natural_vegetation_fire,True,0.0,0.9901886868765344,0.009811313123465688,0.9901886868765344
FW_01474811,25.79638,82.45177,51_164,1,natural_vegetation_fire,1,natural_vegetation_fire,True,0.0019465798045602606,0.9668623338706078,0.031191086324832275,0.9668623338706078
FW_01269031,25.76258,90.19511,51_180,1,natural_vegetation_fire,1,natural_vegetation_fire,True,0.0,0.9957388742974284,0.0042611257025716555,0.9957388742974284
FW_01338881,11.89657,78.44833,23_156,1,natural_vegetation_fire,1,natural_vegetation_fire,True,0.0,0.9559442080716821,0.0440557919283179,0.9559442080716821
FW_00189415,23.81843,80.16434,47_160,1,natural_vegetation_fire,1,natural_vegetation_fire,True,0.0,0.979719780527345,0.020280219472655375,0.979719780527345
FW_00676448,22.24114,81.29097,44_162,1,natural_vegetation_fire,1,natural_vegetation_fire,True,0.0,0.9698358059943684,0.030164194005631795,0.9698358059943684
FW_01557233,23.34317,91.37578,46_182,1,natural_vegetation_fire,1,natural_vegetation_fire,True,0.0,0.844413315157964,0.15558668484203633,0.844413315157964
FW_00154857,22.49078,81.02538,44_162,1,natural_vegetation_fire,1,natural_vegetation_fire,True,0.0,0.9943396965517364,0.005660303448263801,0.9943396965517364
FW_00990768,31.636,75.32725,63_150,1,natural_vegetation_fire,1,natural_vegetation_fire,True,0.0,0.9490772080702341,0.05092279192976605,0.9490772080702341
FW_01156551,19.33529,75.06973,38_150,1,natural_vegetation_fire,1,natural_vegetation_fire,True,0.0,0.8711097020875546,0.12889029791244577,0.8711097020875546
FW_00984331,27.50987,92.90428,55_185,1,natural_vegetation_fire,1,natural_vegetation_fire,True,0.0,0.9810463238595039,0.01895367614049618,0.9810463238595039
FW_00020228,18.85355,72.92986,37_145,0,industrial_fire_candidate,2,other_uncertain,False,0.08652738211280761,0.36552925203151354,0.5479433658556788,0.5479433658556788
FW_00008156,18.85599,72.92638,37_145,0,industrial_fire_candidate,2,other_uncertain,False,0.18267657488558703,0.18767612793243799,0.6296472971819749,0.6296472971819749
FW_00691154,15.13365,75.04858,30_150,1,natural_vegetation_fire,1,natural_vegetation_fire,True,0.0,0.916537396749392,0.08346260325060827,0.916537396749392
FW_00054259,23.67105,84.99076,47_169,2,other_uncertain,2,other_uncertain,True,0.12358265021946413,0.04283900705811904,0.8335783427224164,0.8335783427224164
FW_01254909,24.774,92.24324,49_184,1,natural_vegetation_fire,1,natural_vegetation_fire,True,0.005655398357527512,0.9621110509857396,0.03223355065673328,0.9621110509857396
FW_00628254,31.58954,77.94292,63_155,1,natural_vegetation_fire,1,natural_vegetation_fire,True,0.02893519424187966,0.692182877287973,0.2788819284701474,0.692182877287973
FW_00487528,29.76763,75.94409,59_151,1,natural_vegetation_fire,1,natural_vegetation_fire,True,0.005486033545953455,0.9213348089562384,0.07317915749780844,0.9213348089562384
FW_00902677,13.50949,76.89799,27_153,1,natural_vegetation_fire,1,natural_vegetation_fire,True,0.0,0.8957360717386571,0.10426392826134336,0.8957360717386571
FW_00046898,13.80441,76.75292,27_153,1,natural_vegetation_fire,1,natural_vegetation_fire,True,0.002,0.79891266114814,0.19908733885186067,0.79891266114814
FW_00006892,27.38493,96.82137,54_193,1,natural_vegetation_fire,1,natural_vegetation_fire,True,0.003695732838589981,0.946971094755248,0.0493331724061623,0.946971094755248
FW_01617939,22.21129,84.86281,44_169,2,other_uncertain,2,other_uncertain,True,0.06831823070897214,0.04458374438823702,0.8870980249027907,0.8870980249027907
FW_00905508,24.36057,73.8057,48_147,1,natural_vegetation_fire,1,natural_vegetation_fire,True,0.0,0.9785488016068254,0.021451198393174657,0.9785488016068254
FW_01194706,23.20725,68.7338,46_137,1,natural_vegetation_fire,1,natural_vegetation_fire,True,0.014395277456394335,0.6619026236765533,0.3237020988670523,0.6619026236765533
FW_00300183,28.34263,77.20671,56_154,1,natural_vegetation_fire,1,natural_vegetation_fire,True,0.0018478664192949905,0.7748243599483569,0.22332777363234874,0.7748243599483569
FW_00470151,30.25276,76.18748,60_152,1,natural_vegetation_fire,1,natural_vegetation_fire,True,0.0038478664192949904,0.9043225978546793,0.09182953572602612,0.9043225978546793
FW_00186807,20.71408,79.97556,41_159,1,natural_vegetation_fire,1,natural_vegetation_fire,True,0.0,0.997335367016206,0.0026646329837940893,0.997335367016206
FW_00254394,11.93166,76.93927,23_153,2,other_uncertain,2,other_uncertain,True,0.08329040549821567,0.351832805278862,0.5648767892229218,0.5648767892229218
FW_01558535,28.02389,78.63244,56_157,1,natural_vegetation_fire,1,natural_vegetation_fire,True,0.0052011164965080235,0.9265319257416608,0.06826695776183142,0.9265319257416608
FW_01508558,22.45049,80.00028,44_160,1,natural_vegetation_fire,1,natural_vegetation_fire,True,0.005031995220361366,0.8281070490542325,0.16686095572540655,0.8281070490542325
FW_00172201,24.81346,83.48123,49_166,1,natural_vegetation_fire,1,natural_vegetation_fire,True,0.005616658585938101,0.9599586306100124,0.034424710804049755,0.9599586306100124
FW_00393016,31.07749,75.23109,62_150,1,natural_vegetation_fire,1,natural_vegetation_fire,True,0.016448860101023987,0.7748359952312355,0.2087151446677413,0.7748359952312355
FW_01204692,18.88996,72.97079,37_145,0,industrial_fire_candidate,0,industrial_fire_candidate,True,0.4480423554469757,0.20504629592163479,0.3469113486313898,0.4480423554469757
FW_00515222,22.38405,73.10536,44_146,0,industrial_fire_candidate,1,natural_vegetation_fire,False,0.15651840320471783,0.5631330245149094,0.2803485722803726,0.5631330245149094
FW_00936720,27.97932,80.46432,55_160,1,natural_vegetation_fire,1,natural_vegetation_fire,True,0.007261483059283276,0.9414447823212608,0.051293734619456,0.9414447823212608
FW_00220067,22.92173,71.62832,45_143,1,natural_vegetation_fire,1,natural_vegetation_fire,True,0.03313468669660262,0.8166988628388091,0.15016645046458885,0.8166988628388091
FW_01550471,22.19681,84.84833,44_169,2,other_uncertain,2,other_uncertain,True,0.08749503746907379,0.21391770230454704,0.698587260226379,0.698587260226379
FW_01043567,24.14083,82.57185,48_165,2,other_uncertain,1,natural_vegetation_fire,False,0.010351755797328294,0.6906905947709671,0.29895764943170505,0.6906905947709671
FW_01328085,22.49816,88.59145,44_177,1,natural_vegetation_fire,1,natural_vegetation_fire,True,0.00584185149469624,0.9692950747596164,0.024863073745687584,0.9692950747596164
FW_01568139,31.07455,75.07644,62_150,1,natural_vegetation_fire,1,natural_vegetation_fire,True,0.004903735598162247,0.9311975112234571,0.063898753178381,0.9311975112234571
FW_01559828,31.38324,75.13108,62_150,0,industrial_fire_candidate,1,natural_vegetation_fire,False,0.11557531441829828,0.6740073429643054,0.21041734261739645,0.6740073429643054
FW_00911041,22.63659,72.03338,45_144,1,natural_vegetation_fire,1,natural_vegetation_fire,True,0.0019209257473481196,0.8223087439445623,0.1757703303080898,0.8223087439445623
FW_00465847,29.64462,75.92672,59_151,1,natural_vegetation_fire,1,natural_vegetation_fire,True,0.007718351324828263,0.8997548213651225,0.09252682731004933,0.8997548213651225
FW_00144468,22.21246,84.84118,44_169,2,other_uncertain,2,other_uncertain,True,0.03656144062080646,0.026798941873945558,0.9366396175052478,0.9366396175052478
FW_00462549,30.03465,76.29987,60_152,1,natural_vegetation_fire,1,natural_vegetation_fire,True,0.0035662177441232535,0.898685030224071,0.09774875203180645,0.898685030224071
FW_00987781,31.92757,75.16635,63_150,1,natural_vegetation_fire,1,natural_vegetation_fire,True,0.001718351324828263,0.9531050975275164,0.045176551147655675,0.9531050975275164
FW_00162940,24.44999,92.72162,48_185,1,natural_vegetation_fire,1,natural_vegetation_fire,True,0.0,0.9890280015156454,0.010971998484354572,0.9890280015156454
FW_01332590,22.39802,77.24184,44_154,1,natural_vegetation_fire,1,natural_vegetation_fire,True,0.0,0.9564458305389244,0.04355416946107581,0.9564458305389244
FW_00766085,25.98507,94.97018,51_189,1,natural_vegetation_fire,1,natural_vegetation_fire,True,0.005591671924884398,0.9389073930470889,0.05550093502802704,0.9389073930470889
FW_01236186,20.98455,85.12521,41_170,1,natural_vegetation_fire,2,other_uncertain,False,0.0,0.0741033002621724,0.9258966997378272,0.9258966997378272
FW_00973854,26.09262,85.97194,52_171,1,natural_vegetation_fire,1,natural_vegetation_fire,True,0.05556942656353675,0.7989130081137811,0.14551756532268253,0.7989130081137811
FW_00003790,20.95894,85.14488,41_170,1,natural_vegetation_fire,2,other_uncertain,False,0.09265268547399567,0.23796439768429012,0.669382916841714,0.669382916841714
FW_00447381,20.7932,85.25435,41_170,2,other_uncertain,2,other_uncertain,True,0.20995412427180324,0.09957001779543471,0.6904758579327614,0.6904758579327614
FW_00404777,29.85169,75.58407,59_151,1,natural_vegetation_fire,1,natural_vegetation_fire,True,0.012499032863811798,0.8245524605292165,0.162948506606972,0.8245524605292165
FW_00887080,23.52024,80.60111,47_161,1,natural_vegetation_fire,1,natural_vegetation_fire,True,0.0,0.9812972554117003,0.018702744588299746,0.9812972554117003
FW_01092293,21.85039,76.43923,43_152,1,natural_vegetation_fire,1,natural_vegetation_fire,True,0.0055662177441232535,0.7177173870820248,0.27671639517385194,0.7177173870820248
FW_00681050,14.59308,78.84258,29_157,1,natural_vegetation_fire,1,natural_vegetation_fire,True,0.0019209257473481196,0.9471233207217481,0.050955753530904084,0.9471233207217481
FW_01024997,21.84375,76.10624,43_152,2,other_uncertain,2,other_uncertain,True,0.25108615085445335,0.1780560580445328,0.5708577911010139,0.5708577911010139
FW_01693894,23.84163,84.9511,47_169,2,other_uncertain,2,other_uncertain,True,0.0178052629628919,0.2584053590287751,0.7237893780083327,0.7237893780083327
FW_00268542,24.1816,82.57011,48_165,2,other_uncertain,2,other_uncertain,True,0.001718351324828263,0.11200191343300198,0.8862797352421694,0.8862797352421694
FW_01445709,24.32982,86.41555,48_172,1,natural_vegetation_fire,1,natural_vegetation_fire,True,0.0,0.9926748138247089,0.007325186175291197,0.9926748138247089
FW_00150575,23.85774,91.93855,47_183,1,natural_vegetation_fire,1,natural_vegetation_fire,True,0.0018478664192949905,0.9954895404930595,0.0026625930876455987,0.9954895404930595
FW_00078034,20.80428,85.25635,41_170,2,other_uncertain,2,other_uncertain,True,0.2606096803933631,0.03311082556075609,0.7062794940458805,0.7062794940458805
FW_00130603,19.55901,79.43084,39_158,1,natural_vegetation_fire,1,natural_vegetation_fire,True,0.0,0.9945396039600717,0.005460396039928468,0.9945396039600717
FW_01228642,17.50393,77.96328,35_155,1,natural_vegetation_fire,1,natural_vegetation_fire,True,0.0018478664192949905,0.8938941761284526,0.10425795745225305,0.8938941761284526
FW_00468943,20.96357,85.17536,41_170,2,other_uncertain,2,other_uncertain,True,0.004,0.08318114557467195,0.9128188544253275,0.9128188544253275
FW_01668229,28.63288,74.62253,57_149,1,natural_vegetation_fire,1,natural_vegetation_fire,True,0.0,0.780936804958286,0.21906319504171443,0.780936804958286
FW_00747171,21.79612,72.09152,43_144,2,other_uncertain,2,other_uncertain,True,0.02766431593256115,0.30590514110114225,0.6664305429662959,0.6664305429662959
FW_01018605,20.96503,85.12815,41_170,2,other_uncertain,2,other_uncertain,True,0.022081502161352032,0.09081667196411443,0.887101825874533,0.887101825874533
FW_01539908,23.65343,80.12405,47_160,1,natural_vegetation_fire,1,natural_vegetation_fire,True,0.0,0.9306081948935708,0.06939180510642969,0.9306081948935708
FW_00137587,19.17945,76.9213,38_153,1,natural_vegetation_fire,1,natural_vegetation_fire,True,0.0018478664192949905,0.896373089250443,0.10177904433026265,0.896373089250443
FW_00661504,15.2136,77.71165,30_155,1,natural_vegetation_fire,1,natural_vegetation_fire,True,0.0,0.9679994252300026,0.03200057476999754,0.9679994252300026
FW_01006655,30.47262,76.2467,60_152,1,natural_vegetation_fire,1,natural_vegetation_fire,True,0.00867313005046393,0.8398146124110419,0.1515122575384949,0.8398146124110419
FW_01484876,23.42148,68.85738,46_137,1,natural_vegetation_fire,1,natural_vegetation_fire,True,0.0,0.8842139375659785,0.11578606243402165,0.8842139375659785
FW_01143488,15.33545,76.28509,30_152,2,other_uncertain,2,other_uncertain,True,0.12754536352323592,0.06788064853085979,0.8045739879459037,0.8045739879459037
FW_00453450,31.49099,75.22607,62_150,1,natural_vegetation_fire,1,natural_vegetation_fire,True,0.03954786234687981,0.781302946083367,0.17914919156975356,0.781302946083367
FW_01007112,31.47058,75.31805,62_150,2,other_uncertain,1,natural_vegetation_fire,False,0.003603864734299517,0.7501115568798112,0.24628457838588946,0.7501115568798112
FW_01585102,32.76365,76.52468,65_153,1,natural_vegetation_fire,1,natural_vegetation_fire,True,0.0,0.9563984998973853,0.04360150010261492,0.9563984998973853
FW_01607251,24.14629,86.33273,48_172,2,other_uncertain,2,other_uncertain,True,0.09003764512559642,0.1542154853711412,0.7557468695032618,0.7557468695032618
FW_01685971,23.38181,88.27429,46_176,1,natural_vegetation_fire,1,natural_vegetation_fire,True,0.0,0.9228252580585834,0.07717474194141687,0.9228252580585834
FW_01086069,30.29315,76.17686,60_152,1,natural_vegetation_fire,1,natural_vegetation_fire,True,0.0,0.8613125186274886,0.13868748137251188,0.8613125186274886
FW_00694200,9.97433,76.37571,19_152,2,other_uncertain,2,other_uncertain,True,0.2583551666072807,0.09543789463713087,0.6462069387555877,0.6462069387555877
FW_01680444,30.23787,80.97401,60_161,2,other_uncertain,2,other_uncertain,True,0.005427162306487905,0.3609581173396414,0.6336147203538702,0.6336147203538702
FW_01363372,24.20089,73.25463,48_146,1,natural_vegetation_fire,1,natural_vegetation_fire,True,0.0,0.9978709005038944,0.002129099496105669,0.9978709005038944
FW_01687871,18.10852,74.8372,36_149,1,natural_vegetation_fire,1,natural_vegetation_fire,True,0.0018959390862944162,0.9579152061740025,0.04018885473970321,0.9579152061740025
FW_01112668,26.23809,73.03157,52_146,1,natural_vegetation_fire,2,other_uncertain,False,0.062433778529446746,0.4545689668919733,0.48299725457858006,0.48299725457858006
FW_01067152,29.42323,75.90427,58_151,1,natural_vegetation_fire,1,natural_vegetation_fire,True,0.001658617818484596,0.9152119320163312,0.08312945016518443,0.9152119320163312
FW_00569489,24.14657,86.33004,48_172,2,other_uncertain,2,other_uncertain,True,0.1828835845379118,0.23592021776614958,0.5811961976959387,0.5811961976959387
FW_00579234,17.20601,76.22018,34_152,1,natural_vegetation_fire,1,natural_vegetation_fire,True,0.011947651276830267,0.6370734074592687,0.3509789412639014,0.6370734074592687
FW_01228098,11.70362,78.02635,23_156,2,other_uncertain,1,natural_vegetation_fire,False,0.0018478664192949905,0.8665959624063289,0.13155617117437673,0.8665959624063289
FW_00987729,31.89317,75.48376,63_150,2,other_uncertain,1,natural_vegetation_fire,False,0.0017801608579088473,0.840326293271135,0.1578935458709563,0.840326293271135
FW_00656729,15.97865,76.68873,31_153,1,natural_vegetation_fire,1,natural_vegetation_fire,True,0.0,0.9210376040625663,0.07896239593743398,0.9210376040625663
FW_00501150,30.5108,74.10368,61_148,1,natural_vegetation_fire,1,natural_vegetation_fire,True,0.010710621429921503,0.760219085616701,0.2290702929533782,0.760219085616701
FW_00482052,31.11322,75.18928,62_150,1,natural_vegetation_fire,1,natural_vegetation_fire,True,0.0,0.939420593992695,0.060579406007305145,0.939420593992695
FW_01579668,24.15668,82.67486,48_165,2,other_uncertain,2,other_uncertain,True,0.09880355003373388,0.11647504133815718,0.7847214086281082,0.7847214086281082
FW_01706080,15.79171,76.72287,31_153,1,natural_vegetation_fire,1,natural_vegetation_fire,True,0.0,0.8817026404822464,0.11829735951775387,0.8817026404822464
FW_01467848,25.10994,87.68237,50_175,1,natural_vegetation_fire,1,natural_vegetation_fire,True,0.006950586098641159,0.9211011320871242,0.07194828181423515,0.9211011320871242
FW_00007817,9.97938,79.19131,19_158,1,natural_vegetation_fire,1,natural_vegetation_fire,True,0.001658617818484596,0.9546026459912773,0.0437387361902386,0.9546026459912773
FW_00690962,13.56874,76.84048,27_153,1,natural_vegetation_fire,1,natural_vegetation_fire,True,0.0014182968850257921,0.8726781524372932,0.1259035506776814,0.8726781524372932
FW_01504799,22.54485,86.90267,45_173,1,natural_vegetation_fire,1,natural_vegetation_fire,True,0.0,0.9693145415339142,0.03068545846608584,0.9693145415339142
FW_00529618,29.37842,73.97624,58_147,1,natural_vegetation_fire,1,natural_vegetation_fire,True,0.002,0.815075288125975,0.18292471187402554,0.815075288125975
FW_00693316,20.96216,85.17464,41_170,2,other_uncertain,2,other_uncertain,True,0.005414726585506204,0.16956528211285735,0.8250199913016352,0.8250199913016352
FW_00424720,24.16434,82.68044,48_165,2,other_uncertain,2,other_uncertain,True,0.02528995471441229,0.03937092008973248,0.9353391251958548,0.9353391251958548
FW_01604728,23.83289,84.92101,47_169,2,other_uncertain,2,other_uncertain,True,0.01859784009879351,0.22013592415713942,0.7612662357440667,0.7612662357440667
FW_00500950,30.44425,76.44061,60_152,1,natural_vegetation_fire,1,natural_vegetation_fire,True,0.0,0.9236202780882478,0.07637972191175245,0.9236202780882478
FW_00478147,31.14222,75.14062,62_150,1,natural_vegetation_fire,1,natural_vegetation_fire,True,0.0,0.8614318026207612,0.13856819737923953,0.8614318026207612
FW_00641782,20.96159,85.16541,41_170,2,other_uncertain,2,other_uncertain,True,0.01421831498931585,0.07403144569538027,0.911750239315303,0.911750239315303
FW_00498733,30.50939,74.17825,61_148,1,natural_vegetation_fire,1,natural_vegetation_fire,True,0.007003562815867739,0.8500795357598516,0.1429169014242811,0.8500795357598516
FW_01702928,19.80321,78.86438,39_157,1,natural_vegetation_fire,1,natural_vegetation_fire,True,0.01705370829033127,0.5384037194901555,0.4445425722195133,0.5384037194901555
FW_00148553,22.28975,78.03094,44_156,1,natural_vegetation_fire,1,natural_vegetation_fire,True,0.0,0.98654260033569,0.013457399664310308,0.98654260033569
FW_01274998,24.2765,93.65011,48_187,1,natural_vegetation_fire,1,natural_vegetation_fire,True,0.0019209257473481196,0.9547476827029595,0.043331391549692844,0.9547476827029595
FW_00272194,22.99784,76.01006,45_152,1,natural_vegetation_fire,1,natural_vegetation_fire,True,0.008410824034415208,0.8612504742772815,0.13033870168830372,0.8612504742772815
FW_01028643,20.96441,85.17475,41_170,2,other_uncertain,2,other_uncertain,True,0.0035662177441232535,0.0928921375772074,0.9035416446786688,0.9035416446786688
FW_00287044,20.68663,83.39883,41_166,1,natural_vegetation_fire,1,natural_vegetation_fire,True,0.0,0.986349407648365,0.01365059235163519,0.986349407648365
FW_01181499,34.33488,73.88017,68_147,1,natural_vegetation_fire,1,natural_vegetation_fire,True,0.0,0.8988640586272502,0.10113594137275064,0.8988640586272502
FW_01253854,27.45071,79.84004,54_159,1,natural_vegetation_fire,1,natural_vegetation_fire,True,0.0,0.9133255223422923,0.08667447765770807,0.9133255223422923
FW_01565945,31.54588,75.41564,63_150,1,natural_vegetation_fire,1,natural_vegetation_fire,True,0.0037687921666431103,0.8648030270559661,0.13142818077739105,0.8648030270559661
FW_01366415,16.8503,76.9865,33_153,1,natural_vegetation_fire,1,natural_vegetation_fire,True,0.0,0.9192331124910652,0.08076688750893526,0.9192331124910652
FW_00145226,23.53976,80.76,47_161,1,natural_vegetation_fire,1,natural_vegetation_fire,True,0.0,0.940119087536158,0.05988091246384231,0.940119087536158
FW_01221302,17.58904,77.89162,35_155,2,other_uncertain,2,other_uncertain,True,0.011204384870781715,0.4838013493623238,0.5049942657668944,0.5049942657668944
FW_00530292,30.51814,74.34889,61_148,1,natural_vegetation_fire,1,natural_vegetation_fire,True,0.0,0.9438076934216435,0.056192306578356645,0.9438076934216435
FW_01075689,29.93674,75.75698,59_151,1,natural_vegetation_fire,1,natural_vegetation_fire,True,0.0,0.9422578534378413,0.05774214656215924,0.9422578534378413
FW_01356811,23.84001,84.95155,47_169,2,other_uncertain,2,other_uncertain,True,0.004829420797841511,0.18071335471598102,0.8144572244861765,0.8144572244861765
FW_00601868,12.19968,78.18742,24_156,1,natural_vegetation_fire,1,natural_vegetation_fire,True,0.003473838297583088,0.9066115836249068,0.08991457807751037,0.9066115836249068
FW_00273679,22.53431,74.29438,45_148,1,natural_vegetation_fire,1,natural_vegetation_fire,True,0.0,0.9861877511260925,0.013812248873907574,0.9861877511260925
FW_00400710,28.32022,77.37907,56_154,2,other_uncertain,1,natural_vegetation_fire,False,0.009471353122103126,0.5668340439152265,0.423694602962671,0.5668340439152265
FW_00612430,24.74864,94.10512,49_188,1,natural_vegetation_fire,1,natural_vegetation_fire,True,0.0,0.9748149682246583,0.025185031775342034,0.9748149682246583
FW_00965780,29.73122,75.58883,59_151,1,natural_vegetation_fire,1,natural_vegetation_fire,True,0.04172391340100423,0.6392911639269794,0.31898492267201695,0.6392911639269794
FW_01474880,26.08846,78.14927,52_156,1,natural_vegetation_fire,1,natural_vegetation_fire,True,0.0,0.9455948770425625,0.05440512295743765,0.9455948770425625
FW_01125282,30.55723,74.25404,61_148,1,natural_vegetation_fire,1,natural_vegetation_fire,True,0.0,0.8516272759065935,0.14837272409340715,0.8516272759065935
FW_01585423,23.83158,84.92021,47_169,2,other_uncertain,2,other_uncertain,True,0.0018021712907117008,0.2545895893639677,0.7436082393453203,0.7436082393453203
FW_00474776,22.22069,84.7592,44_169,2,other_uncertain,2,other_uncertain,True,0.07943423934827852,0.2016307186989179,0.7189350419528028,0.7189350419528028
FW_00720646,11.63729,79.17262,23_158,1,natural_vegetation_fire,1,natural_vegetation_fire,True,0.012998225857317304,0.7051000328396924,0.281901741302991,0.7051000328396924
FW_00341872,31.53965,75.4905,63_150,1,natural_vegetation_fire,1,natural_vegetation_fire,True,0.007300565752463443,0.853569048173907,0.13913038607362976,0.853569048173907
FW_00986660,31.05367,75.06866,62_150,1,natural_vegetation_fire,1,natural_vegetation_fire,True,0.0,0.9081791867273604,0.09182081327263995,0.9081791867273604
FW_01661589,30.6504,74.37807,61_148,1,natural_vegetation_fire,1,natural_vegetation_fire,True,0.002,0.8963162704447561,0.10168372955524425,0.8963162704447561
FW_00377854,31.29811,75.28046,62_150,1,natural_vegetation_fire,1,natural_vegetation_fire,True,0.0,0.8265374276364044,0.17346257236359577,0.8265374276364044
FW_01301967,26.80978,91.72236,53_183,1,natural_vegetation_fire,1,natural_vegetation_fire,True,0.0018478664192949905,0.9259020191202255,0.07225011446047974,0.9259020191202255
FW_01535066,30.57125,74.24104,61_148,1,natural_vegetation_fire,1,natural_vegetation_fire,True,0.001718351324828263,0.6904729103962166,0.3078087382789556,0.6904729103962166
FW_01693902,24.15254,82.6376,48_165,2,other_uncertain,2,other_uncertain,True,0.05005762264227259,0.0737245620067251,0.8762178153510016,0.8762178153510016
FW_01204693,18.89275,72.96657,37_145,0,industrial_fire_candidate,0,industrial_fire_candidate,True,0.39877062494355386,0.2514663322769545,0.3497630427794919,0.39877062494355386
FW_01604895,24.15903,82.6731,48_165,2,other_uncertain,2,other_uncertain,True,0.0926113610994529,0.07525637573206845,0.8321322631684781,0.8321322631684781
FW_01659953,22.47689,73.45734,44_146,2,other_uncertain,1,natural_vegetation_fire,False,0.010472217969245265,0.5014846598302459,0.4880431222005087,0.5014846598302459
FW_00279231,23.51007,80.06241,47_160,1,natural_vegetation_fire,1,natural_vegetation_fire,True,0.0,0.9687200483765498,0.03127995162345031,0.9687200483765498
FW_00469693,29.85192,75.84822,59_151,1,natural_vegetation_fire,1,natural_vegetation_fire,True,0.005372656900942627,0.8896127685946819,0.10501457450437618,0.8896127685946819
FW_01591470,23.83274,84.92346,47_169,1,natural_vegetation_fire,2,other_uncertain,False,0.00517153518625023,0.2485742960855705,0.7462541687281791,0.7462541687281791
FW_01253900,9.98866,76.24893,19_152,2,other_uncertain,2,other_uncertain,True,0.16274006472991517,0.23258547655254896,0.6046744587175356,0.6046744587175356
FW_00413372,24.16204,82.68182,48_165,2,other_uncertain,2,other_uncertain,True,0.033127356104754216,0.15366481928577572,0.8132078246094696,0.8132078246094696
FW_01383658,19.84915,81.05395,39_162,1,natural_vegetation_fire,1,natural_vegetation_fire,True,0.0,0.937045069890087,0.06295493010991342,0.937045069890087
FW_00514521,31.02148,75.19844,62_150,1,natural_vegetation_fire,1,natural_vegetation_fire,True,0.003565107798605335,0.908764100418533,0.08767079178286205,0.908764100418533
FW_00309482,24.29796,82.96501,48_165,1,natural_vegetation_fire,1,natural_vegetation_fire,True,0.0013387096774193548,0.9664845204456657,0.03217676987691518,0.9664845204456657
FW_00169054,25.18302,87.73447,50_175,1,natural_vegetation_fire,1,natural_vegetation_fire,True,0.002,0.9308715113788822,0.06712848862111814,0.9308715113788822
FW_00561214,25.38415,83.44348,50_166,1,natural_vegetation_fire,1,natural_vegetation_fire,True,0.00392092574734812,0.849446240673383,0.1466328335792691,0.849446240673383
FW_01198132,20.96377,85.17271,41_170,2,other_uncertain,2,other_uncertain,True,0.01601603593414731,0.08530998577790443,0.8986739782879478,0.8986739782879478
FW_01579321,31.87694,75.29175,63_150,1,natural_vegetation_fire,1,natural_vegetation_fire,True,0.031257415381124094,0.48689707120145154,0.4818455134174244,0.48689707120145154
FW_00960976,24.91891,94.00674,49_188,1,natural_vegetation_fire,1,natural_vegetation_fire,True,0.0018963898916967508,0.9744323914250865,0.02367121868321686,0.9744323914250865
FW_00835179,25.80763,89.8427,51_179,2,other_uncertain,2,other_uncertain,True,0.0019209257473481196,0.44632998781820915,0.5517490864344424,0.5517490864344424
FW_00262554,24.31626,93.82697,48_187,1,natural_vegetation_fire,1,natural_vegetation_fire,True,0.0,0.9120893628483503,0.0879106371516501,0.9120893628483503
FW_01308204,20.96551,85.08496,41_170,2,other_uncertain,2,other_uncertain,True,0.02072997154188609,0.033179533347078696,0.9460904951110348,0.9460904951110348
FW_00652709,13.20427,76.23386,26_152,1,natural_vegetation_fire,1,natural_vegetation_fire,True,0.012567720012797594,0.9013772087570886,0.08605507123011426,0.9013772087570886
FW_00999146,16.84582,76.90887,33_153,1,natural_vegetation_fire,1,natural_vegetation_fire,True,0.005414084163418244,0.7999398211563142,0.19464609468026778,0.7999398211563142
FW_00490146,31.04918,75.36334,62_150,1,natural_vegetation_fire,1,natural_vegetation_fire,True,0.0018478664192949905,0.8004947712640129,0.19765736231669234,0.8004947712640129
FW_00990009,26.24999,78.34474,52_156,1,natural_vegetation_fire,1,natural_vegetation_fire,True,0.034456852099263614,0.8630634131379368,0.10247973476280015,0.8630634131379368
FW_00328485,30.48002,76.21468,60_152,1,natural_vegetation_fire,1,natural_vegetation_fire,True,0.0,0.8633154157587242,0.1366845842412765,0.8633154157587242
FW_00003577,13.82489,76.76698,27_153,1,natural_vegetation_fire,1,natural_vegetation_fire,True,0.11091747979753507,0.4718341178615354,0.41724840234092936,0.4718341178615354
FW_01160475,24.12104,86.35464,48_172,2,other_uncertain,2,other_uncertain,True,0.06538002120425085,0.12821367520677027,0.8064063035889779,0.8064063035889779
FW_00216373,15.9081,76.56163,31_153,1,natural_vegetation_fire,1,natural_vegetation_fire,True,0.04089454632760335,0.6727211077569204,0.28638434591547657,0.6727211077569204
FW_01123904,30.58161,74.26002,61_148,1,natural_vegetation_fire,1,natural_vegetation_fire,True,0.01915349762850038,0.6798256285919889,0.3010208737795112,0.6798256285919889
FW_00630298,26.96133,77.74268,53_155,2,other_uncertain,2,other_uncertain,True,0.024470322473400228,0.45026329640936985,0.52526638111723,0.52526638111723
FW_01242286,22.82663,74.8866,45_149,1,natural_vegetation_fire,1,natural_vegetation_fire,True,0.001506236559139785,0.8767289198936864,0.12176484354717433,0.8767289198936864
FW_00981331,23.63572,80.97591,47_161,1,natural_vegetation_fire,1,natural_vegetation_fire,True,0.0038478664192949904,0.8820081684573248,0.11414396512338064,0.8820081684573248
FW_01457847,22.35337,84.11575,44_168,1,natural_vegetation_fire,1,natural_vegetation_fire,True,0.0017172413793103446,0.9924750724216884,0.005807686199001238,0.9924750724216884
FW_00723200,22.27154,85.86731,44_171,1,natural_vegetation_fire,1,natural_vegetation_fire,True,0.0035247904816476366,0.9679636477605044,0.02851156175784811,0.9679636477605044
FW_01385858,25.51908,90.49319,51_180,1,natural_vegetation_fire,1,natural_vegetation_fire,True,0.0,0.9972062675201002,0.0027937324798997585,0.9972062675201002
FW_01423720,24.22363,93.81745,48_187,1,natural_vegetation_fire,1,natural_vegetation_fire,True,0.0018478664192949905,0.9715432852516329,0.026608848329072416,0.9715432852516329
FW_01499244,25.33366,83.4127,50_166,1,natural_vegetation_fire,1,natural_vegetation_fire,True,0.0,0.892316683591796,0.1076833164082047,0.892316683591796
FW_01498776,24.17761,82.65237,48_165,2,other_uncertain,2,other_uncertain,True,0.043563997311244676,0.34967318899703026,0.6067628136917249,0.6067628136917249
FW_00944667,25.49248,82.28103,50_164,1,natural_vegetation_fire,1,natural_vegetation_fire,True,0.005200264560644362,0.9233727611941196,0.07142697424523639,0.9233727611941196
FW_00975461,31.55498,75.28968,63_150,1,natural_vegetation_fire,1,natural_vegetation_fire,True,0.014262935376888252,0.7820861011559466,0.2036509634671658,0.7820861011559466
FW_01489196,27.23749,83.6543,54_167,1,natural_vegetation_fire,1,natural_vegetation_fire,True,0.0055205226155399635,0.7476198047115481,0.24685967267291237,0.7476198047115481
FW_00946141,22.1026,75.52386,44_151,1,natural_vegetation_fire,1,natural_vegetation_fire,True,0.0,0.9593859327930275,0.04061406720697266,0.9593859327930275
FW_01599220,22.41145,71.33476,44_142,1,natural_vegetation_fire,2,other_uncertain,False,0.03810007059914502,0.3212176590086289,0.6406822703922257,0.6406822703922257
FW_00134837,24.27845,92.58045,48_185,1,natural_vegetation_fire,1,natural_vegetation_fire,True,0.0035656625920678585,0.9551943409426806,0.04123999646525184,0.9551943409426806
FW_01521900,13.87282,76.74097,27_153,1,natural_vegetation_fire,2,other_uncertain,False,0.02088504240343549,0.358312872445545,0.6208020851510191,0.6208020851510191
FW_00001017,20.78942,85.2653,41_170,2,other_uncertain,2,other_uncertain,True,0.08294528940577109,0.19808925543644554,0.7189654551577827,0.7189654551577827
FW_00054750,20.9668,85.17242,41_170,2,other_uncertain,2,other_uncertain,True,0.012172861106258577,0.1557397381236189,0.832087400770121,0.832087400770121
FW_01573291,31.81805,75.00137,63_150,1,natural_vegetation_fire,1,natural_vegetation_fire,True,0.06332921451410745,0.7526710519704922,0.18399973351540072,0.7526710519704922
FW_01610087,26.25335,73.00475,52_146,2,other_uncertain,2,other_uncertain,True,0.18778523815404055,0.2048623362819867,0.6073524255639725,0.6073524255639725
FW_00036538,20.96523,85.17097,41_170,2,other_uncertain,2,other_uncertain,True,0.0075662177441232535,0.055305075696770865,0.9371287065591052,0.9371287065591052
FW_01459067,27.39613,83.96035,54_167,1,natural_vegetation_fire,1,natural_vegetation_fire,True,0.0,0.8028500894696536,0.19714991053034667,0.8028500894696536
FW_00284020,27.21222,83.53101,54_167,1,natural_vegetation_fire,1,natural_vegetation_fire,True,0.0,0.9173866644417111,0.08261333555828936,0.9173866644417111
FW_01160818,15.84732,76.67569,31_153,1,natural_vegetation_fire,1,natural_vegetation_fire,True,0.0,0.9641559076214435,0.03584409237855644,0.9641559076214435
FW_00575764,28.83421,76.44641,57_152,1,natural_vegetation_fire,1,natural_vegetation_fire,True,0.0019209257473481196,0.8050685060006091,0.1930105682520435,0.8050685060006091
FW_01029830,16.10882,74.17201,32_148,1,natural_vegetation_fire,1,natural_vegetation_fire,True,0.0,0.8452966543962065,0.15470334560379384,0.8452966543962065
FW_00074052,30.4454,76.96435,60_153,1,natural_vegetation_fire,1,natural_vegetation_fire,True,0.0,0.9317979747830308,0.06820202521696972,0.9317979747830308
FW_00191623,22.29406,80.24976,44_160,1,natural_vegetation_fire,1,natural_vegetation_fire,True,0.0,0.9552476873565533,0.04475231264344677,0.9552476873565533
FW_00054037,18.37984,77.47759,36_154,1,natural_vegetation_fire,1,natural_vegetation_fire,True,0.005231892011503355,0.9479533768140461,0.046814731174450626,0.9479533768140461
FW_00449430,20.97512,85.14832,41_170,2,other_uncertain,2,other_uncertain,True,0.010755461654418916,0.1483622773502576,0.8408822609953229,0.8408822609953229
FW_01446734,27.20144,83.67944,54_167,1,natural_vegetation_fire,1,natural_vegetation_fire,True,0.0,0.8820851428368244,0.11791485716317633,0.8820851428368244
FW_01260226,19.91509,79.3077,39_158,2,other_uncertain,2,other_uncertain,True,0.03938327859616703,0.11595621226482583,0.8446605091390069,0.8446605091390069
FW_00517504,30.62043,74.27608,61_148,2,other_uncertain,1,natural_vegetation_fire,False,0.007816864833642537,0.5634894764286421,0.42869365873771575,0.5634894764286421
FW_00966743,31.06094,75.48123,62_150,1,natural_vegetation_fire,1,natural_vegetation_fire,True,0.07616217938992587,0.5470067764678557,0.3768310441422184,0.5470067764678557
FW_00073669,23.89561,92.78146,47_185,1,natural_vegetation_fire,1,natural_vegetation_fire,True,0.0,0.9763900937351657,0.023609906264834443,0.9763900937351657
FW_00240490,14.10658,79.39086,28_158,1,natural_vegetation_fire,1,natural_vegetation_fire,True,0.0018478664192949905,0.9651916677125585,0.032960465868146646,0.9651916677125585
FW_01706089,15.84671,76.64848,31_153,1,natural_vegetation_fire,1,natural_vegetation_fire,True,0.0,0.9291823723592918,0.07081762764070862,0.9291823723592918
FW_00403966,24.14609,82.65779,48_165,2,other_uncertain,2,other_uncertain,True,0.010369248614062472,0.058957163509181815,0.930673587876755,0.930673587876755
FW_01609309,15.33483,76.28552,30_152,2,other_uncertain,2,other_uncertain,True,0.08064745161375526,0.16744672606385086,0.7519058223223938,0.7519058223223938
FW_00635141,20.95404,85.05161,41_170,1,natural_vegetation_fire,2,other_uncertain,False,0.023555776959175958,0.31686536597407194,0.6595788570667517,0.6595788570667517
FW_00567914,22.39192,85.77091,44_171,2,other_uncertain,2,other_uncertain,True,0.014576169836005822,0.310352464418986,0.6750713657450076,0.6750713657450076
FW_01204044,23.82605,84.92926,47_169,1,natural_vegetation_fire,2,other_uncertain,False,0.005136648209854055,0.20572174144394076,0.789141610346205,0.789141610346205
FW_00982540,30.16538,76.50697,60_153,1,natural_vegetation_fire,1,natural_vegetation_fire,True,0.0,0.8706141868460985,0.12938581315390205,0.8706141868460985
FW_00047667,24.44883,93.81615,48_187,1,natural_vegetation_fire,1,natural_vegetation_fire,True,0.0037687921666431103,0.9358962942145903,0.060334913618767125,0.9358962942145903
FW_00037859,15.91496,77.36283,31_154,2,other_uncertain,2,other_uncertain,True,0.00686033953757456,0.08751017368329037,0.9056294867791346,0.9056294867791346
FW_00856184,24.18107,74.48116,48_148,1,natural_vegetation_fire,1,natural_vegetation_fire,True,0.0,0.9873262289465103,0.012673771053489788,0.9873262289465103
FW_01218153,28.00658,78.8323,56_157,1,natural_vegetation_fire,1,natural_vegetation_fire,True,0.011089898280252971,0.773980443141891,0.21492965857785643,0.773980443141891
FW_01042095,23.82642,84.91885,47_169,2,other_uncertain,2,other_uncertain,True,0.00958675022777594,0.44212966300405676,0.5482835867681674,0.5482835867681674
FW_00356282,31.3284,75.05884,62_150,1,natural_vegetation_fire,1,natural_vegetation_fire,True,0.005355963299431332,0.9059482464098207,0.08869579029074834,0.9059482464098207
FW_00413374,24.16446,82.68134,48_165,2,other_uncertain,2,other_uncertain,True,0.01698298349038797,0.03804644959578506,0.9449705669138266,0.9449705669138266
FW_00402551,24.16508,82.67937,48_165,2,other_uncertain,2,other_uncertain,True,0.022375109771292447,0.034660557399338744,0.9429643328293682,0.9429643328293682
FW_00260145,17.46419,80.99504,34_161,1,natural_vegetation_fire,2,other_uncertain,False,0.0019209257473481196,0.4865397682188933,0.5115393060337586,0.5115393060337586
FW_00523035,20.96317,85.18188,41_170,2,other_uncertain,2,other_uncertain,True,0.016661290533624574,0.11188399951984447,0.87145470994653,0.87145470994653
FW_01102167,24.20433,82.71319,48_165,2,other_uncertain,2,other_uncertain,True,0.11305500531013392,0.0988107558352249,0.7881342388546407,0.7881342388546407
FW_01143314,19.97161,79.08947,39_158,2,other_uncertain,2,other_uncertain,True,0.031140405833421148,0.30706416597501224,0.6617954281915666,0.6617954281915666
FW_00975002,30.51791,74.09464,61_148,1,natural_vegetation_fire,1,natural_vegetation_fire,True,0.0019209257473481196,0.8506085234020674,0.147470550850585,0.8506085234020674
FW_01163763,20.96237,85.16484,41_170,2,other_uncertain,2,other_uncertain,True,0.005073096725350998,0.0935550645536634,0.9013718387209847,0.9013718387209847
FW_01300198,18.16431,74.54538,36_149,1,natural_vegetation_fire,1,natural_vegetation_fire,True,0.011130215597210672,0.8120225101723743,0.17684727423041552,0.8120225101723743
FW_00070682,24.10651,74.08129,48_148,1,natural_vegetation_fire,1,natural_vegetation_fire,True,0.0,0.9648665201812294,0.03513347981877062,0.9648665201812294
FW_01563092,31.52365,75.18919,63_150,1,natural_vegetation_fire,1,natural_vegetation_fire,True,0.04685107689529334,0.7606552888507919,0.1924936342539153,0.7606552888507919
FW_01535761,24.15621,82.60159,48_165,2,other_uncertain,2,other_uncertain,True,0.02561771259260808,0.4066295957642882,0.5677526916431037,0.5677526916431037
FW_00393295,31.60783,75.01052,63_150,1,natural_vegetation_fire,1,natural_vegetation_fire,True,0.009102376917036628,0.8500316649160973,0.14086595816686634,0.8500316649160973
FW_00254996,14.47878,79.02874,28_158,1,natural_vegetation_fire,1,natural_vegetation_fire,True,0.001718351324828263,0.968022102994244,0.03025954568092781,0.968022102994244
FW_00438306,23.82723,84.91801,47_169,2,other_uncertain,2,other_uncertain,True,0.011550480004117764,0.3096258713514901,0.6788236486443917,0.6788236486443917
FW_00756265,19.40431,82.72701,38_165,1,natural_vegetation_fire,1,natural_vegetation_fire,True,0.0,0.9905349588773902,0.009465041122609921,0.9905349588773902
FW_01586772,26.5753,85.7665,53_171,1,natural_vegetation_fire,1,natural_vegetation_fire,True,0.011102692131891554,0.7816571252285174,0.2072401826395915,0.7816571252285174
FW_01265132,15.31686,77.01949,30_154,1,natural_vegetation_fire,1,natural_vegetation_fire,True,0.0,0.9756348902529932,0.024365109747006838,0.9756348902529932
FW_00456915,14.60561,78.52099,29_157,2,other_uncertain,2,other_uncertain,True,0.06435431703114523,0.06888686201715757,0.8667588209516967,0.8667588209516967
FW_00883172,17.14782,78.22298,34_156,1,natural_vegetation_fire,2,other_uncertain,False,0.015072454303263039,0.31920207716997545,0.6657254685267613,0.6657254685267613
FW_00841046,20.79779,85.25469,41_170,2,other_uncertain,2,other_uncertain,True,0.17505867129519886,0.07397400515903696,0.7509673235457637,0.7509673235457637
FW_00679185,21.49523,74.50589,42_149,1,natural_vegetation_fire,1,natural_vegetation_fire,True,0.001780160857908847,0.9387853246989433,0.059434514443148165,0.9387853246989433
FW_00473402,30.38884,76.36508,60_152,1,natural_vegetation_fire,1,natural_vegetation_fire,True,0.0018478664192949905,0.8798188128199438,0.11833332076076186,0.8798188128199438
FW_00581435,20.96485,85.18085,41_170,2,other_uncertain,2,other_uncertain,True,0.006791448050179261,0.06881460173433825,0.924393950215482,0.924393950215482
FW_01060132,20.96247,85.17644,41_170,2,other_uncertain,2,other_uncertain,True,0.012015393512059347,0.12894830185230413,0.8590363046356354,0.8590363046356354
FW_01541000,31.99657,75.33087,63_150,1,natural_vegetation_fire,1,natural_vegetation_fire,True,0.007277998992297371,0.814803846604703,0.1779181544030001,0.814803846604703
FW_01030212,20.96632,85.17596,41_170,2,other_uncertain,2,other_uncertain,True,0.0035662177441232535,0.12954897452358322,0.8668848077322925,0.8668848077322925
FW_00769470,15.31509,74.46581,30_148,1,natural_vegetation_fire,1,natural_vegetation_fire,True,0.0038478664192949904,0.9556139152012234,0.04053821837948202,0.9556139152012234
FW_01572491,23.84159,84.95387,47_169,2,other_uncertain,2,other_uncertain,True,0.0030590863937409738,0.1950303141032719,0.8019105995029868,0.8019105995029868
FW_00414861,17.21463,82.37589,34_164,1,natural_vegetation_fire,1,natural_vegetation_fire,True,0.0,0.8252277143071463,0.1747722856928544,0.8252277143071463
FW_01470796,27.24109,83.54346,54_167,1,natural_vegetation_fire,1,natural_vegetation_fire,True,0.0,0.9395857564993803,0.0604142435006199,0.9395857564993803
FW_00189150,23.69589,84.8522,47_169,1,natural_vegetation_fire,1,natural_vegetation_fire,True,0.0,0.9278069842581309,0.0721930157418693,0.9278069842581309
FW_01316288,21.55362,76.45106,43_152,1,natural_vegetation_fire,1,natural_vegetation_fire,True,0.0,0.9936034771502381,0.006396522849762056,0.9936034771502381
FW_01309931,24.34813,73.73278,48_147,0,industrial_fire_candidate,1,natural_vegetation_fire,False,0.2197396487271669,0.55894260034359,0.22131775092924277,0.55894260034359
FW_00354035,18.85812,72.92815,37_145,0,industrial_fire_candidate,2,other_uncertain,False,0.16765613866479995,0.07586537194268589,0.7564784893925133,0.7564784893925133
FW_01113483,29.97414,75.68159,59_151,1,natural_vegetation_fire,1,natural_vegetation_fire,True,0.001603864734299517,0.8653026891188761,0.13309344614682522,0.8653026891188761
FW_00446692,18.86095,72.92525,37_145,0,industrial_fire_candidate,2,other_uncertain,False,0.12161908548753209,0.14226722815549933,0.736113686356968,0.736113686356968
FW_00484203,30.2098,76.05319,60_152,1,natural_vegetation_fire,1,natural_vegetation_fire,True,0.010424852444612411,0.889056757556095,0.10051838999929309,0.889056757556095
FW_01040521,8.06272,93.58321,16_187,1,natural_vegetation_fire,1,natural_vegetation_fire,True,0.0,0.9758033207363549,0.024196679263645222,0.9758033207363549
FW_00524917,22.45924,73.43369,44_146,1,natural_vegetation_fire,1,natural_vegetation_fire,True,0.10776348150030447,0.6180815608935724,0.2741549576061233,0.6180815608935724
FW_01338718,9.48003,76.47849,18_152,2,other_uncertain,1,natural_vegetation_fire,False,0.0071943322913596555,0.8297580709701347,0.16304759673850586,0.8297580709701347
FW_00177974,23.74031,84.93459,47_169,1,natural_vegetation_fire,1,natural_vegetation_fire,True,0.0,0.9191095012825694,0.08089049871743095,0.9191095012825694
FW_00769739,12.31756,75.42336,24_150,1,natural_vegetation_fire,1,natural_vegetation_fire,True,0.0,0.9769125065095978,0.023087493490402067,0.9769125065095978
FW_00388927,20.97758,85.1458,41_170,2,other_uncertain,2,other_uncertain,True,0.0015062365591397848,0.07311873693728824,0.9253750265035716,0.9253750265035716
FW_01686517,26.8257,85.58044,53_171,1,natural_vegetation_fire,1,natural_vegetation_fire,True,0.003208002759572266,0.8242461367982249,0.17254586044220346,0.8242461367982249
FW_00713132,14.32617,78.23088,28_156,1,natural_vegetation_fire,1,natural_vegetation_fire,True,0.0,0.8801602049285359,0.11983979507146451,0.8801602049285359
FW_01619470,26.84373,72.44427,53_144,1,natural_vegetation_fire,1,natural_vegetation_fire,True,0.0,0.9358292784275187,0.06417072157248166,0.9358292784275187
FW_00148073,21.16642,70.07899,42_140,1,natural_vegetation_fire,1,natural_vegetation_fire,True,0.0,0.9631330853082194,0.036866914691780814,0.9631330853082194
FW_01135260,20.79852,85.26079,41_170,2,other_uncertain,2,other_uncertain,True,0.19290413140385795,0.03583230001619116,0.7712635685799502,0.7712635685799502
FW_01204054,24.19112,82.57591,48_165,2,other_uncertain,2,other_uncertain,True,0.012429962231574368,0.04535171351364755,0.9422183242547779,0.9422183242547779
FW_00159918,20.84996,83.28058,41_166,1,natural_vegetation_fire,1,natural_vegetation_fire,True,0.0,0.9776844195303505,0.02231558046964946,0.9776844195303505
FW_00044475,25.09546,82.36019,50_164,1,natural_vegetation_fire,1,natural_vegetation_fire,True,0.10788563307343525,0.473108624709676,0.4190057422168886,0.473108624709676
FW_01487873,17.14769,77.2715,34_154,2,other_uncertain,1,natural_vegetation_fire,False,0.0016048329138734626,0.5691964040359926,0.42919876305013427,0.5691964040359926
FW_00331104,22.90779,74.47511,45_148,1,natural_vegetation_fire,1,natural_vegetation_fire,True,0.05463368686915785,0.8860307687756319,0.05933554435521048,0.8860307687756319
FW_00512571,29.93638,75.79451,59_151,1,natural_vegetation_fire,1,natural_vegetation_fire,True,0.0,0.8451621799936594,0.15483782000634128,0.8451621799936594
FW_00631090,13.2762,76.15199,26_152,1,natural_vegetation_fire,1,natural_vegetation_fire,True,0.0018478664192949905,0.9127180394830301,0.08543409409767558,0.9127180394830301
FW_00362511,31.53962,75.48128,63_150,1,natural_vegetation_fire,1,natural_vegetation_fire,True,0.018640845719155603,0.8110092097542975,0.17034994452654728,0.8110092097542975
FW_00609098,15.17205,76.37645,30_152,0,industrial_fire_candidate,2,other_uncertain,False,0.1739393782381756,0.027458361776915546,0.7986022599849082,0.7986022599849082
FW_01253127,24.11786,92.70221,48_185,1,natural_vegetation_fire,1,natural_vegetation_fire,True,0.0,0.9956242444911898,0.004375755508810313,0.9956242444911898
FW_00361634,30.27559,76.70881,60_153,1,natural_vegetation_fire,1,natural_vegetation_fire,True,0.0,0.8245127531491916,0.1754872468508087,0.8245127531491916
FW_00823548,25.76454,90.44327,51_180,1,natural_vegetation_fire,1,natural_vegetation_fire,True,0.0,0.9955444329820684,0.0044555670179315665,0.9955444329820684
FW_00292463,22.43399,80.05249,44_160,2,other_uncertain,1,natural_vegetation_fire,False,0.003603864734299517,0.8484049531596873,0.14799118210601345,0.8484049531596873
FW_01661604,30.70331,74.32451,61_148,1,natural_vegetation_fire,1,natural_vegetation_fire,True,0.0,0.9163265932969283,0.08367340670307183,0.9163265932969283
FW_01171311,23.43169,68.71088,46_137,2,other_uncertain,2,other_uncertain,True,0.11587424789953865,0.2201745016139003,0.6639512504865607,0.6639512504865607
FW_00566712,25.93541,74.88271,51_149,1,natural_vegetation_fire,1,natural_vegetation_fire,True,0.0,0.8923781867001853,0.10762181329981496,0.8923781867001853
FW_01593518,12.28704,79.81596,24_159,2,other_uncertain,1,natural_vegetation_fire,False,0.0,0.8675559027443752,0.1324440972556254,0.8675559027443752
FW_00753446,25.15853,86.46292,50_172,1,natural_vegetation_fire,1,natural_vegetation_fire,True,0.0,0.9866286662422931,0.013371333757707009,0.9866286662422931
FW_01575813,31.80579,75.48994,63_150,1,natural_vegetation_fire,1,natural_vegetation_fire,True,0.001506236559139785,0.8837899864377815,0.11470377700307927,0.8837899864377815
FW_00755397,22.12579,85.53089,44_171,1,natural_vegetation_fire,1,natural_vegetation_fire,True,0.0017172413793103446,0.8640996447771714,0.1341831138435187,0.8640996447771714
FW_01398262,23.83003,84.93109,47_169,1,natural_vegetation_fire,2,other_uncertain,False,0.0,0.23987068173612908,0.7601293182638706,0.7601293182638706
FW_00459008,31.11325,75.1868,62_150,1,natural_vegetation_fire,1,natural_vegetation_fire,True,0.0,0.9114729820312437,0.08852701796875684,0.9114729820312437
FW_00902676,13.50649,76.89873,27_153,1,natural_vegetation_fire,1,natural_vegetation_fire,True,0.008725627197758257,0.8316185652227575,0.159655807579485,0.8316185652227575
FW_00994277,31.6402,75.01424,63_150,1,natural_vegetation_fire,1,natural_vegetation_fire,True,0.01648244916753847,0.8226455456984266,0.16087200513403518,0.8226455456984266
FW_00323987,15.11953,77.66411,30_155,1,natural_vegetation_fire,1,natural_vegetation_fire,True,0.005169940712478798,0.8659555037680156,0.12887455551950577,0.8659555037680156
FW_01472627,19.4368,82.98998,38_165,1,natural_vegetation_fire,1,natural_vegetation_fire,True,0.0,0.9950022896393819,0.004997710360618203,0.9950022896393819
FW_01122898,19.34321,81.90171,38_163,1,natural_vegetation_fire,1,natural_vegetation_fire,True,0.0,0.943418730307837,0.056581269692163184,0.943418730307837
FW_00426888,18.85685,72.92874,37_145,0,industrial_fire_candidate,2,other_uncertain,False,0.2289179433934721,0.09516451533560871,0.6759175412709192,0.6759175412709192
FW_00809145,19.4718,85.14005,38_170,1,natural_vegetation_fire,1,natural_vegetation_fire,True,0.008357574021112552,0.9686226744650487,0.02301975151383881,0.9686226744650487
FW_00267740,24.44654,82.95349,48_165,2,other_uncertain,1,natural_vegetation_fire,False,0.27744911385991167,0.44207795932759775,0.28047292681249036,0.44207795932759775
FW_01061225,10.12132,78.7746,20_157,1,natural_vegetation_fire,1,natural_vegetation_fire,True,0.0,0.8703348152847519,0.1296651847152486,0.8703348152847519
FW_00721411,15.16166,76.48633,30_152,1,natural_vegetation_fire,1,natural_vegetation_fire,True,0.0032700020317166256,0.9608363781384259,0.03589361982985777,0.9608363781384259
FW_00563456,19.056,75.38625,38_150,1,natural_vegetation_fire,1,natural_vegetation_fire,True,0.0,0.9500400065644987,0.04995999343550156,0.9500400065644987
FW_00449941,25.41418,86.02704,50_172,0,industrial_fire_candidate,2,other_uncertain,False,0.2778712854837467,0.08847616988564443,0.6336525446306086,0.6336525446306086
FW_01305234,16.43227,74.14513,32_148,1,natural_vegetation_fire,2,other_uncertain,False,0.2887726655944278,0.24561899089736958,0.4656083435082031,0.4656083435082031
FW_01624843,31.312,75.18539,62_150,1,natural_vegetation_fire,1,natural_vegetation_fire,True,0.010313971400210089,0.6136674723413768,0.37601855625841346,0.6136674723413768
FW_01045093,31.93155,77.70431,63_155,2,other_uncertain,1,natural_vegetation_fire,False,0.0,0.8770855608601209,0.12291443913987933,0.8770855608601209
FW_01694279,16.79763,76.57626,33_153,1,natural_vegetation_fire,1,natural_vegetation_fire,True,0.0036048329138734627,0.9274510518874335,0.06894411519869323,0.9274510518874335
FW_01681345,21.73879,72.02348,43_144,1,natural_vegetation_fire,2,other_uncertain,False,0.05908081894859834,0.35129243355610323,0.5896267474952983,0.5896267474952983
FW_01198223,17.14693,78.22128,34_156,1,natural_vegetation_fire,2,other_uncertain,False,0.013354808156320357,0.2749972451623052,0.711647946681374,0.711647946681374
FW_01582226,23.84032,84.95078,47_169,2,other_uncertain,2,other_uncertain,True,0.0035662177441232535,0.22861021335828893,0.7678235688975875,0.7678235688975875
FW_01141856,24.1403,82.5662,48_165,2,other_uncertain,2,other_uncertain,True,0.009080855826930013,0.36809372576767585,0.6228254184053941,0.6228254184053941
FW_00889512,27.96667,94.70581,55_189,1,natural_vegetation_fire,1,natural_vegetation_fire,True,0.0,0.9929616514035441,0.007038348596455911,0.9929616514035441
FW_00223987,18.85526,72.92865,37_145,0,industrial_fire_candidate,2,other_uncertain,False,0.15184931535628515,0.18260069158388983,0.665549993059825,0.665549993059825
FW_00022951,26.63164,72.19241,53_144,1,natural_vegetation_fire,1,natural_vegetation_fire,True,0.0,0.7083312932905977,0.2916687067094028,0.7083312932905977
FW_00616741,19.7865,79.14897,39_158,0,industrial_fire_candidate,2,other_uncertain,False,0.10413422299502294,0.03398937647208358,0.8618764005328927,0.8618764005328927
FW_00576690,19.00845,81.84534,38_163,1,natural_vegetation_fire,1,natural_vegetation_fire,True,0.008521522979196661,0.5551266707116139,0.4363518063091896,0.5551266707116139
FW_00023320,20.79338,85.25155,41_170,2,other_uncertain,2,other_uncertain,True,0.07882001475905906,0.05798156996839508,0.8631984152725451,0.8631984152725451
FW_00243858,24.53769,79.59727,49_159,1,natural_vegetation_fire,1,natural_vegetation_fire,True,0.0,0.9889672517989313,0.011032748201068898,0.9889672517989313
FW_00832251,22.8418,76.15257,45_152,1,natural_vegetation_fire,1,natural_vegetation_fire,True,0.0,0.6523511611819006,0.3476488388180999,0.6523511611819006
FW_00071056,20.95333,85.01206,41_170,2,other_uncertain,2,other_uncertain,True,0.012524897832813747,0.07052094592740804,0.9169541562397776,0.9169541562397776
FW_01166223,20.97073,85.17713,41_170,2,other_uncertain,2,other_uncertain,True,0.001506236559139785,0.11901281925888853,0.8794809441819706,0.8794809441819706
FW_01689981,22.36684,73.11494,44_146,0,industrial_fire_candidate,2,other_uncertain,False,0.354084056956035,0.09795144603908784,0.5479644970048773,0.5479644970048773
FW_01301371,17.32969,77.49207,34_154,1,natural_vegetation_fire,2,other_uncertain,False,0.06758390565819573,0.24999012324939604,0.6824259710924078,0.6824259710924078
FW_00041370,22.08752,73.17419,44_146,2,other_uncertain,1,natural_vegetation_fire,False,0.021858394335661883,0.508533265842886,0.46960833982145195,0.508533265842886
FW_00630238,25.51151,94.71227,51_189,1,natural_vegetation_fire,1,natural_vegetation_fire,True,0.0,0.9857109830934263,0.014289016906573863,0.9857109830934263
FW_01707475,27.66092,94.97331,55_189,1,natural_vegetation_fire,1,natural_vegetation_fire,True,0.0,0.9659081044961886,0.034091895503811545,0.9659081044961886
FW_01059904,20.78804,85.26164,41_170,2,other_uncertain,2,other_uncertain,True,0.02972680415413976,0.10705664808317406,0.8632165477626851,0.8632165477626851
FW_00815052,15.1668,76.37924,30_152,0,industrial_fire_candidate,2,other_uncertain,False,0.21286158023556923,0.03743806206438957,0.7497003577000406,0.7497003577000406
FW_00747438,22.13351,85.93083,44_171,1,natural_vegetation_fire,1,natural_vegetation_fire,True,0.001603864734299517,0.9439256119601701,0.054470523305530524,0.9439256119601701
FW_00489640,30.67554,74.45147,61_148,1,natural_vegetation_fire,1,natural_vegetation_fire,True,0.0019209257473481196,0.9386230380033658,0.05945603624928653,0.9386230380033658
FW_01470834,27.28751,83.67272,54_167,1,natural_vegetation_fire,1,natural_vegetation_fire,True,0.030071295419935116,0.691703371481077,0.2782253330989883,0.691703371481077
FW_00942486,25.11264,80.86523,50_161,1,natural_vegetation_fire,1,natural_vegetation_fire,True,0.0,0.9756896091017725,0.024310390898227792,0.9756896091017725
FW_00016171,17.14538,78.22143,34_156,1,natural_vegetation_fire,2,other_uncertain,False,0.006858634700489156,0.1536531933030449,0.8394881719964655,0.8394881719964655
FW_01686313,25.31011,83.81406,50_167,1,natural_vegetation_fire,1,natural_vegetation_fire,True,0.0,0.9488627554932019,0.051137244506798255,0.9488627554932019
FW_01702851,22.39061,73.11501,44_146,2,other_uncertain,2,other_uncertain,True,0.21455296639208893,0.14952352431232635,0.6359235092955844,0.6359235092955844
FW_00490806,15.30857,76.25442,30_152,0,industrial_fire_candidate,1,natural_vegetation_fire,False,0.0941153155559633,0.5091424702216034,0.396742214222433,0.5091424702216034
FW_01455657,25.26287,83.93932,50_167,1,natural_vegetation_fire,1,natural_vegetation_fire,True,0.0019209257473481196,0.9363815629325685,0.061697511320083734,0.9363815629325685
FW_01620394,30.4211,76.65466,60_153,1,natural_vegetation_fire,1,natural_vegetation_fire,True,0.0,0.8309199049157738,0.1690800950842267,0.8309199049157738
FW_00679577,28.46517,77.1487,56_154,2,other_uncertain,1,natural_vegetation_fire,False,0.009322216059127779,0.6960495243842488,0.2946282595566239,0.6960495243842488
FW_01191588,27.3766,95.08549,54_190,1,natural_vegetation_fire,2,other_uncertain,False,0.0410174213782445,0.3790232014105158,0.579959377211239,0.579959377211239
FW_01524599,31.57058,75.47221,63_150,1,natural_vegetation_fire,1,natural_vegetation_fire,True,0.0,0.8726041782306053,0.12739582176939576,0.8726041782306053
FW_01560708,23.83008,84.93114,47_169,1,natural_vegetation_fire,2,other_uncertain,False,0.0,0.23759457590493274,0.7624054240950667,0.7624054240950667
FW_00257264,23.96769,84.59393,47_169,1,natural_vegetation_fire,1,natural_vegetation_fire,True,0.0,0.9936242444911897,0.006375755508810313,0.9936242444911897
FW_00461222,31.42225,75.03741,62_150,1,natural_vegetation_fire,1,natural_vegetation_fire,True,0.024383355304630303,0.6852926789279246,0.2903239657674451,0.6852926789279246
FW_01411247,24.32882,92.59481,48_185,1,natural_vegetation_fire,1,natural_vegetation_fire,True,0.0,0.9796555927059886,0.020344407294011563,0.9796555927059886
FW_00141363,24.76621,94.11884,49_188,1,natural_vegetation_fire,1,natural_vegetation_fire,True,0.0,0.998,0.002,0.998
FW_00915873,14.09233,79.45723,28_158,1,natural_vegetation_fire,1,natural_vegetation_fire,True,0.0,0.9792814136767785,0.02071858632322157,0.9792814136767785
FW_00459066,31.22121,75.18107,62_150,1,natural_vegetation_fire,1,natural_vegetation_fire,True,0.06295735013993427,0.7272483618017429,0.20979428805832329,0.7272483618017429
FW_01586044,23.82827,84.92542,47_169,2,other_uncertain,2,other_uncertain,True,0.0,0.24534580458430624,0.7546541954156935,0.7546541954156935
FW_00855469,27.3615,83.60876,54_167,1,natural_vegetation_fire,1,natural_vegetation_fire,True,0.0,0.9516198593458723,0.04838014065412771,0.9516198593458723
FW_01127168,30.61915,74.35625,61_148,2,other_uncertain,1,natural_vegetation_fire,False,0.0034355927041386076,0.8118811510279017,0.1846832562679601,0.8118811510279017
FW_00207442,20.52734,79.66788,41_159,1,natural_vegetation_fire,1,natural_vegetation_fire,True,0.0018478664192949905,0.9818071737475921,0.01634495983311298,0.9818071737475921
FW_00877017,20.96283,85.17496,41_170,2,other_uncertain,2,other_uncertain,True,0.005073096725350998,0.08211531746464397,0.912811585810004,0.912811585810004
FW_00685105,18.70717,76.86269,37_153,1,natural_vegetation_fire,1,natural_vegetation_fire,True,0.010752119490007109,0.8778375750488426,0.11141030546115091,0.8778375750488426
FW_00005049,23.66884,84.99537,47_169,2,other_uncertain,2,other_uncertain,True,0.18293060521607407,0.25681153233483384,0.5602578624490924,0.5602578624490924
FW_01661284,29.36109,73.72443,58_147,1,natural_vegetation_fire,1,natural_vegetation_fire,True,0.0,0.9413299404155373,0.058670059584463224,0.9413299404155373
FW_01048315,20.96356,85.16686,41_170,2,other_uncertain,2,other_uncertain,True,0.003718351324828263,0.036404833878916694,0.9598768147962548,0.9598768147962548
FW_01695422,25.4124,83.24373,50_166,1,natural_vegetation_fire,1,natural_vegetation_fire,True,0.0,0.9242018758363014,0.07579812416369884,0.9242018758363014
FW_00030789,20.79498,85.2555,41_170,2,other_uncertain,2,other_uncertain,True,0.1544495175182816,0.06097161334786178,0.7845788691338561,0.7845788691338561
FW_00465848,29.64975,75.91735,59_151,1,natural_vegetation_fire,1,natural_vegetation_fire,True,0.014590102750689234,0.8708958840087376,0.11451401324057388,0.8708958840087376
FW_01607907,20.79496,85.2571,41_170,2,other_uncertain,2,other_uncertain,True,0.2660940511493617,0.07999668733751755,0.6539092615131202,0.6539092615131202
FW_00387528,31.97234,75.34396,63_150,2,other_uncertain,1,natural_vegetation_fire,False,0.0598908581280796,0.7100165573720728,0.23009258449984787,0.7100165573720728
FW_00325536,24.97947,83.09702,49_166,1,natural_vegetation_fire,1,natural_vegetation_fire,True,0.003565107798605335,0.9730424549564791,0.023392437244915572,0.9730424549564791
FW_00721542,15.48629,74.04999,30_148,1,natural_vegetation_fire,1,natural_vegetation_fire,True,0.054695511240449225,0.8107516868146013,0.13455280194494998,0.8107516868146013
FW_00079717,23.75171,92.51193,47_185,1,natural_vegetation_fire,1,natural_vegetation_fire,True,0.0,0.9687932872209963,0.031206712779003894,0.9687932872209963
FW_00426600,12.04267,79.76869,24_159,1,natural_vegetation_fire,1,natural_vegetation_fire,True,0.02517225690025714,0.7224540381631005,0.252373704936643,0.7224540381631005
FW_00673145,14.0985,78.2026,28_156,1,natural_vegetation_fire,1,natural_vegetation_fire,True,0.001718351324828263,0.896285421072676,0.10199622760249621,0.896285421072676
FW_00457582,30.01275,76.21428,60_152,1,natural_vegetation_fire,1,natural_vegetation_fire,True,0.0,0.9186161484872,0.08138385151280053,0.9186161484872
FW_01445988,25.14535,83.34841,50_166,1,natural_vegetation_fire,1,natural_vegetation_fire,True,0.0019465798045602606,0.9633341880923215,0.03471923210311833,0.9633341880923215
FW_01470018,24.15658,82.67506,48_165,2,other_uncertain,2,other_uncertain,True,0.025886154952370084,0.09777646534788792,0.8763373796997418,0.8763373796997418
FW_00025602,20.79329,85.25465,41_170,2,other_uncertain,2,other_uncertain,True,0.11774185104542956,0.06472133187623484,0.8175368170783349,0.8175368170783349
FW_00189026,23.61428,81.18375,47_162,1,natural_vegetation_fire,1,natural_vegetation_fire,True,0.0018959390862944162,0.9689684835487915,0.029135577364914268,0.9689684835487915
FW_00190871,27.34768,76.51224,54_153,1,natural_vegetation_fire,1,natural_vegetation_fire,True,0.0,0.9851722484591747,0.014827751540825378,0.9851722484591747
FW_01643817,29.3565,73.70479,58_147,2,other_uncertain,1,natural_vegetation_fire,False,0.0,0.9403330619591147,0.05966693804088566,0.9403330619591147
FW_01225014,23.63393,92.86183,47_185,1,natural_vegetation_fire,1,natural_vegetation_fire,True,0.0,0.9963376566555878,0.003662343344412292,0.9963376566555878
FW_00963910,27.31738,95.26553,54_190,1,natural_vegetation_fire,1,natural_vegetation_fire,True,0.027247195864763804,0.6257789564341701,0.3469738477010666,0.6257789564341701
FW_00822281,20.62963,79.24207,41_158,1,natural_vegetation_fire,1,natural_vegetation_fire,True,0.0054877859135593334,0.9543377924451932,0.04017442164124761,0.9543377924451932
FW_00487538,29.77163,75.94743,59_151,1,natural_vegetation_fire,1,natural_vegetation_fire,True,0.005144403685798249,0.8696870647268123,0.12516853158738986,0.8696870647268123
FW_01035362,14.36088,79.33351,28_158,1,natural_vegetation_fire,1,natural_vegetation_fire,True,0.0,0.9933419861911179,0.006658013808882004,0.9933419861911179
FW_00093750,20.9773,85.16867,41_170,2,other_uncertain,2,other_uncertain,True,0.025868967914259976,0.06449905328619605,0.9096319787995432,0.9096319787995432
FW_00203699,19.69917,79.99547,39_159,1,natural_vegetation_fire,1,natural_vegetation_fire,True,0.0,0.9970022896393819,0.0029977103606182026,0.9970022896393819
FW_01160530,20.96914,85.15866,41_170,2,other_uncertain,2,other_uncertain,True,0.01079144805017926,0.09227729182851552,0.8969312601213044,0.8969312601213044
FW_00753115,24.60114,94.13803,49_188,1,natural_vegetation_fire,1,natural_vegetation_fire,True,0.0,0.9941727122932668,0.005827287706733265,0.9941727122932668
FW_00032423,21.48524,70.17467,42_140,1,natural_vegetation_fire,1,natural_vegetation_fire,True,0.03260731244005583,0.8525160310746868,0.11487665648525787,0.8525160310746868
FW_00096870,15.14271,76.40674,30_152,2,other_uncertain,1,natural_vegetation_fire,False,0.0,0.8487842701647295,0.15121572983527085,0.8487842701647295
FW_00887355,23.77405,91.85633,47_183,1,natural_vegetation_fire,1,natural_vegetation_fire,True,0.0,0.9973374069123545,0.0026625930876455987,0.9973374069123545
FW_01071117,28.32852,78.75665,56_157,2,other_uncertain,1,natural_vegetation_fire,False,0.0018478664192949905,0.8216067035087232,0.17654543007198234,0.8216067035087232
FW_01089779,30.28899,76.07481,60_152,1,natural_vegetation_fire,1,natural_vegetation_fire,True,0.0017172413793103446,0.7219381129152623,0.2763446457054282,0.7219381129152623
FW_01621022,21.90958,72.10503,43_144,2,other_uncertain,2,other_uncertain,True,0.028324352945101706,0.43083864194882854,0.5408370051060694,0.5408370051060694
FW_01162118,20.76133,85.29244,41_170,2,other_uncertain,2,other_uncertain,True,0.003354102978434775,0.18991299833630734,0.8067328986852574,0.8067328986852574
FW_01540787,30.64997,74.22192,61_148,1,natural_vegetation_fire,1,natural_vegetation_fire,True,0.0,0.8211333206482664,0.17886667935173411,0.8211333206482664
FW_00873456,23.80168,91.93317,47_183,1,natural_vegetation_fire,1,natural_vegetation_fire,True,0.0,0.9990022896393819,0.0009977103606182026,0.9990022896393819
FW_00832288,22.97925,76.11827,45_152,1,natural_vegetation_fire,1,natural_vegetation_fire,True,0.03112573454424466,0.590219339395189,0.37865492606056667,0.590219339395189
FW_01552873,28.77179,76.24947,57_152,1,natural_vegetation_fire,1,natural_vegetation_fire,True,0.0019209257473481196,0.9149868598163753,0.08309221443627701,0.9149868598163753
FW_01055345,20.96748,85.15306,41_170,2,other_uncertain,2,other_uncertain,True,0.08699693641683771,0.11985873962760595,0.7931443239555555,0.7931443239555555
FW_00210528,23.98195,80.38131,47_160,1,natural_vegetation_fire,1,natural_vegetation_fire,True,0.005616658585938101,0.9762669493902033,0.0181163920238589,0.9762669493902033
FW_00054168,22.38408,73.1041,44_146,0,industrial_fire_candidate,1,natural_vegetation_fire,False,0.21494661872523563,0.41026165083655797,0.374791730438206,0.41026165083655797
FW_01668674,32.54308,76.48206,65_152,1,natural_vegetation_fire,1,natural_vegetation_fire,True,0.03053466798858476,0.7809867417329965,0.18847859027841915,0.7809867417329965
FW_00056223,24.18301,82.57061,48_165,2,other_uncertain,2,other_uncertain,True,0.010954245911571597,0.18604884409663158,0.8029969099917962,0.8029969099917962
FW_01439434,23.93283,80.33797,47_160,1,natural_vegetation_fire,1,natural_vegetation_fire,True,0.0,0.9688895247814204,0.031110475218579764,0.9688895247814204
FW_00566311,22.36547,73.11723,44_146,0,industrial_fire_candidate,2,other_uncertain,False,0.32474799292443524,0.11685560387780594,0.5583964031977589,0.5583964031977589
FW_01069513,30.19245,76.40775,60_152,1,natural_vegetation_fire,1,natural_vegetation_fire,True,0.0018478664192949905,0.9026835075326574,0.09546862604804825,0.9026835075326574
FW_00508453,29.98775,75.98265,59_151,2,other_uncertain,1,natural_vegetation_fire,False,0.001603864734299517,0.7297584617129168,0.26863767355278445,0.7297584617129168
FW_01177310,22.14515,88.71176,44_177,1,natural_vegetation_fire,1,natural_vegetation_fire,True,0.0038478664192949904,0.8400216991828788,0.15613043439782687,0.8400216991828788
FW_01040137,23.83562,84.95107,47_169,2,other_uncertain,2,other_uncertain,True,0.0037694345887310703,0.13566066754495204,0.8605698978663163,0.8605698978663163
FW_01596857,23.67358,84.99565,47_169,1,natural_vegetation_fire,1,natural_vegetation_fire,True,0.05442224695087174,0.5121554369493676,0.4334223160997605,0.5121554369493676
FW_00362714,31.8454,75.35546,63_150,1,natural_vegetation_fire,1,natural_vegetation_fire,True,0.0,0.7619993558617796,0.2380006441382209,0.7619993558617796
FW_00123955,27.46801,95.42234,54_190,1,natural_vegetation_fire,2,other_uncertain,False,0.10419783927350793,0.35775904353943894,0.538043117187053,0.538043117187053
FW_00343441,25.31406,83.391,50_166,1,natural_vegetation_fire,1,natural_vegetation_fire,True,0.0017172413793103446,0.8987978476012416,0.09948491101944855,0.8987978476012416
FW_01513904,24.45192,73.84449,48_147,1,natural_vegetation_fire,1,natural_vegetation_fire,True,0.0,0.8959958869399501,0.10400411306005032,0.8959958869399501
FW_00013065,18.50239,76.58598,37_153,1,natural_vegetation_fire,1,natural_vegetation_fire,True,0.014989660343542736,0.6752134546812641,0.3097968849751939,0.6752134546812641
FW_00898611,24.18552,93.56118,48_187,1,natural_vegetation_fire,1,natural_vegetation_fire,True,0.0,0.9973374069123545,0.0026625930876455987,0.9973374069123545
FW_00640412,22.66029,76.43506,45_152,1,natural_vegetation_fire,1,natural_vegetation_fire,True,0.0018478664192949905,0.9198897651662924,0.07826236841441299,0.9198897651662924
FW_01219421,9.96848,76.39017,19_152,2,other_uncertain,2,other_uncertain,True,0.18857236013441087,0.10600173381596854,0.7054259060496196,0.7054259060496196
FW_01286941,24.03044,92.50585,48_185,1,natural_vegetation_fire,1,natural_vegetation_fire,True,0.0,0.9907502010157021,0.009249798984297938,0.9907502010157021
FW_00241600,18.8555,72.92642,37_145,0,industrial_fire_candidate,2,other_uncertain,False,0.11023403833829025,0.1508821761286485,0.7388837855330609,0.7388837855330609
FW_00691432,18.85515,72.92812,37_145,0,industrial_fire_candidate,2,other_uncertain,False,0.10901706349742254,0.09979328536520385,0.7911896511373732,0.7911896511373732
FW_01680215,26.7255,85.54422,53_171,1,natural_vegetation_fire,1,natural_vegetation_fire,True,0.012702521575556116,0.7012701580274708,0.2860273203969736,0.7012701580274708
FW_00929894,24.01218,85.21089,48_170,1,natural_vegetation_fire,1,natural_vegetation_fire,True,0.0,0.9572644554117244,0.04273554458827575,0.9572644554117244
FW_00372608,29.60146,75.5557,59_151,1,natural_vegetation_fire,1,natural_vegetation_fire,True,0.024350353387241216,0.8542580016376267,0.12139164497513256,0.8542580016376267
FW_00373741,31.56054,75.45454,63_150,1,natural_vegetation_fire,1,natural_vegetation_fire,True,0.00392092574734812,0.8495050994841516,0.14657397476850056,0.8495050994841516
FW_01178093,22.17511,88.88338,44_177,1,natural_vegetation_fire,1,natural_vegetation_fire,True,0.0,0.9263050359186187,0.0736949640813816,0.9263050359186187
FW_00951504,20.78987,85.26949,41_170,2,other_uncertain,2,other_uncertain,True,0.012281099484923263,0.06784926180161431,0.9198696387134615,0.9198696387134615
FW_01292354,25.53038,89.85502,51_179,1,natural_vegetation_fire,1,natural_vegetation_fire,True,0.0,0.9193938540054245,0.08060614599457577,0.9193938540054245
FW_01580137,20.96261,85.17207,41_170,2,other_uncertain,2,other_uncertain,True,0.003452699333168453,0.020448440634844668,0.9760988600319868,0.9760988600319868
FW_00079319,20.97542,83.08424,41_166,1,natural_vegetation_fire,1,natural_vegetation_fire,True,0.10330313700632147,0.6524792316598544,0.2442176313338242,0.6524792316598544
FW_01072170,15.33368,76.28797,30_152,2,other_uncertain,2,other_uncertain,True,0.058980432434139404,0.05002387972964937,0.8909956878362106,0.8909956878362106
FW_00983114,31.09371,75.20042,62_150,1,natural_vegetation_fire,1,natural_vegetation_fire,True,0.0017172413793103446,0.8931262320781125,0.10515652654257733,0.8931262320781125
FW_00820887,26.42065,73.43759,52_146,1,natural_vegetation_fire,1,natural_vegetation_fire,True,0.014504950623245163,0.893542994680705,0.09195205469605029,0.893542994680705
FW_01222503,15.31641,76.25491,30_152,0,industrial_fire_candidate,2,other_uncertain,False,0.10712852488970823,0.12169416737669873,0.7711773077335922,0.7711773077335922
FW_00136208,22.20725,84.84716,44_169,2,other_uncertain,2,other_uncertain,True,0.09987955549113511,0.08048740457470588,0.8196330399341584,0.8196330399341584
FW_00983278,31.44533,75.20916,62_150,1,natural_vegetation_fire,1,natural_vegetation_fire,True,0.035498621122427756,0.8012690329201816,0.1632323459573912,0.8012690329201816
FW_00990958,31.89356,75.04088,63_150,1,natural_vegetation_fire,1,natural_vegetation_fire,True,0.0018478664192949905,0.7140164413170403,0.2841356922636651,0.7140164413170403
FW_00701538,14.43286,79.20692,28_158,1,natural_vegetation_fire,1,natural_vegetation_fire,True,0.0015045317220543806,0.9903715005997051,0.008123967678240654,0.9903715005997051
FW_00070918,22.21545,84.84108,44_169,2,other_uncertain,2,other_uncertain,True,0.07199292175765293,0.16364518138003165,0.7643618968623148,0.7643618968623148
FW_01116066,22.77358,72.3917,45_144,1,natural_vegetation_fire,1,natural_vegetation_fire,True,0.0055662177441232535,0.6453286343319021,0.3491051479239749,0.6453286343319021
FW_00995888,20.96236,85.17624,41_170,2,other_uncertain,2,other_uncertain,True,0.0051209777756647985,0.08015850134895858,0.9147205208753761,0.9147205208753761
FW_01608509,24.20669,82.71195,48_165,2,other_uncertain,2,other_uncertain,True,0.1343587767977545,0.16179540674297685,0.7038458164592682,0.7038458164592682
FW_00484999,30.49541,76.30418,60_152,1,natural_vegetation_fire,1,natural_vegetation_fire,True,0.014475484253724854,0.7961473992124503,0.1893771165338252,0.7961473992124503
FW_00414567,20.96537,85.17915,41_170,2,other_uncertain,2,other_uncertain,True,0.010924633837455433,0.05635951039945009,0.9327158557630939,0.9327158557630939
FW_00696960,27.0411,75.79904,54_151,2,other_uncertain,1,natural_vegetation_fire,False,0.005233456391502164,0.6814463035802464,0.3133202400282513,0.6814463035802464
FW_00857681,23.60156,91.91091,47_183,1,natural_vegetation_fire,1,natural_vegetation_fire,True,0.0,0.9925051888096643,0.0074948111903357225,0.9925051888096643
FW_00928807,22.32934,84.28473,44_168,1,natural_vegetation_fire,1,natural_vegetation_fire,True,0.0,0.9968593865030675,0.003140613496932515,0.9968593865030675
FW_01521485,22.68095,88.2468,45_176,1,natural_vegetation_fire,1,natural_vegetation_fire,True,0.0,0.8772902805698385,0.12270971943016186,0.8772902805698385
FW_01219191,17.25783,76.33117,34_152,1,natural_vegetation_fire,1,natural_vegetation_fire,True,0.0,0.8010673131414108,0.19893268685858964,0.8010673131414108
FW_00061140,20.79614,85.25593,41_170,2,other_uncertain,2,other_uncertain,True,0.2599131613942503,0.047031358474867925,0.6930554801308813,0.6930554801308813
FW_01011621,24.73582,79.9752,49_159,1,natural_vegetation_fire,1,natural_vegetation_fire,True,0.0,0.9799765788499151,0.02002342115008518,0.9799765788499151
FW_01129287,30.59559,74.21518,61_148,1,natural_vegetation_fire,1,natural_vegetation_fire,True,0.017351759651669678,0.5795104120160314,0.403137828332299,0.5795104120160314
FW_01038337,25.31124,83.01292,50_166,2,other_uncertain,2,other_uncertain,True,0.055329316217699744,0.3215340920078736,0.6231365917744266,0.6231365917744266
FW_00839873,19.30388,76.51087,38_153,1,natural_vegetation_fire,1,natural_vegetation_fire,True,0.00909404379674475,0.9155992403748578,0.07530671582839772,0.9155992403748578
FW_01609370,20.97673,85.1588,41_170,2,other_uncertain,2,other_uncertain,True,0.04874602117876455,0.17638272560516408,0.7748712532160711,0.7748712532160711
FW_00795423,23.78236,92.99476,47_185,1,natural_vegetation_fire,1,natural_vegetation_fire,True,0.0,0.998,0.002,0.998
FW_01199073,24.14605,86.33326,48_172,2,other_uncertain,2,other_uncertain,True,0.15015951135801145,0.0739902757011526,0.7758502129408356,0.7758502129408356
FW_00322032,23.80423,84.84296,47_169,1,natural_vegetation_fire,2,other_uncertain,False,0.06146423628566297,0.1480508545680295,0.7904849091463068,0.7904849091463068
FW_00491688,29.96669,75.53763,59_151,1,natural_vegetation_fire,1,natural_vegetation_fire,True,0.0038478664192949904,0.8771480608622968,0.11900407271840863,0.8771480608622968
FW_01070535,20.79341,85.25478,41_170,2,other_uncertain,2,other_uncertain,True,0.11491854185186645,0.08947286458303204,0.7956085935651006,0.7956085935651006
FW_00456416,31.23923,75.16427,62_150,1,natural_vegetation_fire,1,natural_vegetation_fire,True,0.0036048329138734622,0.7978472094896986,0.19854795759642807,0.7978472094896986
FW_00008465,11.98234,79.0112,23_158,1,natural_vegetation_fire,1,natural_vegetation_fire,True,0.0,0.9766891042001011,0.023310895799898992,0.9766891042001011
FW_00922001,24.05505,93.91272,48_187,1,natural_vegetation_fire,1,natural_vegetation_fire,True,0.012075891956918241,0.8273327272298632,0.160591380813219,0.8273327272298632
FW_01097072,30.07209,76.04328,60_152,1,natural_vegetation_fire,1,natural_vegetation_fire,True,0.0,0.9731867976133317,0.026813202386668407,0.9731867976133317
FW_00873474,23.8139,91.74375,47_183,1,natural_vegetation_fire,1,natural_vegetation_fire,True,0.0,0.9743949677294511,0.025605032270549173,0.9743949677294511
FW_01479656,20.96932,85.05047,41_170,1,natural_vegetation_fire,1,natural_vegetation_fire,True,0.0019209257473481196,0.9166813220889184,0.08139775216373403,0.9166813220889184
FW_00441898,22.21214,84.84133,44_169,2,other_uncertain,2,other_uncertain,True,0.03718852608406521,0.11836626071458502,0.8444452132013489,0.8444452132013489
FW_00040519,24.39133,92.76124,48_185,1,natural_vegetation_fire,1,natural_vegetation_fire,True,0.003565107798605335,0.9527801426017708,0.043654749599624114,0.9527801426017708
FW_00643050,20.97156,85.14252,41_170,2,other_uncertain,2,other_uncertain,True,0.022062649209608712,0.025704167115647433,0.9522331836747436,0.9522331836747436
FW_00033765,17.32059,78.03247,34_156,1,natural_vegetation_fire,1,natural_vegetation_fire,True,0.007276334253316929,0.9283757948324683,0.06434787091421466,0.9283757948324683
FW_00087223,14.00674,78.23985,28_156,1,natural_vegetation_fire,1,natural_vegetation_fire,True,0.0,0.9819176969592267,0.018082303040773316,0.9819176969592267
FW_00879993,25.01396,87.93182,50_175,1,natural_vegetation_fire,1,natural_vegetation_fire,True,0.0,0.9116809171261148,0.08831908287388565,0.9116809171261148
FW_00072054,28.08397,96.04869,56_192,1,natural_vegetation_fire,1,natural_vegetation_fire,True,0.0,1.0,0.0,1.0
FW_00349687,32.48597,74.95392,64_149,1,natural_vegetation_fire,1,natural_vegetation_fire,True,0.0,0.8952668518866113,0.10473314811338959,0.8952668518866113
FW_01585296,32.64676,76.76431,65_153,2,other_uncertain,1,natural_vegetation_fire,False,0.02413815558036158,0.7109499621331355,0.2649118822865031,0.7109499621331355
FW_00695879,18.73312,72.93553,37_145,1,natural_vegetation_fire,1,natural_vegetation_fire,True,0.0,0.8769384938728639,0.12306150612713655,0.8769384938728639
FW_01532341,15.16819,76.38056,30_152,0,industrial_fire_candidate,2,other_uncertain,False,0.2187867126377583,0.012950825257338356,0.768262462104903,0.768262462104903
FW_00446102,20.80725,85.2555,41_170,2,other_uncertain,2,other_uncertain,True,0.2001679729312355,0.05443392827085353,0.7453980987979102,0.7453980987979102
FW_01225812,20.97475,85.03444,41_170,2,other_uncertain,2,other_uncertain,True,0.08853291838319455,0.44528870758552963,0.46617837403127577,0.46617837403127577
FW_00196542,21.55819,79.48711,43_158,1,natural_vegetation_fire,1,natural_vegetation_fire,True,0.0,0.9968918318410132,0.003108168158986864,0.9968918318410132
FW_00319303,18.85943,72.92653,37_145,0,industrial_fire_candidate,2,other_uncertain,False,0.25816737991121147,0.06178974035517775,0.6800428797336107,0.6800428797336107
FW_01099538,30.41107,76.43534,60_152,1,natural_vegetation_fire,1,natural_vegetation_fire,True,0.0,0.8541576284514998,0.14584237154850055,0.8541576284514998
FW_01422724,21.14865,74.8811,42_149,1,natural_vegetation_fire,1,natural_vegetation_fire,True,0.0016048329138734624,0.6166509886332234,0.3817441784529036,0.6166509886332234
FW_01698570,18.9395,76.74567,37_153,2,other_uncertain,1,natural_vegetation_fire,False,0.014302025707826939,0.6921487271197347,0.29354924717243874,0.6921487271197347
FW_00524920,22.4624,73.42986,44_146,2,other_uncertain,1,natural_vegetation_fire,False,0.1052396826602081,0.4719487091293645,0.42281160821042724,0.4719487091293645
FW_00528240,30.59545,74.36161,61_148,1,natural_vegetation_fire,1,natural_vegetation_fire,True,0.0019209257473481196,0.9456799718563749,0.05239910239627731,0.9456799718563749
FW_01595015,29.12504,75.77763,58_151,2,other_uncertain,2,other_uncertain,True,0.21218092248151585,0.12035374007941796,0.6674653374390654,0.6674653374390654
FW_01389036,11.51906,76.7989,23_153,1,natural_vegetation_fire,1,natural_vegetation_fire,True,0.0,0.9845683640253309,0.015431635974669252,0.9845683640253309
FW_00728610,19.77735,85.73805,39_171,1,natural_vegetation_fire,1,natural_vegetation_fire,True,0.005476536118586788,0.8737149083383634,0.12080855554305044,0.8737149083383634
FW_00803885,22.79823,71.74496,45_143,1,natural_vegetation_fire,1,natural_vegetation_fire,True,0.0,0.9233817808925056,0.07661821910749461,0.9233817808925056
FW_01545774,20.76076,85.29439,41_170,2,other_uncertain,2,other_uncertain,True,0.003506236559139785,0.11845893041168995,0.8780348330291695,0.8780348330291695
FW_00129300,22.21503,78.11012,44_156,1,natural_vegetation_fire,1,natural_vegetation_fire,True,0.0,0.9705096553715291,0.029490344628470975,0.9705096553715291
FW_01123925,30.61463,74.23931,61_148,1,natural_vegetation_fire,2,other_uncertain,False,0.04194031595987364,0.35739181476355647,0.6006678692765697,0.6006678692765697
FW_01565924,31.51265,75.17057,63_150,1,natural_vegetation_fire,1,natural_vegetation_fire,True,0.046961347995351135,0.74640735151447,0.2066313004901793,0.74640735151447
FW_00466967,20.96562,85.17645,41_170,2,other_uncertain,2,other_uncertain,True,0.0,0.06292116924137954,0.9370788307586202,0.9370788307586202
FW_01147782,15.6455,76.86913,31_153,0,industrial_fire_candidate,1,natural_vegetation_fire,False,0.03188456730611167,0.6625968348154466,0.3055185978784421,0.6625968348154466
FW_01558938,30.34278,76.61114,60_153,1,natural_vegetation_fire,1,natural_vegetation_fire,True,0.012795146726599194,0.64854709916754,0.3386577541058609,0.64854709916754
FW_00513068,30.27886,76.30497,60_152,1,natural_vegetation_fire,1,natural_vegetation_fire,True,0.007743805505589407,0.6150307243903314,0.37722547010407936,0.6150307243903314
FW_01074034,29.95022,75.71762,59_151,1,natural_vegetation_fire,1,natural_vegetation_fire,True,0.00529782037823973,0.6966753013483842,0.29802687827337604,0.6966753013483842
FW_01130965,30.62912,74.27232,61_148,1,natural_vegetation_fire,1,natural_vegetation_fire,True,0.008635123297149425,0.7239454294454434,0.26741944725740735,0.7239454294454434
FW_01024110,15.10532,74.13641,30_148,1,natural_vegetation_fire,1,natural_vegetation_fire,True,0.003695732838589981,0.8347975981104878,0.16150666905092279,0.8347975981104878
FW_01444491,22.02721,84.87975,44_169,1,natural_vegetation_fire,1,natural_vegetation_fire,True,0.0,0.9353536585220193,0.06464634147798064,0.9353536585220193
FW_01605845,31.11938,75.3259,62_150,1,natural_vegetation_fire,1,natural_vegetation_fire,True,0.015556157858331752,0.6982670892034725,0.28617675293819594,0.6982670892034725
FW_01088642,29.7863,75.96413,59_151,1,natural_vegetation_fire,1,natural_vegetation_fire,True,0.014396894944181352,0.7819312167671789,0.2036718882886403,0.7819312167671789
FW_00993953,31.05014,75.49249,62_150,1,natural_vegetation_fire,1,natural_vegetation_fire,True,0.06368744576982661,0.7453777119959553,0.1909348422342187,0.7453777119959553
FW_00268765,20.94515,85.01538,41_170,2,other_uncertain,2,other_uncertain,True,0.009012473118279568,0.09401081351940067,0.8969767133623189,0.8969767133623189
FW_00583867,22.62693,72.16336,45_144,2,other_uncertain,2,other_uncertain,True,0.18379132366118942,0.3095406582388228,0.506668018099988,0.506668018099988
FW_01412670,21.76884,72.11785,43_144,1,natural_vegetation_fire,1,natural_vegetation_fire,True,0.02467554452731219,0.7999330984801892,0.1753913569924995,0.7999330984801892
FW_00038930,20.97493,85.13612,41_170,2,other_uncertain,2,other_uncertain,True,0.016294447982199273,0.009106739715961806,0.9745988123018389,0.9745988123018389
FW_01049086,20.96748,85.16832,41_170,2,other_uncertain,2,other_uncertain,True,0.01450206507425813,0.16418988699900058,0.8213080479267407,0.8213080479267407
FW_00447434,15.1783,77.10143,30_154,0,industrial_fire_candidate,1,natural_vegetation_fire,False,0.10581424809777036,0.5444622353907591,0.34972351651147016,0.5444622353907591
FW_01060919,22.21055,84.8411,44_169,2,other_uncertain,2,other_uncertain,True,0.05067351151396663,0.07237168329371622,0.8769548051923168,0.8769548051923168
FW_00728269,18.44636,74.64463,36_149,2,other_uncertain,1,natural_vegetation_fire,False,0.0,0.8871656186491212,0.11283438135087907,0.8871656186491212
FW_01210574,24.47589,93.88469,48_187,1,natural_vegetation_fire,1,natural_vegetation_fire,True,0.0,0.8799987726593993,0.12000122734060123,0.8799987726593993
FW_00419367,19.81888,79.42393,39_158,2,other_uncertain,1,natural_vegetation_fire,False,0.002,0.7304937773229065,0.2675062226770942,0.7304937773229065
FW_01412417,17.08144,78.25151,34_156,1,natural_vegetation_fire,1,natural_vegetation_fire,True,0.0,0.6759025714652169,0.3240974285347833,0.6759025714652169
FW_00994360,31.87099,75.17825,63_150,2,other_uncertain,1,natural_vegetation_fire,False,0.0,0.8663476880878052,0.1336523119121951,0.8663476880878052
FW_00688853,14.18211,78.16,28_156,1,natural_vegetation_fire,1,natural_vegetation_fire,True,0.001718351324828263,0.78498904234822,0.21329260632695235,0.78498904234822
FW_00001030,20.96324,85.18723,41_170,2,other_uncertain,2,other_uncertain,True,0.032417474927233875,0.09957304305111278,0.8680094820216525,0.8680094820216525
FW_01324638,23.53863,81.43462,47_162,1,natural_vegetation_fire,1,natural_vegetation_fire,True,0.0018478664192949905,0.978920353200994,0.019231780379711346,0.978920353200994
FW_00574577,22.22694,84.75166,44_169,2,other_uncertain,2,other_uncertain,True,0.06698057092620988,0.14320250063214124,0.7898169284416483,0.7898169284416483
FW_01578498,20.79624,85.25319,41_170,2,other_uncertain,2,other_uncertain,True,0.2826083319226439,0.07636490238329914,0.6410267656940567,0.6410267656940567
FW_01275105,24.45406,93.50714,48_187,1,natural_vegetation_fire,1,natural_vegetation_fire,True,0.0,0.9894777485948567,0.010522251405143311,0.9894777485948567
FW_00320465,27.42464,81.88114,54_163,1,natural_vegetation_fire,1,natural_vegetation_fire,True,0.0037687921666431103,0.8912791962505804,0.10495201158277669,0.8912791962505804
FW_01469199,19.08859,82.7902,38_165,1,natural_vegetation_fire,1,natural_vegetation_fire,True,0.0,0.998401467385074,0.0015985326149260575,0.998401467385074
FW_01592518,20.95345,85.01108,41_170,2,other_uncertain,2,other_uncertain,True,0.01585953479653495,0.07021638239369432,0.9139240828097704,0.9139240828097704
FW_00078038,20.94199,85.0145,41_170,2,other_uncertain,2,other_uncertain,True,0.02242491375487068,0.19739960373277607,0.7801754825123525,0.7801754825123525
FW_00457594,30.20079,76.54469,60_153,2,other_uncertain,1,natural_vegetation_fire,False,0.0,0.9169687993126664,0.08303120068733413,0.9169687993126664
FW_01116258,23.5307,80.1795,47_160,1,natural_vegetation_fire,1,natural_vegetation_fire,True,0.0,0.9623823534080116,0.0376176465919887,0.9623823534080116
FW_00658292,26.67553,91.84101,53_183,1,natural_vegetation_fire,1,natural_vegetation_fire,True,0.003841851494696239,0.9409681033258653,0.05519004517943888,0.9409681033258653
FW_01617488,20.78893,85.26559,41_170,2,other_uncertain,2,other_uncertain,True,0.026287792415259702,0.33646012547109627,0.6372520821136433,0.6372520821136433
FW_00226191,24.23269,92.72484,48_185,1,natural_vegetation_fire,1,natural_vegetation_fire,True,0.0017172413793103446,0.9275752031820028,0.07070755543868712,0.9275752031820028
FW_01583294,23.84193,84.95136,47_169,2,other_uncertain,2,other_uncertain,True,0.002,0.18774695915126713,0.8102530408487322,0.8102530408487322
FW_01291820,24.21993,92.93298,48_185,1,natural_vegetation_fire,1,natural_vegetation_fire,True,0.0018959390862944162,0.9461369858127947,0.05196707510091127,0.9461369858127947
FW_00475550,29.76698,75.88761,59_151,1,natural_vegetation_fire,1,natural_vegetation_fire,True,0.0,0.9384371065454196,0.061562893454580825,0.9384371065454196
FW_00647392,16.25973,74.25557,32_148,1,natural_vegetation_fire,1,natural_vegetation_fire,True,0.03538682685460479,0.7555077080165502,0.2091054651288455,0.7555077080165502
FW_00415228,24.17183,82.67886,48_165,2,other_uncertain,2,other_uncertain,True,0.01991494086284304,0.19894474333186707,0.7811403158052893,0.7811403158052893
FW_01534017,25.37241,85.02496,50_170,1,natural_vegetation_fire,1,natural_vegetation_fire,True,0.0,0.8000119233732232,0.19998807662677726,0.8000119233732232
FW_00451226,31.5743,75.2254,63_150,1,natural_vegetation_fire,1,natural_vegetation_fire,True,0.08295330002080947,0.7410472850192698,0.1759994149599213,0.7410472850192698
FW_00965359,26.3184,78.12446,52_156,1,natural_vegetation_fire,1,natural_vegetation_fire,True,0.005284569068951517,0.5936304318215642,0.4010849991094847,0.5936304318215642
FW_01040205,28.79423,76.12959,57_152,2,other_uncertain,2,other_uncertain,True,0.08949503928973945,0.25765244639621787,0.6528525143140426,0.6528525143140426
FW_00448917,20.96184,85.18885,41_170,2,other_uncertain,2,other_uncertain,True,0.010052780310945085,0.09411974411232378,0.8958274755767307,0.8958274755767307
FW_00551813,27.31668,95.26489,54_190,1,natural_vegetation_fire,1,natural_vegetation_fire,True,0.018138221026865648,0.6396256653775785,0.3422361135955563,0.6396256653775785
FW_00597998,30.53955,79.49171,61_158,1,natural_vegetation_fire,1,natural_vegetation_fire,True,0.0,0.8667661318509301,0.13323386814907048,0.8667661318509301
FW_01070543,20.96897,85.01743,41_170,2,other_uncertain,2,other_uncertain,True,0.01238298564666227,0.10674102427310937,0.8808759900802277,0.8808759900802277
FW_00865159,23.6636,91.7767,47_183,1,natural_vegetation_fire,1,natural_vegetation_fire,True,0.0,0.9986687034561772,0.0013312965438227993,0.9986687034561772
FW_01531627,30.09668,78.37399,60_156,1,natural_vegetation_fire,1,natural_vegetation_fire,True,0.0019209257473481196,0.9453320765972992,0.052746997655353074,0.9453320765972992
FW_00361128,29.65117,75.7534,59_151,1,natural_vegetation_fire,1,natural_vegetation_fire,True,0.008402437519963134,0.7958186129352189,0.19577894954481806,0.7958186129352189
FW_01279023,23.8861,92.58235,47_185,1,natural_vegetation_fire,1,natural_vegetation_fire,True,0.0018478664192949905,0.9789064983095856,0.01924563527111949,0.9789064983095856
FW_00679851,22.21453,84.83975,44_169,1,natural_vegetation_fire,2,other_uncertain,False,0.04920132773726061,0.20453995850271822,0.7462587137600206,0.7462587137600206
FW_00979846,29.37255,75.89668,58_151,2,other_uncertain,1,natural_vegetation_fire,False,0.018187197352723273,0.7024047255620179,0.27940807708525933,0.7024047255620179
FW_00705739,22.22661,84.75156,44_169,2,other_uncertain,2,other_uncertain,True,0.005059086393740974,0.13232921125180255,0.8626117023544558,0.8626117023544558
FW_00223673,15.24561,75.07745,30_150,1,natural_vegetation_fire,1,natural_vegetation_fire,True,0.0017172413793103446,0.8957648593319295,0.10251789928876064,0.8957648593319295
FW_01615815,22.20728,84.86034,44_169,2,other_uncertain,2,other_uncertain,True,0.14342024241113152,0.07312989230741737,0.7834498652814501,0.7834498652814501
FW_00049300,17.86292,77.98605,35_155,1,natural_vegetation_fire,1,natural_vegetation_fire,True,0.006931941707182087,0.8275897441791551,0.16547831411366326,0.8275897441791551
FW_00415557,24.16372,82.68195,48_165,2,other_uncertain,2,other_uncertain,True,0.02540572919749808,0.08894431646179496,0.885649954340706,0.885649954340706
FW_00499995,29.82646,75.9437,59_151,1,natural_vegetation_fire,1,natural_vegetation_fire,True,0.001506236559139785,0.733406374319013,0.2650873891218479,0.733406374319013
FW_00483903,30.11189,76.16049,60_152,1,natural_vegetation_fire,1,natural_vegetation_fire,True,0.0019362363919129078,0.8409565953847741,0.15710716822331355,0.8409565953847741
FW_00407338,20.96033,85.17644,41_170,2,other_uncertain,2,other_uncertain,True,0.0018478664192949905,0.14105332524275754,0.8570988083379463,0.8570988083379463
FW_00194615,19.68727,79.89918,39_159,1,natural_vegetation_fire,1,natural_vegetation_fire,True,0.0,0.9937950184237948,0.006204981576205185,0.9937950184237948
FW_00288241,24.03166,82.89774,48_165,1,natural_vegetation_fire,1,natural_vegetation_fire,True,0.01411304259913862,0.9275017197052529,0.05838523769560871,0.9275017197052529
FW_01557012,23.83828,84.95036,47_169,2,other_uncertain,2,other_uncertain,True,0.0013407350689127106,0.1497124932486767,0.8489467716824098,0.8489467716824098
FW_01116996,29.88055,75.93185,59_151,1,natural_vegetation_fire,1,natural_vegetation_fire,True,0.0,0.8869161970304883,0.11308380296951205,0.8869161970304883
FW_00235705,20.96415,85.15543,41_170,2,other_uncertain,2,other_uncertain,True,0.0031437211681061205,0.011509009538814084,0.9853472692930797,0.9853472692930797
FW_00898271,23.81073,91.9211,47_183,1,natural_vegetation_fire,1,natural_vegetation_fire,True,0.0018959390862944162,0.9842771725587363,0.013826888354969234,0.9842771725587363
FW_01043189,23.8348,84.95058,47_169,2,other_uncertain,2,other_uncertain,True,0.007019034107823299,0.1138890835655885,0.8790918823265875,0.8790918823265875
FW_00035704,19.9043,81.40069,39_162,1,natural_vegetation_fire,1,natural_vegetation_fire,True,0.007121190307992481,0.968757264035989,0.02412154565601871,0.968757264035989
FW_00845635,21.53203,79.33101,43_158,1,natural_vegetation_fire,1,natural_vegetation_fire,True,0.012664789565877452,0.9725168752744042,0.014818335159718444,0.9725168752744042
FW_01209097,24.16895,82.64109,48_165,2,other_uncertain,2,other_uncertain,True,0.06763567455184913,0.2003309481175522,0.7320333773305983,0.7320333773305983
FW_01449202,20.76085,85.29646,41_170,2,other_uncertain,2,other_uncertain,True,0.005689169675090252,0.15346982221853367,0.8408410081063754,0.8408410081063754
FW_00237437,24.22563,82.82134,48_165,2,other_uncertain,1,natural_vegetation_fire,False,0.0015045317220543806,0.7314227604977847,0.26707270778016123,0.7314227604977847
FW_01546243,26.2324,84.03175,52_168,1,natural_vegetation_fire,1,natural_vegetation_fire,True,0.0,0.8900577634779164,0.10994223652208403,0.8900577634779164
FW_00873357,23.73143,91.93285,47_183,1,natural_vegetation_fire,1,natural_vegetation_fire,True,0.0,0.9990022896393819,0.0009977103606182026,0.9990022896393819
FW_00433881,24.16276,82.62614,48_165,2,other_uncertain,2,other_uncertain,True,0.042732675780259764,0.3753617151036323,0.5819056091161078,0.5819056091161078
FW_00555087,27.37913,95.08676,54_190,1,natural_vegetation_fire,1,natural_vegetation_fire,True,0.07245309202618563,0.5794668061028172,0.3480801018709976,0.5794668061028172
FW_01723614,15.30835,76.25241,30_152,0,industrial_fire_candidate,2,other_uncertain,False,0.0672218102464952,0.2998919449405966,0.6328862448129079,0.6328862448129079
FW_00674776,12.86711,79.14087,25_158,1,natural_vegetation_fire,1,natural_vegetation_fire,True,0.07333063847860406,0.6467487201954926,0.27992064132590405,0.6467487201954926
FW_01208781,20.96391,85.17462,41_170,2,other_uncertain,2,other_uncertain,True,0.010790805628091302,0.0969023443137083,0.8923068500581999,0.8923068500581999
FW_00344939,18.50957,75.78013,37_151,1,natural_vegetation_fire,1,natural_vegetation_fire,True,0.0,0.8538036758351721,0.14619632416482833,0.8538036758351721
FW_01004482,23.78918,80.57944,47_161,1,natural_vegetation_fire,1,natural_vegetation_fire,True,0.014116437610142564,0.9200507053493581,0.06583285704049978,0.9200507053493581
FW_00254367,23.43117,68.71201,46_137,2,other_uncertain,2,other_uncertain,True,0.07774936414455946,0.10182900255032012,0.8204216333051195,0.8204216333051195
FW_01124192,20.96803,85.01817,41_170,2,other_uncertain,2,other_uncertain,True,0.012327033165209155,0.11213865825496393,0.8755343085798262,0.8755343085798262
FW_00211321,21.36578,70.07525,42_140,1,natural_vegetation_fire,1,natural_vegetation_fire,True,0.0018485088413829507,0.8470214104343565,0.15113008072426082,0.8470214104343565
FW_00750090,17.14952,77.33761,34_154,2,other_uncertain,1,natural_vegetation_fire,False,0.010920963144645988,0.7294842875913338,0.25959474926402015,0.7294842875913338
FW_01074835,20.80617,85.25799,41_170,2,other_uncertain,2,other_uncertain,True,0.11976241153923635,0.04256996686569974,0.8376676215950634,0.8376676215950634
FW_01121979,29.81879,75.95567,59_151,1,natural_vegetation_fire,1,natural_vegetation_fire,True,0.0018478664192949905,0.8400587291375206,0.1580934044431851,0.8400587291375206
FW_00452914,22.21262,84.87503,44_169,2,other_uncertain,2,other_uncertain,True,0.12513074251873746,0.023691286473057353,0.8511779710082049,0.8511779710082049
FW_00560566,20.7953,85.25877,41_170,2,other_uncertain,2,other_uncertain,True,0.15893689092135618,0.04247036222351367,0.7985927468551294,0.7985927468551294
FW_01586048,23.83948,84.95425,47_169,2,other_uncertain,2,other_uncertain,True,0.001718351324828263,0.10791778602187456,0.8903638626532969,0.8903638626532969
FW_00520902,29.95695,75.99297,59_151,1,natural_vegetation_fire,1,natural_vegetation_fire,True,0.001603864734299517,0.6454276712062618,0.35296846405943905,0.6454276712062618
FW_00866085,24.19811,93.55518,48_187,1,natural_vegetation_fire,1,natural_vegetation_fire,True,0.0,0.9950084000079135,0.004991599992086601,0.9950084000079135
FW_00671184,13.15046,76.09485,26_152,1,natural_vegetation_fire,1,natural_vegetation_fire,True,0.003628027277203838,0.9284287458038607,0.06794322691893578,0.9284287458038607
FW_01539963,24.94941,79.90904,49_159,2,other_uncertain,1,natural_vegetation_fire,False,0.003497402237219192,0.888743019838166,0.10775957792461496,0.888743019838166
FW_01548343,20.78506,85.26434,41_170,2,other_uncertain,2,other_uncertain,True,0.018535236837741047,0.05661817480662355,0.9248465883556349,0.9248465883556349
FW_01625248,25.10732,77.05297,50_154,1,natural_vegetation_fire,1,natural_vegetation_fire,True,0.0,0.9338564650065024,0.06614353499349795,0.9338564650065024
FW_01067247,29.96856,75.99203,59_151,1,natural_vegetation_fire,1,natural_vegetation_fire,True,0.0030206499405584075,0.9327985252663217,0.06418082479312057,0.9327985252663217
FW_01211046,15.77559,76.83044,31_153,1,natural_vegetation_fire,1,natural_vegetation_fire,True,0.017796031999276648,0.8749648819410212,0.10723908605970249,0.8749648819410212
FW_01099786,31.32755,75.27253,62_150,1,natural_vegetation_fire,1,natural_vegetation_fire,True,0.005300565752463443,0.8848504491913516,0.10984898505618546,0.8848504491913516
FW_00372420,26.79337,72.00654,53_144,0,industrial_fire_candidate,2,other_uncertain,False,0.10072080500725691,0.26537752783847657,0.6339016671542661,0.6339016671542661
FW_01616118,31.51207,75.07935,63_150,1,natural_vegetation_fire,1,natural_vegetation_fire,True,0.002,0.9537848953865115,0.04421510461348901,0.9537848953865115
FW_00244007,24.91228,83.2902,49_166,1,natural_vegetation_fire,1,natural_vegetation_fire,True,0.0,0.9826265470234307,0.01737345297656934,0.9826265470234307
FW_01350089,19.19996,82.88464,38_165,1,natural_vegetation_fire,1,natural_vegetation_fire,True,0.0,0.9530026159712875,0.046997384028712695,0.9530026159712875
FW_00015673,22.3646,73.11724,44_146,2,other_uncertain,2,other_uncertain,True,0.34680059313857037,0.11827333058467306,0.5349260762767567,0.5349260762767567
FW_00049598,27.23464,79.72047,54_159,1,natural_vegetation_fire,1,natural_vegetation_fire,True,0.0,0.9381668319358483,0.061833168064152094,0.9381668319358483
FW_01617642,34.06172,73.9015,68_147,1,natural_vegetation_fire,1,natural_vegetation_fire,True,0.0018478664192949905,0.896721482486604,0.10143065109410142,0.896721482486604
FW_01317416,22.37996,77.30975,44_154,1,natural_vegetation_fire,1,natural_vegetation_fire,True,0.005475893696498828,0.9321757570127329,0.06234834929076878,0.9321757570127329
FW_00592172,27.32059,95.26699,54_190,1,natural_vegetation_fire,2,other_uncertain,False,0.01932234594780642,0.36189429245557286,0.6187833615966204,0.6187833615966204
FW_00829742,22.81826,72.39069,45_144,1,natural_vegetation_fire,1,natural_vegetation_fire,True,0.00883621977583988,0.6572312959523448,0.33393248427181543,0.6572312959523448
FW_00384077,31.89877,75.01714,63_150,1,natural_vegetation_fire,1,natural_vegetation_fire,True,0.003663821183870605,0.8382755094281137,0.15806066938801616,0.8382755094281137
FW_01066395,20.96209,85.17236,41_170,2,other_uncertain,2,other_uncertain,True,0.005414726585506204,0.07842713262324921,0.916158140791244,0.916158140791244
FW_01577940,20.76144,85.29234,41_170,2,other_uncertain,2,other_uncertain,True,0.009806001544887175,0.12819573469263484,0.8619982637624773,0.8619982637624773
FW_00615198,20.78474,85.25924,41_170,2,other_uncertain,2,other_uncertain,True,0.026857346003213524,0.14050417571336507,0.8326384782834209,0.8326384782834209
FW_00619728,18.85475,72.93101,37_145,0,industrial_fire_candidate,2,other_uncertain,False,0.16026312054393219,0.3016273381686369,0.538109541287431,0.538109541287431
FW_00937081,19.40229,76.67112,38_153,1,natural_vegetation_fire,1,natural_vegetation_fire,True,0.0,0.978657329806269,0.021342670193731185,0.978657329806269
FW_00031789,18.85568,72.92731,37_145,0,industrial_fire_candidate,2,other_uncertain,False,0.16222158432291453,0.11159436055997116,0.7261840551171136,0.7261840551171136
FW_01397384,24.2326,73.19573,48_146,1,natural_vegetation_fire,1,natural_vegetation_fire,True,0.0032228830468826433,0.9878394850452984,0.008937631907819122,0.9878394850452984
FW_00475520,29.69733,75.86939,59_151,1,natural_vegetation_fire,1,natural_vegetation_fire,True,0.0,0.882669560443577,0.11733043955642358,0.882669560443577
FW_00269530,23.5331,80.13017,47_160,1,natural_vegetation_fire,1,natural_vegetation_fire,True,0.036713485070104405,0.722532599070493,0.24075391585940295,0.722532599070493
FW_00306348,23.30357,75.86478,46_151,1,natural_vegetation_fire,1,natural_vegetation_fire,True,0.0037687921666431103,0.767758508290054,0.22847269954330365,0.767758508290054
FW_00528865,25.56944,82.12969,51_164,2,other_uncertain,1,natural_vegetation_fire,False,0.0018478664192949905,0.8862434792777897,0.11190865430291597,0.8862434792777897
FW_00219529,25.01734,87.85064,50_175,1,natural_vegetation_fire,1,natural_vegetation_fire,True,0.02193630677353613,0.8152977033971746,0.16276598982928983,0.8152977033971746
FW_00102838,24.18319,82.56971,48_165,2,other_uncertain,2,other_uncertain,True,0.003841851494696239,0.11307692916247064,0.8830812193428325,0.8830812193428325
FW_00898261,23.80213,91.80312,47_183,1,natural_vegetation_fire,1,natural_vegetation_fire,True,0.0018478664192949905,0.9576017771609935,0.04055035641971175,0.9576017771609935
FW_00028409,18.8304,75.92332,37_151,1,natural_vegetation_fire,1,natural_vegetation_fire,True,0.0,0.9628541770897624,0.03714582291023787,0.9628541770897624
FW_01163741,20.79907,85.25785,41_170,2,other_uncertain,2,other_uncertain,True,0.21369343334238472,0.04679783011579275,0.7395087365418218,0.7395087365418218
FW_00372915,30.16837,76.03383,60_152,1,natural_vegetation_fire,1,natural_vegetation_fire,True,0.0,0.9489975092982428,0.05100249070175756,0.9489975092982428
FW_01043343,24.20526,82.5249,48_165,2,other_uncertain,2,other_uncertain,True,0.04740369705478384,0.3717340127137547,0.5808622902314613,0.5808622902314613
FW_00473140,30.23561,76.31422,60_152,1,natural_vegetation_fire,1,natural_vegetation_fire,True,0.007145513631316167,0.8098543278854082,0.18300015848327605,0.8098543278854082
FW_01723445,20.96202,85.16478,41_170,2,other_uncertain,2,other_uncertain,True,0.007498512182737111,0.05987370601776576,0.9326277817994965,0.9326277817994965
FW_01281693,23.89019,81.47549,47_162,1,natural_vegetation_fire,1,natural_vegetation_fire,True,0.0,0.989341986191118,0.010658013808882004,0.989341986191118
FW_00592513,15.33223,76.24747,30_152,0,industrial_fire_candidate,2,other_uncertain,False,0.05726328902925349,0.07014943872305753,0.8725872722476883,0.8725872722476883
FW_00400452,23.91159,80.82444,47_161,1,natural_vegetation_fire,1,natural_vegetation_fire,True,0.005287314873472971,0.786937388380391,0.2077752967461366,0.786937388380391
FW_00363851,25.35655,75.82243,50_151,1,natural_vegetation_fire,1,natural_vegetation_fire,True,0.0017172413793103446,0.8678926973089689,0.13039006131172148,0.8678926973089689
FW_00737402,29.12497,75.77724,58_151,2,other_uncertain,2,other_uncertain,True,0.23510353290234948,0.07731886518471105,0.6875776019129387,0.6875776019129387
FW_00479115,30.62741,74.33147,61_148,1,natural_vegetation_fire,1,natural_vegetation_fire,True,0.0,0.8820134353164302,0.11798656468356998,0.8820134353164302
FW_01626712,29.36194,73.51589,58_147,2,other_uncertain,1,natural_vegetation_fire,False,0.0018478664192949905,0.8813708817250406,0.11678125185566483,0.8813708817250406
FW_00402998,22.45317,73.31638,44_146,1,natural_vegetation_fire,1,natural_vegetation_fire,True,0.03703774140199209,0.7286833136478086,0.23427894495019932,0.7286833136478086
FW_01071243,29.94632,75.86662,59_151,1,natural_vegetation_fire,1,natural_vegetation_fire,True,0.0,0.8618356566500515,0.138164343349949,0.8618356566500515
FW_01524798,13.36309,93.01418,26_186,1,natural_vegetation_fire,1,natural_vegetation_fire,True,0.0,0.9731432849026084,0.02685671509739152,0.9731432849026084
FW_00452675,31.70511,75.04299,63_150,1,natural_vegetation_fire,1,natural_vegetation_fire,True,0.00180298609919341,0.9181201378604663,0.08007687604034078,0.9181201378604663
FW_01097366,30.27537,76.00759,60_152,1,natural_vegetation_fire,1,natural_vegetation_fire,True,0.005486033545953455,0.8556413253974233,0.13887264105662356,0.8556413253974233
FW_01205401,19.92149,79.11234,39_158,0,industrial_fire_candidate,2,other_uncertain,False,0.04227840989347277,0.14933132622338827,0.8083902638831384,0.8083902638831384
FW_00530336,30.54918,74.31187,61_148,1,natural_vegetation_fire,1,natural_vegetation_fire,True,0.00386750555190838,0.8944980657637518,0.10163442868434015,0.8944980657637518
FW_00084753,20.94497,85.01412,41_170,2,other_uncertain,2,other_uncertain,True,0.009073096725350999,0.0713887873172091,0.9195381159574392,0.9195381159574392
FW_00347902,30.51529,74.07443,61_148,1,natural_vegetation_fire,1,natural_vegetation_fire,True,0.0,0.8506284346690086,0.14937156533099175,0.8506284346690086
FW_01038435,22.21068,84.87743,44_169,2,other_uncertain,2,other_uncertain,True,0.146341978044563,0.024980362959766376,0.8286776589956701,0.8286776589956701
FW_00710036,24.61234,92.22028,49_184,1,natural_vegetation_fire,1,natural_vegetation_fire,True,0.0,0.9171372637363172,0.08286273626368293,0.9171372637363172
FW_01598372,30.19675,78.39034,60_156,1,natural_vegetation_fire,1,natural_vegetation_fire,True,0.002,0.9402613961190258,0.05773860388097471,0.9402613961190258
FW_01110025,22.20169,84.57687,44_169,2,other_uncertain,2,other_uncertain,True,0.3406513585254089,0.10449358956122438,0.5548550519133667,0.5548550519133667
FW_01251317,14.12085,78.20919,28_156,1,natural_vegetation_fire,1,natural_vegetation_fire,True,0.0,0.9063441264227899,0.09365587357721065,0.9063441264227899
FW_00088503,20.96267,85.17002,41_170,2,other_uncertain,2,other_uncertain,True,0.02533444754010456,0.09328963511174856,0.8813759173481461,0.8813759173481461
FW_00168991,25.11787,86.31099,50_172,1,natural_vegetation_fire,1,natural_vegetation_fire,True,0.0,0.9925396039600717,0.007460396039928469,0.9925396039600717
FW_01164696,25.38772,83.97101,50_167,1,natural_vegetation_fire,1,natural_vegetation_fire,True,0.0032661633043207824,0.8118455384469934,0.18488829824868616,0.8118455384469934
FW_01358473,12.1715,79.92343,24_159,1,natural_vegetation_fire,1,natural_vegetation_fire,True,0.0054129742179003255,0.8760379932999423,0.11854903248215798,0.8760379932999423
FW_01366233,15.12307,75.08376,30_150,1,natural_vegetation_fire,1,natural_vegetation_fire,True,0.0019465798045602606,0.9286500770478362,0.06940334314760375,0.9286500770478362
FW_00455656,31.40236,75.11766,62_150,2,other_uncertain,1,natural_vegetation_fire,False,0.0016048329138734626,0.8313620615856568,0.16703310550046985,0.8313620615856568
FW_00685519,20.65982,83.34917,41_166,1,natural_vegetation_fire,1,natural_vegetation_fire,True,0.0,0.9402883751442092,0.059711624855791436,0.9402883751442092
FW_01274699,23.5802,92.63579,47_185,1,natural_vegetation_fire,1,natural_vegetation_fire,True,0.0,0.9894294689007195,0.010570531099280628,0.9894294689007195
FW_00929983,24.12365,93.96598,48_187,1,natural_vegetation_fire,1,natural_vegetation_fire,True,0.003695732838589981,0.9243400752729317,0.07196419188847875,0.9243400752729317
FW_00623208,17.06049,77.01093,34_154,2,other_uncertain,1,natural_vegetation_fire,False,0.016389607734532227,0.6683433108189919,0.31526708144647575,0.6683433108189919
FW_01174269,24.17023,82.63959,48_165,2,other_uncertain,2,other_uncertain,True,0.0740063893858155,0.19378995085797893,0.7322036597562052,0.7322036597562052
FW_01463871,26.14109,84.38757,52_168,1,natural_vegetation_fire,1,natural_vegetation_fire,True,0.0,0.8832052983479933,0.11679470165200706,0.8832052983479933
FW_01238047,17.6456,73.90145,35_147,1,natural_vegetation_fire,1,natural_vegetation_fire,True,0.0017172413793103446,0.8297547563176504,0.16852800230303927,0.8297547563176504
FW_00613455,11.82971,76.65604,23_153,1,natural_vegetation_fire,1,natural_vegetation_fire,True,0.011029632803838426,0.861536700163465,0.1274336670326974,0.861536700163465
FW_00990726,31.55915,75.45915,63_150,1,natural_vegetation_fire,1,natural_vegetation_fire,True,0.016512655985172448,0.8039405529861127,0.17954679102871526,0.8039405529861127
FW_00968325,28.60943,76.19101,57_152,1,natural_vegetation_fire,1,natural_vegetation_fire,True,0.0,0.918170935804233,0.08182906419576713,0.918170935804233
FW_00990714,31.53909,75.02122,63_150,1,natural_vegetation_fire,1,natural_vegetation_fire,True,0.0018478664192949905,0.8568010136005179,0.14135111998018743,0.8568010136005179
FW_01716368,15.16564,76.37988,30_152,0,industrial_fire_candidate,2,other_uncertain,False,0.3020207586880927,0.02118718875178496,0.6767920525601218,0.6767920525601218
FW_00371806,20.96701,85.11555,41_170,2,other_uncertain,2,other_uncertain,True,0.003505383657918043,0.06178655445702724,0.9347080618850546,0.9347080618850546
FW_00481044,30.28439,76.30136,60_152,1,natural_vegetation_fire,1,natural_vegetation_fire,True,0.008608420987082834,0.7747883794846789,0.21660319952823867,0.7747883794846789
FW_01472985,20.49293,85.45587,40_170,1,natural_vegetation_fire,1,natural_vegetation_fire,True,0.0,0.9855141413566791,0.014485858643320903,0.9855141413566791
FW_00898694,24.87556,94.42649,49_188,1,natural_vegetation_fire,1,natural_vegetation_fire,True,0.0,0.9462205975535312,0.05377940244646914,0.9462205975535312
FW_01521917,14.21632,78.0698,28_156,2,other_uncertain,2,other_uncertain,True,0.040059801461001465,0.2745303071496729,0.6854098913893252,0.6854098913893252
FW_01039750,22.51107,81.76378,45_163,1,natural_vegetation_fire,1,natural_vegetation_fire,True,0.0,0.989635026354058,0.010364973645942101,0.989635026354058
FW_01243379,12.42453,75.96995,24_151,2,other_uncertain,1,natural_vegetation_fire,False,0.0019209257473481196,0.9257035892484953,0.0723754850041568,0.9257035892484953
FW_00459471,29.12333,75.7795,58_151,2,other_uncertain,2,other_uncertain,True,0.1444698867447292,0.12124298806192393,0.7342871251933465,0.7342871251933465
FW_01671249,29.24471,73.54783,58_147,1,natural_vegetation_fire,1,natural_vegetation_fire,True,0.0,0.8652968673264887,0.13470313267351172,0.8652968673264887
FW_00481789,30.84927,74.39931,61_148,1,natural_vegetation_fire,1,natural_vegetation_fire,True,0.0,0.9775782081793338,0.022421791820666344,0.9775782081793338
FW_00601974,15.23253,77.74269,30_155,2,other_uncertain,1,natural_vegetation_fire,False,0.025733158005459177,0.6994269207119078,0.274839921282633,0.6994269207119078
FW_00216245,10.4629,78.73363,20_157,2,other_uncertain,2,other_uncertain,True,0.014487843994215314,0.3539775899206132,0.6315345660851711,0.6315345660851711
FW_00935624,23.84488,84.94958,47_169,2,other_uncertain,2,other_uncertain,True,0.0033541029784347758,0.3479842449660102,0.6486616520555549,0.6486616520555549
FW_01536841,23.83238,84.92445,47_169,1,natural_vegetation_fire,2,other_uncertain,False,0.0033547454005227358,0.21555450331181575,0.7810907512876611,0.7810907512876611
FW_01711130,24.1657,82.62712,48_165,2,other_uncertain,2,other_uncertain,True,0.057940501273224546,0.2276994141147855,0.7143600846119894,0.7143600846119894
FW_01106484,29.93983,75.74177,59_151,1,natural_vegetation_fire,1,natural_vegetation_fire,True,0.005695732838589981,0.8985633302978818,0.09574093686352839,0.8985633302978818
FW_01390198,12.22173,75.64434,24_151,1,natural_vegetation_fire,1,natural_vegetation_fire,True,0.0,0.9918122215922732,0.008187778407726888,0.9918122215922732
FW_01598636,23.83356,84.92157,47_169,2,other_uncertain,2,other_uncertain,True,0.0,0.22273346402252076,0.7772665359774789,0.7772665359774789
FW_00439998,29.1271,75.77775,58_151,2,other_uncertain,2,other_uncertain,True,0.11606230011924049,0.17139881421621114,0.7125388856645476,0.7125388856645476
FW_01504738,22.41933,80.40842,44_160,1,natural_vegetation_fire,1,natural_vegetation_fire,True,0.0018478664192949905,0.9016688939877678,0.09648323959293786,0.9016688939877678
FW_00919230,22.21309,84.86604,44_169,2,other_uncertain,2,other_uncertain,True,0.19744449375865494,0.017891197053428703,0.7846643091879161,0.7846643091879161
FW_00762151,24.36666,93.65709,48_187,1,natural_vegetation_fire,1,natural_vegetation_fire,True,0.0,0.9865694131170241,0.013430586882976048,0.9865694131170241
FW_00227099,20.81495,73.51258,41_147,1,natural_vegetation_fire,1,natural_vegetation_fire,True,0.0,0.9953570084200865,0.004642991579913571,0.9953570084200865
FW_01686626,32.58469,76.37064,65_152,1,natural_vegetation_fire,1,natural_vegetation_fire,True,0.002,0.8214127618542841,0.17658723814571659,0.8214127618542841
FW_01575251,24.19153,73.98891,48_147,1,natural_vegetation_fire,1,natural_vegetation_fire,True,0.0,0.9625842864949331,0.03741571350506737,0.9625842864949331
FW_00730781,24.15015,82.69827,48_165,2,other_uncertain,2,other_uncertain,True,0.1027478300327305,0.06486634247185952,0.8323858274954092,0.8323858274954092
FW_01067314,30.39542,76.53868,60_153,1,natural_vegetation_fire,1,natural_vegetation_fire,True,0.0018021712907117008,0.8771996528489733,0.12099817586031542,0.8771996528489733
FW_00059311,17.30931,77.47628,34_154,2,other_uncertain,2,other_uncertain,True,0.1683440527569711,0.09975546023176254,0.7319004870112654,0.7319004870112654
FW_00796051,24.33478,92.9985,48_185,1,natural_vegetation_fire,1,natural_vegetation_fire,True,0.0,0.9913373848411576,0.008662615158842521,0.9913373848411576
FW_00290469,20.9776,85.13223,41_170,2,other_uncertain,2,other_uncertain,True,0.019818823243672228,0.08978467498036773,0.8903965017759595,0.8903965017759595
FW_00829850,24.1212,82.59177,48_165,2,other_uncertain,2,other_uncertain,True,0.11268157224194006,0.16417270058205186,0.7231457271760079,0.7231457271760079
FW_00417374,17.30276,77.43757,34_154,2,other_uncertain,2,other_uncertain,True,0.06635440489056467,0.1511244827432443,0.7825211123661907,0.7825211123661907
FW_00500106,29.96471,75.53416,59_151,2,other_uncertain,1,natural_vegetation_fire,False,0.010700244329692488,0.860244456696643,0.12905529897366502,0.860244456696643
FW_01702148,27.06237,76.89941,54_153,1,natural_vegetation_fire,1,natural_vegetation_fire,True,0.0018478664192949905,0.9142208200746448,0.08393131350606084,0.9142208200746448
FW_01237088,23.85845,70.75995,47_141,1,natural_vegetation_fire,1,natural_vegetation_fire,True,0.014108815357544678,0.5401097668576916,0.4457814177847636,0.5401097668576916
FW_00383027,30.01062,76.14945,60_152,1,natural_vegetation_fire,1,natural_vegetation_fire,True,0.0018478664192949905,0.9525251163837446,0.045627017196960704,0.9525251163837446
FW_01266468,23.83936,92.53557,47_185,1,natural_vegetation_fire,1,natural_vegetation_fire,True,0.0,0.9966687034561772,0.0033312965438227994,0.9966687034561772
FW_00206261,19.75349,79.87019,39_159,1,natural_vegetation_fire,1,natural_vegetation_fire,True,0.0031879256770971655,0.9724722800012097,0.024339794321693378,0.9724722800012097
FW_01688796,27.34019,75.68726,54_151,1,natural_vegetation_fire,1,natural_vegetation_fire,True,0.014155214794247396,0.7238513666230699,0.26199341858268294,0.7238513666230699
FW_01000417,12.97472,79.99457,25_159,2,other_uncertain,1,natural_vegetation_fire,False,0.001718351324828263,0.6397307595196825,0.3585508891554897,0.6397307595196825
FW_00545073,22.08273,84.86189,44_169,2,other_uncertain,2,other_uncertain,True,0.10548195049788917,0.199105985044934,0.6954120644571764,0.6954120644571764
FW_01135858,20.96982,85.17083,41_170,2,other_uncertain,2,other_uncertain,True,0.011929313274216966,0.07598954103589901,0.9120811456898832,0.9120811456898832
FW_00485539,30.79658,74.3588,61_148,1,natural_vegetation_fire,1,natural_vegetation_fire,True,0.0,0.9633654491145781,0.03663455088542219,0.9633654491145781
FW_01030868,24.84894,83.36596,49_166,1,natural_vegetation_fire,1,natural_vegetation_fire,True,0.003780160857908847,0.8144250658128628,0.18179477332922864,0.8144250658128628
FW_00448388,20.76089,85.29289,41_170,2,other_uncertain,2,other_uncertain,True,0.004421399988820184,0.2119147766360827,0.7836638233750967,0.7836638233750967
FW_00414642,30.18346,78.46477,60_156,1,natural_vegetation_fire,1,natural_vegetation_fire,True,0.0019209257473481196,0.9426388719565976,0.05544020229605469,0.9426388719565976
FW_00590427,11.73793,76.7065,23_153,1,natural_vegetation_fire,1,natural_vegetation_fire,True,0.0,0.9421118267481072,0.0578881732518931,0.9421118267481072
FW_00637054,24.80537,94.12627,49_188,1,natural_vegetation_fire,1,natural_vegetation_fire,True,0.0,0.994401467385074,0.005598532614926057,0.994401467385074
FW_00143490,22.33907,78.2529,44_156,1,natural_vegetation_fire,1,natural_vegetation_fire,True,0.0,0.952867443995825,0.047132556004175166,0.952867443995825
FW_01617297,20.97254,85.17258,41_170,2,other_uncertain,2,other_uncertain,True,0.008011912945438716,0.06683932821674146,0.925148758837819,0.925148758837819
FW_00138793,24.52697,92.75985,49_185,1,natural_vegetation_fire,1,natural_vegetation_fire,True,0.0,0.9200380706081811,0.07996192939181934,0.9200380706081811
FW_01246781,23.5586,92.55504,47_185,1,natural_vegetation_fire,1,natural_vegetation_fire,True,0.0037687921666431103,0.9328790424509917,0.06335216538236564,0.9328790424509917
FW_01691829,21.23288,79.63125,42_159,0,industrial_fire_candidate,2,other_uncertain,False,0.0926880624109987,0.0715309040609696,0.835781033528031,0.835781033528031
FW_01723615,15.3127,76.26781,30_152,0,industrial_fire_candidate,2,other_uncertain,False,0.06613648393428373,0.2988848261105845,0.634978689955132,0.634978689955132
FW_00619371,20.9643,85.17823,41_170,2,other_uncertain,2,other_uncertain,True,0.01999341744790903,0.10249353729659212,0.877513045255498,0.877513045255498
FW_00514068,30.6783,74.33405,61_148,1,natural_vegetation_fire,1,natural_vegetation_fire,True,0.0,0.8981025832164851,0.10189741678351544,0.8981025832164851
FW_01014648,23.83435,84.95492,47_169,2,other_uncertain,2,other_uncertain,True,0.009285211491039476,0.09885345829011592,0.891861330218844,0.891861330218844
FW_01343398,24.44284,73.74109,48_147,1,natural_vegetation_fire,1,natural_vegetation_fire,True,0.01404404796352297,0.7864265877085593,0.199529364327918,0.7864265877085593
FW_01591212,20.78597,85.26031,41_170,2,other_uncertain,2,other_uncertain,True,0.011888879612265788,0.24559167684714586,0.7425194435405879,0.7425194435405879
FW_00483340,29.7664,75.88989,59_151,1,natural_vegetation_fire,1,natural_vegetation_fire,True,0.0,0.9520415919466042,0.047958408053395976,0.9520415919466042
FW_01361301,20.43814,81.00751,40_162,1,natural_vegetation_fire,1,natural_vegetation_fire,True,0.0,0.9735880062196409,0.02641199378035923,0.9735880062196409
FW_01039146,17.99425,73.92067,35_147,1,natural_vegetation_fire,1,natural_vegetation_fire,True,0.0033849937717823097,0.8786545862295233,0.11796041999869494,0.8786545862295233
FW_00915909,24.90179,94.25927,49_188,1,natural_vegetation_fire,1,natural_vegetation_fire,True,0.003565107798605335,0.9656194926753,0.030815399526094783,0.9656194926753
FW_01074852,20.96734,85.17529,41_170,2,other_uncertain,2,other_uncertain,True,0.005506236559139784,0.09801571287256826,0.896478050568291,0.896478050568291
FW_00478417,29.83782,75.83216,59_151,1,natural_vegetation_fire,1,natural_vegetation_fire,True,0.003603864734299517,0.8752654339140779,0.12113070135162333,0.8752654339140779
FW_01106891,30.27773,76.08202,60_152,1,natural_vegetation_fire,1,natural_vegetation_fire,True,0.0,0.647676074935831,0.3523239250641697,0.647676074935831
FW_01145360,25.26183,83.94613,50_167,1,natural_vegetation_fire,1,natural_vegetation_fire,True,0.0,0.9239457383939937,0.07605426160600676,0.9239457383939937
FW_00514889,24.16718,82.64104,48_165,2,other_uncertain,2,other_uncertain,True,0.029175640319588022,0.1017617725922868,0.8690625870881247,0.8690625870881247
FW_01188653,22.31385,84.77264,44_169,2,other_uncertain,2,other_uncertain,True,0.19084477577170633,0.10846263521044107,0.700692589017852,0.700692589017852
FW_01491507,15.11599,77.62319,30_155,1,natural_vegetation_fire,1,natural_vegetation_fire,True,0.014566113663942969,0.8023720221403009,0.1830618641957567,0.8023720221403009
FW_00817643,20.78701,85.25955,41_170,2,other_uncertain,2,other_uncertain,True,0.026121180174769883,0.24621427324680414,0.7276645465784254,0.7276645465784254
FW_00463911,20.8071,85.25782,41_170,2,other_uncertain,2,other_uncertain,True,0.19337973812575723,0.05235362865863531,0.7542666332156068,0.7542666332156068
FW_01446601,27.09533,83.5798,54_167,1,natural_vegetation_fire,1,natural_vegetation_fire,True,0.0,0.9516912409628085,0.04830875903719168,0.9516912409628085
FW_00876092,19.33513,82.93681,38_165,1,natural_vegetation_fire,1,natural_vegetation_fire,True,0.0,0.9824943206415526,0.017505679358447632,0.9824943206415526
FW_01693380,25.39748,83.48177,50_166,1,natural_vegetation_fire,1,natural_vegetation_fire,True,0.015231892011503354,0.8367519405205671,0.14801616746792998,0.8367519405205671
FW_00359508,20.94498,85.01395,41_170,2,other_uncertain,2,other_uncertain,True,0.0013407350689127106,0.06648060280590723,0.9321786621251796,0.9321786621251796
FW_00902693,13.68653,76.50549,27_153,1,natural_vegetation_fire,1,natural_vegetation_fire,True,0.007032310152523893,0.8294557557517357,0.16351193409574102,0.8294557557517357
FW_00670015,23.38996,68.59457,46_137,2,other_uncertain,1,natural_vegetation_fire,False,0.02787531614307336,0.618539007723691,0.35358567613323655,0.618539007723691
FW_00828781,14.78601,78.86002,29_157,1,natural_vegetation_fire,1,natural_vegetation_fire,True,0.003695732838589981,0.9102040296449351,0.0861002375164751,0.9102040296449351
FW_01657773,29.24314,73.55013,58_147,1,natural_vegetation_fire,1,natural_vegetation_fire,True,0.0015062365591397848,0.8635297517545988,0.13496401168626196,0.8635297517545988
FW_01630875,29.97208,75.51814,59_151,1,natural_vegetation_fire,1,natural_vegetation_fire,True,0.0,0.9596043467017096,0.04039565329829054,0.9596043467017096
FW_01427160,19.15328,82.81497,38_165,1,natural_vegetation_fire,1,natural_vegetation_fire,True,0.0,0.9843288067308564,0.015671193269143582,0.9843288067308564
FW_00927680,19.82303,81.15184,39_162,1,natural_vegetation_fire,1,natural_vegetation_fire,True,0.011255935658114485,0.9072340125382428,0.08151005180364353,0.9072340125382428
FW_01040944,12.48831,78.26913,24_156,1,natural_vegetation_fire,1,natural_vegetation_fire,True,0.007965236580378501,0.7194843374213867,0.27255042599823487,0.7194843374213867
FW_00897059,12.64427,79.69837,25_159,2,other_uncertain,2,other_uncertain,True,0.036119054753284544,0.2821872080079988,0.6816937372387166,0.6816937372387166
FW_00482220,31.32334,75.06731,62_150,1,natural_vegetation_fire,1,natural_vegetation_fire,True,0.0,0.9333922704551108,0.06660772954488954,0.9333922704551108
FW_01687497,25.17648,83.52833,50_167,1,natural_vegetation_fire,1,natural_vegetation_fire,True,0.0,0.9469483079927328,0.05305169200726776,0.9469483079927328
FW_01058585,29.64357,75.78418,59_151,1,natural_vegetation_fire,1,natural_vegetation_fire,True,0.001605155900203989,0.8855670870419055,0.11282775705789108,0.8855670870419055
FW_00089998,27.73776,94.72118,55_189,1,natural_vegetation_fire,1,natural_vegetation_fire,True,0.0,0.977828187984548,0.022171812015451983,0.977828187984548
FW_00829896,29.12517,75.77625,58_151,2,other_uncertain,2,other_uncertain,True,0.16276640256987246,0.11630272807312428,0.7209308693570025,0.7209308693570025
FW_00314406,9.97868,76.37701,19_152,2,other_uncertain,2,other_uncertain,True,0.3102949626371142,0.07478861959316659,0.614916417769719,0.614916417769719
FW_01093358,29.65799,75.81776,59_151,1,natural_vegetation_fire,1,natural_vegetation_fire,True,0.026724448925783205,0.7760905823982422,0.1971849686759751,0.7760905823982422
FW_01702727,20.97853,85.13525,41_170,2,other_uncertain,2,other_uncertain,True,0.014153089564796748,0.05281573087519768,0.9330311795600049,0.9330311795600049
FW_00994258,31.61512,75.14691,63_150,1,natural_vegetation_fire,1,natural_vegetation_fire,True,0.0,0.9027698958695537,0.09723010413044647,0.9027698958695537
FW_01275877,11.14883,78.02752,22_156,1,natural_vegetation_fire,1,natural_vegetation_fire,True,0.0,0.9322212656449494,0.0677787343550508,0.9322212656449494
FW_00212214,22.41382,81.05616,44_162,1,natural_vegetation_fire,1,natural_vegetation_fire,True,0.0,0.9900158214651603,0.009984178534839789,0.9900158214651603
FW_01398264,23.84067,84.95236,47_169,2,other_uncertain,2,other_uncertain,True,0.001718351324828263,0.10344008120616731,0.8948415674690037,0.8948415674690037
FW_01481973,20.97898,85.1442,41_170,2,other_uncertain,2,other_uncertain,True,0.008676387401767034,0.08169185263139081,0.9096317599668415,0.9096317599668415
FW_00345272,20.79425,79.3053,41_158,1,natural_vegetation_fire,1,natural_vegetation_fire,True,0.009217643803172495,0.8788272300255676,0.11195512617126015,0.8788272300255676
FW_00096238,25.91872,94.78571,51_189,1,natural_vegetation_fire,1,natural_vegetation_fire,True,0.0,0.9871129553530392,0.012887044646960966,0.9871129553530392
FW_00788601,24.33822,93.6639,48_187,1,natural_vegetation_fire,1,natural_vegetation_fire,True,0.0018478664192949905,0.9559293413398294,0.04222279224087591,0.9559293413398294
FW_01058880,20.9616,85.16384,41_170,2,other_uncertain,2,other_uncertain,True,0.009120526970262464,0.07245675068174796,0.9184227223479888,0.9184227223479888
FW_01630881,29.99294,75.62117,59_151,1,natural_vegetation_fire,1,natural_vegetation_fire,True,0.0,0.9470017675253688,0.052998232474631465,0.9470017675253688
FW_00589252,15.17303,76.37752,30_152,0,industrial_fire_candidate,2,other_uncertain,False,0.18689428942869865,0.023555251015618055,0.7895504595556827,0.7895504595556827
FW_01043707,27.47079,95.4241,54_190,2,other_uncertain,1,natural_vegetation_fire,False,0.06717213577047759,0.5189888211814171,0.4138390430481055,0.5189888211814171
FW_01652961,26.47686,78.41272,52_156,1,natural_vegetation_fire,1,natural_vegetation_fire,True,0.0,0.8999631823090393,0.10003681769096104,0.8999631823090393
FW_01504814,22.58555,88.03234,45_176,1,natural_vegetation_fire,1,natural_vegetation_fire,True,0.007565107798605335,0.91381249509111,0.0786223971102848,0.91381249509111
FW_00795298,23.66424,92.77624,47_185,1,natural_vegetation_fire,1,natural_vegetation_fire,True,0.007343558828519967,0.8293414407364205,0.1633150004350601,0.8293414407364205
FW_01555884,31.39312,75.13801,62_150,0,industrial_fire_candidate,1,natural_vegetation_fire,False,0.2958884471190214,0.3586909015176637,0.34542065136331485,0.3586909015176637
FW_01038511,19.98701,79.08046,39_158,2,other_uncertain,2,other_uncertain,True,0.013911701554912859,0.3226294014177767,0.6634588970273103,0.6634588970273103
FW_01059050,20.96893,85.17437,41_170,2,other_uncertain,2,other_uncertain,True,0.01739686853901145,0.11256262676683963,0.8700405046941482,0.8700405046941482
FW_00109856,24.30883,92.8505,48_185,1,natural_vegetation_fire,1,natural_vegetation_fire,True,0.0,0.94894081003827,0.05105918996173043,0.94894081003827
FW_01477606,22.21232,84.86223,44_169,2,other_uncertain,2,other_uncertain,True,0.1431468047022189,0.026381372720052473,0.8304718225777278,0.8304718225777278
FW_00028460,20.794,85.25533,41_170,2,other_uncertain,2,other_uncertain,True,0.1065189361578373,0.048083932341205074,0.8453971315009567,0.8453971315009567
FW_00254393,11.93031,76.93954,23_153,2,other_uncertain,2,other_uncertain,True,0.08041576512004016,0.1845525370241594,0.7350316978557999,0.7350316978557999
FW_00522988,24.16718,82.63844,48_165,2,other_uncertain,2,other_uncertain,True,0.08625191157912515,0.13125679084571998,0.782491297575154,0.782491297575154
FW_00763249,26.86732,91.92506,53_183,1,natural_vegetation_fire,1,natural_vegetation_fire,True,0.0,0.9834335393731025,0.016566460626897515,0.9834335393731025
FW_00702037,24.27057,93.70808,48_187,1,natural_vegetation_fire,1,natural_vegetation_fire,True,0.0,0.9826799456425738,0.01732005435742618,0.9826799456425738
FW_01025263,25.2634,86.31601,50_172,1,natural_vegetation_fire,1,natural_vegetation_fire,True,0.0015045317220543806,0.8537085891083648,0.14478687916958113,0.8537085891083648
FW_00366658,24.60927,83.30676,49_166,1,natural_vegetation_fire,1,natural_vegetation_fire,True,0.0,0.9768663957721316,0.023133604227868663,0.9768663957721316
FW_00414205,24.70597,78.82796,49_157,1,natural_vegetation_fire,1,natural_vegetation_fire,True,0.0,0.9196738271299242,0.0803261728700765,0.9196738271299242
FW_01207920,22.62482,88.37834,45_176,2,other_uncertain,2,other_uncertain,True,0.27012703895386,0.19774801507265627,0.5321249459734837,0.5321249459734837
FW_00944483,23.07538,75.65133,46_151,1,natural_vegetation_fire,1,natural_vegetation_fire,True,0.0018478664192949905,0.8877112217941925,0.11044091178651311,0.8877112217941925
FW_00470399,30.45898,76.50465,60_153,1,natural_vegetation_fire,1,natural_vegetation_fire,True,0.0017801608579088473,0.9229338928552426,0.07528594628684895,0.9229338928552426
FW_01707862,32.99648,76.51436,65_153,1,natural_vegetation_fire,2,other_uncertain,False,0.013868795390360228,0.480509135989148,0.5056220686204917,0.5056220686204917
FW_01084873,17.46607,80.65434,34_161,1,natural_vegetation_fire,1,natural_vegetation_fire,True,0.11103274799419353,0.5741198954604294,0.3148473565453769,0.5741198954604294
FW_01579720,20.96468,85.16713,41_170,2,other_uncertain,2,other_uncertain,True,0.003784384888660175,0.04495531489517247,0.9512603002161673,0.9512603002161673
FW_00394162,20.9597,85.1819,41_170,2,other_uncertain,2,other_uncertain,True,0.02041210783416005,0.08608773580174055,0.8935001563640987,0.8935001563640987
FW_01321248,22.69608,76.46147,45_152,1,natural_vegetation_fire,1,natural_vegetation_fire,True,0.004662951128040491,0.6734355110278153,0.32190153784414466,0.6734355110278153
FW_01297404,24.26458,74.45986,48_148,1,natural_vegetation_fire,1,natural_vegetation_fire,True,0.0016048329138734626,0.9806830924232336,0.017712074662892978,0.9806830924232336
FW_00445368,20.78568,85.26498,41_170,2,other_uncertain,2,other_uncertain,True,0.034098141906666046,0.2305482426078196,0.7353536154855138,0.7353536154855138
FW_00541137,31.00873,75.24187,62_150,1,natural_vegetation_fire,1,natural_vegetation_fire,True,0.0,0.9072127210950212,0.09278727890497919,0.9072127210950212
FW_00006137,15.18004,77.10332,30_154,0,industrial_fire_candidate,2,other_uncertain,False,0.06186725476008336,0.15908482356717638,0.7790479216727397,0.7790479216727397
FW_00981892,22.48122,81.4713,44_162,1,natural_vegetation_fire,1,natural_vegetation_fire,True,0.0,0.986231566715951,0.013768433284049034,0.986231566715951
FW_01325550,24.13733,82.70747,48_165,2,other_uncertain,2,other_uncertain,True,0.08347176922928012,0.1308703802829818,0.7856578504877375,0.7856578504877375
FW_00946108,21.91341,79.01741,43_158,1,natural_vegetation_fire,1,natural_vegetation_fire,True,0.0,0.9652075619353697,0.03479243806463036,0.9652075619353697
FW_01291379,23.91584,92.88858,47_185,1,natural_vegetation_fire,1,natural_vegetation_fire,True,0.0,0.9919136171669298,0.008086382833070302,0.9919136171669298
FW_00582610,15.17875,77.10149,30_154,0,industrial_fire_candidate,2,other_uncertain,False,0.019525883263060786,0.1451001870543699,0.8353739296825684,0.8353739296825684
FW_01102031,31.44987,75.34364,62_150,1,natural_vegetation_fire,1,natural_vegetation_fire,True,0.0018478664192949905,0.7661078864704033,0.23204424711030205,0.7661078864704033
FW_00444295,10.13456,78.58447,20_157,1,natural_vegetation_fire,1,natural_vegetation_fire,True,0.0,0.8787091563548967,0.12129084364510365,0.8787091563548967
FW_00947314,20.96799,85.01302,41_170,2,other_uncertain,2,other_uncertain,True,0.03014631993153969,0.19927421419590532,0.7705794658725545,0.7705794658725545
FW_01343409,24.67239,78.77972,49_157,1,natural_vegetation_fire,1,natural_vegetation_fire,True,0.0,0.9602701965293081,0.039729803470691986,0.9602701965293081
FW_01504525,22.0133,75.93026,44_151,1,natural_vegetation_fire,1,natural_vegetation_fire,True,0.02335810032699487,0.8316070690917713,0.14503483058123443,0.8316070690917713
FW_01525664,25.24167,83.74776,50_167,1,natural_vegetation_fire,1,natural_vegetation_fire,True,0.014056746637017867,0.8045248616055168,0.1814183917574655,0.8045248616055168
FW_00047922,14.22502,74.46016,28_148,1,natural_vegetation_fire,1,natural_vegetation_fire,True,0.007039457438438124,0.9468297937526763,0.046130748808886034,0.9468297937526763
FW_01567491,29.98419,75.77983,59_151,1,natural_vegetation_fire,1,natural_vegetation_fire,True,0.003695732838589981,0.9050392685707681,0.09126499859064248,0.9050392685707681
FW_01481605,30.36365,78.46777,60_156,1,natural_vegetation_fire,1,natural_vegetation_fire,True,0.024152621647780908,0.8722391926722033,0.10360818568001606,0.8722391926722033
FW_01301591,19.66039,79.92314,39_159,1,natural_vegetation_fire,1,natural_vegetation_fire,True,0.0,0.9677708759122873,0.032229124087713105,0.9677708759122873
FW_01401995,23.81037,91.92651,47_183,1,natural_vegetation_fire,1,natural_vegetation_fire,True,0.0,0.9131840060943962,0.08681599390560425,0.9131840060943962
FW_00115068,25.85731,94.92433,51_189,1,natural_vegetation_fire,1,natural_vegetation_fire,True,0.0,0.9669152366039233,0.03308476339607692,0.9669152366039233
FW_00498070,23.14468,71.17754,46_142,1,natural_vegetation_fire,1,natural_vegetation_fire,True,0.0,0.9008026843078201,0.09919731569218027,0.9008026843078201
FW_01582227,23.84043,84.95253,47_169,2,other_uncertain,2,other_uncertain,True,0.0,0.13391384559933828,0.8660861544006608,0.8660861544006608
FW_00605190,20.96575,85.17847,41_170,2,other_uncertain,2,other_uncertain,True,0.006941829263278392,0.08126176894655031,0.9117964017901703,0.9117964017901703
FW_00649825,17.10766,77.24519,34_154,2,other_uncertain,2,other_uncertain,True,0.042815675366529235,0.2630430090911089,0.6941413155423617,0.6941413155423617
FW_00998826,31.44695,75.32678,62_150,2,other_uncertain,1,natural_vegetation_fire,False,0.007264651625553882,0.6730813668488437,0.31965398152560287,0.6730813668488437
FW_01496741,19.09888,82.98492,38_165,1,natural_vegetation_fire,1,natural_vegetation_fire,True,0.005418327984567312,0.9670019808168228,0.02757969119861019,0.9670019808168228
FW_00512075,22.9606,68.99524,45_137,1,natural_vegetation_fire,1,natural_vegetation_fire,True,0.010723502403767555,0.8167938550244114,0.17248264257182125,0.8167938550244114
FW_01179683,20.78759,85.26115,41_170,2,other_uncertain,2,other_uncertain,True,0.01916621421639689,0.11504129517635547,0.865792490607247,0.865792490607247
FW_01039454,31.15603,75.33161,62_150,1,natural_vegetation_fire,1,natural_vegetation_fire,True,0.00976879216664311,0.8743579840796912,0.11587322375366599,0.8743579840796912
FW_00174326,25.0251,87.65588,50_175,1,natural_vegetation_fire,1,natural_vegetation_fire,True,0.05947338335659402,0.7120429689542935,0.22848364768911267,0.7120429689542935
FW_01689932,19.72429,79.17611,39_158,0,industrial_fire_candidate,2,other_uncertain,False,0.24792281558078547,0.047507548804467746,0.7045696356147458,0.7045696356147458
FW_00839161,20.57232,73.8518,41_147,1,natural_vegetation_fire,1,natural_vegetation_fire,True,0.004,0.6397445193708694,0.3562554806291309,0.6397445193708694
FW_01297958,26.6965,89.90065,53_179,1,natural_vegetation_fire,1,natural_vegetation_fire,True,0.0035662177441232535,0.9797037382767873,0.016730043979089795,0.9797037382767873
FW_00118755,28.3527,77.32192,56_154,2,other_uncertain,2,other_uncertain,True,0.2582950436113394,0.1319375348155159,0.609767421573144,0.609767421573144
FW_00858363,24.50423,92.74503,49_185,1,natural_vegetation_fire,1,natural_vegetation_fire,True,0.0,0.9163093604097786,0.08369063959022204,0.9163093604097786
FW_01031036,23.82872,84.91524,47_169,1,natural_vegetation_fire,1,natural_vegetation_fire,True,0.001718351324828263,0.5796833584573029,0.4185982902178688,0.5796833584573029
FW_01547287,30.64412,74.33618,61_148,1,natural_vegetation_fire,1,natural_vegetation_fire,True,0.0,0.9632822722719585,0.03671772772804154,0.9632822722719585
FW_01241705,24.9308,92.57944,49_185,1,natural_vegetation_fire,1,natural_vegetation_fire,True,0.09285039967859632,0.643522974589896,0.2636266257315078,0.643522974589896
FW_01052562,21.23378,79.62777,42_159,0,industrial_fire_candidate,2,other_uncertain,False,0.19364648974375312,0.1068638276621705,0.6994896825940757,0.6994896825940757
FW_00786205,20.28706,85.41933,40_170,1,natural_vegetation_fire,1,natural_vegetation_fire,True,0.0,0.9860981723568966,0.01390182764310343,0.9860981723568966
FW_00726507,13.74045,76.5167,27_153,1,natural_vegetation_fire,1,natural_vegetation_fire,True,0.024633497538137945,0.8329224209815733,0.14244408148028917,0.8329224209815733
FW_00669623,18.40186,72.97151,36_145,1,natural_vegetation_fire,1,natural_vegetation_fire,True,0.0019209257473481196,0.9773875846020319,0.020691489650620076,0.9773875846020319
FW_00253482,22.21021,84.84798,44_169,2,other_uncertain,2,other_uncertain,True,0.08970890149094464,0.05979503321133121,0.8504960652977236,0.8504960652977236
FW_01076088,30.65182,74.29272,61_148,2,other_uncertain,1,natural_vegetation_fire,False,0.0,0.871912995040017,0.12808700495998313,0.871912995040017
FW_00034989,23.82613,84.92167,47_169,2,other_uncertain,2,other_uncertain,True,0.01119714775140763,0.2518869058510995,0.7369159463974927,0.7369159463974927
FW_00809213,20.79391,85.25302,41_170,2,other_uncertain,2,other_uncertain,True,0.16831047135513794,0.08726541424673138,0.7444241143981298,0.7444241143981298
FW_01420940,12.99204,78.43306,25_156,1,natural_vegetation_fire,1,natural_vegetation_fire,True,0.0033225588214373216,0.929577912762358,0.0670995284162048,0.929577912762358
FW_00502130,31.13295,75.22226,62_150,1,natural_vegetation_fire,1,natural_vegetation_fire,True,0.00896668855247205,0.8965885631813694,0.0944447482661588,0.8965885631813694
FW_01069612,30.47202,76.53697,60_153,1,natural_vegetation_fire,1,natural_vegetation_fire,True,0.012428534929463456,0.6297226816071125,0.357848783463424,0.6297226816071125
FW_00821574,22.42911,77.10809,44_154,1,natural_vegetation_fire,1,natural_vegetation_fire,True,0.0,0.9182107289928465,0.08178927100715376,0.9182107289928465
FW_00668852,24.47312,93.69242,48_187,1,natural_vegetation_fire,1,natural_vegetation_fire,True,0.0017172413793103446,0.9239580431039923,0.07432471551669768,0.9239580431039923
FW_01389349,16.13846,74.26881,32_148,1,natural_vegetation_fire,1,natural_vegetation_fire,True,0.0,0.944507618070499,0.05549238192950145,0.944507618070499
FW_01617039,20.97046,85.17596,41_170,2,other_uncertain,2,other_uncertain,True,0.009225168023028096,0.055412579595548565,0.9353622523814232,0.9353622523814232
FW_00603168,19.72166,79.17494,39_158,0,industrial_fire_candidate,2,other_uncertain,False,0.4110321952304593,0.03234223113850592,0.5566255736310348,0.5566255736310348
FW_01494180,20.79006,85.25889,41_170,2,other_uncertain,2,other_uncertain,True,0.026867170853556357,0.2577484342531478,0.7153843948932955,0.7153843948932955
FW_01095355,20.96485,85.17467,41_170,2,other_uncertain,2,other_uncertain,True,0.009784897083279235,0.06369884000802703,0.9265162629086928,0.9265162629086928
FW_01599145,20.99374,79.65124,41_159,1,natural_vegetation_fire,1,natural_vegetation_fire,True,0.0,0.9136540050056473,0.0863459949943531,0.9136540050056473
FW_01493428,25.2268,75.92449,50_151,1,natural_vegetation_fire,1,natural_vegetation_fire,True,0.0,0.8118177404772525,0.18818225952274784,0.8118177404772525
FW_00497235,31.05268,75.28259,62_150,1,natural_vegetation_fire,1,natural_vegetation_fire,True,0.0018478664192949905,0.8138845092323967,0.18426762434830868,0.8138845092323967
FW_00590607,17.10959,80.89332,34_161,1,natural_vegetation_fire,1,natural_vegetation_fire,True,0.007414084163418244,0.6937063946551585,0.2988795211814235,0.6937063946551585
FW_00534267,23.81296,80.35337,47_160,1,natural_vegetation_fire,1,natural_vegetation_fire,True,0.0,0.8331303420143983,0.1668696579856022,0.8331303420143983
FW_00231535,23.75363,80.13477,47_160,1,natural_vegetation_fire,1,natural_vegetation_fire,True,0.0034355927041386076,0.9503614171853261,0.046202990110535545,0.9503614171853261
FW_00796012,24.24117,92.56931,48_185,1,natural_vegetation_fire,1,natural_vegetation_fire,True,0.0,0.9491029223539192,0.050897077646081125,0.9491029223539192
FW_01685119,24.14524,86.33192,48_172,2,other_uncertain,2,other_uncertain,True,0.15413424501344236,0.12138430823635053,0.7244814467502064,0.7244814467502064
FW_00059403,12.23048,75.60488,24_151,1,natural_vegetation_fire,1,natural_vegetation_fire,True,0.0,0.9795139818143002,0.02048601818569996,0.9795139818143002
FW_00397925,34.14567,77.59492,68_155,2,other_uncertain,2,other_uncertain,True,0.0387329434292465,0.476324847682109,0.4849422088886445,0.4849422088886445
FW_01416637,24.15618,93.79489,48_187,1,natural_vegetation_fire,1,natural_vegetation_fire,True,0.0018478664192949905,0.98770013754869,0.010451996032015068,0.98770013754869
FW_01065873,26.97727,77.86015,53_155,1,natural_vegetation_fire,1,natural_vegetation_fire,True,0.0,0.9211143398791548,0.0788856601208456,0.9211143398791548
FW_00423636,20.96476,85.17866,41_170,2,other_uncertain,2,other_uncertain,True,0.0055662177441232535,0.04926662780855676,0.9451671544473194,0.9451671544473194
FW_00127110,16.39708,74.12259,32_148,1,natural_vegetation_fire,1,natural_vegetation_fire,True,0.003807531938232521,0.8955305469199345,0.10066192114183341,0.8955305469199345
FW_00553652,14.58869,78.58035,29_157,2,other_uncertain,2,other_uncertain,True,0.08959589992381818,0.07963618512183732,0.8307679149543439,0.8307679149543439
FW_01178895,30.55014,79.16188,61_158,1,natural_vegetation_fire,1,natural_vegetation_fire,True,0.0035662177441232535,0.9183640205059274,0.07806976174994971,0.9183640205059274
FW_00520182,26.90751,72.05471,53_144,2,other_uncertain,2,other_uncertain,True,0.003718351324828263,0.27063517478378596,0.725646473891385,0.725646473891385
FW_01109604,30.57065,74.13322,61_148,1,natural_vegetation_fire,1,natural_vegetation_fire,True,0.0018478664192949905,0.7360277294273425,0.2621244041533629,0.7360277294273425
FW_00487464,29.6557,75.75639,59_151,1,natural_vegetation_fire,1,natural_vegetation_fire,True,0.008725055042291999,0.8615875627037892,0.12968738225391954,0.8615875627037892
FW_00144828,20.79513,85.25428,41_170,2,other_uncertain,2,other_uncertain,True,0.1917509478193364,0.054055756096042254,0.7541932960846209,0.7541932960846209
FW_01164002,23.83706,84.95103,47_169,2,other_uncertain,2,other_uncertain,True,0.005145513631316168,0.08401065079690777,0.9108438355717757,0.9108438355717757
FW_01465770,24.75985,79.74086,49_159,1,natural_vegetation_fire,1,natural_vegetation_fire,True,0.005486033545953455,0.9400277224043104,0.05448624404973641,0.9400277224043104
FW_00546089,16.58298,76.9831,33_153,1,natural_vegetation_fire,1,natural_vegetation_fire,True,0.0,0.8455098388797011,0.15449016112029915,0.8455098388797011
FW_01116337,25.12223,77.11459,50_154,1,natural_vegetation_fire,1,natural_vegetation_fire,True,0.0,0.9539400887197964,0.04605991128020362,0.9539400887197964
FW_00830778,13.02193,76.26969,26_152,1,natural_vegetation_fire,1,natural_vegetation_fire,True,0.012772528240360912,0.8044377351696036,0.18278973659003608,0.8044377351696036
FW_00928830,22.36009,84.72384,44_169,1,natural_vegetation_fire,1,natural_vegetation_fire,True,0.0,0.9518008004146978,0.04819919958530234,0.9518008004146978
FW_00958079,20.96431,85.17934,41_170,2,other_uncertain,2,other_uncertain,True,0.007224587883968048,0.043738838431525456,0.949036573684506,0.949036573684506
FW_01088901,29.94239,75.85377,59_151,1,natural_vegetation_fire,1,natural_vegetation_fire,True,0.003695732838589981,0.9124461412919757,0.08385812586943485,0.9124461412919757
FW_01489421,25.26924,87.82344,50_175,1,natural_vegetation_fire,1,natural_vegetation_fire,True,0.005039457438438124,0.8369291894038438,0.1580313531577186,0.8369291894038438
FW_01050080,27.61443,70.78976,55_141,2,other_uncertain,2,other_uncertain,True,0.0,0.27622479282185863,0.7237752071781413,0.7237752071781413
FW_00232434,22.26911,77.44391,44_154,1,natural_vegetation_fire,1,natural_vegetation_fire,True,0.0,0.9820503763243198,0.017949623675680416,0.9820503763243198
FW_00249702,24.91544,83.30343,49_166,1,natural_vegetation_fire,1,natural_vegetation_fire,True,0.003718351324828263,0.9457151244247786,0.05056652425039362,0.9457151244247786
FW_00932501,23.23996,75.683,46_151,1,natural_vegetation_fire,2,other_uncertain,False,0.03195717986883815,0.4259770209292782,0.5420657992018837,0.5420657992018837
FW_00463315,31.56291,75.27357,63_150,1,natural_vegetation_fire,1,natural_vegetation_fire,True,0.03979678147954303,0.7943714596218324,0.16583175889862495,0.7943714596218324
FW_00571298,20.97854,85.13663,41_170,2,other_uncertain,2,other_uncertain,True,0.009936518469365184,0.03860680713397054,0.9514566743966639,0.9514566743966639
FW_00687044,21.17062,70.07159,42_140,1,natural_vegetation_fire,1,natural_vegetation_fire,True,0.0,0.9523626449696497,0.04763735503035058,0.9523626449696497
FW_00390165,20.79566,85.25502,41_170,2,other_uncertain,2,other_uncertain,True,0.20407960358622487,0.03857774523521087,0.757342651178564,0.757342651178564
FW_00368343,30.92902,74.43236,61_148,1,natural_vegetation_fire,1,natural_vegetation_fire,True,0.0,0.9576903541555251,0.042309645844475094,0.9576903541555251
FW_00858319,24.44153,93.96758,48_187,1,natural_vegetation_fire,1,natural_vegetation_fire,True,0.006990565268007835,0.940475595586082,0.05253383914591051,0.940475595586082
FW_01630696,26.44414,78.38414,52_156,1,natural_vegetation_fire,1,natural_vegetation_fire,True,0.0,0.9860102242158518,0.013989775784148286,0.9860102242158518
FW_00279111,22.92526,72.26032,45_144,1,natural_vegetation_fire,1,natural_vegetation_fire,True,0.001603864734299517,0.7184880835301806,0.27990805173552075,0.7184880835301806
FW_00242148,22.47173,81.45182,44_162,1,natural_vegetation_fire,1,natural_vegetation_fire,True,0.0,0.982595054452261,0.017404945547739036,0.982595054452261
FW_00792988,22.04188,84.41474,44_168,1,natural_vegetation_fire,1,natural_vegetation_fire,True,0.014689308471217254,0.9612666385069217,0.024044053021861224,0.9612666385069217
FW_00902962,15.7664,77.07442,31_154,1,natural_vegetation_fire,1,natural_vegetation_fire,True,0.0,0.9571901787354746,0.042809821264525566,0.9571901787354746
FW_01583082,31.05939,75.17511,62_150,1,natural_vegetation_fire,1,natural_vegetation_fire,True,0.0015045317220543806,0.9101387536817834,0.08835671459616219,0.9101387536817834
FW_00214654,19.55907,78.63786,39_157,1,natural_vegetation_fire,1,natural_vegetation_fire,True,0.0018478664192949905,0.9918939345884937,0.006258198992211338,0.9918939345884937
FW_00558707,19.92985,79.12083,39_158,0,industrial_fire_candidate,2,other_uncertain,False,0.23211972578630127,0.045082946767898285,0.7227973274457994,0.7227973274457994
FW_01616663,30.28479,76.91376,60_153,1,natural_vegetation_fire,1,natural_vegetation_fire,True,0.0,0.9461390096093871,0.05386099039061322,0.9461390096093871
FW_00461560,31.96222,75.28952,63_150,1,natural_vegetation_fire,1,natural_vegetation_fire,True,0.053124094842316505,0.6536147513012719,0.2932611538564118,0.6536147513012719
FW_00569770,15.17758,77.10445,30_154,0,industrial_fire_candidate,2,other_uncertain,False,0.042084364014103995,0.16871926822110456,0.789196367764791,0.789196367764791
FW_00483601,29.97659,75.71011,59_151,1,natural_vegetation_fire,1,natural_vegetation_fire,True,0.005413402449666499,0.8867609533613997,0.10782564418893412,0.8867609533613997
FW_01165247,20.79487,85.25246,41_170,2,other_uncertain,2,other_uncertain,True,0.1429643170482285,0.07419884228300555,0.7828368406687651,0.7828368406687651
FW_01464402,12.92204,79.30978,25_158,1,natural_vegetation_fire,1,natural_vegetation_fire,True,0.02176607910022031,0.6586972928474956,0.3195366280522844,0.6586972928474956
FW_00899223,26.04866,85.82922,52_171,2,other_uncertain,1,natural_vegetation_fire,False,0.003506236559139785,0.8814145550183846,0.11507920842247613,0.8814145550183846
FW_00594469,20.80606,85.25734,41_170,2,other_uncertain,2,other_uncertain,True,0.15098182923191195,0.037679716926993435,0.8113384538410938,0.8113384538410938
FW_01584510,29.12491,75.7811,58_151,2,other_uncertain,2,other_uncertain,True,0.26737465598813676,0.14046189597995082,0.592163448031912,0.592163448031912
FW_01454091,27.4888,81.51183,54_163,1,natural_vegetation_fire,1,natural_vegetation_fire,True,0.0034344827586206893,0.8554417511144629,0.14112376612691702,0.8554417511144629
FW_00170067,22.3269,78.03937,44_156,1,natural_vegetation_fire,1,natural_vegetation_fire,True,0.0,0.992408973374198,0.007591026625802144,0.992408973374198
FW_00493151,31.37389,75.30176,62_150,1,natural_vegetation_fire,1,natural_vegetation_fire,True,0.0018478664192949905,0.9278696953242089,0.07028243825649629,0.9278696953242089
FW_00209990,23.59181,84.8979,47_169,1,natural_vegetation_fire,1,natural_vegetation_fire,True,0.0012080027595722663,0.9353324383464997,0.06345955889392846,0.9353324383464997
FW_00089535,14.69441,78.90659,29_157,1,natural_vegetation_fire,1,natural_vegetation_fire,True,0.003695732838589981,0.9434768587706941,0.052827408390716285,0.9434768587706941
FW_00123339,20.94622,85.01442,41_170,2,other_uncertain,2,other_uncertain,True,0.00995541232707588,0.08296780890857818,0.9070767787643453,0.9070767787643453
FW_00375036,16.54975,79.44277,33_158,1,natural_vegetation_fire,1,natural_vegetation_fire,True,0.003794446223855251,0.8864843767400667,0.10972117703607825,0.8864843767400667
FW_00003101,20.94489,85.01449,41_170,2,other_uncertain,2,other_uncertain,True,0.027259364238561366,0.08483824393210082,0.8879023918293371,0.8879023918293371
FW_00607274,15.33399,76.28421,30_152,2,other_uncertain,2,other_uncertain,True,0.04358556571911427,0.03733763394792157,0.9190768003329638,0.9190768003329638
FW_00781219,24.48045,92.88914,48_185,1,natural_vegetation_fire,1,natural_vegetation_fire,True,0.005487490546208016,0.890034175391754,0.10447833406203837,0.890034175391754
FW_01301906,25.41516,86.02838,50_172,0,industrial_fire_candidate,2,other_uncertain,False,0.1951333345789602,0.3336238558245113,0.4712428095965284,0.4712428095965284
FW_00079767,24.20167,92.64897,48_185,1,natural_vegetation_fire,1,natural_vegetation_fire,True,0.0018478664192949905,0.9598687738650081,0.03828335971569705,0.9598687738650081
FW_01632141,20.97191,85.17425,41_170,2,other_uncertain,2,other_uncertain,True,0.023691832886877266,0.0599671786813495,0.916340988431773,0.916340988431773
FW_00307306,17.46309,80.98993,34_161,1,natural_vegetation_fire,1,natural_vegetation_fire,True,0.0,0.9845231465107296,0.015476853489270553,0.9845231465107296
FW_00620770,19.30721,81.6356,38_163,1,natural_vegetation_fire,1,natural_vegetation_fire,True,0.0,0.991743453576192,0.008256546423808062,0.991743453576192
FW_00573646,21.79589,72.09075,43_144,2,other_uncertain,2,other_uncertain,True,0.014883520385958839,0.41760171700533216,0.5675147626087089,0.5675147626087089
FW_01678638,25.20585,83.22955,50_166,1,natural_vegetation_fire,1,natural_vegetation_fire,True,0.0,0.8774587383400503,0.12254126165995011,0.8774587383400503
FW_00545333,20.79591,85.2522,41_170,2,other_uncertain,2,other_uncertain,True,0.22310278625147892,0.042038279225889846,0.7348589345226307,0.7348589345226307
FW_00367668,29.73056,75.59317,59_151,1,natural_vegetation_fire,1,natural_vegetation_fire,True,0.028851736249202134,0.8192985476199425,0.15184971613085568,0.8192985476199425
FW_00274069,22.21205,84.86227,44_169,2,other_uncertain,2,other_uncertain,True,0.16352133696167945,0.025706836214802152,0.810771826823518,0.810771826823518
FW_00014931,20.96427,85.17938,41_170,2,other_uncertain,2,other_uncertain,True,0.0076970176827659016,0.042758210139172574,0.9495447721780612,0.9495447721780612
FW_00063965,27.29352,95.27781,54_190,1,natural_vegetation_fire,1,natural_vegetation_fire,True,0.019402758566841226,0.8997168991596692,0.08088034227349016,0.8997168991596692
FW_01044281,20.96918,85.17516,41_170,2,other_uncertain,2,other_uncertain,True,0.002,0.08201115315434976,0.9159888468456497,0.9159888468456497
FW_00762321,24.90452,94.18995,49_188,1,natural_vegetation_fire,1,natural_vegetation_fire,True,0.0,0.9582743104168209,0.04172568958317925,0.9582743104168209
FW_00586616,25.80732,82.26397,51_164,1,natural_vegetation_fire,1,natural_vegetation_fire,True,0.0018478664192949905,0.8874341222339989,0.1107180113467066,0.8874341222339989
FW_01121225,20.80809,85.25713,41_170,2,other_uncertain,2,other_uncertain,True,0.14968429014507895,0.04570130589297745,0.804614403961943,0.804614403961943
FW_00444897,24.16404,82.68008,48_165,2,other_uncertain,2,other_uncertain,True,0.04603963332709588,0.2728217602503138,0.6811386064225903,0.6811386064225903
FW_01580917,22.8174,72.28164,45_144,1,natural_vegetation_fire,1,natural_vegetation_fire,True,0.0018485088413829507,0.9394197386721838,0.058731752486433815,0.9394197386721838
FW_01127493,20.79545,85.25131,41_170,2,other_uncertain,2,other_uncertain,True,0.15121517285921957,0.1418810047733348,0.706903822367445,0.706903822367445
FW_00006514,24.1432,82.5686,48_165,2,other_uncertain,2,other_uncertain,True,0.025977610364578258,0.4027324641804273,0.5712899254549942,0.5712899254549942
FW_00208641,22.00443,80.25832,44_160,1,natural_vegetation_fire,1,natural_vegetation_fire,True,0.0,0.9799009898781175,0.020099010121882813,0.9799009898781175
FW_00620762,19.1662,76.56742,38_153,1,natural_vegetation_fire,1,natural_vegetation_fire,True,0.0,0.9935646057695736,0.0064353942304265525,0.9935646057695736
FW_00742395,19.35338,82.7421,38_165,1,natural_vegetation_fire,1,natural_vegetation_fire,True,0.0,0.9860297823486468,0.01397021765135326,0.9860297823486468
FW_00756956,12.67539,78.22652,25_156,1,natural_vegetation_fire,1,natural_vegetation_fire,True,0.046687501336531476,0.8439368480306815,0.10937565063278726,0.8439368480306815
FW_01153353,20.76033,85.29308,41_170,2,other_uncertain,2,other_uncertain,True,0.0035662177441232535,0.19568363994518814,0.8007501423106881,0.8007501423106881
FW_00996088,23.54073,81.01727,47_162,1,natural_vegetation_fire,1,natural_vegetation_fire,True,0.0,1.0,0.0,1.0
FW_01013540,17.01724,79.64473,34_159,1,natural_vegetation_fire,1,natural_vegetation_fire,True,0.001718351324828263,0.9177706832345912,0.08051096544058096,0.9177706832345912
FW_00672434,23.62405,69.50795,47_139,1,natural_vegetation_fire,1,natural_vegetation_fire,True,0.003353250077213033,0.9313416127549514,0.06530513716783613,0.9313416127549514
FW_00327145,27.11932,83.63194,54_167,1,natural_vegetation_fire,1,natural_vegetation_fire,True,0.001603864734299517,0.947461340748168,0.050934794517532814,0.947461340748168
FW_01528989,28.50198,76.4585,57_152,1,natural_vegetation_fire,1,natural_vegetation_fire,True,0.0,0.9144336528290897,0.08556634717091072,0.9144336528290897
FW_00892497,19.10258,82.80451,38_165,1,natural_vegetation_fire,1,natural_vegetation_fire,True,0.0,1.0,0.0,1.0
FW_00345289,20.90774,79.22424,41_158,2,other_uncertain,1,natural_vegetation_fire,False,0.010322145460592002,0.5722027425301329,0.41747511200927545,0.5722027425301329
FW_00693723,25.00825,87.67195,50_175,1,natural_vegetation_fire,1,natural_vegetation_fire,True,0.002,0.9201748463147513,0.077825153685249,0.9201748463147513
FW_00797018,25.67283,94.54095,51_189,1,natural_vegetation_fire,1,natural_vegetation_fire,True,0.0053565184514867276,0.8655421227102013,0.1291013588383124,0.8655421227102013
FW_00147808,20.53144,79.6054,41_159,1,natural_vegetation_fire,1,natural_vegetation_fire,True,0.007266194403862302,0.9644992784165732,0.02823452717956447,0.9644992784165732
FW_00055999,21.24976,74.94025,42_149,1,natural_vegetation_fire,1,natural_vegetation_fire,True,0.0,0.9954037570244558,0.0045962429755442595,0.9954037570244558
FW_00335528,30.59801,74.29505,61_148,1,natural_vegetation_fire,1,natural_vegetation_fire,True,0.0,0.8934532635933815,0.10654673640661921,0.8934532635933815
FW_01065481,20.96984,85.01701,41_170,2,other_uncertain,2,other_uncertain,True,0.016970197936579858,0.25254544685315866,0.7304843552102611,0.7304843552102611
FW_01654197,19.46813,75.49083,38_150,1,natural_vegetation_fire,1,natural_vegetation_fire,True,0.0,0.9644008314008923,0.035599168599107923,0.9644008314008923
FW_00412794,24.16493,82.68133,48_165,2,other_uncertain,2,other_uncertain,True,0.02570489763108397,0.03493638372280919,0.9393587186461065,0.9393587186461065
FW_00839459,9.44706,76.36054,18_152,1,natural_vegetation_fire,1,natural_vegetation_fire,True,0.011381685901861546,0.8415128442927619,0.14710546980537675,0.8415128442927619
FW_00379288,24.13377,82.59057,48_165,2,other_uncertain,2,other_uncertain,True,0.029469410062574624,0.053782984643132706,0.9167476052942924,0.9167476052942924
FW_01222911,17.26201,78.07636,34_156,1,natural_vegetation_fire,1,natural_vegetation_fire,True,0.0017172413793103446,0.9241711886073694,0.07411157001332055,0.9241711886073694
FW_00598807,20.25031,85.48088,40_170,1,natural_vegetation_fire,1,natural_vegetation_fire,True,0.0019209257473481196,0.9212948791431682,0.0767841951094839,0.9212948791431682
FW_00470161,30.26034,76.55083,60_153,1,natural_vegetation_fire,1,natural_vegetation_fire,True,0.0,0.8867304373950732,0.11326956260492752,0.8867304373950732
FW_01698096,15.62675,76.87503,31_153,2,other_uncertain,1,natural_vegetation_fire,False,0.0,0.7818484228489424,0.2181515771510579,0.7818484228489424
FW_00052465,17.61123,73.86812,35_147,1,natural_vegetation_fire,1,natural_vegetation_fire,True,0.0018478664192949905,0.8348161754586714,0.16333595812203391,0.8348161754586714
FW_01577939,20.76067,85.29314,41_170,2,other_uncertain,2,other_uncertain,True,0.010642037267990555,0.11976597206682818,0.8695919906651807,0.8695919906651807
FW_01071636,31.40734,75.04769,62_150,1,natural_vegetation_fire,1,natural_vegetation_fire,True,0.012589172011498884,0.9020323758588735,0.08537845212962816,0.9020323758588735
FW_01404720,12.96968,78.18917,25_156,2,other_uncertain,1,natural_vegetation_fire,False,0.0,0.6767040308104818,0.32329596918951864,0.6767040308104818
FW_01411180,24.10335,93.84572,48_187,1,natural_vegetation_fire,1,natural_vegetation_fire,True,0.0,0.9845086768208627,0.015491323179137564,0.9845086768208627
FW_00444922,20.977,85.14709,41_170,2,other_uncertain,2,other_uncertain,True,0.03256369942400862,0.41429902641130606,0.5531372741646854,0.5531372741646854
FW_00722803,20.99454,85.39157,41_170,1,natural_vegetation_fire,1,natural_vegetation_fire,True,0.005690360336079191,0.9576224272647004,0.03668721239922071,0.9576224272647004
FW_01257230,26.1689,85.89308,52_171,2,other_uncertain,1,natural_vegetation_fire,False,0.058366779339985214,0.5684946857872079,0.3731385348728071,0.5684946857872079
FW_01560390,31.93904,75.49589,63_150,1,natural_vegetation_fire,1,natural_vegetation_fire,True,0.0018478664192949905,0.8808931386432853,0.11725899493742027,0.8808931386432853
FW_00705414,25.41639,86.02964,50_172,0,industrial_fire_candidate,2,other_uncertain,False,0.09979850660297843,0.3982604541587585,0.501941039238263,0.501941039238263
FW_01056843,20.96263,85.17477,41_170,2,other_uncertain,2,other_uncertain,True,0.00426708915331324,0.0849519373978984,0.9107809734487877,0.9107809734487877
FW_01610165,10.10508,78.77245,20_157,1,natural_vegetation_fire,1,natural_vegetation_fire,True,0.07540792649155652,0.67407553718682,0.25051653632162363,0.67407553718682
FW_01006895,31.53246,75.43427,63_150,1,natural_vegetation_fire,1,natural_vegetation_fire,True,0.0018478664192949905,0.939219836224245,0.05893229735646052,0.939219836224245
FW_01097303,30.23813,76.35626,60_152,1,natural_vegetation_fire,1,natural_vegetation_fire,True,0.0,0.8891289647201336,0.110871035279867,0.8891289647201336
FW_00267742,24.45044,82.95667,48_165,2,other_uncertain,1,natural_vegetation_fire,False,0.2357902618489189,0.47258622620365603,0.2916235119474249,0.47258622620365603
FW_01580949,27.53098,70.67934,55_141,1,natural_vegetation_fire,2,other_uncertain,False,0.004695480469435447,0.417940707642574,0.5773638118879904,0.5773638118879904
FW_01705419,32.5685,76.46603,65_152,1,natural_vegetation_fire,1,natural_vegetation_fire,True,0.012676800679231149,0.7657294870000788,0.22159371232069053,0.7657294870000788
FW_00049344,18.19797,77.44763,36_154,1,natural_vegetation_fire,2,other_uncertain,False,0.04973920679141318,0.2962103207527885,0.6540504724557977,0.6540504724557977
FW_01562755,31.0118,75.36832,62_150,1,natural_vegetation_fire,1,natural_vegetation_fire,True,0.0013400592578021748,0.9482707016624324,0.050389239079765856,0.9482707016624324
FW_01390772,15.88839,79.9556,31_159,1,natural_vegetation_fire,1,natural_vegetation_fire,True,0.0,0.9468657923834264,0.05313420761657377,0.9468657923834264
FW_00359605,21.26105,79.5197,42_159,1,natural_vegetation_fire,1,natural_vegetation_fire,True,0.013803752518553503,0.9375490021120683,0.048647245369378506,0.9375490021120683
FW_01611619,20.97036,85.17606,41_170,2,other_uncertain,2,other_uncertain,True,0.010036215538348155,0.07410847622029572,0.9158553082413555,0.9158553082413555
FW_00349587,31.52766,75.45071,63_150,1,natural_vegetation_fire,1,natural_vegetation_fire,True,0.0018478664192949905,0.8650629964590544,0.13308913712165107,0.8650629964590544
FW_00883241,24.74049,94.20116,49_188,1,natural_vegetation_fire,1,natural_vegetation_fire,True,0.0,0.9859298988156462,0.01407010118435376,0.9859298988156462
FW_00223390,24.18817,82.53197,48_165,1,natural_vegetation_fire,1,natural_vegetation_fire,True,0.009066439378664288,0.861196279198742,0.12973728142259397,0.861196279198742
FW_01125332,30.61534,74.201,61_148,1,natural_vegetation_fire,1,natural_vegetation_fire,True,0.002,0.8052498413640842,0.19275015863591602,0.8052498413640842
FW_01104572,25.76318,82.33888,51_164,1,natural_vegetation_fire,1,natural_vegetation_fire,True,0.0,0.9682899074224266,0.03171009257757353,0.9682899074224266
FW_01020460,22.16155,73.45469,44_146,1,natural_vegetation_fire,1,natural_vegetation_fire,True,0.0,0.8722145720974182,0.12778542790258238,0.8722145720974182
FW_00399716,20.96401,85.17123,41_170,2,other_uncertain,2,other_uncertain,True,0.00894293920879631,0.07462418872104339,0.9164328720701598,0.9164328720701598
