observation_id,actual_class,predicted_class,prob_industrial,prob_natural,prob_other
FW_00501709,natural_vegetation_fire,natural_vegetation_fire,0.0007066869545715211,0.9721020756186027,0.027191237426825866
FW_00059227,natural_vegetation_fire,other_uncertain,0.054787026638869,0.4678091352538196,0.4774038381073115
FW_00239656,other_uncertain,other_uncertain,0.03776590077937159,0.08584956959155687,0.8763845296290714
FW_01587012,other_uncertain,other_uncertain,0.0016007645052463163,0.024003649440682746,0.9743955860540708
FW_00058775,natural_vegetation_fire,natural_vegetation_fire,0.0004275917395315568,0.9792837050166305,0.020288703243837934
FW_00446635,other_uncertain,other_uncertain,0.004522386839417907,0.046931318353732265,0.9485462948068498
FW_00647476,natural_vegetation_fire,natural_vegetation_fire,0.0013468397850568096,0.9158435543368474,0.08280960587809577
FW_00351867,other_uncertain,other_uncertain,0.07282042875109515,0.007249963038126918,0.9199296082107781
FW_01369279,natural_vegetation_fire,natural_vegetation_fire,0.0018673383983552284,0.9710936380973507,0.027039023504294005
FW_00870874,natural_vegetation_fire,natural_vegetation_fire,0.0008007195589123163,0.9473507210444732,0.05184855939661445
FW_00401337,natural_vegetation_fire,natural_vegetation_fire,0.0010906792014765338,0.6818437938507239,0.31706552694779955
FW_00487836,natural_vegetation_fire,natural_vegetation_fire,0.00567995644254793,0.8732943313667728,0.12102571219067931
FW_00201903,natural_vegetation_fire,natural_vegetation_fire,0.008289106450638992,0.6410307972673076,0.35068009628205343
FW_00692431,other_uncertain,other_uncertain,0.002455782107295469,0.014191126438489667,0.9833530914542149
FW_01549487,natural_vegetation_fire,natural_vegetation_fire,0.004816228106225581,0.7795596655983204,0.21562410629545398
FW_00273934,other_uncertain,natural_vegetation_fire,0.002309010607123328,0.8525024642390241,0.14518852515385258
FW_01326950,natural_vegetation_fire,natural_vegetation_fire,0.0007822810885746388,0.9817453849664114,0.017472333945014178
FW_01093624,natural_vegetation_fire,natural_vegetation_fire,0.009746519889791513,0.8576058013498211,0.13264767876038738
FW_00406183,natural_vegetation_fire,natural_vegetation_fire,0.0022855643392626986,0.9420822182540975,0.05563221740663972
FW_00044098,other_uncertain,other_uncertain,0.07554269681102242,0.442921082715519,0.48153622047345856
FW_00513874,natural_vegetation_fire,natural_vegetation_fire,0.003081295256300445,0.9604999530354316,0.0364187517082681
FW_01128107,other_uncertain,other_uncertain,0.0008836754652441719,0.03634609839045711,0.9627702261442987
FW_00601520,industrial_fire_candidate,other_uncertain,0.2645954090058865,0.021806304912416835,0.7135982860816966
FW_00472477,natural_vegetation_fire,natural_vegetation_fire,0.08007699415323956,0.8294087818364089,0.09051422401035142
FW_00831754,other_uncertain,other_uncertain,0.000845554976336226,0.025291534987555778,0.973862910036108
FW_01627520,natural_vegetation_fire,natural_vegetation_fire,0.001347757557910535,0.7604818946982821,0.23817034774380733
FW_00453011,natural_vegetation_fire,natural_vegetation_fire,0.003651873444641635,0.7639843374610565,0.23236378909430186
FW_00861401,other_uncertain,natural_vegetation_fire,0.01772278339462939,0.6804989053394598,0.30177831126591076
FW_00241777,other_uncertain,other_uncertain,0.31390018721888174,0.014750813537778674,0.6713489992433397
FW_00392998,natural_vegetation_fire,natural_vegetation_fire,0.0026359627575656785,0.8255625268811211,0.17180151036131325
FW_01093603,natural_vegetation_fire,natural_vegetation_fire,0.0022825356401838977,0.8085147171147651,0.1892027472450509
FW_00827189,natural_vegetation_fire,natural_vegetation_fire,0.005662564421556691,0.7452400177563642,0.24909741782207917
FW_01286811,natural_vegetation_fire,natural_vegetation_fire,0.0002732973447966002,0.9949980174611488,0.004728685194054627
FW_00493165,natural_vegetation_fire,natural_vegetation_fire,0.0005896051679408868,0.8599543856891951,0.13945600914286396
FW_01692006,other_uncertain,other_uncertain,0.3715974421391356,0.007353649941037398,0.621048907919827
FW_01182628,natural_vegetation_fire,other_uncertain,0.00745344592497478,0.44692767351004137,0.545618880564984
FW_00148607,natural_vegetation_fire,natural_vegetation_fire,0.0007017979045816752,0.9846421801981345,0.014656021897283942
FW_00109867,natural_vegetation_fire,natural_vegetation_fire,0.002469227398445945,0.8799518375543444,0.11757893504720965
FW_00334280,natural_vegetation_fire,natural_vegetation_fire,0.0011938582858411597,0.9772153629655145,0.02159077874864424
FW_01567752,natural_vegetation_fire,natural_vegetation_fire,0.001966727277548247,0.8221772690437162,0.17585600367873555
FW_00016767,other_uncertain,natural_vegetation_fire,0.00977779351436855,0.5483818350566213,0.44184037142901006
FW_01070375,industrial_fire_candidate,industrial_fire_candidate,0.6143590139423847,0.007634582035635798,0.37800640402197944
FW_01541517,natural_vegetation_fire,natural_vegetation_fire,0.0008724006350795699,0.9580826510834191,0.0410449482815015
FW_00442354,other_uncertain,other_uncertain,0.019162339499180128,0.05959928235813448,0.9212383781426853
FW_01345134,natural_vegetation_fire,natural_vegetation_fire,0.0016797364194628792,0.936170539059224,0.06214972452131313
FW_01581336,natural_vegetation_fire,natural_vegetation_fire,0.0008255191187143245,0.9324585968148259,0.06671588406645966
FW_01095201,natural_vegetation_fire,natural_vegetation_fire,0.0026740890333549227,0.8210570316286132,0.1762688793380318
FW_01129842,other_uncertain,industrial_fire_candidate,0.8429160380383811,0.004979547802207376,0.15210441415941156
FW_00129829,natural_vegetation_fire,natural_vegetation_fire,0.0002978755916075357,0.9915197985318536,0.008182325876539045
FW_00052222,other_uncertain,other_uncertain,0.1455200794599763,0.006242198328393111,0.8482377222116306
FW_01155525,other_uncertain,other_uncertain,0.09371300770944653,0.0220586796122837,0.8842283126782697
FW_01668808,other_uncertain,other_uncertain,0.026434469503219756,0.0270626756379867,0.9465028548587935
FW_00537464,natural_vegetation_fire,natural_vegetation_fire,0.007930827484388822,0.5914501481401564,0.40061902437545477
FW_00443664,natural_vegetation_fire,other_uncertain,0.12697122746915374,0.02874536089259835,0.8442834116382479
FW_00753730,natural_vegetation_fire,natural_vegetation_fire,0.0006518035931859419,0.9897865427060168,0.009561653700797276
FW_01162099,other_uncertain,other_uncertain,0.020383719894921774,0.020947365492941322,0.9586689146121369
FW_00001804,other_uncertain,natural_vegetation_fire,0.018209647488696464,0.5262975514470679,0.4554928010642357
FW_00694399,natural_vegetation_fire,natural_vegetation_fire,0.0007154082393814318,0.9755802089710315,0.02370438278958699
FW_00339116,natural_vegetation_fire,industrial_fire_candidate,0.8101588572151613,0.03198698600463169,0.15785415678020706
FW_01482670,industrial_fire_candidate,other_uncertain,0.04324877137313518,0.03771910688480849,0.9190321217420564
FW_01614691,natural_vegetation_fire,other_uncertain,0.2126900660695265,0.23406140220300747,0.5532485317274659
FW_01078391,natural_vegetation_fire,natural_vegetation_fire,0.002353459552238622,0.9013633421724088,0.09628319827535245
FW_01456321,natural_vegetation_fire,natural_vegetation_fire,0.001054398558356808,0.9826136739234835,0.016331927518159626
FW_00645555,natural_vegetation_fire,natural_vegetation_fire,0.1354747025378165,0.6314003200605046,0.233124977401679
FW_00504778,natural_vegetation_fire,natural_vegetation_fire,0.0018680964163519066,0.6793561702203582,0.3187757333632898
FW_01593514,natural_vegetation_fire,natural_vegetation_fire,0.0005237681403726727,0.9223979422067436,0.07707828965288363
FW_01186021,other_uncertain,other_uncertain,0.01918583501275889,0.21135997685264932,0.7694541881345918
FW_01589227,other_uncertain,other_uncertain,0.0006910013711641737,0.04183600225493149,0.9574729963739044
FW_00518181,natural_vegetation_fire,natural_vegetation_fire,0.0010399612092750823,0.8478117135947629,0.1511483251959619
FW_00544937,other_uncertain,other_uncertain,0.0012604084778190788,0.016329935926469703,0.9824096555957111
FW_00003794,other_uncertain,other_uncertain,0.012362366562597508,0.04212282047530349,0.945514812962099
FW_01049670,natural_vegetation_fire,other_uncertain,0.0011678044286116268,0.2697007144099784,0.7291314811614099
FW_00965145,natural_vegetation_fire,natural_vegetation_fire,0.0015106347725390862,0.9090094306330743,0.08947993459438656
FW_00910762,industrial_fire_candidate,natural_vegetation_fire,0.3350436102887376,0.42496694350457465,0.23998944620668775
FW_01699370,natural_vegetation_fire,natural_vegetation_fire,0.004330741297327698,0.6789828359680372,0.31668642273463504
FW_01646537,natural_vegetation_fire,natural_vegetation_fire,0.001191974666703749,0.9501304346561344,0.04867759067716169
FW_01511943,natural_vegetation_fire,natural_vegetation_fire,0.010364346267283796,0.7499210036711653,0.23971465006155096
FW_00733363,natural_vegetation_fire,natural_vegetation_fire,0.0007300899267220246,0.9713194057193261,0.027950504353951775
FW_00074150,other_uncertain,other_uncertain,0.19966155092094867,0.0550301254013817,0.7453083236776696
FW_01474518,natural_vegetation_fire,natural_vegetation_fire,0.0010009050664690293,0.8960584050243644,0.10294068990916655
FW_00371808,other_uncertain,other_uncertain,0.0007990220920896496,0.02394360414389066,0.9752573737640197
FW_00762268,natural_vegetation_fire,natural_vegetation_fire,0.000511731505997388,0.9896976361425104,0.009790632351492298
FW_01413854,natural_vegetation_fire,natural_vegetation_fire,0.0005610461238455468,0.9755818310413358,0.0238571228348185
FW_01115740,other_uncertain,other_uncertain,0.05051586859815336,0.3169538532490275,0.632530278152819
FW_00268769,other_uncertain,other_uncertain,0.0018573664495870944,0.013461389055508179,0.9846812444949047
FW_00349181,natural_vegetation_fire,natural_vegetation_fire,0.0015853112171080486,0.9205026482762922,0.0779120405065997
FW_00048791,other_uncertain,natural_vegetation_fire,0.0023004756584997007,0.8541453537839209,0.14355417055757938
FW_01702192,natural_vegetation_fire,natural_vegetation_fire,0.0015560115881064973,0.7981652603848439,0.20027872802704969
FW_01722875,natural_vegetation_fire,natural_vegetation_fire,0.0025165383415745087,0.9422609179772629,0.05522254368116279
FW_00827430,natural_vegetation_fire,natural_vegetation_fire,0.0014703603326330385,0.9725985902935357,0.025931049373831252
FW_00066001,natural_vegetation_fire,natural_vegetation_fire,0.001172083306333853,0.876272710901475,0.12255520579219122
FW_00868117,natural_vegetation_fire,natural_vegetation_fire,0.0007170976770876674,0.977659529256416,0.02162337306649652
FW_00004558,other_uncertain,other_uncertain,0.2192746935500184,0.009224231622644338,0.7715010748273372
FW_00650314,natural_vegetation_fire,natural_vegetation_fire,0.0008287942547563371,0.9386073249131787,0.060563880832064945
FW_01238911,natural_vegetation_fire,natural_vegetation_fire,0.000831161999037716,0.9625256505955894,0.03664318740537296
FW_01513832,natural_vegetation_fire,natural_vegetation_fire,0.003099904388740938,0.5467458416696956,0.45015425394156344
FW_00082499,natural_vegetation_fire,natural_vegetation_fire,0.0005705838179771733,0.9881789178915792,0.011250498290443486
FW_01566148,natural_vegetation_fire,natural_vegetation_fire,0.005475340901751853,0.8180072542348754,0.1765174048633728
FW_01391033,natural_vegetation_fire,natural_vegetation_fire,0.0010569239234133633,0.9667378313205751,0.03220524475601137
FW_00888383,natural_vegetation_fire,natural_vegetation_fire,0.0056908627798414515,0.9160807215935082,0.07822841562665031
FW_00446629,other_uncertain,other_uncertain,0.0019780079367998234,0.02900099257197043,0.9690209994912298
FW_01123966,natural_vegetation_fire,natural_vegetation_fire,0.0016382615164886346,0.88944672922721,0.10891500925630125
FW_00223988,industrial_fire_candidate,industrial_fire_candidate,0.6467498111320904,0.04971721716940104,0.30353297169850835
FW_01138776,industrial_fire_candidate,other_uncertain,0.02515871257621399,0.13353725572211023,0.8413040317016757
FW_01393433,other_uncertain,other_uncertain,0.0018711313717631945,0.028068434141864898,0.970060434486372
FW_01218307,natural_vegetation_fire,natural_vegetation_fire,0.003245936031445884,0.8998491692020189,0.0969048947665351
FW_00479767,other_uncertain,other_uncertain,0.004404423353349335,0.013860669680032455,0.9817349069666182
FW_00306699,other_uncertain,other_uncertain,0.08275826848739308,0.05232404024089176,0.8649176912717151
FW_00998163,other_uncertain,other_uncertain,0.3255132786710117,0.01129787835871643,0.6631888429702718
FW_01254885,other_uncertain,other_uncertain,0.0007609062817004288,0.025026141364426567,0.9742129523538731
FW_01601359,other_uncertain,other_uncertain,0.0003057082324703575,0.012105057506372313,0.9875892342611572
FW_01085649,natural_vegetation_fire,other_uncertain,0.002632019331130109,0.3575964564596632,0.6397715242092066
FW_00109749,natural_vegetation_fire,natural_vegetation_fire,0.0002401818687763947,0.9934244794420326,0.00633533868919097
FW_00894490,natural_vegetation_fire,natural_vegetation_fire,0.0003536856095424691,0.9798813384030889,0.019764975987368528
FW_00607714,natural_vegetation_fire,natural_vegetation_fire,0.0022214962520731383,0.7894338702799207,0.20834463346800602
FW_00334079,natural_vegetation_fire,natural_vegetation_fire,0.008299186154272236,0.9143301735419979,0.07737064030372985
FW_01427552,other_uncertain,other_uncertain,0.0006474095868953509,0.027494017205020104,0.9718585732080844
FW_00024961,natural_vegetation_fire,other_uncertain,0.003913666053589622,0.2959154071264614,0.700170926819949
FW_01560028,natural_vegetation_fire,natural_vegetation_fire,0.0017505704355987423,0.8325653535846943,0.165684075979707
FW_01163227,natural_vegetation_fire,natural_vegetation_fire,0.001102540688951214,0.9240240132250033,0.07487344608604554
FW_00706986,natural_vegetation_fire,natural_vegetation_fire,0.0006313238206276221,0.9884526053887854,0.010916070790586927
FW_00595530,industrial_fire_candidate,industrial_fire_candidate,0.8322958403718391,0.004270873629062534,0.1634332859990984
FW_00443372,natural_vegetation_fire,natural_vegetation_fire,0.002041971267229713,0.742648654799005,0.25530937393376546
FW_01213709,natural_vegetation_fire,other_uncertain,0.3050381167243568,0.18409683086864928,0.5108650524069939
FW_01025195,natural_vegetation_fire,natural_vegetation_fire,0.00547371580208943,0.9070400395148993,0.08748624468301133
FW_01248604,natural_vegetation_fire,natural_vegetation_fire,0.0017100129973092822,0.8216926956505063,0.17659729135218447
FW_00099968,natural_vegetation_fire,natural_vegetation_fire,0.0017679367991216524,0.9788615151315256,0.019370548069352757
FW_01663781,other_uncertain,industrial_fire_candidate,0.6673647216995994,0.1151778326343377,0.21745744566606282
FW_00210506,natural_vegetation_fire,natural_vegetation_fire,0.0004970032457093116,0.9892674689394325,0.010235527814858323
FW_00540565,other_uncertain,natural_vegetation_fire,0.0006761454697715303,0.7031815583100407,0.29614229622018784
FW_01579661,other_uncertain,other_uncertain,0.0005800761848972031,0.01405106751410759,0.9853688563009951
FW_00683901,other_uncertain,other_uncertain,0.013842832680207548,0.08839826145263141,0.897758905867161
FW_01012808,natural_vegetation_fire,natural_vegetation_fire,0.0018991076045704316,0.8522090484873445,0.14589184390808502
FW_01379162,natural_vegetation_fire,natural_vegetation_fire,0.0016602544217375398,0.9762603078397366,0.022079437738525772
FW_00839920,natural_vegetation_fire,natural_vegetation_fire,0.0015939354234718196,0.9686597234412603,0.029746341135267966
FW_00975868,other_uncertain,other_uncertain,0.3226174696305256,0.11638147170312098,0.5610010586663534
FW_01587737,other_uncertain,other_uncertain,0.0006483113221043185,0.018977779426209367,0.9803739092516863
FW_00854170,natural_vegetation_fire,other_uncertain,0.28366186433955654,0.3329782742740593,0.38335986138638406
FW_00856722,other_uncertain,other_uncertain,0.0045354914638477805,0.017781651985758595,0.9776828565503936
FW_00994374,natural_vegetation_fire,natural_vegetation_fire,0.0030151843078407444,0.6365656352191772,0.36041918047298205
FW_01081513,natural_vegetation_fire,natural_vegetation_fire,0.0005106488645308729,0.9693674386487275,0.03012191248674166
FW_00920240,natural_vegetation_fire,natural_vegetation_fire,0.005688728870203312,0.9745219784221304,0.019789292707666255
FW_00989815,natural_vegetation_fire,natural_vegetation_fire,0.00498034250508013,0.8921418184827796,0.10287783901214036
FW_01311001,natural_vegetation_fire,natural_vegetation_fire,0.0012776498683490472,0.9046468781793827,0.09407547195226822
FW_00707516,natural_vegetation_fire,natural_vegetation_fire,0.004386879772019692,0.9287581601942365,0.06685496003374396
FW_00857094,natural_vegetation_fire,natural_vegetation_fire,0.001086383341389542,0.8947203181182612,0.1041932985403491
FW_01534228,other_uncertain,natural_vegetation_fire,0.0029925904583970046,0.7697016384131946,0.22730577112840844
FW_01680293,natural_vegetation_fire,natural_vegetation_fire,0.0007938489878064782,0.6628050452251849,0.3364011057870086
FW_00069506,natural_vegetation_fire,natural_vegetation_fire,0.002927370106423769,0.8726151449768608,0.12445748491671553
FW_00666841,other_uncertain,natural_vegetation_fire,0.007305640510108073,0.8860384071671061,0.10665595232278591
FW_00214659,natural_vegetation_fire,natural_vegetation_fire,0.003033980204960636,0.9260946373580229,0.0708713824370165
FW_01028869,natural_vegetation_fire,other_uncertain,0.08431555443216411,0.43721347104165786,0.478470974526178
FW_00172410,natural_vegetation_fire,natural_vegetation_fire,0.009915180763178549,0.9310013039930265,0.05908351524379488
FW_00528628,other_uncertain,natural_vegetation_fire,0.008088504214284494,0.6247361751282913,0.3671753206574243
FW_00045205,natural_vegetation_fire,natural_vegetation_fire,0.0014720675489695225,0.9541616735691529,0.0443662588818774
FW_00635898,natural_vegetation_fire,natural_vegetation_fire,0.0012777227347151505,0.963929921026401,0.034792356238883916
FW_01002741,natural_vegetation_fire,natural_vegetation_fire,0.0009604867378666143,0.8813981657170535,0.11764134754507977
FW_00418955,natural_vegetation_fire,natural_vegetation_fire,0.005352901378173056,0.7854925327244469,0.20915456589738002
FW_00447208,industrial_fire_candidate,other_uncertain,0.11408574622008681,0.07730749969096831,0.8086067540889448
FW_01513910,natural_vegetation_fire,natural_vegetation_fire,0.0028299284205662947,0.7972754654836649,0.199894606095769
FW_00101936,natural_vegetation_fire,natural_vegetation_fire,0.0013987150799730042,0.9826221314103237,0.015979153509703328
FW_01437009,natural_vegetation_fire,natural_vegetation_fire,0.0005551141662509346,0.9692554901796488,0.03018939565410028
FW_01486299,natural_vegetation_fire,natural_vegetation_fire,0.008397287430497554,0.9336995871440529,0.057903125425449634
FW_00944885,other_uncertain,natural_vegetation_fire,0.0018668843614223806,0.7959177408384553,0.20221537480012225
FW_01159188,other_uncertain,other_uncertain,0.18807779674693015,0.02748837204299828,0.7844338312100716
FW_00990713,other_uncertain,natural_vegetation_fire,0.002140012748715277,0.6965537424637188,0.30130624478756596
FW_00487814,other_uncertain,other_uncertain,0.004170835631555642,0.12968147997101884,0.8661476843974255
FW_00662745,natural_vegetation_fire,natural_vegetation_fire,0.00039407261776633736,0.9884180063432775,0.011187921038956154
FW_01659500,other_uncertain,other_uncertain,0.057726802272599444,0.36611263721374526,0.5761605605136554
FW_01565926,natural_vegetation_fire,natural_vegetation_fire,0.003609288193016803,0.720075399127033,0.27631531267995013
FW_00180681,natural_vegetation_fire,natural_vegetation_fire,0.002593543457783036,0.974922514110515,0.022483942431702056
FW_01345011,natural_vegetation_fire,natural_vegetation_fire,0.0003161683272583134,0.9861223973316351,0.013561434341106718
FW_00691401,natural_vegetation_fire,natural_vegetation_fire,0.0016332651460654935,0.9400644559368744,0.058302278917059996
FW_01277126,natural_vegetation_fire,natural_vegetation_fire,0.0036104422272236997,0.9638171510862699,0.032572406686506385
FW_00031437,other_uncertain,other_uncertain,0.4209929217284056,0.005271631797061514,0.5737354464745329
FW_00915601,natural_vegetation_fire,natural_vegetation_fire,0.00038906351583028364,0.9953504774838954,0.00426045900027445
FW_00052978,other_uncertain,other_uncertain,0.0476708270511047,0.04117836659946564,0.9111508063494297
FW_01221350,natural_vegetation_fire,natural_vegetation_fire,0.000880171105536565,0.9517506015156185,0.04736922737884495
FW_00995441,natural_vegetation_fire,natural_vegetation_fire,0.00200218260322878,0.7430921979794317,0.2549056194173395
FW_00257542,natural_vegetation_fire,natural_vegetation_fire,0.003501350689771284,0.9846748869910078,0.011823762319220919
FW_01428233,natural_vegetation_fire,natural_vegetation_fire,0.0005424768054215015,0.9749682726506892,0.02448925054388937
FW_00338017,natural_vegetation_fire,natural_vegetation_fire,0.0021643893461028756,0.7182561242434126,0.2795794864104846
FW_01027058,industrial_fire_candidate,other_uncertain,0.07764468539379045,0.15105383225583904,0.7713014823503707
FW_00443881,industrial_fire_candidate,industrial_fire_candidate,0.7939511044436428,0.0059195750354115425,0.20012932052094573
FW_01710306,natural_vegetation_fire,natural_vegetation_fire,0.002858824067397393,0.8917490072589331,0.10539216867366956
FW_00478768,natural_vegetation_fire,natural_vegetation_fire,0.004533287495172892,0.566299799954546,0.429166912550281
FW_00464563,natural_vegetation_fire,natural_vegetation_fire,0.0010545525891826196,0.9491652798297167,0.049780167581100716
FW_01572217,natural_vegetation_fire,natural_vegetation_fire,0.0019347597732573875,0.9654336368641039,0.03263160336263871
FW_00433356,other_uncertain,other_uncertain,0.0012407720804252188,0.037879168227415834,0.960880059692159
FW_01087393,natural_vegetation_fire,other_uncertain,0.04005623422737454,0.4026067508547786,0.5573370149178469
FW_01134035,natural_vegetation_fire,other_uncertain,0.006973526725593512,0.2407748624762745,0.752251610798132
FW_01091632,natural_vegetation_fire,natural_vegetation_fire,0.0012777025739024632,0.8185002041866162,0.1802220932394815
FW_01506237,other_uncertain,other_uncertain,0.005215127521764693,0.3445440749718578,0.6502407975063775
FW_00268530,other_uncertain,other_uncertain,0.01470371891346375,0.08289750375364272,0.9023987773328936
FW_00725566,natural_vegetation_fire,natural_vegetation_fire,0.0010381710250318304,0.979785125984607,0.01917670299036114
FW_00026708,other_uncertain,other_uncertain,0.0019399086052804663,0.008893896292955353,0.9891661951017641
FW_00567093,other_uncertain,industrial_fire_candidate,0.6079270973487276,0.009084787055057107,0.38298811559621526
FW_00584015,other_uncertain,other_uncertain,0.024701358247268525,0.10001913441786212,0.8752795073348695
FW_00125910,natural_vegetation_fire,natural_vegetation_fire,0.000903622132605152,0.9812022995748897,0.017894078292505017
FW_01559827,industrial_fire_candidate,natural_vegetation_fire,0.01328196291514083,0.5398556475706348,0.44686238951422447
FW_01409533,natural_vegetation_fire,natural_vegetation_fire,0.0005880306841420916,0.9839452070611684,0.015466762254689759
FW_00437275,other_uncertain,other_uncertain,0.0033959194871821417,0.10374079211070523,0.8928632884021125
FW_01216254,natural_vegetation_fire,natural_vegetation_fire,0.012607082660303259,0.7856700552963013,0.2017228620433956
FW_00553419,other_uncertain,other_uncertain,0.0014736860486810402,0.01720978548172676,0.9813165284695922
FW_00892950,other_uncertain,other_uncertain,0.1722141521387311,0.015328212225727608,0.8124576356355413
FW_00958784,natural_vegetation_fire,natural_vegetation_fire,0.002168739188139189,0.812497306834795,0.18533395397706584
FW_01661576,other_uncertain,other_uncertain,0.004709280242290036,0.375578120546405,0.6197125992113051
FW_00722475,other_uncertain,other_uncertain,0.001081679858537595,0.015000134384266221,0.9839181857571961
FW_01665754,natural_vegetation_fire,natural_vegetation_fire,0.006273364581251148,0.6682428452540781,0.3254837901646707
FW_00877021,other_uncertain,other_uncertain,0.0010435160488604601,0.03290066588930189,0.9660558180618376
FW_00756506,natural_vegetation_fire,natural_vegetation_fire,0.002129607614850715,0.9858102533291843,0.01206013905596503
FW_00302887,natural_vegetation_fire,natural_vegetation_fire,0.0005802559981527402,0.9762752744203443,0.023144469581503006
FW_00484277,natural_vegetation_fire,natural_vegetation_fire,0.0007609492601976287,0.6477090969824266,0.3515299537573756
FW_01252533,natural_vegetation_fire,other_uncertain,0.0007020799609512543,0.018704284624329163,0.9805936354147196
FW_00217616,other_uncertain,other_uncertain,0.0010590830103767769,0.02354999525899903,0.9753909217306242
FW_01152801,natural_vegetation_fire,natural_vegetation_fire,0.0014019406982519055,0.9300800203814367,0.06851803892031134
FW_01185568,natural_vegetation_fire,natural_vegetation_fire,0.0009874156792302584,0.9886234497680012,0.010389134552768416
FW_01504527,natural_vegetation_fire,natural_vegetation_fire,0.00029066096290743704,0.9926903418448353,0.0070189971922572396
FW_01474811,natural_vegetation_fire,natural_vegetation_fire,0.0032959631762809398,0.9543023432801259,0.04240169354359322
FW_01269031,natural_vegetation_fire,natural_vegetation_fire,0.0007647414910274818,0.9750532937277923,0.0241819647811802
FW_01338881,natural_vegetation_fire,natural_vegetation_fire,0.0020870985504392063,0.9499348983527571,0.04797800309680365
FW_00189415,natural_vegetation_fire,natural_vegetation_fire,0.0013487762847261434,0.9734248867156842,0.025226336999589614
FW_00676448,natural_vegetation_fire,natural_vegetation_fire,0.0031502695243436156,0.9750003541922464,0.02184937628340992
FW_01557233,natural_vegetation_fire,natural_vegetation_fire,0.003399675685953659,0.7113371936367113,0.28526313067733494
FW_00154857,natural_vegetation_fire,natural_vegetation_fire,0.00041132960813859297,0.9757985140664464,0.02379015632541507
FW_00990768,natural_vegetation_fire,natural_vegetation_fire,0.0010813310188051517,0.9538652258159418,0.045053443165253115
FW_01156551,natural_vegetation_fire,natural_vegetation_fire,0.0008747290186153727,0.8849709499596317,0.11415432102175295
FW_00984331,natural_vegetation_fire,natural_vegetation_fire,0.0003802539420837172,0.982697135844073,0.0169226102138432
FW_00020228,industrial_fire_candidate,other_uncertain,0.06938814453013777,0.29588351162599086,0.6347283438438713
FW_00008156,industrial_fire_candidate,other_uncertain,0.3268232892111525,0.10238505804214476,0.5707916527467027
FW_00691154,natural_vegetation_fire,natural_vegetation_fire,0.0007854126085151886,0.962465734709486,0.03674885268199865
FW_00054259,other_uncertain,other_uncertain,0.04182023900041408,0.018234104890028927,0.939945656109557
FW_01254909,natural_vegetation_fire,natural_vegetation_fire,0.0014911321245064536,0.9835407995669562,0.014968068308537348
FW_00628254,natural_vegetation_fire,natural_vegetation_fire,0.01717827106006224,0.6777246279514852,0.3050971009884525
FW_00487528,natural_vegetation_fire,natural_vegetation_fire,0.0009306767337000255,0.9505806416580697,0.04848868160823026
FW_00902677,natural_vegetation_fire,natural_vegetation_fire,0.002415197406369451,0.9229203113450226,0.07466449124860791
FW_00046898,natural_vegetation_fire,natural_vegetation_fire,0.01337668480947581,0.7802062222246228,0.20641709296590147
FW_00006892,natural_vegetation_fire,natural_vegetation_fire,0.0015951289280178819,0.9606145424124638,0.03779032865951828
FW_01617939,other_uncertain,other_uncertain,0.04256660464357734,0.014404047022254228,0.9430293483341684
FW_00905508,natural_vegetation_fire,natural_vegetation_fire,0.0015349444258311753,0.9601376893533419,0.03832736622082689
FW_01194706,natural_vegetation_fire,natural_vegetation_fire,0.01697335404384578,0.6138736513472277,0.3691529946089265
FW_00300183,natural_vegetation_fire,natural_vegetation_fire,0.002526669664886778,0.7905088640799594,0.20696446625515372
FW_00470151,natural_vegetation_fire,natural_vegetation_fire,0.003734022059686447,0.8331917671013684,0.16307421083894513
FW_00186807,natural_vegetation_fire,natural_vegetation_fire,0.0012009151473548248,0.9889258686988519,0.009873216153793359
FW_00254394,other_uncertain,other_uncertain,0.15019781803672838,0.3092991348125442,0.5405030471507274
FW_01558535,natural_vegetation_fire,natural_vegetation_fire,0.004906008690433309,0.9300357260598882,0.06505826524967857
FW_01508558,natural_vegetation_fire,natural_vegetation_fire,0.00475089573043553,0.7864601051226018,0.20878899914696253
FW_00172201,natural_vegetation_fire,natural_vegetation_fire,0.002633730763000567,0.9493201265070697,0.04804614272992971
FW_00393016,natural_vegetation_fire,natural_vegetation_fire,0.009777913311298311,0.7636411115124877,0.22658097517621398
FW_01204692,industrial_fire_candidate,industrial_fire_candidate,0.7689076511927962,0.06211892030333944,0.1689734285038644
FW_00515222,industrial_fire_candidate,natural_vegetation_fire,0.2266546262488979,0.5557978172445303,0.2175475565065719
FW_00936720,natural_vegetation_fire,natural_vegetation_fire,0.009472786828080863,0.9245486062257819,0.06597860694613729
FW_00220067,natural_vegetation_fire,natural_vegetation_fire,0.002190158017005641,0.7852835262549009,0.21252631572809344
FW_01550471,other_uncertain,other_uncertain,0.13322619503143218,0.152946605040849,0.7138271999277189
FW_01043567,other_uncertain,other_uncertain,0.011253302387207805,0.39835211774656243,0.5903945798662297
FW_01328085,natural_vegetation_fire,natural_vegetation_fire,0.0028863067849488806,0.9610414952773831,0.03607219793766798
FW_01568139,natural_vegetation_fire,natural_vegetation_fire,0.002540396143504135,0.8695473284880972,0.12791227536839858
FW_01559828,industrial_fire_candidate,natural_vegetation_fire,0.08558082141888253,0.7964204313487614,0.11799874723235597
FW_00911041,natural_vegetation_fire,natural_vegetation_fire,0.0014981946593004515,0.8186567131527586,0.17984509218794112
FW_00465847,natural_vegetation_fire,natural_vegetation_fire,0.0021162038674684925,0.9441048996747046,0.053778896457827026
FW_00144468,other_uncertain,other_uncertain,0.012516617130893267,0.005868500791977795,0.9816148820771289
FW_00462549,natural_vegetation_fire,natural_vegetation_fire,0.008853701705065272,0.8311505641289011,0.15999573416603374
FW_00987781,natural_vegetation_fire,natural_vegetation_fire,0.0011404745949122287,0.9306219344065205,0.06823759099856709
FW_00162940,natural_vegetation_fire,natural_vegetation_fire,0.00020921424659779215,0.988246934758232,0.011543850995170099
FW_01332590,natural_vegetation_fire,natural_vegetation_fire,0.001030213709116017,0.9479248822730726,0.05104490401781135
FW_00766085,natural_vegetation_fire,natural_vegetation_fire,0.0010280147821963852,0.9610642959156487,0.0379076893021549
FW_01236186,natural_vegetation_fire,other_uncertain,0.0007508594831568606,0.023292416174060068,0.975956724342783
FW_00973854,natural_vegetation_fire,natural_vegetation_fire,0.02285603794097148,0.8770106041070438,0.10013335795198472
FW_00003790,natural_vegetation_fire,other_uncertain,0.05817715741889852,0.16443755114137337,0.7773852914397281
FW_00447381,other_uncertain,other_uncertain,0.13158363236579354,0.01601984374409953,0.852396523890107
FW_00404777,natural_vegetation_fire,natural_vegetation_fire,0.0036220585206917745,0.8571651187087801,0.139212822770528
FW_00887080,natural_vegetation_fire,natural_vegetation_fire,0.0025985295167009225,0.9639249564487762,0.03347651403452287
FW_01092293,natural_vegetation_fire,natural_vegetation_fire,0.009395465259657008,0.7279259169823399,0.26267861775800316
FW_00681050,natural_vegetation_fire,natural_vegetation_fire,0.002433261313394714,0.9224144811136866,0.07515225757291867
FW_01024997,other_uncertain,other_uncertain,0.2626494492969128,0.03604665393785054,0.7013038967652367
FW_01693894,other_uncertain,other_uncertain,0.0052921613586876404,0.09470495407154676,0.9000028845697655
FW_00268542,other_uncertain,other_uncertain,0.002942005673566158,0.04875897910690294,0.948299015219531
FW_01445709,natural_vegetation_fire,natural_vegetation_fire,0.00028582524908405034,0.9813593399076509,0.018354834843265007
FW_00150575,natural_vegetation_fire,natural_vegetation_fire,0.0005239163055099566,0.9901407495435482,0.009335334150941678
FW_00078034,other_uncertain,other_uncertain,0.4481646971151871,0.005811305709443879,0.546023997175369
FW_00130603,natural_vegetation_fire,natural_vegetation_fire,0.0012917524259228846,0.9764455155578402,0.022262732016237
FW_01228642,natural_vegetation_fire,natural_vegetation_fire,0.0023268421590753427,0.8946108046786827,0.10306235316224192
FW_00468943,other_uncertain,other_uncertain,0.0008268783017320696,0.03608528095078167,0.9630878407474862
FW_01668229,natural_vegetation_fire,natural_vegetation_fire,0.0010877946157404916,0.7195195527779213,0.27939265260633817
FW_00747171,other_uncertain,other_uncertain,0.04586606492555386,0.1868697790711313,0.7672641560033148
FW_01018605,other_uncertain,other_uncertain,0.009754328162113827,0.05517660995526864,0.9350690618826176
FW_01539908,natural_vegetation_fire,natural_vegetation_fire,0.002906778906004287,0.9223077028967177,0.07478551819727795
FW_00137587,natural_vegetation_fire,natural_vegetation_fire,0.0018831446503064704,0.8783053963324466,0.11981145901724696
FW_00661504,natural_vegetation_fire,natural_vegetation_fire,0.0009497911070887464,0.9628683853171742,0.03618182357573693
FW_01006655,natural_vegetation_fire,natural_vegetation_fire,0.0009603939188150616,0.8510981849799,0.14794142110128491
FW_01484876,natural_vegetation_fire,natural_vegetation_fire,0.0075412483086535675,0.8094156706321397,0.18304308105920672
FW_01143488,other_uncertain,other_uncertain,0.06758731633355311,0.018183016584113528,0.9142296670823334
FW_00453450,natural_vegetation_fire,natural_vegetation_fire,0.014921435961812021,0.836979624132532,0.14809893990565604
FW_01007112,other_uncertain,natural_vegetation_fire,0.003363912287344097,0.6232495494398375,0.37338653827281854
FW_01585102,natural_vegetation_fire,natural_vegetation_fire,0.0011563238233327062,0.9606282311238773,0.038215445052789836
FW_01607251,other_uncertain,other_uncertain,0.12199178029279575,0.03926168886951844,0.8387465308376859
FW_01685971,natural_vegetation_fire,natural_vegetation_fire,0.0007533946502079502,0.9039627037447517,0.09528390160504045
FW_01086069,natural_vegetation_fire,natural_vegetation_fire,0.0013751846922300801,0.7228888278563311,0.27573598745143874
FW_00694200,other_uncertain,other_uncertain,0.17499601639577458,0.034307729760605726,0.7906962538436196
FW_01680444,other_uncertain,other_uncertain,0.0025318152189722242,0.12310210986352102,0.8743660749175067
FW_01363372,natural_vegetation_fire,natural_vegetation_fire,0.0007790879126255368,0.9892549454794672,0.009965966607907252
FW_01687871,natural_vegetation_fire,natural_vegetation_fire,0.0004925098346102441,0.961761330794182,0.03774615937120775
FW_01112668,natural_vegetation_fire,other_uncertain,0.043607907141409226,0.41163123080987657,0.5447608620487142
FW_01067152,natural_vegetation_fire,natural_vegetation_fire,0.0009524845102479359,0.9097655231791891,0.08928199231056287
FW_00569489,other_uncertain,industrial_fire_candidate,0.5788351042816559,0.10219757698546167,0.3189673187328824
FW_00579234,natural_vegetation_fire,natural_vegetation_fire,0.013220797114471832,0.6263488651206518,0.36043033776487643
FW_01228098,other_uncertain,natural_vegetation_fire,0.0019121871165262247,0.6834858346976858,0.31460197818578806
FW_00987729,other_uncertain,natural_vegetation_fire,0.0011871224422215698,0.700556829616044,0.2982560479417345
FW_00656729,natural_vegetation_fire,natural_vegetation_fire,0.002368952084950015,0.9234828801850635,0.07414816772998666
FW_00501150,natural_vegetation_fire,natural_vegetation_fire,0.005673003938622008,0.8882825414053283,0.10604445465604967
FW_00482052,natural_vegetation_fire,natural_vegetation_fire,0.0005389358165006599,0.962324993083288,0.037136071100211374
FW_01579668,other_uncertain,other_uncertain,0.09469548854244955,0.06512327193579658,0.8401812395217538
FW_01706080,natural_vegetation_fire,natural_vegetation_fire,0.0010473259366390218,0.9006271817802017,0.09832549228315927
FW_01467848,natural_vegetation_fire,natural_vegetation_fire,0.005542495511325259,0.9396969066487528,0.05476059783992194
FW_00007817,natural_vegetation_fire,natural_vegetation_fire,0.0010668570206617684,0.9848392111472785,0.014093931832059769
FW_00690962,natural_vegetation_fire,natural_vegetation_fire,0.0016281683219542486,0.8985064797128908,0.09986535196515499
FW_01504799,natural_vegetation_fire,natural_vegetation_fire,0.002320730718217444,0.9703159591564201,0.027363310125362413
FW_00529618,natural_vegetation_fire,natural_vegetation_fire,0.002067990955116598,0.8276124957025511,0.17031951334233233
FW_00693316,other_uncertain,other_uncertain,0.0014598533853146926,0.042441114138455326,0.95609903247623
FW_00424720,other_uncertain,other_uncertain,0.003257608011642545,0.004900055891970908,0.9918423360963866
FW_01604728,other_uncertain,other_uncertain,0.0015088032984893606,0.025216662425009518,0.973274534276501
FW_00500950,natural_vegetation_fire,natural_vegetation_fire,0.0009230398570677715,0.8959848011773371,0.10309215896559508
FW_00478147,natural_vegetation_fire,natural_vegetation_fire,0.0008031108180133202,0.8932135335783523,0.10598335560363453
FW_00641782,other_uncertain,other_uncertain,0.0031114201205667863,0.016070833655778192,0.980817746223655
FW_00498733,natural_vegetation_fire,natural_vegetation_fire,0.002444921652798966,0.963348077533082,0.034207000814118996
FW_01702928,natural_vegetation_fire,natural_vegetation_fire,0.02306005034639816,0.5840286498839864,0.3929112997696155
FW_00148553,natural_vegetation_fire,natural_vegetation_fire,0.0010279400059424086,0.9676949232406198,0.031277136753437934
FW_01274998,natural_vegetation_fire,natural_vegetation_fire,0.0011021844769224876,0.9734248893632339,0.025472926159843548
FW_00272194,natural_vegetation_fire,natural_vegetation_fire,0.0034090879226593867,0.8433038844726107,0.1532870276047298
FW_01028643,other_uncertain,other_uncertain,0.0012545394746706856,0.03147743164003854,0.9672680288852906
FW_00287044,natural_vegetation_fire,natural_vegetation_fire,0.005534352430401925,0.9747936807998472,0.01967196676975088
FW_01181499,natural_vegetation_fire,natural_vegetation_fire,0.0006707804526821776,0.938868713455853,0.060460506091464666
FW_01253854,natural_vegetation_fire,natural_vegetation_fire,0.004498876668160411,0.9369409328270952,0.05856019050474421
FW_01565945,natural_vegetation_fire,natural_vegetation_fire,0.0030680979363269033,0.8265670650404973,0.17036483702317573
FW_01366415,natural_vegetation_fire,natural_vegetation_fire,0.0037570158246864028,0.8759275767391409,0.12031540743617278
FW_00145226,natural_vegetation_fire,natural_vegetation_fire,0.002742883157917614,0.9555404533703773,0.041716663471705016
FW_01221302,other_uncertain,other_uncertain,0.00702532386786173,0.3644041700042985,0.6285705061278398
FW_00530292,natural_vegetation_fire,natural_vegetation_fire,0.0015657872883475302,0.9272312491720259,0.07120296353962641
FW_01075689,natural_vegetation_fire,natural_vegetation_fire,0.00046056656409367914,0.8961657935477239,0.10337363988818256
FW_01356811,other_uncertain,other_uncertain,0.001228211562462209,0.06956422584437533,0.9292075625931625
FW_00601868,natural_vegetation_fire,natural_vegetation_fire,0.0013253852815178094,0.938753548549165,0.05992106616931709
FW_00273679,natural_vegetation_fire,natural_vegetation_fire,0.0026593575011322423,0.9870312846979986,0.010309357800869083
FW_00400710,other_uncertain,other_uncertain,0.005567900871966183,0.3750448679523877,0.619387231175646
FW_00612430,natural_vegetation_fire,natural_vegetation_fire,0.00040785183440854495,0.9817623118349978,0.017829836330593513
FW_00965780,natural_vegetation_fire,natural_vegetation_fire,0.05315561626809534,0.5456874324572379,0.40115695127466666
FW_01474880,natural_vegetation_fire,natural_vegetation_fire,0.0032109644677344173,0.9512079157884181,0.0455811197438476
FW_01125282,natural_vegetation_fire,natural_vegetation_fire,0.0011936461180883761,0.8507460361965655,0.14806031768534594
FW_01585423,other_uncertain,other_uncertain,0.0004452390136672673,0.01087293470021358,0.9886818262861192
FW_00474776,other_uncertain,other_uncertain,0.03236127366688359,0.10165783249013378,0.8659808938429826
FW_00720646,natural_vegetation_fire,natural_vegetation_fire,0.0067557062104794344,0.8615411302200504,0.1317031635694702
FW_00341872,natural_vegetation_fire,natural_vegetation_fire,0.003326076145133782,0.858651002333047,0.13802292152181922
FW_00986660,natural_vegetation_fire,natural_vegetation_fire,0.00257408696119654,0.9143980921581756,0.08302782088062799
FW_01661589,natural_vegetation_fire,natural_vegetation_fire,0.0016627167294744523,0.8850972778105444,0.11324000545998131
FW_00377854,natural_vegetation_fire,natural_vegetation_fire,0.003151946155298158,0.7479523565144626,0.24889569733023936
FW_01301967,natural_vegetation_fire,natural_vegetation_fire,0.0005211621412520998,0.9571452577312839,0.04233358012746418
FW_01535066,natural_vegetation_fire,natural_vegetation_fire,0.0013577801011667714,0.7457042887651376,0.2529379311336956
FW_01693902,other_uncertain,other_uncertain,0.011268290515086413,0.011549840230993052,0.9771818692539206
FW_01204693,industrial_fire_candidate,industrial_fire_candidate,0.6833165959646237,0.08786129248684257,0.22882211154853385
FW_01604895,other_uncertain,other_uncertain,0.03854477246937631,0.018818785462762257,0.9426364420678615
FW_01659953,other_uncertain,other_uncertain,0.00830349995579639,0.277798375225241,0.7138981248189626
FW_00279231,natural_vegetation_fire,natural_vegetation_fire,0.0007887732904841785,0.9730369820444518,0.026174244665063854
FW_00469693,natural_vegetation_fire,natural_vegetation_fire,0.0014391969217759364,0.8985950188529653,0.09996578422525867
FW_01591470,natural_vegetation_fire,other_uncertain,0.0006526492817528979,0.02062192840732847,0.9787254223109186
FW_01253900,other_uncertain,other_uncertain,0.12160665872347241,0.05861015854387972,0.8197831827326477
FW_00413372,other_uncertain,other_uncertain,0.004906950711868537,0.01837731032297489,0.9767157389651566
FW_01383658,natural_vegetation_fire,natural_vegetation_fire,0.0012281870509814428,0.9655253457641992,0.033246467184819266
FW_00514521,natural_vegetation_fire,natural_vegetation_fire,0.0022931176293683225,0.9269481188654515,0.07075876350518016
FW_00309482,natural_vegetation_fire,natural_vegetation_fire,0.00409236713009074,0.9677266431788681,0.02818098969104116
FW_00169054,natural_vegetation_fire,natural_vegetation_fire,0.00134725294018056,0.9761327392422728,0.022520007817546688
FW_00561214,natural_vegetation_fire,natural_vegetation_fire,0.0020238575042938215,0.9115563775984517,0.08641976489725471
FW_01198132,other_uncertain,other_uncertain,0.0021513316338576767,0.010958193274607961,0.9868904750915343
FW_01579321,natural_vegetation_fire,other_uncertain,0.08469159605564545,0.2550760706984337,0.6602323332459208
FW_00960976,natural_vegetation_fire,natural_vegetation_fire,0.00028213584875091025,0.9896067232372883,0.010111140913961031
FW_00835179,other_uncertain,other_uncertain,0.0015706369805789072,0.21161370697149395,0.7868156560479271
FW_00262554,natural_vegetation_fire,natural_vegetation_fire,0.0020180492427514475,0.9382939175082139,0.05968803324903466
FW_01308204,other_uncertain,other_uncertain,0.008228170362051552,0.03090858228147364,0.9608632473564748
FW_00652709,natural_vegetation_fire,natural_vegetation_fire,0.005621842951477595,0.942712943510485,0.05166521353803754
FW_00999146,natural_vegetation_fire,natural_vegetation_fire,0.004889734171969845,0.682610163915076,0.31250010191295413
FW_00490146,natural_vegetation_fire,natural_vegetation_fire,0.002360668910553064,0.8666357801152542,0.1310035509741928
FW_00990009,natural_vegetation_fire,natural_vegetation_fire,0.004194524062323801,0.9172226457447674,0.07858283019290868
FW_00328485,natural_vegetation_fire,natural_vegetation_fire,0.0006388469262955179,0.9151444803237518,0.08421667274995263
FW_00003577,natural_vegetation_fire,other_uncertain,0.12355611507943252,0.3733637806793707,0.5030801042411969
FW_01160475,other_uncertain,other_uncertain,0.021937385352421925,0.026805041208467297,0.9512575734391108
FW_00216373,natural_vegetation_fire,other_uncertain,0.05381014737638957,0.44739772034330205,0.49879213228030833
FW_01123904,natural_vegetation_fire,natural_vegetation_fire,0.003336444688154581,0.8160216069197463,0.18064194839209907
FW_00630298,other_uncertain,other_uncertain,0.008261981159774891,0.28856617924962613,0.7031718395905989
FW_01242286,natural_vegetation_fire,natural_vegetation_fire,0.0010356283147974394,0.8601459307658526,0.13881844091935014
FW_00981331,natural_vegetation_fire,natural_vegetation_fire,0.0051828683923054765,0.9170673244097461,0.0777498071979484
FW_01457847,natural_vegetation_fire,natural_vegetation_fire,0.0029884291444264403,0.9818161658168697,0.015195405038703959
FW_00723200,natural_vegetation_fire,natural_vegetation_fire,0.0008357578845135042,0.9747593533671155,0.02440488874837103
FW_01385858,natural_vegetation_fire,natural_vegetation_fire,0.0003643900469358347,0.992170708470631,0.007464901482433182
FW_01423720,natural_vegetation_fire,natural_vegetation_fire,0.0009748002867108109,0.9833140134441941,0.015711186269094877
FW_01499244,natural_vegetation_fire,natural_vegetation_fire,0.0009114103858720045,0.8759710959822598,0.12311749363186832
FW_01498776,other_uncertain,other_uncertain,0.06484429077400707,0.12452710914350922,0.8106286000824837
FW_00944667,natural_vegetation_fire,natural_vegetation_fire,0.005724746855327591,0.8931230152724307,0.10115223787224185
FW_00975461,natural_vegetation_fire,natural_vegetation_fire,0.01079612709732628,0.5823316846260551,0.4068721882766184
FW_01489196,natural_vegetation_fire,natural_vegetation_fire,0.01745503957123963,0.7803559382742082,0.20218902215455203
FW_00946141,natural_vegetation_fire,natural_vegetation_fire,0.002144320705494636,0.9179372635846565,0.0799184157098488
FW_01599220,natural_vegetation_fire,other_uncertain,0.025149095690719915,0.13718494502541875,0.8376659592838613
FW_00134837,natural_vegetation_fire,natural_vegetation_fire,0.000354647792525036,0.9863106466944385,0.013334705513036447
FW_01521900,natural_vegetation_fire,other_uncertain,0.020279624628125638,0.13247829252349508,0.8472420828483793
FW_00001017,other_uncertain,other_uncertain,0.1522103062476451,0.054550466746114926,0.79323922700624
FW_00054750,other_uncertain,other_uncertain,0.0010805029146868808,0.050614407650632715,0.9483050894346803
FW_01573291,natural_vegetation_fire,natural_vegetation_fire,0.07536516879412095,0.7509389788094547,0.17369585239642446
FW_01610087,other_uncertain,other_uncertain,0.1204188415861571,0.03797371699545386,0.8416074414183891
FW_00036538,other_uncertain,other_uncertain,0.0013550454950053987,0.022959365691169385,0.9756855888138252
FW_01459067,natural_vegetation_fire,natural_vegetation_fire,0.0028404772423105836,0.8761703764662784,0.12098914629141104
FW_00284020,natural_vegetation_fire,natural_vegetation_fire,0.0016880492702454149,0.9431918150965317,0.05512013563322282
FW_01160818,natural_vegetation_fire,natural_vegetation_fire,0.000646438100107119,0.9710684899421452,0.028285071957747602
FW_00575764,natural_vegetation_fire,natural_vegetation_fire,0.0016267416888188042,0.6454805710340225,0.3528926872771587
FW_01029830,natural_vegetation_fire,natural_vegetation_fire,0.0008841651272555429,0.6730609928103993,0.3260548420623452
FW_00074052,natural_vegetation_fire,natural_vegetation_fire,0.0009928271033348886,0.9624209068757202,0.036586266020944856
FW_00191623,natural_vegetation_fire,natural_vegetation_fire,0.0007992279147135034,0.9709029605185091,0.0282978115667775
FW_00054037,natural_vegetation_fire,natural_vegetation_fire,0.0019092441031470023,0.9334752508108162,0.06461550508603675
FW_00449430,other_uncertain,other_uncertain,0.008916238831995167,0.10776091541372879,0.8833228457542761
FW_01446734,natural_vegetation_fire,natural_vegetation_fire,0.0009153693720563662,0.9077141393831057,0.09137049124483788
FW_01260226,other_uncertain,other_uncertain,0.006673642720622901,0.03567415471315458,0.9576522025662224
FW_00517504,other_uncertain,other_uncertain,0.0022190033265937323,0.38605280050980856,0.6117281961635976
FW_00966743,natural_vegetation_fire,natural_vegetation_fire,0.07103800043527186,0.49955302472106317,0.4294089748436649
FW_00073669,natural_vegetation_fire,natural_vegetation_fire,0.0021300667269499828,0.9896593615893091,0.008210571683740772
FW_00240490,natural_vegetation_fire,natural_vegetation_fire,0.0014111400914062669,0.9741755139741365,0.024413345934457088
FW_01706089,natural_vegetation_fire,natural_vegetation_fire,0.0004552665318588356,0.96341604752992,0.036128685938221085
FW_00403966,other_uncertain,other_uncertain,0.0024637909435458794,0.01299593591473472,0.9845402731417193
FW_01609309,other_uncertain,other_uncertain,0.03653326505845713,0.052808260011057276,0.9106584749304856
FW_00635141,natural_vegetation_fire,other_uncertain,0.00959115511658933,0.0671437622629269,0.9232650826204839
FW_00567914,other_uncertain,other_uncertain,0.006870335727453207,0.09122776239493352,0.9019019018776133
FW_01204044,natural_vegetation_fire,other_uncertain,0.0013730178565407427,0.05384937159461378,0.9447776105488455
FW_00982540,natural_vegetation_fire,natural_vegetation_fire,0.0015486411631240417,0.8625078287938208,0.13594353004305507
FW_00047667,natural_vegetation_fire,natural_vegetation_fire,0.0015746201487988009,0.9570625295390616,0.041362850312139744
FW_00037859,other_uncertain,other_uncertain,0.0035506366931437115,0.03931693519591653,0.9571324281109398
FW_00856184,natural_vegetation_fire,natural_vegetation_fire,0.0021480446215792464,0.9746065514369622,0.0232454039414585
FW_01218153,natural_vegetation_fire,natural_vegetation_fire,0.011217079641730859,0.8296144208609293,0.15916849949733966
FW_01042095,other_uncertain,other_uncertain,0.002831773270591359,0.17260350691148696,0.8245647198179217
FW_00356282,natural_vegetation_fire,natural_vegetation_fire,0.0009515441239929744,0.9422758692135359,0.05677258666247117
FW_00413374,other_uncertain,other_uncertain,0.001870788865260726,0.005157841159287535,0.9929713699754517
FW_00402551,other_uncertain,other_uncertain,0.0033675440245552637,0.009949750962890355,0.9866827050125544
FW_00260145,natural_vegetation_fire,other_uncertain,0.011779563338288853,0.4512513109612235,0.5369691257004876
FW_00523035,other_uncertain,other_uncertain,0.002536386274045347,0.01999917629708416,0.9774644374288705
FW_01102167,other_uncertain,other_uncertain,0.06087172750398344,0.08377047914838229,0.8553577933476344
FW_01143314,other_uncertain,other_uncertain,0.01090274517200813,0.22203560064352618,0.7670616541844657
FW_00975002,natural_vegetation_fire,natural_vegetation_fire,0.0018124887781992614,0.8200087393478798,0.17817877187392084
FW_01163763,other_uncertain,other_uncertain,0.004655168731620448,0.0639308583165602,0.9314139729518195
FW_01300198,natural_vegetation_fire,natural_vegetation_fire,0.005278452307400935,0.8383854835694396,0.1563360641231594
FW_00070682,natural_vegetation_fire,natural_vegetation_fire,0.00072292632440161,0.9796119978600674,0.019665075815531
FW_01563092,natural_vegetation_fire,natural_vegetation_fire,0.057088344679480596,0.6329037751545911,0.3100078801659284
FW_01535761,other_uncertain,other_uncertain,0.016207762928468754,0.2042800801227774,0.7795121569487539
FW_00393295,natural_vegetation_fire,natural_vegetation_fire,0.004501862011621735,0.7182756904249772,0.2772224475634012
FW_00254996,natural_vegetation_fire,natural_vegetation_fire,0.0012434433537227626,0.9737760426527858,0.024980513993491386
FW_00438306,other_uncertain,other_uncertain,0.0020701026976394066,0.05636062035958994,0.9415692769427707
FW_00756265,natural_vegetation_fire,natural_vegetation_fire,0.0006512131059842252,0.9688368019586977,0.030511984935318155
FW_01586772,natural_vegetation_fire,natural_vegetation_fire,0.0066828436512724005,0.6556200422373866,0.33769711411134096
FW_01265132,natural_vegetation_fire,natural_vegetation_fire,0.0005194275888849629,0.9396333227406958,0.05984724967041931
FW_00456915,other_uncertain,other_uncertain,0.06947289793385888,0.029245641119682107,0.9012814609464589
FW_00883172,natural_vegetation_fire,other_uncertain,0.003986904061316065,0.4765511015631588,0.5194619943755252
FW_00841046,other_uncertain,other_uncertain,0.14629115362500028,0.02334584494048043,0.8303630014345194
FW_00679185,natural_vegetation_fire,natural_vegetation_fire,0.0019641788961215077,0.955195883793953,0.04283993730992553
FW_00473402,natural_vegetation_fire,natural_vegetation_fire,0.0014658228000285324,0.8234919520462434,0.17504222515372808
FW_00581435,other_uncertain,other_uncertain,0.0010403060210613482,0.02477746175130706,0.9741822322276317
FW_01060132,other_uncertain,other_uncertain,0.0031911253686695744,0.028601906464079792,0.9682069681672507
FW_01541000,natural_vegetation_fire,natural_vegetation_fire,0.003067931194779305,0.8378457397169473,0.15908632908827333
FW_01030212,other_uncertain,other_uncertain,0.0010428149111442785,0.05930478549774711,0.9396523995911086
FW_00769470,natural_vegetation_fire,natural_vegetation_fire,0.0011389294731460635,0.9862646707328586,0.012596399793995336
FW_01572491,other_uncertain,other_uncertain,0.00102714395717356,0.0738300401483634,0.925142815894463
FW_00414861,natural_vegetation_fire,natural_vegetation_fire,0.0019981262935249004,0.7841063963970699,0.21389547730940525
FW_01470796,natural_vegetation_fire,natural_vegetation_fire,0.0005248042519785562,0.9798025628091338,0.019672632938887876
FW_00189150,natural_vegetation_fire,natural_vegetation_fire,0.000519051963850026,0.9454388575774909,0.05404209045865903
FW_01316288,natural_vegetation_fire,natural_vegetation_fire,0.001932223458399467,0.9874717530126853,0.010596023528915111
FW_01309931,industrial_fire_candidate,natural_vegetation_fire,0.15068341437795285,0.643868243086239,0.20544834253580818
FW_00354035,industrial_fire_candidate,other_uncertain,0.33272500557326873,0.024422854415716372,0.6428521400110149
FW_01113483,natural_vegetation_fire,natural_vegetation_fire,0.0018033270875393765,0.7580228295442407,0.24017384336821987
FW_00446692,industrial_fire_candidate,other_uncertain,0.14044116697735798,0.05131178746926583,0.8082470455533762
FW_00484203,natural_vegetation_fire,natural_vegetation_fire,0.003370260319538178,0.889371914822315,0.10725782485814682
FW_01040521,natural_vegetation_fire,natural_vegetation_fire,0.0009647840638985234,0.9863388126989575,0.012696403237143867
FW_00524917,natural_vegetation_fire,natural_vegetation_fire,0.07605927428582498,0.7995514033956374,0.12438932231853757
FW_01338718,other_uncertain,natural_vegetation_fire,0.0043467366162128155,0.8265752411261155,0.16907802225767166
FW_00177974,natural_vegetation_fire,natural_vegetation_fire,0.0021902139605495014,0.9152030029906986,0.08260678304875184
FW_00769739,natural_vegetation_fire,natural_vegetation_fire,0.0004843518770871306,0.9896772114045288,0.009838436718384002
FW_00388927,other_uncertain,other_uncertain,0.0009979155122553911,0.03871920383387012,0.9602828806538745
FW_01686517,natural_vegetation_fire,natural_vegetation_fire,0.004479571448202172,0.7762759516477483,0.21924447690404947
FW_00713132,natural_vegetation_fire,natural_vegetation_fire,0.0037585178502557745,0.9230707520096115,0.0731707301401328
FW_01619470,natural_vegetation_fire,natural_vegetation_fire,0.001108988239033848,0.9396551351006114,0.05923587666035461
FW_00148073,natural_vegetation_fire,natural_vegetation_fire,0.001753242294664172,0.9496121395168762,0.04863461818845966
FW_01135260,other_uncertain,other_uncertain,0.1495245608483778,0.006046471718447269,0.844428967433175
FW_01204054,other_uncertain,other_uncertain,0.005214189450923514,0.01782309413363536,0.9769627164154411
FW_00159918,natural_vegetation_fire,natural_vegetation_fire,0.0006297195514818621,0.9886011896602538,0.010769090788264395
FW_00044475,natural_vegetation_fire,natural_vegetation_fire,0.17759071532763382,0.47764405573778274,0.3447652289345835
FW_01487873,other_uncertain,other_uncertain,0.005698832362702207,0.47957585036119416,0.5147253172761036
FW_00331104,natural_vegetation_fire,natural_vegetation_fire,0.008969313291572065,0.9475232114328311,0.04350747527559667
FW_00512571,natural_vegetation_fire,natural_vegetation_fire,0.0029016111226056293,0.8494439915903337,0.14765439728706067
FW_00631090,natural_vegetation_fire,natural_vegetation_fire,0.0015171858323558308,0.9395571302075192,0.05892568396012499
FW_00362511,natural_vegetation_fire,natural_vegetation_fire,0.006508032696100654,0.9435320354319469,0.04995993187195245
FW_00609098,industrial_fire_candidate,other_uncertain,0.14445366893729314,0.004590286775572621,0.8509560442871342
FW_01253127,natural_vegetation_fire,natural_vegetation_fire,0.0003569045390307273,0.9910319973037861,0.008611098157183226
FW_00361634,natural_vegetation_fire,natural_vegetation_fire,0.0019191329159312133,0.8829804796130668,0.1151003874710021
FW_00823548,natural_vegetation_fire,natural_vegetation_fire,0.0007078931750524642,0.9727142491723163,0.026577857652631095
FW_00292463,other_uncertain,natural_vegetation_fire,0.01170796662947172,0.8175683006336603,0.1707237327368681
FW_01661604,natural_vegetation_fire,natural_vegetation_fire,0.0017372446835131991,0.8294081863923844,0.16885456892410222
FW_01171311,other_uncertain,other_uncertain,0.09649608603493448,0.09147998482562344,0.812023929139442
FW_00566712,natural_vegetation_fire,natural_vegetation_fire,0.003054764933937617,0.934712436831456,0.062232798234606555
FW_01593518,other_uncertain,natural_vegetation_fire,0.0016891848395738914,0.8104412780010884,0.18786953715933752
FW_00753446,natural_vegetation_fire,natural_vegetation_fire,0.00046316239946399913,0.9597558448781442,0.03978099272239179
FW_01575813,natural_vegetation_fire,natural_vegetation_fire,0.0017846362001931874,0.8438312407641799,0.1543841230356269
FW_00755397,natural_vegetation_fire,natural_vegetation_fire,0.0024925876941126364,0.9173700400706032,0.08013737223528417
FW_01398262,natural_vegetation_fire,other_uncertain,0.0004904820513463655,0.01776090125642378,0.9817486166922298
FW_00459008,natural_vegetation_fire,natural_vegetation_fire,0.00046691514138778227,0.9019769118568115,0.09755617300180067
FW_00902676,natural_vegetation_fire,natural_vegetation_fire,0.005223306751967758,0.9078397920396468,0.08693690120838547
FW_00994277,natural_vegetation_fire,natural_vegetation_fire,0.006336197804107204,0.8221982411596331,0.17146556103625965
FW_00323987,natural_vegetation_fire,natural_vegetation_fire,0.011551809214715351,0.9312025570652261,0.05724563372005864
FW_01472627,natural_vegetation_fire,natural_vegetation_fire,0.0014097678597890754,0.9905055598936696,0.008084672246541323
FW_01122898,natural_vegetation_fire,natural_vegetation_fire,0.0007504287650993442,0.9585337296644623,0.040715841570438456
FW_00426888,industrial_fire_candidate,other_uncertain,0.45699930189193566,0.03946462403209228,0.5035360740759721
FW_00809145,natural_vegetation_fire,natural_vegetation_fire,0.003667049150041666,0.9601837429783424,0.03614920787161592
FW_00267740,other_uncertain,industrial_fire_candidate,0.44451030831552296,0.27267641801867054,0.2828132736658065
FW_01061225,natural_vegetation_fire,natural_vegetation_fire,0.002022825713610063,0.8995815343380953,0.09839563994829467
FW_00721411,natural_vegetation_fire,natural_vegetation_fire,0.0017428189999733712,0.9089001930669356,0.08935698793309113
FW_00563456,natural_vegetation_fire,natural_vegetation_fire,0.0007760171271380114,0.8633768181117495,0.13584716476111255
FW_00449941,industrial_fire_candidate,other_uncertain,0.4271662385965467,0.020912703143953215,0.5519210582595
FW_01305234,natural_vegetation_fire,industrial_fire_candidate,0.5304180862520519,0.06278427933666769,0.40679763441128053
FW_01624843,natural_vegetation_fire,other_uncertain,0.012178532774118176,0.39892369823996615,0.5888977689859156
FW_01045093,other_uncertain,natural_vegetation_fire,0.0008224999913168412,0.9163216732884529,0.08285582672023037
FW_01694279,natural_vegetation_fire,natural_vegetation_fire,0.001048517410947333,0.9345203650877253,0.0644311175013274
FW_01681345,natural_vegetation_fire,other_uncertain,0.03800617804095655,0.41177873598194836,0.5502150859770951
FW_01198223,natural_vegetation_fire,other_uncertain,0.0039940063759646505,0.34302990386475907,0.6529760897592763
FW_01582226,other_uncertain,other_uncertain,0.0018426997883690302,0.11875626111167388,0.8794010390999571
FW_01141856,other_uncertain,other_uncertain,0.006316240307660899,0.4881244486624371,0.5055593110299019
FW_00889512,natural_vegetation_fire,natural_vegetation_fire,0.00028881527918957623,0.9934618743332014,0.006249310387608921
FW_00223987,industrial_fire_candidate,other_uncertain,0.39125405076441905,0.08670599352498419,0.5220399557105968
FW_00022951,natural_vegetation_fire,natural_vegetation_fire,0.0015324218415684843,0.5583135047767956,0.44015407338163587
FW_00616741,industrial_fire_candidate,other_uncertain,0.08373294662867894,0.010370109608376336,0.9058969437629448
FW_00576690,natural_vegetation_fire,other_uncertain,0.007352525775189854,0.43587867710523404,0.5567687971195762
FW_00023320,other_uncertain,other_uncertain,0.13544955637817221,0.007981679353615496,0.8565687642682123
FW_00243858,natural_vegetation_fire,natural_vegetation_fire,0.0015714048161000263,0.990949119605,0.007479475578900117
FW_00832251,natural_vegetation_fire,other_uncertain,0.002444334322234176,0.3908488034654909,0.6067068622122749
FW_00071056,other_uncertain,other_uncertain,0.0007794272739925702,0.009284017856000706,0.9899365548700068
FW_01166223,other_uncertain,other_uncertain,0.0028945171802196644,0.09054567034158953,0.9065598124781907
FW_01689981,industrial_fire_candidate,industrial_fire_candidate,0.5733719879333398,0.025959961469064947,0.4006680505975953
FW_01301371,natural_vegetation_fire,other_uncertain,0.07990162309032213,0.08163519143603234,0.8384631854736455
FW_00041370,other_uncertain,other_uncertain,0.0184820704988348,0.25324452322905444,0.7282734062721108
FW_00630238,natural_vegetation_fire,natural_vegetation_fire,0.0004349374012767684,0.9787452507236392,0.020819811875083947
FW_01707475,natural_vegetation_fire,natural_vegetation_fire,0.0011648058004806294,0.9734463902007509,0.02538880399876861
FW_01059904,other_uncertain,other_uncertain,0.023158348554513295,0.013855434836348799,0.9629862166091379
FW_00815052,industrial_fire_candidate,other_uncertain,0.11538269666002879,0.011803059369818457,0.8728142439701527
FW_00747438,natural_vegetation_fire,natural_vegetation_fire,0.0009866080535576355,0.979892850408147,0.01912054153829545
FW_00489640,natural_vegetation_fire,natural_vegetation_fire,0.0013105762864732355,0.9094071022038616,0.08928232150966521
FW_01470834,natural_vegetation_fire,natural_vegetation_fire,0.017036663485077676,0.7287210122850599,0.2542423242298624
FW_00942486,natural_vegetation_fire,natural_vegetation_fire,0.0006323527226510441,0.957263911931464,0.042103735345884796
FW_00016171,natural_vegetation_fire,other_uncertain,0.002378863764414741,0.14201722184090523,0.85560391439468
FW_01686313,natural_vegetation_fire,natural_vegetation_fire,0.0008673049601064771,0.9517558174280143,0.04737687761187912
FW_01702851,other_uncertain,other_uncertain,0.16778045311363918,0.05336509728600701,0.7788544496003538
FW_00490806,industrial_fire_candidate,natural_vegetation_fire,0.048237223354863,0.655537075784078,0.296225700861059
FW_01455657,natural_vegetation_fire,natural_vegetation_fire,0.003576591829502445,0.9452583654419671,0.05116504272853046
FW_01620394,natural_vegetation_fire,natural_vegetation_fire,0.003732771979314453,0.7284786568327509,0.26778857118793475
FW_00679577,other_uncertain,natural_vegetation_fire,0.0030725226651055824,0.5444241562589291,0.45250332107596525
FW_01191588,natural_vegetation_fire,other_uncertain,0.013803104200192533,0.40599268093556035,0.580204214864247
FW_01524599,natural_vegetation_fire,natural_vegetation_fire,0.0005175960650822125,0.8700827350379188,0.12939966889699908
FW_01560708,natural_vegetation_fire,other_uncertain,0.0004892674723507184,0.01819583167249695,0.9813149008551524
FW_00257264,natural_vegetation_fire,natural_vegetation_fire,0.0006531326740337856,0.9873695318241741,0.011977335501791907
FW_00461222,natural_vegetation_fire,natural_vegetation_fire,0.008907235721989743,0.6201225232837191,0.37097024099429127
FW_01411247,natural_vegetation_fire,natural_vegetation_fire,0.0003507438556685819,0.9833181076969254,0.016331148447406022
FW_00141363,natural_vegetation_fire,natural_vegetation_fire,0.0004788418906305395,0.9828959023998084,0.016625255709560964
FW_00915873,natural_vegetation_fire,natural_vegetation_fire,0.00048521652361256884,0.9923616039208891,0.00715317955549845
FW_00459066,natural_vegetation_fire,natural_vegetation_fire,0.03431535885690893,0.6760475883494452,0.2896370527936459
FW_01586044,other_uncertain,other_uncertain,0.0004563269931153847,0.01045780923920904,0.9890858637676757
FW_00855469,natural_vegetation_fire,natural_vegetation_fire,0.0008346354278926954,0.9171688248739988,0.08199653969810843
FW_01127168,other_uncertain,natural_vegetation_fire,0.0014861541338933484,0.662345392095408,0.33616845377069876
FW_00207442,natural_vegetation_fire,natural_vegetation_fire,0.0016577683556597102,0.9737671442961155,0.02457508734822471
FW_00877017,other_uncertain,other_uncertain,0.001005815928474406,0.029865500326349298,0.9691286837451762
FW_00685105,natural_vegetation_fire,natural_vegetation_fire,0.007083355071355908,0.9357099531540406,0.05720669177460341
FW_00005049,other_uncertain,industrial_fire_candidate,0.4066396270711311,0.2719787543369129,0.3213816185919561
FW_01661284,natural_vegetation_fire,natural_vegetation_fire,0.0007601558806338951,0.9373567305717281,0.061883113547637966
FW_01048315,other_uncertain,other_uncertain,0.0012636102234394352,0.0407179084038944,0.9580184813726662
FW_01695422,natural_vegetation_fire,natural_vegetation_fire,0.0013995477727132212,0.8433591402911752,0.1552413119361115
FW_00030789,other_uncertain,other_uncertain,0.15340466111105006,0.004699126439676631,0.8418962124492734
FW_00465848,natural_vegetation_fire,natural_vegetation_fire,0.004936822236725378,0.9218744542598426,0.07318872350343208
FW_01607907,other_uncertain,industrial_fire_candidate,0.6210155854008913,0.030007250299489124,0.34897716429961956
FW_00387528,other_uncertain,natural_vegetation_fire,0.019108855603211287,0.7638915314679228,0.21699961292886596
FW_00325536,natural_vegetation_fire,natural_vegetation_fire,0.0014173608595896877,0.9746511285004988,0.02393151063991157
FW_00721542,natural_vegetation_fire,natural_vegetation_fire,0.016197021887307116,0.8714726332901576,0.11233034482253527
FW_00079717,natural_vegetation_fire,natural_vegetation_fire,0.001199355561270927,0.9594005429607418,0.039400101477987136
FW_00426600,natural_vegetation_fire,natural_vegetation_fire,0.004742337878059755,0.8563317890492136,0.1389258730727265
FW_00673145,natural_vegetation_fire,natural_vegetation_fire,0.0031803920005901666,0.9066597371009337,0.09015987089847632
FW_00457582,natural_vegetation_fire,natural_vegetation_fire,0.0014614780810992564,0.879921191276791,0.11861733064210961
FW_01445988,natural_vegetation_fire,natural_vegetation_fire,0.0004826358021566576,0.9435925301211475,0.05592483407669585
FW_01470018,other_uncertain,other_uncertain,0.0094537565564859,0.07758184840287664,0.9129643950406374
FW_00025602,other_uncertain,other_uncertain,0.09160504485688044,0.0042249144082102804,0.9041700407349094
FW_00189026,natural_vegetation_fire,natural_vegetation_fire,0.0004094216438497159,0.9743251813158272,0.02526539704032326
FW_00190871,natural_vegetation_fire,natural_vegetation_fire,0.0008105454061591314,0.9810762570480834,0.018113197545757413
FW_01643817,other_uncertain,natural_vegetation_fire,0.0006590459564295322,0.8895078911331222,0.10983306291044827
FW_01225014,natural_vegetation_fire,natural_vegetation_fire,0.002399014487746098,0.9867589647102991,0.010842020801954866
FW_00963910,natural_vegetation_fire,natural_vegetation_fire,0.004233299300714315,0.8445122855616184,0.1512544151376673
FW_00822281,natural_vegetation_fire,natural_vegetation_fire,0.00365231594889272,0.8802880066905859,0.11605967736052133
FW_00487538,natural_vegetation_fire,natural_vegetation_fire,0.0005532688431445782,0.956632689715741,0.04281404144111447
FW_01035362,natural_vegetation_fire,natural_vegetation_fire,0.0005574141076680033,0.9827548773326886,0.016687708559643383
FW_00093750,other_uncertain,other_uncertain,0.0015084798426266814,0.02103984561324603,0.9774516745441273
FW_00203699,natural_vegetation_fire,natural_vegetation_fire,0.0010704106910622603,0.9908719924112918,0.008057596897646053
FW_01160530,other_uncertain,other_uncertain,0.014434723264714858,0.08142191340035544,0.9041433633349297
FW_00753115,natural_vegetation_fire,natural_vegetation_fire,0.00024950590028175514,0.9918094695307387,0.007941024568979533
FW_00032423,natural_vegetation_fire,natural_vegetation_fire,0.016896789236192807,0.9298859318635488,0.05321727890025826
FW_00096870,other_uncertain,natural_vegetation_fire,0.0030635541968075048,0.8159303631048159,0.1810060826983766
FW_00887355,natural_vegetation_fire,natural_vegetation_fire,0.0002474095025972998,0.9915060884091322,0.00824650208827053
FW_01071117,other_uncertain,natural_vegetation_fire,0.0019510323266033983,0.8174126564517245,0.1806363112216721
FW_01089779,natural_vegetation_fire,natural_vegetation_fire,0.0019449743227025612,0.7033427411630007,0.2947122845142969
FW_01621022,other_uncertain,other_uncertain,0.04416794716135036,0.24839923271694625,0.7074328201217034
FW_01162118,other_uncertain,other_uncertain,0.004720321769022038,0.12567452683790759,0.8696051513930704
FW_01540787,natural_vegetation_fire,natural_vegetation_fire,0.0019474625555680795,0.8276355710819451,0.17041696636248696
FW_00873456,natural_vegetation_fire,natural_vegetation_fire,0.00031772268899636847,0.9945634799621099,0.005118797348893705
FW_00832288,natural_vegetation_fire,other_uncertain,0.044298280792307944,0.3193523309051984,0.6363493883024937
FW_01552873,natural_vegetation_fire,natural_vegetation_fire,0.0009700096451133516,0.8980800420030854,0.1009499483518012
FW_01055345,other_uncertain,other_uncertain,0.04060180188998487,0.03390281767919114,0.9254953804308239
FW_00210528,natural_vegetation_fire,natural_vegetation_fire,0.0031661943413153386,0.9601176727468969,0.0367161329117878
FW_00054168,industrial_fire_candidate,industrial_fire_candidate,0.4093393930152417,0.3089411198740324,0.2817194871107258
FW_01668674,natural_vegetation_fire,natural_vegetation_fire,0.0036169683063400925,0.9303124854524398,0.0660705462412202
FW_00056223,other_uncertain,other_uncertain,0.0037738218817083115,0.09312162299166538,0.9031045551266264
FW_01439434,natural_vegetation_fire,natural_vegetation_fire,0.0010611642656452934,0.9727566213730447,0.02618221436131001
FW_00566311,industrial_fire_candidate,industrial_fire_candidate,0.6039553372876589,0.02347090308600376,0.3725737596263373
FW_01069513,natural_vegetation_fire,natural_vegetation_fire,0.0017533370607150387,0.8261012950391107,0.17214536790017423
FW_00508453,other_uncertain,natural_vegetation_fire,0.0021370430679815496,0.6078972796942199,0.3899656772377985
FW_01177310,natural_vegetation_fire,natural_vegetation_fire,0.0009739382781338502,0.7665201431511794,0.23250591857068664
FW_01040137,other_uncertain,other_uncertain,0.0004039298974546893,0.027461158803672208,0.972134911298873
FW_01596857,natural_vegetation_fire,natural_vegetation_fire,0.09329861608149946,0.48902911969543045,0.41767226422307
FW_00362714,natural_vegetation_fire,natural_vegetation_fire,0.0009711546497467294,0.7480357917798174,0.2509930535704358
FW_00123955,natural_vegetation_fire,other_uncertain,0.12272156658055362,0.4153501535844475,0.4619282798349989
FW_00343441,natural_vegetation_fire,natural_vegetation_fire,0.003131705909296846,0.8762355482210583,0.12063274586964502
FW_01513904,natural_vegetation_fire,natural_vegetation_fire,0.0012106282978309284,0.8633111091581477,0.13547826254402134
FW_00013065,natural_vegetation_fire,other_uncertain,0.0082836968305698,0.4654276656395855,0.5262886375298447
FW_00898611,natural_vegetation_fire,natural_vegetation_fire,0.0005605972550953107,0.9908183531430722,0.008621049601832482
FW_00640412,natural_vegetation_fire,natural_vegetation_fire,0.002006957740812316,0.9602122148691782,0.03778082739000945
FW_01219421,other_uncertain,other_uncertain,0.07906330973133596,0.03161731878649463,0.8893193714821693
FW_01286941,natural_vegetation_fire,natural_vegetation_fire,0.00032340262749710563,0.9925709654089728,0.0071056319635301474
FW_00241600,industrial_fire_candidate,other_uncertain,0.11461154374666463,0.10084349636311002,0.7845449598902254
FW_00691432,industrial_fire_candidate,other_uncertain,0.23605284423618758,0.05502925409991009,0.7089179016639024
FW_01680215,natural_vegetation_fire,other_uncertain,0.0021330479406188475,0.43597975456324545,0.5618871974961357
FW_00929894,natural_vegetation_fire,natural_vegetation_fire,0.0022469897776006987,0.9715772645534455,0.026175745668953886
FW_00372608,natural_vegetation_fire,natural_vegetation_fire,0.011142932142462973,0.8720188577170968,0.11683821014044032
FW_00373741,natural_vegetation_fire,natural_vegetation_fire,0.0016200899181772674,0.8531606190167422,0.14521929106508052
FW_01178093,natural_vegetation_fire,natural_vegetation_fire,0.0007750308926928307,0.8531216512372614,0.1461033178700457
FW_00951504,other_uncertain,other_uncertain,0.0042720724062082485,0.014890661715212606,0.9808372658785791
FW_01292354,natural_vegetation_fire,natural_vegetation_fire,0.000486303969630135,0.9246087253590558,0.0749049706713142
FW_01580137,other_uncertain,other_uncertain,0.0006342006660907327,0.028060421874888417,0.9713053774590208
FW_00079319,natural_vegetation_fire,natural_vegetation_fire,0.09394151574773511,0.7861789675134502,0.11987951673881479
FW_01072170,other_uncertain,other_uncertain,0.01514602127420393,0.010897204973406599,0.9739567737523895
FW_00983114,natural_vegetation_fire,natural_vegetation_fire,0.0023994595000800924,0.8140584272147927,0.18354211328512707
FW_00820887,natural_vegetation_fire,natural_vegetation_fire,0.0029257773304807444,0.9100012469436912,0.08707297572582816
FW_01222503,industrial_fire_candidate,other_uncertain,0.0717523669594454,0.03153341545034896,0.8967142175902056
FW_00136208,other_uncertain,other_uncertain,0.08061244878548855,0.016114945555268944,0.9032726056592425
FW_00983278,natural_vegetation_fire,natural_vegetation_fire,0.004658616139142823,0.9061315501450673,0.08920983371578986
FW_00990958,natural_vegetation_fire,other_uncertain,0.0046000992781406805,0.4829135985462114,0.512486302175648
FW_00701538,natural_vegetation_fire,natural_vegetation_fire,0.00030702562176668913,0.9945737371525771,0.005119237225656086
FW_00070918,other_uncertain,other_uncertain,0.02462500228800585,0.05155726562374047,0.9238177320882538
FW_01116066,natural_vegetation_fire,natural_vegetation_fire,0.0028703131735661647,0.6160001721996998,0.38112951462673395
FW_00995888,other_uncertain,other_uncertain,0.0011241568969958572,0.03205128930136791,0.9668245538016361
FW_01608509,other_uncertain,other_uncertain,0.1778058705390731,0.06956471150623622,0.7526294179546907
FW_00484999,natural_vegetation_fire,natural_vegetation_fire,0.007546015950293611,0.7215148613471887,0.27093912270251774
FW_00414567,other_uncertain,other_uncertain,0.0013274976480107403,0.018027431152283738,0.9806450711997056
FW_00696960,other_uncertain,natural_vegetation_fire,0.003163990923836972,0.5845275510045141,0.4123084580716489
FW_00857681,natural_vegetation_fire,natural_vegetation_fire,0.0005674307977482651,0.9889360857192872,0.010496483482964553
FW_00928807,natural_vegetation_fire,natural_vegetation_fire,0.003676871169672313,0.9817467127120458,0.014576416118281704
FW_01521485,natural_vegetation_fire,natural_vegetation_fire,0.004804200836650788,0.8533341020549527,0.14186169710839636
FW_01219191,natural_vegetation_fire,natural_vegetation_fire,0.0013023213876484632,0.8080733896497141,0.1906242889626373
FW_00061140,other_uncertain,other_uncertain,0.13148473305283465,0.004619847426697404,0.8638954195204679
FW_01011621,natural_vegetation_fire,natural_vegetation_fire,0.00155761325983018,0.9804998197091098,0.01794256703105995
FW_01129287,natural_vegetation_fire,other_uncertain,0.004884308627191595,0.4336402477986333,0.561475443574175
FW_01038337,other_uncertain,other_uncertain,0.04475254743096394,0.08404314927561578,0.8712043032934204
FW_00839873,natural_vegetation_fire,natural_vegetation_fire,0.0019616481233480578,0.9565434679216723,0.04149488395497963
FW_01609370,other_uncertain,other_uncertain,0.02640835510265199,0.12274569195781,0.8508459529395379
FW_00795423,natural_vegetation_fire,natural_vegetation_fire,0.0005066394618202567,0.9894989571635118,0.009994403374667882
FW_01199073,other_uncertain,other_uncertain,0.39371368855429295,0.016729815215445205,0.5895564962302619
FW_00322032,natural_vegetation_fire,other_uncertain,0.013344489864006609,0.10670424183622365,0.8799512682997698
FW_00491688,natural_vegetation_fire,natural_vegetation_fire,0.0015736101924193676,0.8693890103398949,0.1290373794676858
FW_01070535,other_uncertain,other_uncertain,0.09963741286628584,0.007883545672363844,0.8924790414613503
FW_00456416,natural_vegetation_fire,natural_vegetation_fire,0.003210031217281952,0.5436902779798931,0.4530996908028249
FW_00008465,natural_vegetation_fire,natural_vegetation_fire,0.0004279720249484898,0.9458257949187112,0.05374623305634034
FW_00922001,natural_vegetation_fire,natural_vegetation_fire,0.0038703268566132004,0.9688160114098866,0.027313661733500177
FW_01097072,natural_vegetation_fire,natural_vegetation_fire,0.0016980275289501228,0.9787282763989388,0.019573696072111124
FW_00873474,natural_vegetation_fire,natural_vegetation_fire,0.0010980969001844645,0.979913541032091,0.018988362067724376
FW_01479656,natural_vegetation_fire,natural_vegetation_fire,0.012386858826645522,0.9300113372990335,0.05760180387432087
FW_00441898,other_uncertain,other_uncertain,0.009523403541879173,0.05521790623908322,0.9352586902190375
FW_00040519,natural_vegetation_fire,natural_vegetation_fire,0.0003194180980527416,0.9831406045486812,0.01653997735326595
FW_00643050,other_uncertain,other_uncertain,0.0023968397314811556,0.011951679115413984,0.9856514811531049
FW_00033765,natural_vegetation_fire,natural_vegetation_fire,0.0027523409661735897,0.9418918885407017,0.055355770493124686
FW_00087223,natural_vegetation_fire,natural_vegetation_fire,0.0009661779901461374,0.9814246379943831,0.017609184015470656
FW_00879993,natural_vegetation_fire,natural_vegetation_fire,0.003885539178675225,0.8676074988246136,0.12850696199671108
FW_00072054,natural_vegetation_fire,natural_vegetation_fire,0.000243367139382184,0.9919236778790325,0.007832954981585363
FW_00349687,natural_vegetation_fire,natural_vegetation_fire,0.0014588361791810724,0.9421341455580932,0.05640701826272569
FW_01585296,other_uncertain,natural_vegetation_fire,0.007146649250952353,0.7625367838278392,0.2303165669212085
FW_00695879,natural_vegetation_fire,natural_vegetation_fire,0.001998198954575907,0.7894360485879411,0.2085657524574829
FW_01532341,industrial_fire_candidate,other_uncertain,0.3667520441632148,0.004293499749540864,0.6289544560872443
FW_00446102,other_uncertain,other_uncertain,0.22635245232256088,0.006082301820591802,0.7675652458568473
FW_01225812,other_uncertain,other_uncertain,0.06924680186646832,0.45476432117273086,0.4759888769608007
FW_00196542,natural_vegetation_fire,natural_vegetation_fire,0.002058511517068126,0.9893109786760403,0.008630509806891529
FW_00319303,industrial_fire_candidate,industrial_fire_candidate,0.5544162650937569,0.02450617177958649,0.42107756312665656
FW_01099538,natural_vegetation_fire,natural_vegetation_fire,0.002083537025939014,0.8405967840564939,0.15731967891756696
FW_01422724,natural_vegetation_fire,natural_vegetation_fire,0.005087541056626373,0.5232265120913107,0.47168594685206294
FW_01698570,other_uncertain,natural_vegetation_fire,0.021604944718183347,0.6757411142114792,0.3026539410703376
FW_00524920,other_uncertain,natural_vegetation_fire,0.05742763808550024,0.576762948919399,0.3658094129951006
FW_00528240,natural_vegetation_fire,natural_vegetation_fire,0.0008825544823513494,0.9308419869912984,0.06827545852635039
FW_01595015,other_uncertain,other_uncertain,0.3544316967672681,0.054925218031602954,0.590643085201129
FW_01389036,natural_vegetation_fire,natural_vegetation_fire,0.0016248124886670743,0.9821435264964146,0.01623166101491846
FW_00728610,natural_vegetation_fire,natural_vegetation_fire,0.0012970898796501181,0.9404635795439586,0.05823933057639118
FW_00803885,natural_vegetation_fire,natural_vegetation_fire,0.0012416668506229937,0.9225176890386887,0.07624064411068837
FW_01545774,other_uncertain,other_uncertain,0.0011458513374616303,0.04013111984359774,0.9587230288189407
FW_00129300,natural_vegetation_fire,natural_vegetation_fire,0.0019260591310475833,0.9475561367364078,0.05051780413254456
FW_01123925,natural_vegetation_fire,other_uncertain,0.010434074967259774,0.23720887040022395,0.7523570546325163
FW_01565924,natural_vegetation_fire,natural_vegetation_fire,0.06399711444738022,0.635120382825829,0.3008825027267907
FW_00466967,other_uncertain,other_uncertain,0.0011879484206489862,0.07211300133691338,0.9266990502424377
FW_01147782,industrial_fire_candidate,natural_vegetation_fire,0.019109772986180565,0.6486586635993427,0.3322315634144768
FW_01558938,natural_vegetation_fire,natural_vegetation_fire,0.005519644171865743,0.6888002956456594,0.30568006018247484
FW_00513068,natural_vegetation_fire,other_uncertain,0.006803626677304208,0.48383482554235885,0.5093615477803369
FW_01074034,natural_vegetation_fire,natural_vegetation_fire,0.009780171955811288,0.5609212224694756,0.42929860557471305
FW_01130965,natural_vegetation_fire,natural_vegetation_fire,0.0035098308742764826,0.7215358407353722,0.27495432839035117
FW_01024110,natural_vegetation_fire,natural_vegetation_fire,0.005921913628092112,0.8946946558174513,0.0993834305544567
FW_01444491,natural_vegetation_fire,natural_vegetation_fire,0.0007769178498725322,0.9125334023368551,0.08668967981327244
FW_01605845,natural_vegetation_fire,other_uncertain,0.006728394043758369,0.48766209312107145,0.5056095128351702
FW_01088642,natural_vegetation_fire,natural_vegetation_fire,0.0013994440039163524,0.8517661107144585,0.14683444528162504
FW_00993953,natural_vegetation_fire,natural_vegetation_fire,0.033222862675204315,0.7102382921007501,0.2565388452240456
FW_00268765,other_uncertain,other_uncertain,0.0010844679790148282,0.012474896431094262,0.9864406355898909
FW_00583867,other_uncertain,other_uncertain,0.21068631731542592,0.23450143079562225,0.5548122518889519
FW_01412670,natural_vegetation_fire,natural_vegetation_fire,0.06674980756974294,0.7027880395887408,0.23046215284151625
FW_00038930,other_uncertain,other_uncertain,0.000968892027910787,0.01683638490211719,0.982194723069972
FW_01049086,other_uncertain,other_uncertain,0.005090108486383264,0.07157758797177856,0.9233323035418382
FW_00447434,industrial_fire_candidate,natural_vegetation_fire,0.21420373144173988,0.42944136970501623,0.35635489885324395
FW_01060919,other_uncertain,other_uncertain,0.015803378557761028,0.024485320138031206,0.9597113013042078
FW_00728269,other_uncertain,natural_vegetation_fire,0.003819863296424175,0.8618444188776958,0.1343357178258802
FW_01210574,natural_vegetation_fire,natural_vegetation_fire,0.002360744562755772,0.9177808726007468,0.0798583828364974
FW_00419367,other_uncertain,natural_vegetation_fire,0.0016570061581536396,0.8624151691747921,0.13592782466705405
FW_01412417,natural_vegetation_fire,natural_vegetation_fire,0.0034010207370947683,0.5495531500843266,0.44704582917857866
FW_00994360,other_uncertain,natural_vegetation_fire,0.003269633576265703,0.8266127956428273,0.17011757078090686
FW_00688853,natural_vegetation_fire,natural_vegetation_fire,0.002129233110166025,0.8218926361734686,0.1759781307163654
FW_00001030,other_uncertain,other_uncertain,0.013606837526376106,0.0346143276546473,0.9517788348189766
FW_01324638,natural_vegetation_fire,natural_vegetation_fire,0.0008055600411396538,0.9822667085564692,0.016927731402391056
FW_00574577,other_uncertain,other_uncertain,0.017963554588970115,0.04188214015679884,0.9401543052542312
FW_01578498,other_uncertain,other_uncertain,0.312456257170404,0.009820621540187471,0.6777231212894086
FW_01275105,natural_vegetation_fire,natural_vegetation_fire,0.0001609657100893589,0.9933474679935459,0.006491566296364773
FW_00320465,natural_vegetation_fire,natural_vegetation_fire,0.0006244961020337576,0.9450991496972592,0.054276354200706985
FW_01469199,natural_vegetation_fire,natural_vegetation_fire,0.00058398484518447,0.9947100214803349,0.004705993674480656
FW_01592518,other_uncertain,other_uncertain,0.0010372456580228537,0.02344493547747217,0.9755178188645051
FW_00078038,other_uncertain,other_uncertain,0.0027117901870312385,0.02885260793752211,0.9684356018754466
FW_00457594,other_uncertain,natural_vegetation_fire,0.0019332949642305026,0.9453549212697133,0.052711783766056224
FW_01116258,natural_vegetation_fire,natural_vegetation_fire,0.001677990925484422,0.9486050602682556,0.049716948806259875
FW_00658292,natural_vegetation_fire,natural_vegetation_fire,0.0012514980823326797,0.932412493432796,0.0663360084848715
FW_01617488,other_uncertain,other_uncertain,0.08368234321790638,0.18077356263920955,0.7355440941428841
FW_00226191,natural_vegetation_fire,natural_vegetation_fire,0.0009249656990495493,0.9478703559531441,0.05120467834780634
FW_01583294,other_uncertain,other_uncertain,0.0010670660171452535,0.07307836656149523,0.9258545674213595
FW_01291820,natural_vegetation_fire,natural_vegetation_fire,0.00027817760798110297,0.9948209884330002,0.004900833959018772
FW_00475550,natural_vegetation_fire,natural_vegetation_fire,0.0008663105331786669,0.8365997888214617,0.1625339006453597
FW_00647392,natural_vegetation_fire,natural_vegetation_fire,0.020984319988047208,0.7750483576495062,0.2039673223624466
FW_00415228,other_uncertain,other_uncertain,0.005569542566703961,0.039326551306577216,0.9551039061267189
FW_01534017,natural_vegetation_fire,natural_vegetation_fire,0.008281137170343626,0.6099897387232281,0.38172912410642823
FW_00451226,natural_vegetation_fire,natural_vegetation_fire,0.09708561394386737,0.759793976216867,0.14312040983926563
FW_00965359,natural_vegetation_fire,other_uncertain,0.0014068352394982526,0.36200616944965,0.6365869953108518
FW_01040205,other_uncertain,other_uncertain,0.034765511116092516,0.10660292052455053,0.8586315683593568
FW_00448917,other_uncertain,other_uncertain,0.008019457649030294,0.042104113138692875,0.9498764292122769
FW_00551813,natural_vegetation_fire,natural_vegetation_fire,0.00523340308018,0.7319731055482973,0.2627934913715227
FW_00597998,natural_vegetation_fire,natural_vegetation_fire,0.004227900850748526,0.852744002765654,0.14302809638359754
FW_01070543,other_uncertain,other_uncertain,0.0020353059685124094,0.04758946932650572,0.9503752247049818
FW_00865159,natural_vegetation_fire,natural_vegetation_fire,0.0006401364361022464,0.9882078892073171,0.01115197435658065
FW_01531627,natural_vegetation_fire,natural_vegetation_fire,0.0018606788496236732,0.9583880949787249,0.03975122617165139
FW_00361128,natural_vegetation_fire,natural_vegetation_fire,0.005072095631484897,0.83953260852179,0.1553952958467251
FW_01279023,natural_vegetation_fire,natural_vegetation_fire,0.0003330987941993518,0.9921262346102258,0.007540666595574845
FW_00679851,natural_vegetation_fire,other_uncertain,0.029121006483090003,0.13332007631879086,0.8375589171981191
FW_00979846,other_uncertain,natural_vegetation_fire,0.02386288155434141,0.6039100118610017,0.37222710658465674
FW_00705739,other_uncertain,other_uncertain,0.011366164815728046,0.13801493429775624,0.8506189008865158
FW_00223673,natural_vegetation_fire,natural_vegetation_fire,0.0020060645596344205,0.9009763024698612,0.09701763297050439
FW_01615815,other_uncertain,other_uncertain,0.15604366929763944,0.02392865722620577,0.8200276734761548
FW_00049300,natural_vegetation_fire,natural_vegetation_fire,0.00899513313872668,0.8207364178371307,0.1702684490241428
FW_00415557,other_uncertain,other_uncertain,0.0033125883350259458,0.0146840102923402,0.9820034013726338
FW_00499995,natural_vegetation_fire,natural_vegetation_fire,0.0013146967274257487,0.5269983436978458,0.47168695957472834
FW_00483903,natural_vegetation_fire,natural_vegetation_fire,0.0018416480986383809,0.8477328978789865,0.15042545402237495
FW_00407338,other_uncertain,other_uncertain,0.001361520823712152,0.04411516619579788,0.95452331298049
FW_00194615,natural_vegetation_fire,natural_vegetation_fire,0.003846837412515507,0.9870964486183705,0.00905671396911395
FW_00288241,natural_vegetation_fire,natural_vegetation_fire,0.008792947092839511,0.9179626788639782,0.07324437404318233
FW_01557012,other_uncertain,other_uncertain,0.0007962993431996274,0.03548452145696126,0.9637191791998392
FW_01116996,natural_vegetation_fire,natural_vegetation_fire,0.001907600322831893,0.8943301248753083,0.1037622748018598
FW_00235705,other_uncertain,other_uncertain,0.0008486623803162336,0.025209125454693223,0.9739422121649904
FW_00898271,natural_vegetation_fire,natural_vegetation_fire,0.00023104660466723468,0.995803330002736,0.003965623392596925
FW_01043189,other_uncertain,other_uncertain,0.0013385182059103048,0.032182725737426886,0.9664787560566628
FW_00035704,natural_vegetation_fire,natural_vegetation_fire,0.001617111758655173,0.9771971399106787,0.02118574833066631
FW_00845635,natural_vegetation_fire,natural_vegetation_fire,0.005551991040587812,0.9735923668505125,0.020855642108899706
FW_01209097,other_uncertain,other_uncertain,0.033980713259800975,0.03223452518928199,0.9337847615509169
FW_01449202,other_uncertain,other_uncertain,0.0014215842437575548,0.04922247902717562,0.9493559367290668
FW_00237437,other_uncertain,natural_vegetation_fire,0.00812582816940351,0.6836729450802909,0.30820122675030565
FW_01546243,natural_vegetation_fire,natural_vegetation_fire,0.0013560668415385426,0.8920382066429721,0.1066057265154895
FW_00873357,natural_vegetation_fire,natural_vegetation_fire,0.0003089684034496967,0.9913374783189473,0.008353553277602952
FW_00433881,other_uncertain,other_uncertain,0.02253145975350178,0.15006498185003989,0.8274035583964584
FW_00555087,natural_vegetation_fire,natural_vegetation_fire,0.01694255309601566,0.7891619517021362,0.19389549520184818
FW_01723614,industrial_fire_candidate,other_uncertain,0.05671999298710335,0.2460278043395768,0.6972522026733198
FW_00674776,natural_vegetation_fire,natural_vegetation_fire,0.10556048116685075,0.6840467271611275,0.21039279167202177
FW_01208781,other_uncertain,other_uncertain,0.0023103604632617437,0.018183327330836795,0.9795063122059013
FW_00344939,natural_vegetation_fire,natural_vegetation_fire,0.0033201182626756347,0.9089339186187716,0.08774596311855273
FW_01004482,natural_vegetation_fire,natural_vegetation_fire,0.0017403624658403082,0.9745061791474094,0.023753458386750404
FW_00254367,other_uncertain,other_uncertain,0.039972282463032444,0.02918726330828165,0.930840454228686
FW_01124192,other_uncertain,other_uncertain,0.003067928410915896,0.03171229893717211,0.9652197726519121
FW_00211321,natural_vegetation_fire,natural_vegetation_fire,0.0010776607812209556,0.8389703529597535,0.1599519862590255
FW_00750090,other_uncertain,natural_vegetation_fire,0.006058695344807057,0.694589015622073,0.29935228903312
FW_01074835,other_uncertain,other_uncertain,0.16186242804260204,0.0033733448318847936,0.8347642271255131
FW_01121979,natural_vegetation_fire,natural_vegetation_fire,0.001985660648576099,0.8099634264327394,0.18805091291868448
FW_00452914,other_uncertain,other_uncertain,0.17279768975429965,0.00678398777856495,0.8204183224671354
FW_00560566,other_uncertain,other_uncertain,0.09972369296150832,0.006227912172416849,0.8940483948660748
FW_01586048,other_uncertain,other_uncertain,0.000333361942086906,0.011026918737261792,0.9886397193206513
FW_00520902,natural_vegetation_fire,natural_vegetation_fire,0.003261812305094538,0.6202642640432164,0.3764739236516891
FW_00866085,natural_vegetation_fire,natural_vegetation_fire,0.00033303645781441874,0.982071624392868,0.0175953391493175
FW_00671184,natural_vegetation_fire,natural_vegetation_fire,0.0012255841873495396,0.9703783328147966,0.028396082997853896
FW_01539963,other_uncertain,natural_vegetation_fire,0.0009329603411628918,0.9304863649660268,0.06858067469281046
FW_01548343,other_uncertain,other_uncertain,0.012733949515727393,0.021270824893750435,0.9659952255905221
FW_01625248,natural_vegetation_fire,natural_vegetation_fire,0.0011538970705691465,0.9507160699056353,0.04813003302379561
FW_01067247,natural_vegetation_fire,natural_vegetation_fire,0.0008676995711813483,0.9708669551568296,0.02826534527198904
FW_01211046,natural_vegetation_fire,natural_vegetation_fire,0.0017366480147095289,0.8025642251424139,0.19569912684287666
FW_01099786,natural_vegetation_fire,natural_vegetation_fire,0.002634667039030633,0.8496882374259824,0.147677095534987
FW_00372420,industrial_fire_candidate,other_uncertain,0.2027434260800425,0.06064524787884572,0.7366113260411118
FW_01616118,natural_vegetation_fire,natural_vegetation_fire,0.0020065003023212683,0.9161700698685702,0.08182342982910851
FW_00244007,natural_vegetation_fire,natural_vegetation_fire,0.003018052784310261,0.973394357961753,0.02358758925393682
FW_01350089,natural_vegetation_fire,natural_vegetation_fire,0.0005751376456728321,0.9769634353275576,0.0224614270267696
FW_00015673,other_uncertain,industrial_fire_candidate,0.5939183267721286,0.04617654594654475,0.35990512728132656
FW_00049598,natural_vegetation_fire,natural_vegetation_fire,0.0005876193705140357,0.9285935439506331,0.07081883667885291
FW_01617642,natural_vegetation_fire,natural_vegetation_fire,0.0008574401431408119,0.9568194468491552,0.04232311300770408
FW_01317416,natural_vegetation_fire,natural_vegetation_fire,0.0016890592126848785,0.8966743086784861,0.101636632108829
FW_00592172,natural_vegetation_fire,natural_vegetation_fire,0.011154713194253213,0.5146655953408248,0.474179691464922
FW_00829742,natural_vegetation_fire,natural_vegetation_fire,0.005628152926601519,0.5883840832996828,0.4059877637737155
FW_00384077,natural_vegetation_fire,natural_vegetation_fire,0.002636697461864513,0.8326945704323402,0.16466873210579536
FW_01066395,other_uncertain,other_uncertain,0.0007690948445781753,0.04116066265450402,0.9580702425009178
FW_01577940,other_uncertain,other_uncertain,0.00149851617721219,0.05377959664978771,0.9447218871730001
FW_00615198,other_uncertain,other_uncertain,0.02452804811515329,0.0404848360010239,0.9349871158838228
FW_00619728,industrial_fire_candidate,other_uncertain,0.25048116587800295,0.32717890958146034,0.4223399245405368
FW_00937081,natural_vegetation_fire,natural_vegetation_fire,0.000381384036040682,0.9730456711860495,0.02657294477790998
FW_00031789,industrial_fire_candidate,other_uncertain,0.2665578263496725,0.06078141816523798,0.6726607554850895
FW_01397384,natural_vegetation_fire,natural_vegetation_fire,0.0021266102026668413,0.9876878646876148,0.01018552510971844
FW_00475520,natural_vegetation_fire,natural_vegetation_fire,0.004333391212298934,0.7230480612340718,0.2726185475536292
FW_00269530,natural_vegetation_fire,natural_vegetation_fire,0.009694178530673263,0.7827335966492737,0.20757222482005305
FW_00306348,natural_vegetation_fire,natural_vegetation_fire,0.006382063109067923,0.7084414200340879,0.28517651685684414
FW_00528865,other_uncertain,natural_vegetation_fire,0.0009590014513749006,0.7718121239165809,0.2272288746320442
FW_00219529,natural_vegetation_fire,natural_vegetation_fire,0.012174833402736715,0.8814380578864827,0.10638710871078079
FW_00102838,other_uncertain,other_uncertain,0.002651363297779183,0.10629040563757633,0.8910582310646444
FW_00898261,natural_vegetation_fire,natural_vegetation_fire,0.001613041948970628,0.9651237274491896,0.0332632306018399
FW_00028409,natural_vegetation_fire,natural_vegetation_fire,0.0018173036593136227,0.9546510974972418,0.043531598843444576
FW_01163741,other_uncertain,other_uncertain,0.1401277725206301,0.01085973393266545,0.8490124935467045
FW_00372915,natural_vegetation_fire,natural_vegetation_fire,0.0016783154835318412,0.8908276232446775,0.10749406127179068
FW_01043343,other_uncertain,other_uncertain,0.01589267816103141,0.31630553649172516,0.6678017853472434
FW_00473140,natural_vegetation_fire,natural_vegetation_fire,0.0058182125171198475,0.8231842568364522,0.17099753064642792
FW_01723445,other_uncertain,other_uncertain,0.004683591311190616,0.02146605777330218,0.9738503509155072
FW_01281693,natural_vegetation_fire,natural_vegetation_fire,0.0009140482538958956,0.9841784691689575,0.014907482577146577
FW_00592513,industrial_fire_candidate,other_uncertain,0.03898011712506083,0.05216191044375121,0.908857972431188
FW_00400452,natural_vegetation_fire,natural_vegetation_fire,0.00172951269470035,0.8012334036774098,0.19703708362788988
FW_00363851,natural_vegetation_fire,natural_vegetation_fire,0.0032379870911212446,0.8683222191400358,0.12843979376884293
FW_00737402,other_uncertain,other_uncertain,0.3342536997440807,0.025400129983815134,0.6403461702721042
FW_00479115,natural_vegetation_fire,natural_vegetation_fire,0.0008709942644577304,0.8146305260844359,0.18449847965110627
FW_01626712,other_uncertain,natural_vegetation_fire,0.001628199102182631,0.8045375312669327,0.1938342696308846
FW_00402998,natural_vegetation_fire,natural_vegetation_fire,0.03076805135668025,0.6338031106368694,0.33542883800645024
FW_01071243,natural_vegetation_fire,natural_vegetation_fire,0.003317684354505429,0.6648660576373664,0.331816258008128
FW_01524798,natural_vegetation_fire,natural_vegetation_fire,0.00041662191153444417,0.9926917866965607,0.0068915913919049745
FW_00452675,natural_vegetation_fire,natural_vegetation_fire,0.0006301609893439069,0.9103024514060177,0.08906738760463828
FW_01097366,natural_vegetation_fire,natural_vegetation_fire,0.0011822054894853648,0.8557713117677835,0.14304648274273102
FW_01205401,industrial_fire_candidate,other_uncertain,0.08351523145955124,0.04446114291937326,0.8720236256210756
FW_00530336,natural_vegetation_fire,natural_vegetation_fire,0.0007354432392030633,0.869195417132051,0.13006913962874603
FW_00084753,other_uncertain,other_uncertain,0.0006662532216072305,0.014548220568754267,0.9847855262096386
FW_00347902,natural_vegetation_fire,natural_vegetation_fire,0.0016929810399011168,0.7966188885750808,0.20168813038501807
FW_01038435,other_uncertain,other_uncertain,0.12546521467293914,0.004718435425373988,0.8698163499016869
FW_00710036,natural_vegetation_fire,natural_vegetation_fire,0.0009513496156865836,0.8608854513187911,0.13816319906552216
FW_01598372,natural_vegetation_fire,natural_vegetation_fire,0.00036187354785276524,0.9627586386310103,0.036879487821136904
FW_01110025,other_uncertain,industrial_fire_candidate,0.6007725150929821,0.02009395751773094,0.3791335273892869
FW_01251317,natural_vegetation_fire,natural_vegetation_fire,0.0021936572215722535,0.9107801803169027,0.08702616246152516
FW_00088503,other_uncertain,other_uncertain,0.001595563682053252,0.032265434530538005,0.9661390017874087
FW_00168991,natural_vegetation_fire,natural_vegetation_fire,0.0005450182070346654,0.9826197864157257,0.01683519537723959
FW_01164696,natural_vegetation_fire,natural_vegetation_fire,0.0010416173558446258,0.7974464871008716,0.2015118955432838
FW_01358473,natural_vegetation_fire,natural_vegetation_fire,0.008122661856332604,0.897745399763792,0.0941319383798754
FW_01366233,natural_vegetation_fire,natural_vegetation_fire,0.0024856423111219595,0.9366107868207295,0.060903570868148627
FW_00455656,other_uncertain,natural_vegetation_fire,0.0015327131599133,0.6689888402142389,0.32947844662584785
FW_00685519,natural_vegetation_fire,natural_vegetation_fire,0.0019247814583682739,0.9318131903325578,0.06626202820907388
FW_01274699,natural_vegetation_fire,natural_vegetation_fire,0.0006261832916227057,0.9925732071229906,0.006800609585386609
FW_00929983,natural_vegetation_fire,natural_vegetation_fire,0.003366968239708876,0.960977400296475,0.03565563146381604
FW_00623208,other_uncertain,natural_vegetation_fire,0.02859751802854631,0.5598435866545207,0.41155889531693296
FW_01174269,other_uncertain,other_uncertain,0.05359822831449281,0.04112218556971788,0.9052795861157893
FW_01463871,natural_vegetation_fire,natural_vegetation_fire,0.002123249292533765,0.9019304302673279,0.09594632044013832
FW_01238047,natural_vegetation_fire,natural_vegetation_fire,0.00290722961916525,0.8947291559579371,0.1023636144228976
FW_00613455,natural_vegetation_fire,natural_vegetation_fire,0.004483211879939132,0.9201992162887281,0.07531757183133266
FW_00990726,natural_vegetation_fire,natural_vegetation_fire,0.005760497083992812,0.9362295498774196,0.05800995303858752
FW_00968325,natural_vegetation_fire,natural_vegetation_fire,0.0010583541219372635,0.8234181756269542,0.1755234702511086
FW_00990714,natural_vegetation_fire,natural_vegetation_fire,0.0045335439744462296,0.8904126617591893,0.1050537942663644
FW_01716368,industrial_fire_candidate,other_uncertain,0.2849470990230939,0.006281548071030329,0.7087713529058758
FW_00371806,other_uncertain,other_uncertain,0.0013864120020997835,0.061025157794551706,0.9375884302033485
FW_00481044,natural_vegetation_fire,natural_vegetation_fire,0.020638682485671758,0.6822416227186108,0.2971196947957175
FW_01472985,natural_vegetation_fire,natural_vegetation_fire,0.0006617850775061573,0.9723989556604304,0.02693925926206321
FW_00898694,natural_vegetation_fire,natural_vegetation_fire,0.0023939603505145775,0.958430190150919,0.03917584949856653
FW_01521917,other_uncertain,other_uncertain,0.01947738543045552,0.11199698901023428,0.8685256255593102
FW_01039750,natural_vegetation_fire,natural_vegetation_fire,0.00016363619988541626,0.9885576857389154,0.011278678061199025
FW_01243379,other_uncertain,natural_vegetation_fire,0.00189704374543896,0.8792559754799961,0.11884698077456479
FW_00459471,other_uncertain,other_uncertain,0.23445194750091183,0.05280492820030052,0.7127431242987877
FW_01671249,natural_vegetation_fire,natural_vegetation_fire,0.0014060201368977458,0.8585637851382156,0.1400301947248866
FW_00481789,natural_vegetation_fire,natural_vegetation_fire,0.0007909347527175393,0.9378846934082071,0.06132437183907527
FW_00601974,other_uncertain,natural_vegetation_fire,0.017872752416899996,0.7312288895108344,0.2508983580722656
FW_00216245,other_uncertain,other_uncertain,0.011879232233409866,0.22759010727323914,0.7605306604933509
FW_00935624,other_uncertain,other_uncertain,0.0012458379038754728,0.10488262201012588,0.8938715400859986
FW_01536841,natural_vegetation_fire,other_uncertain,0.0005778042899268361,0.010122158405054413,0.9893000373050187
FW_01711130,other_uncertain,other_uncertain,0.013598952038013055,0.050391409881564424,0.9360096380804225
FW_01106484,natural_vegetation_fire,natural_vegetation_fire,0.003283501160374024,0.897447709841553,0.099268788998073
FW_01390198,natural_vegetation_fire,natural_vegetation_fire,0.000394723487471855,0.9889545373618502,0.010650739150677851
FW_01598636,other_uncertain,other_uncertain,0.00039435044833039306,0.013597877146050326,0.9860077724056193
FW_00439998,other_uncertain,other_uncertain,0.2556904213452737,0.07704044441217857,0.6672691342425477
FW_01504738,natural_vegetation_fire,natural_vegetation_fire,0.0030993109156283245,0.8432003938982495,0.1537002951861221
FW_00919230,other_uncertain,other_uncertain,0.23423173344642825,0.006784850199921176,0.7589834163536506
FW_00762151,natural_vegetation_fire,natural_vegetation_fire,0.0005275006018391445,0.9888006440353447,0.010671855362816054
FW_00227099,natural_vegetation_fire,natural_vegetation_fire,0.010087244080671036,0.9670456212444649,0.022867134674864013
FW_01686626,natural_vegetation_fire,natural_vegetation_fire,0.0013225298712437978,0.9154274643398277,0.08325000578892856
FW_01575251,natural_vegetation_fire,natural_vegetation_fire,0.0014143506427528227,0.9714609451879288,0.027124704169318198
FW_00730781,other_uncertain,other_uncertain,0.05471147114528769,0.028942134292631667,0.9163463945620807
FW_01067314,natural_vegetation_fire,natural_vegetation_fire,0.0013140084359654827,0.8077284691645125,0.19095752239952204
FW_00059311,other_uncertain,other_uncertain,0.17744321567419502,0.039893765787084416,0.7826630185387206
FW_00796051,natural_vegetation_fire,natural_vegetation_fire,0.0004011467101198099,0.9898059120750329,0.009792941214847197
FW_00290469,other_uncertain,other_uncertain,0.0021024805813290937,0.036284156940859284,0.9616133624778117
FW_00829850,other_uncertain,other_uncertain,0.028956696691135854,0.022360217607891593,0.9486830857009726
FW_00417374,other_uncertain,other_uncertain,0.12389341518452741,0.08758281301254418,0.7885237718029284
FW_00500106,other_uncertain,natural_vegetation_fire,0.0010996131506541855,0.8868198086426096,0.11208057820673618
FW_01702148,natural_vegetation_fire,natural_vegetation_fire,0.0035470936324959257,0.9108071485940826,0.08564575777342133
FW_01237088,natural_vegetation_fire,other_uncertain,0.005557387884434065,0.46903448062179337,0.5254081314937726
FW_00383027,natural_vegetation_fire,natural_vegetation_fire,0.000920667215359544,0.9407235255294547,0.058355807255185625
FW_01266468,natural_vegetation_fire,natural_vegetation_fire,0.00016753303653346469,0.9948893584269268,0.0049431085365396
FW_00206261,natural_vegetation_fire,natural_vegetation_fire,0.005184328893549679,0.955105354048097,0.03971031705835331
FW_01688796,natural_vegetation_fire,other_uncertain,0.0061957209052011025,0.490335075229739,0.5034692038650599
FW_01000417,other_uncertain,other_uncertain,0.003949668651076342,0.4716565426083187,0.5243937887406049
FW_00545073,other_uncertain,other_uncertain,0.10949706212591807,0.13067328960175173,0.7598296482723302
FW_01135858,other_uncertain,other_uncertain,0.0015418251664559325,0.026652227179420722,0.9718059476541234
FW_00485539,natural_vegetation_fire,natural_vegetation_fire,0.0008927219445692329,0.9701374362536612,0.028969841801769446
FW_01030868,natural_vegetation_fire,natural_vegetation_fire,0.0022569000994970135,0.9123425691286675,0.08540053077183539
FW_00448388,other_uncertain,other_uncertain,0.007165392629741159,0.0923500619235605,0.9004845454466984
FW_00414642,natural_vegetation_fire,natural_vegetation_fire,0.0008919735884341838,0.9387695499451795,0.06033847646638643
FW_00590427,natural_vegetation_fire,natural_vegetation_fire,0.0008784024101872548,0.8762016234106423,0.12291997417917032
FW_00637054,natural_vegetation_fire,natural_vegetation_fire,0.0003376185669686057,0.9745392850146402,0.025123096418391118
FW_00143490,natural_vegetation_fire,natural_vegetation_fire,0.0008781926782026469,0.973165669457904,0.025956137863893357
FW_01617297,other_uncertain,other_uncertain,0.0015959690566589289,0.01830500446952085,0.9800990264738202
FW_00138793,natural_vegetation_fire,natural_vegetation_fire,0.0009080319478552333,0.9360717146678283,0.06302025338431627
FW_01246781,natural_vegetation_fire,natural_vegetation_fire,0.0010969596873460828,0.9675266941248448,0.031376346187809
FW_01691829,industrial_fire_candidate,other_uncertain,0.062464772565641105,0.036605138291798366,0.9009300891425606
FW_01723615,industrial_fire_candidate,other_uncertain,0.06619599605630233,0.22591146216361355,0.7078925417800842
FW_00619371,other_uncertain,other_uncertain,0.0015579613916323278,0.029993091146355542,0.9684489474620123
FW_00514068,natural_vegetation_fire,natural_vegetation_fire,0.0009699092009288884,0.9509718552040899,0.048058235594981305
FW_01014648,other_uncertain,other_uncertain,0.0013609956922588913,0.03315985425922529,0.9654791500485159
FW_01343398,natural_vegetation_fire,natural_vegetation_fire,0.003020247239229417,0.9158709674577586,0.0811087853030119
FW_01591212,other_uncertain,other_uncertain,0.03744764104241227,0.10057271981701359,0.8619796391405741
FW_00483340,natural_vegetation_fire,natural_vegetation_fire,0.0009173111420141446,0.9140126165256175,0.08507007233236824
FW_01361301,natural_vegetation_fire,natural_vegetation_fire,0.0012754948426448832,0.9860106693850803,0.012713835772274683
FW_01039146,natural_vegetation_fire,natural_vegetation_fire,0.00101945579389196,0.8477661245033106,0.15121441970279764
FW_00915909,natural_vegetation_fire,natural_vegetation_fire,0.00046046929221472873,0.9841997755853182,0.015339755122466957
FW_01074852,other_uncertain,other_uncertain,0.0008061700466820288,0.02143638926566558,0.9777574406876524
FW_00478417,natural_vegetation_fire,natural_vegetation_fire,0.000905924124347164,0.9200186080638812,0.07907546781177163
FW_01106891,natural_vegetation_fire,other_uncertain,0.0037583349255380853,0.3464272483758019,0.64981441669866
FW_01145360,natural_vegetation_fire,natural_vegetation_fire,0.00038355255331128145,0.9055511211719212,0.09406532627476759
FW_00514889,other_uncertain,other_uncertain,0.021188192900694285,0.027308447165149095,0.9515033599341565
FW_01188653,other_uncertain,other_uncertain,0.10339627774741275,0.020750273940502186,0.8758534483120851
FW_01491507,natural_vegetation_fire,natural_vegetation_fire,0.0052075245364450835,0.8047610671951881,0.19003140826836687
FW_00817643,other_uncertain,other_uncertain,0.03772996160267249,0.06948932217688002,0.8927807162204474
FW_00463911,other_uncertain,other_uncertain,0.33864749266468286,0.014368013253087435,0.6469844940822297
FW_01446601,natural_vegetation_fire,natural_vegetation_fire,0.0005934744496263364,0.9722189738745564,0.027187551675817247
FW_00876092,natural_vegetation_fire,natural_vegetation_fire,0.0016447923126763015,0.9796006060270577,0.018754601660266042
FW_01693380,natural_vegetation_fire,natural_vegetation_fire,0.008914478972432905,0.8444230636096499,0.1466624574179173
FW_00359508,other_uncertain,other_uncertain,0.0004479122578864444,0.01406185772724894,0.9854902300148647
FW_00902693,natural_vegetation_fire,natural_vegetation_fire,0.006713256414539908,0.9127725125731346,0.08051423101232542
FW_00670015,other_uncertain,natural_vegetation_fire,0.02573255373238604,0.5495018478819065,0.4247655983857076
FW_00828781,natural_vegetation_fire,natural_vegetation_fire,0.001166832349689255,0.9476262738609266,0.05120689378938407
FW_01657773,natural_vegetation_fire,natural_vegetation_fire,0.002438785647891426,0.8490674028392158,0.14849381151289287
FW_01630875,natural_vegetation_fire,natural_vegetation_fire,0.00038184436640903397,0.9391365217736193,0.06048163385997168
FW_01427160,natural_vegetation_fire,natural_vegetation_fire,0.0021811552156249603,0.9822789159817901,0.015539928802585012
FW_00927680,natural_vegetation_fire,natural_vegetation_fire,0.006202097039272173,0.9457708427977201,0.04802706016300777
FW_01040944,natural_vegetation_fire,other_uncertain,0.010463199852470446,0.4631370469075741,0.5263997532399554
FW_00897059,other_uncertain,other_uncertain,0.03386883374609885,0.13362682425497222,0.8325043419989289
FW_00482220,natural_vegetation_fire,natural_vegetation_fire,0.0006388296584306051,0.9099467422317062,0.08941442810986319
FW_01687497,natural_vegetation_fire,natural_vegetation_fire,0.0012365566834406762,0.9414795896428051,0.05728385367375433
FW_01058585,natural_vegetation_fire,natural_vegetation_fire,0.0019800452902157093,0.80895632639264,0.18906362831714427
FW_00089998,natural_vegetation_fire,natural_vegetation_fire,0.0006362370451930468,0.9843571634989696,0.015006599455837186
FW_00829896,other_uncertain,other_uncertain,0.21955301678192654,0.09166174132489734,0.6887852418931761
FW_00314406,other_uncertain,industrial_fire_candidate,0.5232870922198146,0.026452208863555725,0.4502606989166297
FW_01093358,natural_vegetation_fire,natural_vegetation_fire,0.017898245316802605,0.8299282397784462,0.15217351490475114
FW_01702727,other_uncertain,other_uncertain,0.007138229252507144,0.02120597481722312,0.9716557959302697
FW_00994258,natural_vegetation_fire,natural_vegetation_fire,0.002540422962611874,0.6728545993718127,0.32460497766557556
FW_01275877,natural_vegetation_fire,natural_vegetation_fire,0.0019266601065548092,0.9544432915274534,0.043630048365991776
FW_00212214,natural_vegetation_fire,natural_vegetation_fire,0.001259481586795403,0.9935218945148074,0.005218623898397134
FW_01398264,other_uncertain,other_uncertain,0.000585201814892567,0.02188245864057815,0.9775323395445293
FW_01481973,other_uncertain,other_uncertain,0.0027383637672414012,0.03307009947106441,0.9641915367616941
FW_00345272,natural_vegetation_fire,natural_vegetation_fire,0.003883433559176245,0.9108596802098657,0.08525688623095794
FW_00096238,natural_vegetation_fire,natural_vegetation_fire,0.0010286385311307788,0.9712156182517486,0.02775574321712053
FW_00788601,natural_vegetation_fire,natural_vegetation_fire,0.0012532580297797715,0.9686182304476783,0.03012851152254196
FW_01058880,other_uncertain,other_uncertain,0.004949083550945857,0.01632365514647698,0.9787272613025771
FW_01630881,natural_vegetation_fire,natural_vegetation_fire,0.0005781604390087674,0.9107695541118292,0.08865228544916184
FW_00589252,industrial_fire_candidate,other_uncertain,0.13729203684760322,0.0070036496012010644,0.8557043135511958
FW_01043707,other_uncertain,natural_vegetation_fire,0.1047269859011043,0.513140047281166,0.3821329668177296
FW_01652961,natural_vegetation_fire,natural_vegetation_fire,0.002152744792135701,0.9496765971060872,0.04817065810177709
FW_01504814,natural_vegetation_fire,natural_vegetation_fire,0.0012373393913365615,0.9699556337254925,0.028807026883170907
FW_00795298,natural_vegetation_fire,natural_vegetation_fire,0.004398673575936676,0.880255333062414,0.1153459933616494
FW_01555884,industrial_fire_candidate,industrial_fire_candidate,0.5694300934091393,0.1863163972931288,0.24425350929773196
FW_01038511,other_uncertain,other_uncertain,0.004985496294605413,0.17270149830292364,0.8223130054024709
FW_01059050,other_uncertain,other_uncertain,0.0029842754311772803,0.033722105764858026,0.9632936188039647
FW_00109856,natural_vegetation_fire,natural_vegetation_fire,0.0006861058723435365,0.8729208957131798,0.1263929984144768
FW_01477606,other_uncertain,other_uncertain,0.20936349230685047,0.006615661258427516,0.7840208464347219
FW_00028460,other_uncertain,other_uncertain,0.1487068824237935,0.0045630120992499945,0.8467301054769565
FW_00254393,other_uncertain,other_uncertain,0.10703435080931947,0.07756988847767726,0.8153957607130033
FW_00522988,other_uncertain,other_uncertain,0.028719787386264715,0.032294740873586324,0.938985471740149
FW_00763249,natural_vegetation_fire,natural_vegetation_fire,0.0003010918232058401,0.9603794237974534,0.039319484379340644
FW_00702037,natural_vegetation_fire,natural_vegetation_fire,0.0003881038238112155,0.9786094139263362,0.021002482249852756
FW_01025263,natural_vegetation_fire,natural_vegetation_fire,0.0031698192664433014,0.9396493213240713,0.05718085940948544
FW_00366658,natural_vegetation_fire,natural_vegetation_fire,0.0018572185648173466,0.9645626177555866,0.03358016367959611
FW_00414205,natural_vegetation_fire,natural_vegetation_fire,0.0008426742126815188,0.9339716702107874,0.06518565557653112
FW_01207920,other_uncertain,other_uncertain,0.14367542621962615,0.05103197119567965,0.8052926025846943
FW_00944483,natural_vegetation_fire,natural_vegetation_fire,0.0009503379079318265,0.9210516775496251,0.07799798454244315
FW_00470399,natural_vegetation_fire,natural_vegetation_fire,0.001040743645221802,0.8942412307187064,0.10471802563607181
FW_01707862,natural_vegetation_fire,other_uncertain,0.0027592230006785383,0.2632382797532248,0.7340024972460967
FW_01084873,natural_vegetation_fire,natural_vegetation_fire,0.31735357533090525,0.4597487523888714,0.22289767228022317
FW_01579720,other_uncertain,other_uncertain,0.0011227549292353383,0.015290220987543528,0.9835870240832211
FW_00394162,other_uncertain,other_uncertain,0.0028435718077028547,0.023619731697580113,0.9735366964947171
FW_01321248,natural_vegetation_fire,natural_vegetation_fire,0.00395340224677026,0.7536792057260081,0.24236739202722157
FW_01297404,natural_vegetation_fire,natural_vegetation_fire,0.0011390525493996345,0.979588640198857,0.019272307251743205
FW_00445368,other_uncertain,other_uncertain,0.07668689844689452,0.09635753738181743,0.826955564171288
FW_00541137,natural_vegetation_fire,natural_vegetation_fire,0.0009915978322866024,0.8810219066189665,0.11798649554874681
FW_00006137,industrial_fire_candidate,other_uncertain,0.02503623438439536,0.03829250710206642,0.9366712585135383
FW_00981892,natural_vegetation_fire,natural_vegetation_fire,0.0004010347191071828,0.980467831145751,0.019131134135141777
FW_01325550,other_uncertain,other_uncertain,0.04991285952230627,0.038013503226806425,0.9120736372508873
FW_00946108,natural_vegetation_fire,natural_vegetation_fire,0.0010961808090615415,0.8925655768054863,0.10633824238545207
FW_01291379,natural_vegetation_fire,natural_vegetation_fire,0.0003454578195508354,0.9914809302629751,0.008173611917474071
FW_00582610,industrial_fire_candidate,other_uncertain,0.011456225601525786,0.07903125511022081,0.9095125192882534
FW_01102031,natural_vegetation_fire,natural_vegetation_fire,0.0022287008667890534,0.8224411799422875,0.17533011919092334
FW_00444295,natural_vegetation_fire,natural_vegetation_fire,0.001533047074442643,0.738906548633242,0.25956040429231536
FW_00947314,other_uncertain,other_uncertain,0.010700561417579284,0.06943983266220982,0.9198596059202109
FW_01343409,natural_vegetation_fire,natural_vegetation_fire,0.0017995124573588494,0.9440562609026876,0.05414422663995358
FW_01504525,natural_vegetation_fire,natural_vegetation_fire,0.0019246193171351834,0.9018751060001163,0.09620027468274854
FW_01525664,natural_vegetation_fire,natural_vegetation_fire,0.00683076098873648,0.8230380554270761,0.1701311835841874
FW_00047922,natural_vegetation_fire,natural_vegetation_fire,0.0006994840168264816,0.9784916294898035,0.02080888649336997
FW_01567491,natural_vegetation_fire,natural_vegetation_fire,0.0011058574266997222,0.8116576374608534,0.18723650511244683
FW_01481605,natural_vegetation_fire,natural_vegetation_fire,0.016390542962721747,0.8974889299032481,0.08612052713403008
FW_01301591,natural_vegetation_fire,natural_vegetation_fire,0.0018865211940358925,0.9547914765333786,0.04332200227258563
FW_01401995,natural_vegetation_fire,natural_vegetation_fire,0.0011611455465034843,0.8989280338198319,0.09991082063366467
FW_00115068,natural_vegetation_fire,natural_vegetation_fire,0.0008213896088180652,0.9860062225330785,0.013172387858103558
FW_00498070,natural_vegetation_fire,natural_vegetation_fire,0.00430976127117214,0.9571866059883446,0.03850363274048312
FW_01582227,other_uncertain,other_uncertain,0.0004085204453706778,0.032182125846033104,0.9674093537085964
FW_00605190,other_uncertain,other_uncertain,0.0017663934026830711,0.02745751153709048,0.9707760950602264
FW_00649825,other_uncertain,other_uncertain,0.021004796982224003,0.1448950082184256,0.8341001947993505
FW_00998826,other_uncertain,other_uncertain,0.008849569665363856,0.4510521600950263,0.5400982702396098
FW_01496741,natural_vegetation_fire,natural_vegetation_fire,0.0022964629358326436,0.9746912215329442,0.023012315531223147
FW_00512075,natural_vegetation_fire,natural_vegetation_fire,0.009441450163240137,0.8484126547019015,0.14214589513485842
FW_01179683,other_uncertain,other_uncertain,0.01829716780326735,0.017141947462492483,0.9645608847342402
FW_01039454,natural_vegetation_fire,natural_vegetation_fire,0.002211022717630352,0.9354247682632388,0.06236420901913097
FW_00174326,natural_vegetation_fire,natural_vegetation_fire,0.026995567103517883,0.9015096032049004,0.07149482969158186
FW_01689932,industrial_fire_candidate,other_uncertain,0.4553373428694732,0.008365035895590194,0.5362976212349365
FW_00839161,natural_vegetation_fire,natural_vegetation_fire,0.005422416178976115,0.7941459025756579,0.20043168124536595
FW_01297958,natural_vegetation_fire,natural_vegetation_fire,0.0012832671252371813,0.9712069824875954,0.027509750387167346
FW_00118755,other_uncertain,other_uncertain,0.37328396051685714,0.046774544426509086,0.5799414950566337
FW_00858363,natural_vegetation_fire,natural_vegetation_fire,0.0012260984545616005,0.9410467624673075,0.05772713907813104
FW_01031036,natural_vegetation_fire,other_uncertain,0.0037341788116246897,0.46418608333166406,0.5320797378567113
FW_01547287,natural_vegetation_fire,natural_vegetation_fire,0.0006813805062220895,0.9244630091555888,0.07485561033818924
FW_01241705,natural_vegetation_fire,natural_vegetation_fire,0.17121224540465083,0.5025938772135095,0.3261938773818397
FW_01052562,industrial_fire_candidate,other_uncertain,0.19753247741733257,0.01318819431067781,0.7892793282719895
FW_00786205,natural_vegetation_fire,natural_vegetation_fire,0.0018648788747062436,0.9846157280455854,0.013519393079708439
FW_00726507,natural_vegetation_fire,natural_vegetation_fire,0.012511982906533627,0.8442131069677501,0.14327491012571633
FW_00669623,natural_vegetation_fire,natural_vegetation_fire,0.00046650343304092235,0.9859726282759843,0.013560868290974784
FW_00253482,other_uncertain,other_uncertain,0.08281464379582078,0.018448880912434643,0.8987364752917445
FW_01076088,other_uncertain,natural_vegetation_fire,0.0010829076555590592,0.842737809171756,0.15617928317268504
FW_00034989,other_uncertain,other_uncertain,0.0014303345341290699,0.07009677937892435,0.9284728860869466
FW_00809213,other_uncertain,other_uncertain,0.1891505712319935,0.007275000290784455,0.803574428477222
FW_01420940,natural_vegetation_fire,natural_vegetation_fire,0.005173799273355359,0.880476936208712,0.11434926451793259
FW_00502130,natural_vegetation_fire,natural_vegetation_fire,0.0016577648529162024,0.9481901111164871,0.0501521240305968
FW_01069612,natural_vegetation_fire,natural_vegetation_fire,0.007607323428521086,0.5357661313434069,0.456626545228072
FW_00821574,natural_vegetation_fire,natural_vegetation_fire,0.0026054360287826946,0.8803864827020053,0.11700808126921221
FW_00668852,natural_vegetation_fire,natural_vegetation_fire,0.001050014864470142,0.9698738279307217,0.029076157204808096
FW_01389349,natural_vegetation_fire,natural_vegetation_fire,0.0016930820191419216,0.9685055796406116,0.02980133834024649
FW_01617039,other_uncertain,other_uncertain,0.0009139263759267079,0.030293850261811854,0.9687922233622615
FW_00603168,industrial_fire_candidate,industrial_fire_candidate,0.7617205208055952,0.006840921712092028,0.23143855748231285
FW_01494180,other_uncertain,other_uncertain,0.034011373065776236,0.05827495321597571,0.907713673718248
FW_01095355,other_uncertain,other_uncertain,0.003480949184393589,0.02658736044490418,0.9699316903707023
FW_01599145,natural_vegetation_fire,natural_vegetation_fire,0.0018307073074898383,0.893660143545561,0.10450914914694913
FW_01493428,natural_vegetation_fire,natural_vegetation_fire,0.00138618504388511,0.8426419250245174,0.15597188993159747
FW_00497235,natural_vegetation_fire,natural_vegetation_fire,0.000992064263391468,0.7068266573950635,0.2921812783415451
FW_00590607,natural_vegetation_fire,other_uncertain,0.007369853572240367,0.4546245151115548,0.5380056313162048
FW_00534267,natural_vegetation_fire,natural_vegetation_fire,0.0012368639130413807,0.7299581127610144,0.2688050233259443
FW_00231535,natural_vegetation_fire,natural_vegetation_fire,0.0026910068274430448,0.9675934635367156,0.02971552963584129
FW_00796012,natural_vegetation_fire,natural_vegetation_fire,0.0007141266117678766,0.9714332476861725,0.02785262570205972
FW_01685119,other_uncertain,other_uncertain,0.2952397029294931,0.06829074117390878,0.6364695558965981
FW_00059403,natural_vegetation_fire,natural_vegetation_fire,0.0005052016524432853,0.9883393876558452,0.0111554106917115
FW_00397925,other_uncertain,other_uncertain,0.02807219866455336,0.20258641777669523,0.7693413835587514
FW_01416637,natural_vegetation_fire,natural_vegetation_fire,0.0007527750015483666,0.9857741618833074,0.013473063115144469
FW_01065873,natural_vegetation_fire,natural_vegetation_fire,0.0011348071102024863,0.8230247709421706,0.1758404219476269
FW_00423636,other_uncertain,other_uncertain,0.0012757944927593698,0.01736492463193654,0.981359280875304
FW_00127110,natural_vegetation_fire,natural_vegetation_fire,0.0021380988698191934,0.8924978966614191,0.10536400446876161
FW_00553652,other_uncertain,other_uncertain,0.08217305312863281,0.026905350243155362,0.8909215966282117
FW_01178895,natural_vegetation_fire,natural_vegetation_fire,0.0018373163920631164,0.9248700837283648,0.07329259987957212
FW_00520182,other_uncertain,other_uncertain,0.003708288435591538,0.16603026091638245,0.830261450648026
FW_01109604,natural_vegetation_fire,natural_vegetation_fire,0.002134091957137355,0.7541365917177109,0.2437293163251519
FW_00487464,natural_vegetation_fire,natural_vegetation_fire,0.004593916028115714,0.9003293736372906,0.09507671033459375
FW_00144828,other_uncertain,other_uncertain,0.2044578677108827,0.008846215018671149,0.7866959172704462
FW_01164002,other_uncertain,other_uncertain,0.0007424674068697002,0.03252588911386119,0.9667316434792691
FW_01465770,natural_vegetation_fire,natural_vegetation_fire,0.0025774512164460973,0.9201404904746466,0.07728205830890723
FW_00546089,natural_vegetation_fire,natural_vegetation_fire,0.0017552465705444388,0.83544325969003,0.16280149373942548
FW_01116337,natural_vegetation_fire,natural_vegetation_fire,0.0004768707197447793,0.9619998158800404,0.03752331340021477
FW_00830778,natural_vegetation_fire,natural_vegetation_fire,0.004856033814714062,0.7843789848328616,0.2107649813524242
FW_00928830,natural_vegetation_fire,natural_vegetation_fire,0.005926764435449439,0.9624955049202581,0.03157773064429236
FW_00958079,other_uncertain,other_uncertain,0.001352375572650683,0.02119774100189089,0.9774498834254584
FW_01088901,natural_vegetation_fire,natural_vegetation_fire,0.0018302770196077592,0.9384675487725153,0.05970217420787687
FW_01489421,natural_vegetation_fire,natural_vegetation_fire,0.0017755586957541643,0.6573881500036203,0.34083629130062565
FW_01050080,other_uncertain,other_uncertain,0.0013152946795966477,0.1412974327546521,0.8573872725657513
FW_00232434,natural_vegetation_fire,natural_vegetation_fire,0.0013774472279831354,0.9569918142683652,0.04163073850365171
FW_00249702,natural_vegetation_fire,natural_vegetation_fire,0.0012564246128576135,0.9748481455143077,0.023895429872834557
FW_00932501,natural_vegetation_fire,other_uncertain,0.007246827085998469,0.3638398153728116,0.6289133575411899
FW_00463315,natural_vegetation_fire,natural_vegetation_fire,0.015672566346456817,0.7306696741159707,0.25365775953757247
FW_00571298,other_uncertain,other_uncertain,0.0030332422857909385,0.0188765404655672,0.978090217248642
FW_00687044,natural_vegetation_fire,natural_vegetation_fire,0.0003248668107654054,0.9616040635590875,0.038071069630147024
FW_00390165,other_uncertain,other_uncertain,0.1482730657189751,0.007604871307857609,0.8441220629731673
FW_00368343,natural_vegetation_fire,natural_vegetation_fire,0.0032520920347212305,0.9609391576794485,0.03580875028583019
FW_00858319,natural_vegetation_fire,natural_vegetation_fire,0.006615011233953474,0.9542048946691581,0.03918009409688835
FW_01630696,natural_vegetation_fire,natural_vegetation_fire,0.0012699235050556191,0.9756908662222064,0.02303921027273797
FW_00279111,natural_vegetation_fire,natural_vegetation_fire,0.0007559216030968136,0.8689819392602526,0.1302621391366506
FW_00242148,natural_vegetation_fire,natural_vegetation_fire,0.0014636933938192893,0.9865093286136275,0.012026977992553147
FW_00792988,natural_vegetation_fire,natural_vegetation_fire,0.006769903635788695,0.9781300668153644,0.015100029548846703
FW_00902962,natural_vegetation_fire,natural_vegetation_fire,0.0017205172867352414,0.9704178078818393,0.027861674831425376
FW_01583082,natural_vegetation_fire,natural_vegetation_fire,0.0015016341940112486,0.8948425626281297,0.10365580317785901
FW_00214654,natural_vegetation_fire,natural_vegetation_fire,0.0012819530767622283,0.9754983850193446,0.02321966190389322
FW_00558707,industrial_fire_candidate,other_uncertain,0.4419639399771346,0.0060495315505695564,0.5519865284722958
FW_01616663,natural_vegetation_fire,natural_vegetation_fire,0.004285580140435413,0.9279011460644399,0.06781327379512457
FW_00461560,natural_vegetation_fire,natural_vegetation_fire,0.022567954897001342,0.5709861142224162,0.40644593088058256
FW_00569770,industrial_fire_candidate,other_uncertain,0.02644923780114011,0.08616087867497896,0.8873898835238809
FW_00483601,natural_vegetation_fire,natural_vegetation_fire,0.001721396766679546,0.8886095276961313,0.10966907553718917
FW_01165247,other_uncertain,other_uncertain,0.07754947807646954,0.01437332418829703,0.9080771977352335
FW_01464402,natural_vegetation_fire,natural_vegetation_fire,0.038450649369973444,0.5049617327752799,0.45658761785474655
FW_00899223,other_uncertain,natural_vegetation_fire,0.005869264461795936,0.8998213092518396,0.09430942628636449
FW_00594469,other_uncertain,other_uncertain,0.38541303923139575,0.006204130782395665,0.6083828299862085
FW_01584510,other_uncertain,other_uncertain,0.4054942021464088,0.05899329590642783,0.5355125019471633
FW_01454091,natural_vegetation_fire,natural_vegetation_fire,0.00450522937219367,0.8001610307562343,0.19533373987157204
FW_00170067,natural_vegetation_fire,natural_vegetation_fire,0.0005107231060825771,0.9598916734952511,0.039597603398666366
FW_00493151,natural_vegetation_fire,natural_vegetation_fire,0.002042814638031177,0.9412826443293563,0.05667454103261263
FW_00209990,natural_vegetation_fire,natural_vegetation_fire,0.0009360868693357195,0.9357715808995837,0.0632923322310805
FW_00089535,natural_vegetation_fire,natural_vegetation_fire,0.0012246775384496154,0.9706445297401255,0.028130792721424838
FW_00123339,other_uncertain,other_uncertain,0.00048280863023671095,0.015542221149710784,0.9839749702200524
FW_00375036,natural_vegetation_fire,natural_vegetation_fire,0.0010594047835478513,0.847004420560888,0.1519361746555641
FW_00003101,other_uncertain,other_uncertain,0.0037971147465481777,0.01111753307343989,0.985085352180012
FW_00607274,other_uncertain,other_uncertain,0.01751656690687673,0.013633121859109006,0.9688503112340142
FW_00781219,natural_vegetation_fire,natural_vegetation_fire,0.0005343356538314932,0.976639927059535,0.022825737286633563
FW_01301906,industrial_fire_candidate,other_uncertain,0.2954016848766698,0.11703461602366422,0.587563699099666
FW_00079767,natural_vegetation_fire,natural_vegetation_fire,0.0011567123321063698,0.9612269279177983,0.0376163597500954
FW_01632141,other_uncertain,other_uncertain,0.0032758370182269484,0.14115089362379482,0.8555732693579782
FW_00307306,natural_vegetation_fire,natural_vegetation_fire,0.0020750051044063256,0.9878706451752693,0.010054349720324244
FW_00620770,natural_vegetation_fire,natural_vegetation_fire,0.000648113584958296,0.9757784173518443,0.023573469063197156
FW_00573646,other_uncertain,other_uncertain,0.008184702403545125,0.2455434905941268,0.746271807002328
FW_01678638,natural_vegetation_fire,natural_vegetation_fire,0.0005198201103898946,0.8396421460344289,0.15983803385518108
FW_00545333,other_uncertain,other_uncertain,0.10288787742627777,0.0053873519135148136,0.8917247706602075
FW_00367668,natural_vegetation_fire,natural_vegetation_fire,0.017008339553426878,0.919565368772716,0.06342629167385722
FW_00274069,other_uncertain,other_uncertain,0.13451842191909874,0.004211683159275469,0.8612698949216259
FW_00014931,other_uncertain,other_uncertain,0.002616734713878447,0.009058723155236684,0.9883245421308849
FW_00063965,natural_vegetation_fire,natural_vegetation_fire,0.0027447151918644813,0.9354632242686698,0.061792060539465815
FW_01044281,other_uncertain,other_uncertain,0.004465166765089138,0.06663628984988705,0.9288985433850238
FW_00762321,natural_vegetation_fire,natural_vegetation_fire,0.0010787154479842433,0.9556414534213006,0.04327983113071505
FW_00586616,natural_vegetation_fire,natural_vegetation_fire,0.0015197600183037192,0.8483562641631349,0.15012397581856132
FW_01121225,other_uncertain,other_uncertain,0.3840404220256566,0.004612251155145281,0.6113473268191981
FW_00444897,other_uncertain,other_uncertain,0.022854397049668476,0.06431260297827494,0.9128329999720566
FW_01580917,natural_vegetation_fire,natural_vegetation_fire,0.0012042268077487087,0.9347857953680156,0.06400997782423581
FW_01127493,other_uncertain,other_uncertain,0.0666863259853627,0.04727693520402117,0.8860367388106162
FW_00006514,other_uncertain,other_uncertain,0.022760546315684117,0.15906356499191998,0.818175888692396
FW_00208641,natural_vegetation_fire,natural_vegetation_fire,0.0009322394704753019,0.9861306398619581,0.012937120667566589
FW_00620762,natural_vegetation_fire,natural_vegetation_fire,0.0003143293454134248,0.9819154897616863,0.017770180892900223
FW_00742395,natural_vegetation_fire,natural_vegetation_fire,0.0005310480047576797,0.9592328871577088,0.040236064837533524
FW_00756956,natural_vegetation_fire,natural_vegetation_fire,0.00847906835196347,0.940790754820536,0.05073017682750051
FW_01153353,other_uncertain,other_uncertain,0.008730372197664298,0.1625492040865441,0.8287204237157917
FW_00996088,natural_vegetation_fire,natural_vegetation_fire,0.0002282411709536246,0.9849076150720577,0.01486414375698874
FW_01013540,natural_vegetation_fire,natural_vegetation_fire,0.003320744590578,0.927405561765919,0.06927369364350298
FW_00672434,natural_vegetation_fire,natural_vegetation_fire,0.001914447711403979,0.9811373440887742,0.016948208199821884
FW_00327145,natural_vegetation_fire,natural_vegetation_fire,0.0010598709651725043,0.9688589608220743,0.030081168212752998
FW_01528989,natural_vegetation_fire,natural_vegetation_fire,0.0013834420652187017,0.8880305445923324,0.1105860133424488
FW_00892497,natural_vegetation_fire,natural_vegetation_fire,0.00023303687422049425,0.9911571613525035,0.008609801773275869
FW_00345289,other_uncertain,other_uncertain,0.005972552603177932,0.46415945430620414,0.529867993090618
FW_00693723,natural_vegetation_fire,natural_vegetation_fire,0.0012097715756543004,0.9045384186563321,0.09425180976801377
FW_00797018,natural_vegetation_fire,natural_vegetation_fire,0.0007548609975091931,0.8702979880213618,0.12894715098112913
FW_00147808,natural_vegetation_fire,natural_vegetation_fire,0.00158419961703349,0.9712139369923133,0.02720186339065317
FW_00055999,natural_vegetation_fire,natural_vegetation_fire,0.00014328662720780388,0.9841718261776143,0.015684887195177657
FW_00335528,natural_vegetation_fire,natural_vegetation_fire,0.001277249703238227,0.9251975913475486,0.07352515894921326
FW_01065481,other_uncertain,other_uncertain,0.008313430061276652,0.10899435999671202,0.8826922099420114
FW_01654197,natural_vegetation_fire,natural_vegetation_fire,0.0003656578502434417,0.9700600278980875,0.029574314251669058
FW_00412794,other_uncertain,other_uncertain,0.0021562969564558197,0.004595304462098271,0.9932483985814459
FW_00839459,natural_vegetation_fire,natural_vegetation_fire,0.005315709982293533,0.9109536281285593,0.08373066188914699
FW_00379288,other_uncertain,other_uncertain,0.005525124561199135,0.022067908234596582,0.9724069672042043
FW_01222911,natural_vegetation_fire,natural_vegetation_fire,0.005308526655731966,0.91727087461601,0.07742059872825795
FW_00598807,natural_vegetation_fire,natural_vegetation_fire,0.013895511676847787,0.8724324342929949,0.11367205403015726
FW_00470161,natural_vegetation_fire,natural_vegetation_fire,0.0033100040477440276,0.694435704945354,0.3022542910069019
FW_01698096,other_uncertain,natural_vegetation_fire,0.0004190523463302897,0.7074220607486338,0.29215888690503605
FW_00052465,natural_vegetation_fire,natural_vegetation_fire,0.0012773586337769228,0.920693504805999,0.07802913656022414
FW_01577939,other_uncertain,other_uncertain,0.0020639949547430043,0.052577039488962425,0.9453589655562946
FW_01071636,natural_vegetation_fire,natural_vegetation_fire,0.004178833323026658,0.9385704881868867,0.057250678490086464
FW_01404720,other_uncertain,natural_vegetation_fire,0.003201318862818829,0.6723104181726521,0.3244882629645291
FW_01411180,natural_vegetation_fire,natural_vegetation_fire,0.0007225426361424709,0.979919440999176,0.019358016364681402
FW_00444922,other_uncertain,other_uncertain,0.013372854088491329,0.24557855465978307,0.7410485912517256
FW_00722803,natural_vegetation_fire,natural_vegetation_fire,0.0028538440359755606,0.9527238577718774,0.04442229819214694
FW_01257230,other_uncertain,other_uncertain,0.0627881195686105,0.36537166083333283,0.5718402195980566
FW_01560390,natural_vegetation_fire,natural_vegetation_fire,0.0007063351700611717,0.9466297665997827,0.05266389823015611
FW_00705414,industrial_fire_candidate,other_uncertain,0.09019031235971639,0.1458614344171014,0.7639482532231823
FW_01056843,other_uncertain,other_uncertain,0.000834685067458591,0.0395676412688679,0.9595976736636735
FW_01610165,natural_vegetation_fire,natural_vegetation_fire,0.04532351403258264,0.631656825950538,0.3230196600168794
FW_01006895,natural_vegetation_fire,natural_vegetation_fire,0.000728135222052421,0.9421576413943873,0.057114223383560425
FW_01097303,natural_vegetation_fire,natural_vegetation_fire,0.0023050401065746275,0.7862220046590676,0.21147295523435775
FW_00267742,other_uncertain,industrial_fire_candidate,0.407024840017346,0.3351253164151517,0.25784984356750246
FW_01580949,natural_vegetation_fire,other_uncertain,0.005124817428823299,0.22159358694644032,0.7732815956247364
FW_01705419,natural_vegetation_fire,natural_vegetation_fire,0.0025676956325390255,0.9128418334918966,0.08459047087556441
FW_00049344,natural_vegetation_fire,other_uncertain,0.05180334677427574,0.16453411752425803,0.7836625357014663
FW_01562755,natural_vegetation_fire,natural_vegetation_fire,0.0014442428584924654,0.9567185879221445,0.04183716921936299
FW_01390772,natural_vegetation_fire,natural_vegetation_fire,0.003954438062636295,0.9236257740683694,0.07241978786899429
FW_00359605,natural_vegetation_fire,natural_vegetation_fire,0.0018197158073346912,0.9461140581813451,0.05206622601132028
FW_01611619,other_uncertain,other_uncertain,0.0029150268318106957,0.08367989302606606,0.9134050801421232
FW_00349587,natural_vegetation_fire,natural_vegetation_fire,0.0006992059542730041,0.8938591024243021,0.1054416916214249
FW_00883241,natural_vegetation_fire,natural_vegetation_fire,0.0005957160667660351,0.9765559532348582,0.02284833069837581
FW_00223390,natural_vegetation_fire,natural_vegetation_fire,0.0023129893155713226,0.9164100479302411,0.08127696275418769
FW_01125332,natural_vegetation_fire,natural_vegetation_fire,0.0015186018111188364,0.781425042672547,0.21705635551633407
FW_01104572,natural_vegetation_fire,natural_vegetation_fire,0.0020121871243486615,0.924515357980995,0.07347245489465626
FW_01020460,natural_vegetation_fire,natural_vegetation_fire,0.0009708654927188347,0.8748721478007977,0.12415698670648352
FW_00399716,other_uncertain,other_uncertain,0.002225625323895824,0.021961833175962543,0.9758125415001417
