observation_id,actual_class,predicted_class,prob_industrial,prob_natural,prob_other
FW_00501709,natural_vegetation_fire,natural_vegetation_fire,0.0004115578082366803,0.9654739766427147,0.034114465549048525
FW_00059227,natural_vegetation_fire,other_uncertain,0.029285728799723718,0.466695003958316,0.5040192672419602
FW_00239656,other_uncertain,other_uncertain,0.03624884032996368,0.06148353683688263,0.9022676228331536
FW_01587012,other_uncertain,other_uncertain,0.0008891033314315494,0.017642691365412314,0.981468205303156
FW_00058775,natural_vegetation_fire,natural_vegetation_fire,0.00041373271424481096,0.9833700767454918,0.01621619054026341
FW_00446635,other_uncertain,other_uncertain,0.001975951594584129,0.06928233727542657,0.9287417111299893
FW_00647476,natural_vegetation_fire,natural_vegetation_fire,0.0010170057680196616,0.9267505626077007,0.07223243162427945
FW_00351867,other_uncertain,other_uncertain,0.043851662644562,0.012239483935380775,0.9439088534200571
FW_01369279,natural_vegetation_fire,natural_vegetation_fire,0.0021889478635894618,0.9695100597322509,0.02830099240415978
FW_00870874,natural_vegetation_fire,natural_vegetation_fire,0.000976911432840048,0.926434764355686,0.07258832421147393
FW_00401337,natural_vegetation_fire,natural_vegetation_fire,0.0010530338316827655,0.6809519331214517,0.31799503304686544
FW_00487836,natural_vegetation_fire,natural_vegetation_fire,0.003140140850140497,0.8465418827705706,0.15031797637928884
FW_00201903,natural_vegetation_fire,natural_vegetation_fire,0.004356822671291892,0.7161749949373614,0.27946818239134685
FW_00692431,other_uncertain,other_uncertain,0.002809314353387691,0.016158894335796103,0.9810317913108161
FW_01549487,natural_vegetation_fire,natural_vegetation_fire,0.004064797741100378,0.7402065428202919,0.2557286594386078
FW_00273934,other_uncertain,natural_vegetation_fire,0.0010270027185111342,0.8798850774256742,0.1190879198558146
FW_01326950,natural_vegetation_fire,natural_vegetation_fire,0.0010572918868190144,0.9829607398088859,0.01598196830429511
FW_01093624,natural_vegetation_fire,natural_vegetation_fire,0.008787411203406193,0.8864166095314776,0.10479597926511602
FW_00406183,natural_vegetation_fire,natural_vegetation_fire,0.0011763709311374269,0.9524185746394468,0.04640505442941574
FW_00044098,other_uncertain,natural_vegetation_fire,0.059237188323156026,0.5602089814609424,0.3805538302159015
FW_00513874,natural_vegetation_fire,natural_vegetation_fire,0.002431890524737665,0.9677226138612627,0.02984549561399968
FW_01128107,other_uncertain,other_uncertain,0.0008767964290477643,0.025923432682323833,0.9731997708886284
FW_00601520,industrial_fire_candidate,other_uncertain,0.2424536826910197,0.023696614240616535,0.7338497030683638
FW_00472477,natural_vegetation_fire,natural_vegetation_fire,0.06861468428473697,0.8035781191728544,0.12780719654240869
FW_00831754,other_uncertain,other_uncertain,0.0007368633033736482,0.01759855905779691,0.9816645776388295
FW_01627520,natural_vegetation_fire,natural_vegetation_fire,0.0020374593369045578,0.8466879145811824,0.15127462608191306
FW_00453011,natural_vegetation_fire,natural_vegetation_fire,0.001743699793568175,0.8068170303690608,0.19143926983737097
FW_00861401,other_uncertain,natural_vegetation_fire,0.009300086094586244,0.6573557341324,0.3333441797730136
FW_00241777,other_uncertain,other_uncertain,0.34274235986472035,0.02252581344689395,0.6347318266883857
FW_00392998,natural_vegetation_fire,natural_vegetation_fire,0.0022243007165630314,0.7881933785216448,0.20958232076179217
FW_01093603,natural_vegetation_fire,natural_vegetation_fire,0.002536777577808078,0.8211152849344038,0.17634793748778818
FW_00827189,natural_vegetation_fire,natural_vegetation_fire,0.002706101661363882,0.8181872791907104,0.17910661914792567
FW_01286811,natural_vegetation_fire,natural_vegetation_fire,0.0002508731852776275,0.9953774728314917,0.004371653983230569
FW_00493165,natural_vegetation_fire,natural_vegetation_fire,0.0006458824161753949,0.8524011613991066,0.14695295618471782
FW_01692006,other_uncertain,other_uncertain,0.3341241903460181,0.005748850205885175,0.6601269594480967
FW_01182628,natural_vegetation_fire,natural_vegetation_fire,0.00431276560740506,0.5018536981959747,0.49383353619662024
FW_00148607,natural_vegetation_fire,natural_vegetation_fire,0.0006734927517307447,0.9858916545960017,0.013434852652267565
FW_00109867,natural_vegetation_fire,natural_vegetation_fire,0.0023881415059236683,0.8376824387626906,0.15992941973138564
FW_00334280,natural_vegetation_fire,natural_vegetation_fire,0.0006057448711059186,0.9773689908553685,0.022025264273525646
FW_01567752,natural_vegetation_fire,natural_vegetation_fire,0.0017711567569498926,0.7949777622783678,0.20325108096468222
FW_00016767,other_uncertain,natural_vegetation_fire,0.0074147824215093526,0.6355157394188445,0.35706947815964624
FW_01070375,industrial_fire_candidate,other_uncertain,0.48904640314310455,0.009643606611538248,0.5013099902453572
FW_01541517,natural_vegetation_fire,natural_vegetation_fire,0.0006751576906612544,0.9541332744870533,0.04519156782228524
FW_00442354,other_uncertain,other_uncertain,0.018461089953411367,0.05397475006658368,0.927564159980005
FW_01345134,natural_vegetation_fire,natural_vegetation_fire,0.000962619438280064,0.9439007443681909,0.05513663619352917
FW_01581336,natural_vegetation_fire,natural_vegetation_fire,0.0004439174648673116,0.9317626441832021,0.0677934383519306
FW_01095201,natural_vegetation_fire,natural_vegetation_fire,0.0036949688739322194,0.7493781352012053,0.24692689592486253
FW_01129842,other_uncertain,industrial_fire_candidate,0.8695348358199421,0.00400904707246282,0.12645611710759516
FW_00129829,natural_vegetation_fire,natural_vegetation_fire,0.00015698486426319027,0.9931597134045725,0.0066833017311643044
FW_00052222,other_uncertain,other_uncertain,0.162578072243059,0.008943252972635887,0.828478674784305
FW_01155525,other_uncertain,other_uncertain,0.15134033015376966,0.02930691009526434,0.819352759750966
FW_01668808,other_uncertain,other_uncertain,0.009584047997549796,0.021191922236686967,0.9692240297657632
FW_00537464,natural_vegetation_fire,natural_vegetation_fire,0.0027319163445782666,0.6766859853165021,0.32058209833891954
FW_00443664,natural_vegetation_fire,other_uncertain,0.16762667353132085,0.03688397682295689,0.7954893496457223
FW_00753730,natural_vegetation_fire,natural_vegetation_fire,0.0006540285952872242,0.9888015160051637,0.010544455399549004
FW_01162099,other_uncertain,other_uncertain,0.018752262185904214,0.02000765405043489,0.9612400837636609
FW_00001804,other_uncertain,natural_vegetation_fire,0.017515378252951807,0.5928708535414005,0.38961376820564786
FW_00694399,natural_vegetation_fire,natural_vegetation_fire,0.0009843219551516715,0.9764385652791471,0.022577112765701256
FW_00339116,natural_vegetation_fire,industrial_fire_candidate,0.7470806060422246,0.04334088634756363,0.20957850761021177
FW_01482670,industrial_fire_candidate,other_uncertain,0.03562958479843144,0.029046862254908833,0.9353235529466598
FW_01614691,natural_vegetation_fire,other_uncertain,0.32402568085726735,0.22894465635855418,0.4470296627841784
FW_01078391,natural_vegetation_fire,natural_vegetation_fire,0.0012462118002744737,0.8909207419949434,0.10783304620478211
FW_01456321,natural_vegetation_fire,natural_vegetation_fire,0.0011207245516168848,0.9795787796846249,0.019300495763758276
FW_00645555,natural_vegetation_fire,natural_vegetation_fire,0.1623930070934082,0.5967534517897614,0.24085354111683044
FW_00504778,natural_vegetation_fire,natural_vegetation_fire,0.0012033734080637286,0.5644180422952358,0.4343785842967004
FW_01593514,natural_vegetation_fire,natural_vegetation_fire,0.0005386116090021153,0.8993742586345839,0.10008712975641389
FW_01186021,other_uncertain,other_uncertain,0.01831296010971276,0.20164210070898775,0.7800449391812996
FW_01589227,other_uncertain,other_uncertain,0.0004089639357080942,0.030593677664277733,0.9689973584000141
FW_00518181,natural_vegetation_fire,natural_vegetation_fire,0.0007764286811125459,0.8913056301668814,0.10791794115200609
FW_00544937,other_uncertain,other_uncertain,0.0009334434385819518,0.01512709821364089,0.9839394583477771
FW_00003794,other_uncertain,other_uncertain,0.010981080941388839,0.03782610980727254,0.9511928092513385
FW_01049670,natural_vegetation_fire,other_uncertain,0.0010469157773300404,0.2948662499331839,0.704086834289486
FW_00965145,natural_vegetation_fire,natural_vegetation_fire,0.0009866260220215456,0.9100562644039573,0.08895710957402121
FW_00910762,industrial_fire_candidate,natural_vegetation_fire,0.2534900428160419,0.48473451506010967,0.2617754421238483
FW_01699370,natural_vegetation_fire,natural_vegetation_fire,0.003701292714570734,0.685203921206585,0.31109478607884433
FW_01646537,natural_vegetation_fire,natural_vegetation_fire,0.0009381357158645224,0.9579738413426645,0.0410880229414709
FW_01511943,natural_vegetation_fire,natural_vegetation_fire,0.014531294099730497,0.7443709011888854,0.24109780471138412
FW_00733363,natural_vegetation_fire,natural_vegetation_fire,0.00039477543193956293,0.9751789186440877,0.02442630592397266
FW_00074150,other_uncertain,other_uncertain,0.2087317300611112,0.04606322864501194,0.745205041293877
FW_01474518,natural_vegetation_fire,natural_vegetation_fire,0.0008975719336156004,0.8780311507146661,0.12107127735171823
FW_00371808,other_uncertain,other_uncertain,0.0012251369313758178,0.029216969239797528,0.9695578938288267
FW_00762268,natural_vegetation_fire,natural_vegetation_fire,0.0003764273980441319,0.9902812746047605,0.009342297997195277
FW_01413854,natural_vegetation_fire,natural_vegetation_fire,0.0004946775761941547,0.9800169989684889,0.019488323455317032
FW_01115740,other_uncertain,other_uncertain,0.034353563727427636,0.320140624879714,0.6455058113928583
FW_00268769,other_uncertain,other_uncertain,0.001594623058621074,0.011989847657063539,0.9864155292843154
FW_00349181,natural_vegetation_fire,natural_vegetation_fire,0.0006798284868850313,0.9266165345869343,0.07270363692618058
FW_00048791,other_uncertain,natural_vegetation_fire,0.0018971023708748101,0.8095352381420133,0.18856765948711182
FW_01702192,natural_vegetation_fire,natural_vegetation_fire,0.002506728514422899,0.8126653383155867,0.1848279331699904
FW_01722875,natural_vegetation_fire,natural_vegetation_fire,0.002362324575907981,0.9398240654610512,0.05781360996304091
FW_00827430,natural_vegetation_fire,natural_vegetation_fire,0.0008209745919889833,0.9754781799809132,0.023700845427097692
FW_00066001,natural_vegetation_fire,natural_vegetation_fire,0.0013277114616652304,0.8464647197961608,0.152207568742174
FW_00868117,natural_vegetation_fire,natural_vegetation_fire,0.00047468974589736794,0.9701592516534439,0.02936605860065879
FW_00004558,other_uncertain,other_uncertain,0.22955696721967953,0.011394858940437468,0.7590481738398831
FW_00650314,natural_vegetation_fire,natural_vegetation_fire,0.0012047467679240007,0.9521574177841369,0.04663783544793914
FW_01238911,natural_vegetation_fire,natural_vegetation_fire,0.0013220112181929343,0.9612250727835923,0.03745291599821466
FW_01513832,natural_vegetation_fire,other_uncertain,0.002497429175226634,0.4531832201181653,0.5443193507066081
FW_00082499,natural_vegetation_fire,natural_vegetation_fire,0.00042512514122975564,0.9850146599867338,0.014560214872036467
FW_01566148,natural_vegetation_fire,natural_vegetation_fire,0.004257539283278567,0.812230531744272,0.1835119289724496
FW_01391033,natural_vegetation_fire,natural_vegetation_fire,0.0011071590833008544,0.9637969603692497,0.03509588054744943
FW_00888383,natural_vegetation_fire,natural_vegetation_fire,0.0031249462277917507,0.9324318250720535,0.06444322870015495
FW_00446629,other_uncertain,other_uncertain,0.0008651026985458113,0.030168483120895616,0.9689664141805586
FW_01123966,natural_vegetation_fire,natural_vegetation_fire,0.001618059037366078,0.8797815351504945,0.1186004058121395
FW_00223988,industrial_fire_candidate,other_uncertain,0.38690213215471847,0.04024353168311641,0.5728543361621652
FW_01138776,industrial_fire_candidate,other_uncertain,0.026853153948530634,0.13766605809280627,0.8354807879586631
FW_01393433,other_uncertain,other_uncertain,0.0026117492417542898,0.03707267337326996,0.9603155773849759
FW_01218307,natural_vegetation_fire,natural_vegetation_fire,0.0031365757448433276,0.8729021111686095,0.12396131308654712
FW_00479767,other_uncertain,other_uncertain,0.0039729308556415216,0.013204822579850893,0.9828222465645075
FW_00306699,other_uncertain,other_uncertain,0.05097441573974446,0.03493625385796978,0.9140893304022857
FW_00998163,other_uncertain,other_uncertain,0.396867048539547,0.009784131286313773,0.5933488201741391
FW_01254885,other_uncertain,other_uncertain,0.0006252798413857355,0.02308670576431017,0.9762880143943042
FW_01601359,other_uncertain,other_uncertain,0.0002615770041182207,0.011960937636915078,0.9877774853589667
FW_01085649,natural_vegetation_fire,other_uncertain,0.0019235500960131818,0.3540131145525571,0.6440633353514299
FW_00109749,natural_vegetation_fire,natural_vegetation_fire,0.00020907919329299368,0.995895770330772,0.003895150475935036
FW_00894490,natural_vegetation_fire,natural_vegetation_fire,0.0004350811883464667,0.9762708611236032,0.02329405768805022
FW_00607714,natural_vegetation_fire,natural_vegetation_fire,0.0031058228516138314,0.8553908987965694,0.1415032783518168
FW_00334079,natural_vegetation_fire,natural_vegetation_fire,0.009950012255677229,0.9255752773155959,0.06447471042872685
FW_01427552,other_uncertain,other_uncertain,0.0005010874977847354,0.0328492883752553,0.96664962412696
FW_00024961,natural_vegetation_fire,other_uncertain,0.003752859164035806,0.21861227748305595,0.7776348633529081
FW_01560028,natural_vegetation_fire,natural_vegetation_fire,0.00107934874031141,0.8558589079348837,0.14306174332480467
FW_01163227,natural_vegetation_fire,natural_vegetation_fire,0.000816522776855623,0.9016330494807295,0.09755042774241482
FW_00706986,natural_vegetation_fire,natural_vegetation_fire,0.0005692551779788606,0.9809928063279035,0.018437938494117612
FW_00595530,industrial_fire_candidate,industrial_fire_candidate,0.8419525337477226,0.004323370662975903,0.15372409558930156
FW_00443372,natural_vegetation_fire,natural_vegetation_fire,0.0029810773061870236,0.706202326815248,0.29081659587856495
FW_01213709,natural_vegetation_fire,other_uncertain,0.3557772920485252,0.1967455346478273,0.4474771733036476
FW_01025195,natural_vegetation_fire,natural_vegetation_fire,0.002501150306614393,0.9527580209672807,0.04474082872610498
FW_01248604,natural_vegetation_fire,natural_vegetation_fire,0.0011517370526924187,0.8018821438746275,0.19696611907268013
FW_00099968,natural_vegetation_fire,natural_vegetation_fire,0.000878768811465653,0.9806975484060374,0.01842368278249681
FW_01663781,other_uncertain,industrial_fire_candidate,0.5767309425438853,0.13753001299166903,0.2857390444644456
FW_00210506,natural_vegetation_fire,natural_vegetation_fire,0.00039537122286565615,0.9908628575793476,0.008741771197786822
FW_00540565,other_uncertain,natural_vegetation_fire,0.0008596829969835799,0.5896450327352705,0.40949528426774595
FW_01579661,other_uncertain,other_uncertain,0.0003574526331457791,0.011187363937841813,0.9884551834290124
FW_00683901,other_uncertain,other_uncertain,0.0034445682135397547,0.048867986000749215,0.9476874457857111
FW_01012808,natural_vegetation_fire,natural_vegetation_fire,0.0018220536798666872,0.8207035536482054,0.17747439267192794
FW_01379162,natural_vegetation_fire,natural_vegetation_fire,0.0019340698083813023,0.9825511013406352,0.015514828850983571
FW_00839920,natural_vegetation_fire,natural_vegetation_fire,0.0016117660655830572,0.9479002649577343,0.05048796897668272
FW_00975868,other_uncertain,other_uncertain,0.36762606475384435,0.09539491168261333,0.5369790235635422
FW_01587737,other_uncertain,other_uncertain,0.00042555492076540183,0.021038379172060324,0.9785360659071743
FW_00854170,natural_vegetation_fire,other_uncertain,0.17276385643500994,0.32546843130257014,0.5017677122624199
FW_00856722,other_uncertain,other_uncertain,0.0031969614543577033,0.021484642272139098,0.9753183962735033
FW_00994374,natural_vegetation_fire,natural_vegetation_fire,0.0032642438717556937,0.7402624390246175,0.2564733171036267
FW_01081513,natural_vegetation_fire,natural_vegetation_fire,0.0006462140566220303,0.9668390653991329,0.03251472054424517
FW_00920240,natural_vegetation_fire,natural_vegetation_fire,0.006725374117017584,0.9708739732537068,0.0224006526292756
FW_00989815,natural_vegetation_fire,natural_vegetation_fire,0.002880893923274612,0.9136341314336249,0.08348497464310038
FW_01311001,natural_vegetation_fire,natural_vegetation_fire,0.0013258319844735343,0.8970519634511523,0.10162220456437418
FW_00707516,natural_vegetation_fire,natural_vegetation_fire,0.005460560024041676,0.9300759095648936,0.06446353041106463
FW_00857094,natural_vegetation_fire,natural_vegetation_fire,0.001289173722728022,0.8456741459973887,0.15303668027988324
FW_01534228,other_uncertain,natural_vegetation_fire,0.002390635976090851,0.7400368441976076,0.2575725198263015
FW_01680293,natural_vegetation_fire,natural_vegetation_fire,0.0007803275300926548,0.6531345708838789,0.3460851015860285
FW_00069506,natural_vegetation_fire,natural_vegetation_fire,0.0033122484083926373,0.8325699240787992,0.1641178275128083
FW_00666841,other_uncertain,natural_vegetation_fire,0.004681722598736881,0.8874353143652776,0.10788296303598563
FW_00214659,natural_vegetation_fire,natural_vegetation_fire,0.002124755421439538,0.9273202728552787,0.07055497172328172
FW_01028869,natural_vegetation_fire,other_uncertain,0.14862821227243245,0.39049809748647346,0.46087369024109404
FW_00172410,natural_vegetation_fire,natural_vegetation_fire,0.008797958251635412,0.9356410641973498,0.05556097755101475
FW_00528628,other_uncertain,natural_vegetation_fire,0.007484303044471975,0.6697228901479148,0.3227928068076133
FW_00045205,natural_vegetation_fire,natural_vegetation_fire,0.0016550178008308532,0.9561879773279416,0.04215700487122748
FW_00635898,natural_vegetation_fire,natural_vegetation_fire,0.0020999832674314283,0.9615500660907768,0.036349950641791834
FW_01002741,natural_vegetation_fire,natural_vegetation_fire,0.0007504817023344457,0.8450292926208934,0.15422022567677227
FW_00418955,natural_vegetation_fire,natural_vegetation_fire,0.006622458066859916,0.7555583441735951,0.237819197759545
FW_00447208,industrial_fire_candidate,other_uncertain,0.10620519369460825,0.059721084120338344,0.8340737221850535
FW_01513910,natural_vegetation_fire,natural_vegetation_fire,0.004088201878145083,0.688311750756307,0.3076000473655479
FW_00101936,natural_vegetation_fire,natural_vegetation_fire,0.0009828174234104467,0.9849470766529232,0.014070105923666434
FW_01437009,natural_vegetation_fire,natural_vegetation_fire,0.0006582754595770187,0.966814784627735,0.032526939912687965
FW_01486299,natural_vegetation_fire,natural_vegetation_fire,0.006001446319599038,0.9511843375391119,0.042814216141289094
FW_00944885,other_uncertain,natural_vegetation_fire,0.0009889603440791392,0.8163128294188848,0.18269821023703595
FW_01159188,other_uncertain,other_uncertain,0.1972327304436802,0.02335451004525474,0.7794127595110651
FW_00990713,other_uncertain,natural_vegetation_fire,0.0017431285960265322,0.7193568327275733,0.27890003867640006
FW_00487814,other_uncertain,other_uncertain,0.0013561992444841519,0.13654651466475054,0.8620972860907654
FW_00662745,natural_vegetation_fire,natural_vegetation_fire,0.0008658132101206088,0.985838457605346,0.013295729184533218
FW_01659500,other_uncertain,other_uncertain,0.04874174667129128,0.374615299227563,0.5766429541011456
FW_01565926,natural_vegetation_fire,natural_vegetation_fire,0.002604620693444237,0.634741575710837,0.36265380359571875
FW_00180681,natural_vegetation_fire,natural_vegetation_fire,0.002105144369035001,0.9765521192338461,0.021342736397118887
FW_01345011,natural_vegetation_fire,natural_vegetation_fire,0.00046977882434366187,0.9833110919188774,0.016219129256778864
FW_00691401,natural_vegetation_fire,natural_vegetation_fire,0.002017728406734153,0.9281735149292588,0.06980875666400715
FW_01277126,natural_vegetation_fire,natural_vegetation_fire,0.0025150605540946737,0.9637072292158539,0.03377771023005153
FW_00031437,other_uncertain,other_uncertain,0.3992758986780204,0.006108754095838072,0.5946153472261415
FW_00915601,natural_vegetation_fire,natural_vegetation_fire,0.0003930095661771957,0.9945891303886799,0.005017860045143024
FW_00052978,other_uncertain,other_uncertain,0.03780329427974623,0.03855196610663208,0.9236447396136218
FW_01221350,natural_vegetation_fire,natural_vegetation_fire,0.0008660533502113856,0.9534207868089104,0.045713159840878204
FW_00995441,natural_vegetation_fire,natural_vegetation_fire,0.0009820999934226787,0.7508678348714775,0.2481500651350998
FW_00257542,natural_vegetation_fire,natural_vegetation_fire,0.0038123872885211557,0.9838896018756135,0.012298010835865585
FW_01428233,natural_vegetation_fire,natural_vegetation_fire,0.0005387143798748075,0.9778276672194215,0.021633618400703634
FW_00338017,natural_vegetation_fire,natural_vegetation_fire,0.0008997411460311115,0.7773360342313977,0.22176422462257114
FW_01027058,industrial_fire_candidate,other_uncertain,0.09663079971190078,0.21977912598185273,0.6835900743062465
FW_00443881,industrial_fire_candidate,industrial_fire_candidate,0.6692995024627785,0.008710526771349324,0.32198997076587216
FW_01710306,natural_vegetation_fire,natural_vegetation_fire,0.0018800377599320999,0.9106354971478747,0.08748446509219317
FW_00478768,natural_vegetation_fire,natural_vegetation_fire,0.003753738940199083,0.6443298686239591,0.3519163924358418
FW_00464563,natural_vegetation_fire,natural_vegetation_fire,0.0010590354391150226,0.9390604937880799,0.05988047077280497
FW_01572217,natural_vegetation_fire,natural_vegetation_fire,0.0010014722239545658,0.9610892892460293,0.03790923853001603
FW_00433356,other_uncertain,other_uncertain,0.0007421299304248016,0.033587254073997964,0.9656706159955771
FW_01087393,natural_vegetation_fire,other_uncertain,0.023378119614930807,0.36437350448803124,0.612248375897038
FW_01134035,natural_vegetation_fire,other_uncertain,0.00424402249623341,0.29031236700016105,0.7054436105036055
FW_01091632,natural_vegetation_fire,natural_vegetation_fire,0.0004420552435448941,0.8156551619400554,0.1839027828163997
FW_01506237,other_uncertain,other_uncertain,0.002672604339772624,0.36975316611477,0.6275742295454573
FW_00268530,other_uncertain,other_uncertain,0.010869214684532679,0.07151972023381736,0.9176110650816499
FW_00725566,natural_vegetation_fire,natural_vegetation_fire,0.0007538047797321067,0.9774214330332839,0.021824762186984002
FW_00026708,other_uncertain,other_uncertain,0.0014087567251896032,0.009140718796123467,0.9894505244786869
FW_00567093,other_uncertain,industrial_fire_candidate,0.7330343626789484,0.010248970991162608,0.2567166663298888
FW_00584015,other_uncertain,other_uncertain,0.021387980366557213,0.05985186188743766,0.9187601577460052
FW_00125910,natural_vegetation_fire,natural_vegetation_fire,0.0006667065407842948,0.9837512363763035,0.01558205708291215
FW_01559827,industrial_fire_candidate,natural_vegetation_fire,0.01796190304461939,0.5911446486466306,0.39089344830875006
FW_01409533,natural_vegetation_fire,natural_vegetation_fire,0.000666246688005909,0.9801021599374002,0.019231593374593736
FW_00437275,other_uncertain,other_uncertain,0.0022638628168957205,0.10463164158033318,0.8931044956027712
FW_01216254,natural_vegetation_fire,natural_vegetation_fire,0.01806678848978606,0.7206185013973212,0.26131471011289276
FW_00553419,other_uncertain,other_uncertain,0.0009884012798535371,0.01574191868132718,0.9832696800388193
FW_00892950,other_uncertain,other_uncertain,0.12409283135555266,0.04207094459948121,0.8338362240449663
FW_00958784,natural_vegetation_fire,natural_vegetation_fire,0.0011845265692763582,0.867780130087767,0.13103534334295644
FW_01661576,other_uncertain,other_uncertain,0.004075378886373291,0.377288358689977,0.6186362624236497
FW_00722475,other_uncertain,other_uncertain,0.0009282721156928608,0.01273683200160538,0.9863348958827017
FW_01665754,natural_vegetation_fire,natural_vegetation_fire,0.005942004889298232,0.6951536187227515,0.2989043763879503
FW_00877021,other_uncertain,other_uncertain,0.0006619295691636406,0.030670429069837395,0.9686676413609989
FW_00756506,natural_vegetation_fire,natural_vegetation_fire,0.0026756189504609377,0.9854309563512463,0.011893424698292642
FW_00302887,natural_vegetation_fire,natural_vegetation_fire,0.00043609742990256134,0.9804743289496646,0.019089573620432964
FW_00484277,natural_vegetation_fire,natural_vegetation_fire,0.0006168909736059032,0.6510766045886891,0.34830650443770494
FW_01252533,natural_vegetation_fire,other_uncertain,0.0006425664198327887,0.016406549046676832,0.9829508845334904
FW_00217616,other_uncertain,other_uncertain,0.0011791699758208064,0.02114983081551213,0.9776709992086671
FW_01152801,natural_vegetation_fire,natural_vegetation_fire,0.0007285649145843186,0.9155177414475417,0.08375369363787394
FW_01185568,natural_vegetation_fire,natural_vegetation_fire,0.0010568846565123743,0.9891466461030707,0.009796469240416964
FW_01504527,natural_vegetation_fire,natural_vegetation_fire,0.00026991873235184487,0.9939461574369168,0.00578392383073117
FW_01474811,natural_vegetation_fire,natural_vegetation_fire,0.0010786211570259002,0.9729841710255311,0.025937207817443034
FW_01269031,natural_vegetation_fire,natural_vegetation_fire,0.0006292021592573737,0.9803578600094663,0.019012937831276295
FW_01338881,natural_vegetation_fire,natural_vegetation_fire,0.0021492593465289272,0.9537288347060892,0.044121905947381884
FW_00189415,natural_vegetation_fire,natural_vegetation_fire,0.0009385176269268383,0.9694578743667566,0.029603608006316586
FW_00676448,natural_vegetation_fire,natural_vegetation_fire,0.002513722197207442,0.9840142789665199,0.013471998836272807
FW_01557233,natural_vegetation_fire,natural_vegetation_fire,0.004868568656317517,0.6638201454199674,0.3313112859237151
FW_00154857,natural_vegetation_fire,natural_vegetation_fire,0.0003435960287558749,0.9796195433359298,0.02003686063531428
FW_00990768,natural_vegetation_fire,natural_vegetation_fire,0.0010966082306171608,0.9321109119367672,0.0667924798326156
FW_01156551,natural_vegetation_fire,natural_vegetation_fire,0.000508884989473483,0.9064047114699869,0.09308640354053978
FW_00984331,natural_vegetation_fire,natural_vegetation_fire,0.00037622781436903117,0.9838446058653382,0.015779166320292866
FW_00020228,industrial_fire_candidate,other_uncertain,0.04991156147117849,0.36887497647594214,0.5812134620528793
FW_00008156,industrial_fire_candidate,other_uncertain,0.43247711661766414,0.12325938565469102,0.4442634977276448
FW_00691154,natural_vegetation_fire,natural_vegetation_fire,0.00048705331895246653,0.9813512670275797,0.018161679653467724
FW_00054259,other_uncertain,other_uncertain,0.024637803337664143,0.022180284244184424,0.9531819124181515
FW_01254909,natural_vegetation_fire,natural_vegetation_fire,0.0013534562736381263,0.982034761584033,0.016611782142328994
FW_00628254,natural_vegetation_fire,natural_vegetation_fire,0.011491861856182381,0.7130726373269476,0.27543550081687
FW_00487528,natural_vegetation_fire,natural_vegetation_fire,0.0006609877005750472,0.9244661712304244,0.07487284106900055
FW_00902677,natural_vegetation_fire,natural_vegetation_fire,0.0020372016685197523,0.937323854895602,0.060638943435878195
FW_00046898,natural_vegetation_fire,natural_vegetation_fire,0.011521360847832009,0.7582204855392746,0.23025815361289337
FW_00006892,natural_vegetation_fire,natural_vegetation_fire,0.0014501123211547698,0.9612426343305684,0.037307253348276816
FW_01617939,other_uncertain,other_uncertain,0.03502292486820645,0.016716454739481492,0.9482606203923122
FW_00905508,natural_vegetation_fire,natural_vegetation_fire,0.0014909430796977258,0.9548306678104432,0.04367838910985909
FW_01194706,natural_vegetation_fire,natural_vegetation_fire,0.01588944663081223,0.702987671928463,0.2811228814407247
FW_00300183,natural_vegetation_fire,natural_vegetation_fire,0.002122481579308984,0.7389391809839292,0.25893833743676176
FW_00470151,natural_vegetation_fire,natural_vegetation_fire,0.004278406750115383,0.8372590041604129,0.15846258908947175
FW_00186807,natural_vegetation_fire,natural_vegetation_fire,0.000989598366931553,0.9920070112652339,0.007003390367834632
FW_00254394,other_uncertain,other_uncertain,0.1448521503653544,0.31620888811619274,0.5389389615184529
FW_01558535,natural_vegetation_fire,natural_vegetation_fire,0.0014148168853439934,0.9635046523595969,0.0350805307550592
FW_01508558,natural_vegetation_fire,natural_vegetation_fire,0.006152250357096883,0.8177885741509643,0.17605917549193895
FW_00172201,natural_vegetation_fire,natural_vegetation_fire,0.002366541576580305,0.918014747612184,0.07961871081123577
FW_00393016,natural_vegetation_fire,natural_vegetation_fire,0.006698453892202837,0.7563304268988994,0.2369711192088978
FW_01204692,industrial_fire_candidate,industrial_fire_candidate,0.8116337408954983,0.052789046359266,0.13557721274523568
FW_00515222,industrial_fire_candidate,natural_vegetation_fire,0.311552919932804,0.4742125869409787,0.21423449312621734
FW_00936720,natural_vegetation_fire,natural_vegetation_fire,0.0097634467882715,0.8903696051139637,0.09986694809776493
FW_00220067,natural_vegetation_fire,natural_vegetation_fire,0.0034007068240576805,0.7913752581430427,0.20522403503289946
FW_01550471,other_uncertain,other_uncertain,0.13128739744263504,0.08155388961667709,0.7871587129406878
FW_01043567,other_uncertain,other_uncertain,0.012260880387384198,0.44355979721163385,0.544179322400982
FW_01328085,natural_vegetation_fire,natural_vegetation_fire,0.002161642560562515,0.9669014999597451,0.030936857479692534
FW_01568139,natural_vegetation_fire,natural_vegetation_fire,0.002680200750235899,0.8670716002398743,0.13024819900988982
FW_01559828,industrial_fire_candidate,natural_vegetation_fire,0.10305821713436905,0.7617086665955884,0.13523311627004247
FW_00911041,natural_vegetation_fire,natural_vegetation_fire,0.001497276812198201,0.8180856263662537,0.18041709682154805
FW_00465847,natural_vegetation_fire,natural_vegetation_fire,0.0018835695070388606,0.9471513791850131,0.050965051307948
FW_00144468,other_uncertain,other_uncertain,0.011365060102194109,0.007653314229838748,0.9809816256679671
FW_00462549,natural_vegetation_fire,natural_vegetation_fire,0.0042943891776562465,0.8821551871513872,0.11355042367095661
FW_00987781,natural_vegetation_fire,natural_vegetation_fire,0.0007847379442985046,0.9382467232334604,0.06096853882224108
FW_00162940,natural_vegetation_fire,natural_vegetation_fire,0.0002380164696419722,0.9900449149680545,0.00971706856230348
FW_01332590,natural_vegetation_fire,natural_vegetation_fire,0.0007228219960199092,0.9403640121390084,0.05891316586497174
FW_00766085,natural_vegetation_fire,natural_vegetation_fire,0.0006719508821370463,0.970970829966936,0.028357219150926944
FW_01236186,natural_vegetation_fire,other_uncertain,0.0008443589731172617,0.03990767857861101,0.9592479624482717
FW_00973854,natural_vegetation_fire,natural_vegetation_fire,0.012352354259261613,0.8774863480102715,0.11016129773046678
FW_00003790,natural_vegetation_fire,other_uncertain,0.0419063326406932,0.1298165309666343,0.8282771363926724
FW_00447381,other_uncertain,other_uncertain,0.14315979691864297,0.01841341557001123,0.8384267875113459
FW_00404777,natural_vegetation_fire,natural_vegetation_fire,0.0021210092523628403,0.8090464375339969,0.18883255321364034
FW_00887080,natural_vegetation_fire,natural_vegetation_fire,0.002869252978754449,0.9642327322861329,0.032898014735112585
FW_01092293,natural_vegetation_fire,natural_vegetation_fire,0.010877820930308426,0.6736377154259858,0.3154844636437057
FW_00681050,natural_vegetation_fire,natural_vegetation_fire,0.002390338781328064,0.9428887342544929,0.05472092696417904
FW_01024997,other_uncertain,other_uncertain,0.2802815229915772,0.02522125585688309,0.6944972211515397
FW_01693894,other_uncertain,other_uncertain,0.0031553097528207756,0.0902285174748951,0.906616172772284
FW_00268542,other_uncertain,other_uncertain,0.0014518501789883363,0.04113266943866711,0.9574154803823445
FW_01445709,natural_vegetation_fire,natural_vegetation_fire,0.00039546022136937464,0.9762606475215192,0.023343892257111424
FW_00150575,natural_vegetation_fire,natural_vegetation_fire,0.0006263549545012557,0.989584391800776,0.009789253244722868
FW_00078034,other_uncertain,other_uncertain,0.4542225825023015,0.0060023429022357825,0.5397750745954627
FW_00130603,natural_vegetation_fire,natural_vegetation_fire,0.0013790791618705004,0.9766680865114035,0.021952834326726053
FW_01228642,natural_vegetation_fire,natural_vegetation_fire,0.0021887291471273363,0.9082813422945376,0.08952992855833504
FW_00468943,other_uncertain,other_uncertain,0.0006588887399664899,0.04432305766623172,0.9550180535938018
FW_01668229,natural_vegetation_fire,natural_vegetation_fire,0.000630852726502992,0.6799961795392306,0.3193729677342663
FW_00747171,other_uncertain,other_uncertain,0.026840730784973246,0.130841990981969,0.8423172782330577
FW_01018605,other_uncertain,other_uncertain,0.004219484039780019,0.042945380190594754,0.9528351357696253
FW_01539908,natural_vegetation_fire,natural_vegetation_fire,0.0016892929591250524,0.9365431331499509,0.06176757389092405
FW_00137587,natural_vegetation_fire,natural_vegetation_fire,0.00195662091409574,0.8290954861895367,0.1689478928963675
FW_00661504,natural_vegetation_fire,natural_vegetation_fire,0.0009651795089746288,0.9746521070189946,0.024382713472030696
FW_01006655,natural_vegetation_fire,natural_vegetation_fire,0.00129155694967485,0.8208678127533047,0.17784063029702046
FW_01484876,natural_vegetation_fire,natural_vegetation_fire,0.005945308805050012,0.8486950005125351,0.14535969068241494
FW_01143488,other_uncertain,other_uncertain,0.06300362723112209,0.015775401676334278,0.9212209710925435
FW_00453450,natural_vegetation_fire,natural_vegetation_fire,0.01217918188189074,0.8466434977460235,0.14117732037208575
FW_01007112,other_uncertain,natural_vegetation_fire,0.0012266358146831354,0.7138496008283836,0.28492376335693337
FW_01585102,natural_vegetation_fire,natural_vegetation_fire,0.0010036456069479752,0.970078404502289,0.028917949890762892
FW_01607251,other_uncertain,other_uncertain,0.10190531589913826,0.04492295283412639,0.8531717312667354
FW_01685971,natural_vegetation_fire,natural_vegetation_fire,0.00046984577727873176,0.8785919840753543,0.12093817014736695
FW_01086069,natural_vegetation_fire,natural_vegetation_fire,0.0009319716923235315,0.7699696431192556,0.22909838518842085
FW_00694200,other_uncertain,other_uncertain,0.13430231416531785,0.03710439648491441,0.8285932893497677
FW_01680444,other_uncertain,other_uncertain,0.0018806009534651218,0.10780447083809967,0.8903149282084352
FW_01363372,natural_vegetation_fire,natural_vegetation_fire,0.0011023364975472052,0.9896081933187448,0.009289470183707791
FW_01687871,natural_vegetation_fire,natural_vegetation_fire,0.0007512740264831377,0.948308969244163,0.05093975672935385
FW_01112668,natural_vegetation_fire,other_uncertain,0.03501481202616453,0.419203689498188,0.5457814984756474
FW_01067152,natural_vegetation_fire,natural_vegetation_fire,0.0006585978556797083,0.9213606434844904,0.07798075865983006
FW_00569489,other_uncertain,industrial_fire_candidate,0.4774735058140343,0.11367203772224395,0.40885445646372165
FW_00579234,natural_vegetation_fire,natural_vegetation_fire,0.014173126161135837,0.6303354333008951,0.3554914405379689
FW_01228098,other_uncertain,natural_vegetation_fire,0.0030228443081687555,0.7378256815440969,0.2591514741477344
FW_00987729,other_uncertain,natural_vegetation_fire,0.0013403595957131316,0.6807296092380318,0.317930031166255
FW_00656729,natural_vegetation_fire,natural_vegetation_fire,0.0012075006518300457,0.9096613284272377,0.08913117092093231
FW_00501150,natural_vegetation_fire,natural_vegetation_fire,0.00404022963607121,0.897535356865935,0.09842441349799362
FW_00482052,natural_vegetation_fire,natural_vegetation_fire,0.0006589330647933805,0.953264721345686,0.04607634558952064
FW_01579668,other_uncertain,other_uncertain,0.03716008947120753,0.05948983713547975,0.9033500733933126
FW_01706080,natural_vegetation_fire,natural_vegetation_fire,0.0011235923752990046,0.914751640322558,0.084124767302143
FW_01467848,natural_vegetation_fire,natural_vegetation_fire,0.00683537670238572,0.9537513297665818,0.03941329353103253
FW_00007817,natural_vegetation_fire,natural_vegetation_fire,0.0008041885479816414,0.9813224601885707,0.017873351263447572
FW_00690962,natural_vegetation_fire,natural_vegetation_fire,0.0007465769574193897,0.9131589493788864,0.08609447366369419
FW_01504799,natural_vegetation_fire,natural_vegetation_fire,0.0018105339620915987,0.9687982366728616,0.02939122936504676
FW_00529618,natural_vegetation_fire,natural_vegetation_fire,0.00134972004969495,0.8815939045569622,0.11705637539334297
FW_00693316,other_uncertain,other_uncertain,0.0010925989056162788,0.040177905380811084,0.9587294957135726
FW_00424720,other_uncertain,other_uncertain,0.0021475804597646422,0.006470149535049671,0.9913822700051858
FW_01604728,other_uncertain,other_uncertain,0.001404020534086654,0.02190984395697712,0.9766861355089361
FW_00500950,natural_vegetation_fire,natural_vegetation_fire,0.0005116536201891766,0.9005792901052514,0.09890905627455945
FW_00478147,natural_vegetation_fire,natural_vegetation_fire,0.00042119373294330917,0.8934023411064378,0.10617646516061886
FW_00641782,other_uncertain,other_uncertain,0.0020585672237787046,0.017087241447355035,0.9808541913288662
FW_00498733,natural_vegetation_fire,natural_vegetation_fire,0.0019497966706983783,0.9631889857006531,0.0348612176286484
FW_01702928,natural_vegetation_fire,natural_vegetation_fire,0.024944507636613603,0.5132022618026022,0.4618532305607842
FW_00148553,natural_vegetation_fire,natural_vegetation_fire,0.0008273299971338146,0.9638713364078042,0.03530133359506202
FW_01274998,natural_vegetation_fire,natural_vegetation_fire,0.001404262727505958,0.9643549931641406,0.03424074410835345
FW_00272194,natural_vegetation_fire,natural_vegetation_fire,0.0016418035484060973,0.8811825510878951,0.1171756453636989
FW_01028643,other_uncertain,other_uncertain,0.0008019840932859284,0.01996374640049779,0.9792342695062164
FW_00287044,natural_vegetation_fire,natural_vegetation_fire,0.0050422223108398554,0.9823977040230548,0.012560073666105107
FW_01181499,natural_vegetation_fire,natural_vegetation_fire,0.0006353925306282779,0.9494562802272347,0.049908327242137014
FW_01253854,natural_vegetation_fire,natural_vegetation_fire,0.0049348280980011,0.9393557292999645,0.055709442602034476
FW_01565945,natural_vegetation_fire,natural_vegetation_fire,0.0028404418885675277,0.8546863818131648,0.14247317629826758
FW_01366415,natural_vegetation_fire,natural_vegetation_fire,0.002418142093788435,0.8969901398415591,0.10059171806465246
FW_00145226,natural_vegetation_fire,natural_vegetation_fire,0.0022870258792348857,0.9702480533513343,0.02746492076943085
FW_01221302,other_uncertain,other_uncertain,0.008211610525428924,0.3080051182449637,0.6837832712296074
FW_00530292,natural_vegetation_fire,natural_vegetation_fire,0.0019209249966065146,0.9186195765861194,0.07945949841727414
FW_01075689,natural_vegetation_fire,natural_vegetation_fire,0.0005232167773493311,0.8802349106317349,0.11924187259091573
FW_01356811,other_uncertain,other_uncertain,0.0007419267353759359,0.04790306599004389,0.9513550072745801
FW_00601868,natural_vegetation_fire,natural_vegetation_fire,0.0008374220881955922,0.9322586760662556,0.06690390184554902
FW_00273679,natural_vegetation_fire,natural_vegetation_fire,0.0015951568789567435,0.9830836385224411,0.01532120459860216
FW_00400710,other_uncertain,other_uncertain,0.008405783919758096,0.49006043460576026,0.5015337814744817
FW_00612430,natural_vegetation_fire,natural_vegetation_fire,0.000499155792322774,0.976419504869931,0.023081339337746146
FW_00965780,natural_vegetation_fire,natural_vegetation_fire,0.023671625875497822,0.6587471281961212,0.31758124592838083
FW_01474880,natural_vegetation_fire,natural_vegetation_fire,0.0027529947992329315,0.9352654462309089,0.06198155896985815
FW_01125282,natural_vegetation_fire,natural_vegetation_fire,0.001281138070020353,0.8248912452719666,0.17382761665801327
FW_01585423,other_uncertain,other_uncertain,0.0002494663047422009,0.009093276928114444,0.9906572567671433
FW_00474776,other_uncertain,other_uncertain,0.022216205028349152,0.08103373068423772,0.8967500642874131
FW_00720646,natural_vegetation_fire,natural_vegetation_fire,0.01154311095515322,0.827323145417724,0.16113374362712274
FW_00341872,natural_vegetation_fire,natural_vegetation_fire,0.0029376247653044884,0.7741897435845725,0.22287263165012303
FW_00986660,natural_vegetation_fire,natural_vegetation_fire,0.0019034138346228598,0.8936945830229793,0.10440200314239775
FW_01661589,natural_vegetation_fire,natural_vegetation_fire,0.0020762830294217736,0.8593179647541772,0.1386057522164009
FW_00377854,natural_vegetation_fire,natural_vegetation_fire,0.002076080667955045,0.695852344785291,0.3020715745467538
FW_01301967,natural_vegetation_fire,natural_vegetation_fire,0.0004884469584217487,0.9598622948713466,0.03964925817023181
FW_01535066,natural_vegetation_fire,natural_vegetation_fire,0.0012817377106963416,0.7907073174941095,0.2080109447951942
FW_01693902,other_uncertain,other_uncertain,0.007906424331382835,0.010510249089543688,0.9815833265790735
FW_01204693,industrial_fire_candidate,industrial_fire_candidate,0.7878588168674916,0.07276199625697242,0.13937918687553602
FW_01604895,other_uncertain,other_uncertain,0.03027153343597894,0.01772284857394186,0.9520056179900791
FW_01659953,other_uncertain,other_uncertain,0.012165848670336236,0.31060665163975326,0.6772274996899104
FW_00279231,natural_vegetation_fire,natural_vegetation_fire,0.0004496426927666167,0.9742725507826305,0.025277806524602965
FW_00469693,natural_vegetation_fire,natural_vegetation_fire,0.001421053552186678,0.9372161126998779,0.061362833747935434
FW_01591470,natural_vegetation_fire,other_uncertain,0.00046475548661888605,0.022755079339849722,0.9767801651735314
FW_01253900,other_uncertain,other_uncertain,0.15624954866326443,0.04077805459919058,0.8029723967375451
FW_00413372,other_uncertain,other_uncertain,0.003202890263878534,0.03283897357345751,0.9639581361626639
FW_01383658,natural_vegetation_fire,natural_vegetation_fire,0.0008122582156626309,0.9643962333424198,0.03479150844191761
FW_00514521,natural_vegetation_fire,natural_vegetation_fire,0.0009348829342052545,0.9301685295801321,0.06889658748566271
FW_00309482,natural_vegetation_fire,natural_vegetation_fire,0.0046236298773040235,0.952782444022135,0.04259392610056095
FW_00169054,natural_vegetation_fire,natural_vegetation_fire,0.001078434503178749,0.9734458805770293,0.025475684919791786
FW_00561214,natural_vegetation_fire,natural_vegetation_fire,0.001960734548260527,0.8966822333881069,0.1013570320636326
FW_01198132,other_uncertain,other_uncertain,0.0015011788876700463,0.011453903746046091,0.9870449173662837
FW_01579321,natural_vegetation_fire,other_uncertain,0.05113317745601332,0.2858470345147321,0.6630197880292545
FW_00960976,natural_vegetation_fire,natural_vegetation_fire,0.0004659136867766507,0.9849133369975094,0.014620749315713959
FW_00835179,other_uncertain,other_uncertain,0.0009233918482706283,0.1605196275689852,0.8385569805827442
FW_00262554,natural_vegetation_fire,natural_vegetation_fire,0.0012846341170476355,0.9479300337842688,0.05078533209868354
FW_01308204,other_uncertain,other_uncertain,0.005483063975543667,0.042407043344940866,0.9521098926795154
FW_00652709,natural_vegetation_fire,natural_vegetation_fire,0.004095385606673386,0.9511207410725923,0.04478387332073446
FW_00999146,natural_vegetation_fire,natural_vegetation_fire,0.0031457502518554012,0.778743634524905,0.21811061522323955
FW_00490146,natural_vegetation_fire,natural_vegetation_fire,0.001987284765171454,0.8257657597761898,0.17224695545863877
FW_00990009,natural_vegetation_fire,natural_vegetation_fire,0.0036130840437888553,0.9053884967008395,0.09099841925537142
FW_00328485,natural_vegetation_fire,natural_vegetation_fire,0.0008110831079667859,0.9198812846451215,0.07930763224691154
FW_00003577,natural_vegetation_fire,other_uncertain,0.09518407437853034,0.3658245760197429,0.5389913496017267
FW_01160475,other_uncertain,other_uncertain,0.009653964815212648,0.03088872731139224,0.9594573078733952
FW_00216373,natural_vegetation_fire,other_uncertain,0.03939866954271129,0.4405742119697139,0.5200271184875748
FW_01123904,natural_vegetation_fire,natural_vegetation_fire,0.001841391475094238,0.7814742791039342,0.21668432942097157
FW_00630298,other_uncertain,other_uncertain,0.007165470476257684,0.3176156670309694,0.6752188624927729
FW_01242286,natural_vegetation_fire,natural_vegetation_fire,0.0009600729154579056,0.8171072435442989,0.1819326835402432
FW_00981331,natural_vegetation_fire,natural_vegetation_fire,0.002966434531289003,0.9130755805855574,0.08395798488315352
FW_01457847,natural_vegetation_fire,natural_vegetation_fire,0.0016615211215370866,0.9881225522322757,0.010215926646187316
FW_00723200,natural_vegetation_fire,natural_vegetation_fire,0.0009556485889815365,0.9771503140600337,0.021894037350984802
FW_01385858,natural_vegetation_fire,natural_vegetation_fire,0.00028605678153262526,0.992749496984811,0.006964446233656337
FW_01423720,natural_vegetation_fire,natural_vegetation_fire,0.0005632384789772511,0.9854249377295863,0.014011823791436541
FW_01499244,natural_vegetation_fire,natural_vegetation_fire,0.0008398391827055991,0.8969799837260298,0.10218017709126467
FW_01498776,other_uncertain,other_uncertain,0.04580173040502146,0.09925625507818214,0.8549420145167964
FW_00944667,natural_vegetation_fire,natural_vegetation_fire,0.009929772394868398,0.8578269649864714,0.13224326261866026
FW_00975461,natural_vegetation_fire,natural_vegetation_fire,0.007165806192555308,0.508602226745699,0.4842319670617457
FW_01489196,natural_vegetation_fire,natural_vegetation_fire,0.006073880123740152,0.8532145636815831,0.14071155619467665
FW_00946141,natural_vegetation_fire,natural_vegetation_fire,0.0017476919163019492,0.9070067051176499,0.09124560296604832
FW_01599220,natural_vegetation_fire,other_uncertain,0.02792326320365874,0.17729049022621746,0.7947862465701238
FW_00134837,natural_vegetation_fire,natural_vegetation_fire,0.000263740214052492,0.9848491087577775,0.01488715102816982
FW_01521900,natural_vegetation_fire,other_uncertain,0.015466279738530132,0.10761842073742323,0.8769152995240466
FW_00001017,other_uncertain,other_uncertain,0.0711269461372768,0.023946278398434398,0.9049267754642888
FW_00054750,other_uncertain,other_uncertain,0.0008873525929607272,0.04239258958954111,0.9567200578174981
FW_01573291,natural_vegetation_fire,natural_vegetation_fire,0.056051729150412066,0.7726616127015501,0.17128665814803784
FW_01610087,other_uncertain,other_uncertain,0.1458249495490148,0.04306837486092882,0.8111066755900563
FW_00036538,other_uncertain,other_uncertain,0.0010463008633875648,0.018381867732584177,0.9805718314040284
FW_01459067,natural_vegetation_fire,natural_vegetation_fire,0.0019397242339744712,0.8784795590219461,0.11958071674407939
FW_00284020,natural_vegetation_fire,natural_vegetation_fire,0.0019023318435336825,0.9079757611280876,0.09012190702837886
FW_01160818,natural_vegetation_fire,natural_vegetation_fire,0.0008324828109995641,0.9657355547354386,0.0334319624535619
FW_00575764,natural_vegetation_fire,natural_vegetation_fire,0.0011684995503199358,0.7246071028403802,0.27422439760929973
FW_01029830,natural_vegetation_fire,natural_vegetation_fire,0.0014305768172881224,0.650874170103154,0.3476952530795579
FW_00074052,natural_vegetation_fire,natural_vegetation_fire,0.0016132775558149919,0.9559598367453573,0.04242688569882779
FW_00191623,natural_vegetation_fire,natural_vegetation_fire,0.0006575542786905501,0.9722189729540537,0.02712347276725564
FW_00054037,natural_vegetation_fire,natural_vegetation_fire,0.001407874071414883,0.9343507832451883,0.06424134268339682
FW_00449430,other_uncertain,other_uncertain,0.009028364742156295,0.1148097647883825,0.8761618704694611
FW_01446734,natural_vegetation_fire,natural_vegetation_fire,0.0008416803609905572,0.9237690966335186,0.07538922300549078
FW_01260226,other_uncertain,other_uncertain,0.004790042972509516,0.0500587423605478,0.9451512146669426
FW_00517504,other_uncertain,other_uncertain,0.0017108363033351416,0.4777374576095383,0.5205517060871265
FW_00966743,natural_vegetation_fire,natural_vegetation_fire,0.09023891238928664,0.5645308882546394,0.34523019935607396
FW_00073669,natural_vegetation_fire,natural_vegetation_fire,0.0011008138878936227,0.9910426173369407,0.00785656877516568
FW_00240490,natural_vegetation_fire,natural_vegetation_fire,0.0018445498093587088,0.9734985459387271,0.024656904251914153
FW_01706089,natural_vegetation_fire,natural_vegetation_fire,0.0006150996415092472,0.9590837733886035,0.0403011269698873
FW_00403966,other_uncertain,other_uncertain,0.0018821219625078638,0.009169672391967155,0.988948205645525
FW_01609309,other_uncertain,other_uncertain,0.03339810448094499,0.04079542099556043,0.9258064745234945
FW_00635141,natural_vegetation_fire,other_uncertain,0.006063311134562618,0.043981881495364146,0.9499548073700732
FW_00567914,other_uncertain,other_uncertain,0.009324660036022734,0.1019336011207455,0.8887417388432318
FW_01204044,natural_vegetation_fire,other_uncertain,0.0010046973910755486,0.039706737367087755,0.9592885652418367
FW_00982540,natural_vegetation_fire,natural_vegetation_fire,0.0010417378694226498,0.8870012438362167,0.11195701829436064
FW_00047667,natural_vegetation_fire,natural_vegetation_fire,0.0017984484763950885,0.9361754884381122,0.062026063085492786
FW_00037859,other_uncertain,other_uncertain,0.000983850894428512,0.02320151362064332,0.9758146354849283
FW_00856184,natural_vegetation_fire,natural_vegetation_fire,0.0027402342531923324,0.9595185555207741,0.0377412102260337
FW_01218153,natural_vegetation_fire,natural_vegetation_fire,0.01802386687326641,0.8076291841112337,0.17434694901549977
FW_01042095,other_uncertain,other_uncertain,0.0014395237716428439,0.12194120027885903,0.8766192759494982
FW_00356282,natural_vegetation_fire,natural_vegetation_fire,0.0004629887707892103,0.9359176046548612,0.0636194065743497
FW_00413374,other_uncertain,other_uncertain,0.0018162153291890536,0.005729427654508099,0.9924543570163028
FW_00402551,other_uncertain,other_uncertain,0.0032545323390955326,0.010787083623177098,0.9859583840377273
FW_00260145,natural_vegetation_fire,other_uncertain,0.00621768440530777,0.36084502362819665,0.6329372919664956
FW_00523035,other_uncertain,other_uncertain,0.0023531611729750955,0.0152005967044655,0.9824462421225594
FW_01102167,other_uncertain,other_uncertain,0.04211681098627766,0.07247088361687831,0.885412305396844
FW_01143314,other_uncertain,other_uncertain,0.005597836864508298,0.2003959962488946,0.7940061668865972
FW_00975002,natural_vegetation_fire,natural_vegetation_fire,0.0019830515385260714,0.7957999659211187,0.20221698254035525
FW_01163763,other_uncertain,other_uncertain,0.004291449099663225,0.0561435283581285,0.9395650225422083
FW_01300198,natural_vegetation_fire,natural_vegetation_fire,0.004102747783508299,0.7810656381638629,0.21483161405262893
FW_00070682,natural_vegetation_fire,natural_vegetation_fire,0.0008337646118510442,0.9782685353633227,0.02089770002482619
FW_01563092,natural_vegetation_fire,natural_vegetation_fire,0.051788550303141064,0.6708587411434016,0.2773527085534575
FW_01535761,other_uncertain,other_uncertain,0.0075214010570962475,0.18079191453679558,0.8116866844061081
FW_00393295,natural_vegetation_fire,natural_vegetation_fire,0.0021577097211580858,0.7428076840018836,0.25503460627695834
FW_00254996,natural_vegetation_fire,natural_vegetation_fire,0.001038847070611815,0.9750887040161008,0.02387244891328729
FW_00438306,other_uncertain,other_uncertain,0.001989735334774737,0.04416726313147423,0.953843001533751
FW_00756265,natural_vegetation_fire,natural_vegetation_fire,0.0007300731252251832,0.9746793004015679,0.024590626473206898
FW_01586772,natural_vegetation_fire,natural_vegetation_fire,0.0037767572151471964,0.7341932362486925,0.26203000653616026
FW_01265132,natural_vegetation_fire,natural_vegetation_fire,0.0003562197357098771,0.9417652175925743,0.05787856267171582
FW_00456915,other_uncertain,other_uncertain,0.043919745829550945,0.023347602237041666,0.9327326519334074
FW_00883172,natural_vegetation_fire,other_uncertain,0.002497198114886662,0.3215450166026194,0.675957785282494
FW_00841046,other_uncertain,other_uncertain,0.15810571759205927,0.030530310881099004,0.8113639715268418
FW_00679185,natural_vegetation_fire,natural_vegetation_fire,0.0011039701755543837,0.9622661975435974,0.036629832280848054
FW_00473402,natural_vegetation_fire,natural_vegetation_fire,0.0015692801332412734,0.831402434080382,0.16702828578637685
FW_00581435,other_uncertain,other_uncertain,0.0010472830026380425,0.02048729156214468,0.9784654254352172
FW_01060132,other_uncertain,other_uncertain,0.0020290942876587574,0.0340736654425294,0.9638972402698119
FW_01541000,natural_vegetation_fire,natural_vegetation_fire,0.0015932974836210959,0.8635311255556317,0.13487557696074715
FW_01030212,other_uncertain,other_uncertain,0.0008023540134712629,0.045097845551927744,0.954099800434601
FW_00769470,natural_vegetation_fire,natural_vegetation_fire,0.0006076063928651822,0.9857177161831602,0.013674677423974572
FW_01572491,other_uncertain,other_uncertain,0.0005575928720329004,0.06563896427402284,0.9338034428539442
FW_00414861,natural_vegetation_fire,natural_vegetation_fire,0.0010249980796449391,0.8390876684936371,0.1598873334267181
FW_01470796,natural_vegetation_fire,natural_vegetation_fire,0.00026719399197908426,0.9786944152430712,0.0210383907649496
FW_00189150,natural_vegetation_fire,natural_vegetation_fire,0.0007156583747405171,0.9399225130793903,0.05936182854586907
FW_01316288,natural_vegetation_fire,natural_vegetation_fire,0.0022078898991222374,0.9892157782443015,0.0085763318565762
FW_01309931,industrial_fire_candidate,natural_vegetation_fire,0.13123111775448915,0.6123324128179933,0.2564364694275174
FW_00354035,industrial_fire_candidate,other_uncertain,0.30921446476385467,0.03597095793679607,0.6548145772993493
FW_01113483,natural_vegetation_fire,natural_vegetation_fire,0.001561913066580598,0.7486181438587606,0.24981994307465874
FW_00446692,industrial_fire_candidate,other_uncertain,0.17790396798002706,0.04403645676692923,0.7780595752530437
FW_00484203,natural_vegetation_fire,natural_vegetation_fire,0.0009489319320928476,0.9061165848073548,0.0929344832605522
FW_01040521,natural_vegetation_fire,natural_vegetation_fire,0.0005221473228318069,0.9873803040312156,0.0120975486459526
FW_00524917,natural_vegetation_fire,natural_vegetation_fire,0.09522208722300843,0.7550345980063863,0.1497433147706052
FW_01338718,other_uncertain,natural_vegetation_fire,0.002627559840427179,0.8634186921274605,0.13395374803211216
FW_00177974,natural_vegetation_fire,natural_vegetation_fire,0.0020097718564423793,0.9143401336364785,0.08365009450707922
FW_00769739,natural_vegetation_fire,natural_vegetation_fire,0.00034629024106885056,0.9879718431819913,0.011681866576939925
FW_00388927,other_uncertain,other_uncertain,0.001008788117503097,0.035705435757678324,0.9632857761248187
FW_01686517,natural_vegetation_fire,natural_vegetation_fire,0.004634856676746035,0.8087230457235463,0.18664209759970762
FW_00713132,natural_vegetation_fire,natural_vegetation_fire,0.0027736741175332555,0.9163534633674267,0.08087286251504013
FW_01619470,natural_vegetation_fire,natural_vegetation_fire,0.0008725265603550987,0.9549052480595877,0.0442222253800573
FW_00148073,natural_vegetation_fire,natural_vegetation_fire,0.0010070827579642578,0.9584605164541304,0.0405324007879051
FW_01135260,other_uncertain,other_uncertain,0.1611822970517921,0.00735677181623976,0.8314609311319681
FW_01204054,other_uncertain,other_uncertain,0.004313293858347226,0.029695226986185257,0.9659914791554675
FW_00159918,natural_vegetation_fire,natural_vegetation_fire,0.0008820058038153929,0.9897217554046619,0.009396238791522812
FW_00044475,natural_vegetation_fire,natural_vegetation_fire,0.09602183541434128,0.497287927877992,0.4066902367076668
FW_01487873,other_uncertain,other_uncertain,0.006375479729209666,0.4836511742218575,0.5099733460489329
FW_00331104,natural_vegetation_fire,natural_vegetation_fire,0.006784966370760669,0.9470331759495472,0.04618185767969218
FW_00512571,natural_vegetation_fire,natural_vegetation_fire,0.001457462762095629,0.8631863127477173,0.1353562244901869
FW_00631090,natural_vegetation_fire,natural_vegetation_fire,0.0011581286408172556,0.9477561780165678,0.05108569334261494
FW_00362511,natural_vegetation_fire,natural_vegetation_fire,0.00533723242215286,0.9556045531611777,0.03905821441666947
FW_00609098,industrial_fire_candidate,other_uncertain,0.21504991166780943,0.006214760037713874,0.7787353282944767
FW_01253127,natural_vegetation_fire,natural_vegetation_fire,0.00033147453172983356,0.9919121762366844,0.0077563492315856465
FW_00361634,natural_vegetation_fire,natural_vegetation_fire,0.0015959716660106516,0.8829797613276777,0.11542426700631171
FW_00823548,natural_vegetation_fire,natural_vegetation_fire,0.0003597061835706634,0.9813127725867021,0.018327521229727316
FW_00292463,other_uncertain,natural_vegetation_fire,0.004555968129230412,0.827523597708188,0.16792043416258146
FW_01661604,natural_vegetation_fire,natural_vegetation_fire,0.0011684740351285338,0.8018764402850764,0.196955085679795
FW_01171311,other_uncertain,other_uncertain,0.06750080944836047,0.10307501982383709,0.8294241707278024
FW_00566712,natural_vegetation_fire,natural_vegetation_fire,0.004475184164246121,0.9144483654883845,0.08107645034736959
FW_01593518,other_uncertain,natural_vegetation_fire,0.001301877188439261,0.785365774989355,0.21333234782220573
FW_00753446,natural_vegetation_fire,natural_vegetation_fire,0.0006603080180805741,0.9585669895875154,0.040772702394404045
FW_01575813,natural_vegetation_fire,natural_vegetation_fire,0.0014232047133268554,0.8915117579268078,0.10706503735986549
FW_00755397,natural_vegetation_fire,natural_vegetation_fire,0.004835843148156566,0.8863811747452217,0.10878298210662178
FW_01398262,natural_vegetation_fire,other_uncertain,0.00023246307288465862,0.02045861124756042,0.9793089256795549
FW_00459008,natural_vegetation_fire,natural_vegetation_fire,0.0006752491301855464,0.8723113179824002,0.12701343288741423
FW_00902676,natural_vegetation_fire,natural_vegetation_fire,0.004018087250562485,0.9315557349833126,0.064426177766125
FW_00994277,natural_vegetation_fire,natural_vegetation_fire,0.005505333881346317,0.8499845540267432,0.1445101120919103
FW_00323987,natural_vegetation_fire,natural_vegetation_fire,0.003975716861715001,0.9453381396820931,0.05068614345619165
FW_01472627,natural_vegetation_fire,natural_vegetation_fire,0.0010774916703953212,0.9919216415533579,0.007000866776246683
FW_01122898,natural_vegetation_fire,natural_vegetation_fire,0.0012826768011572258,0.9431191414552996,0.0555981817435432
FW_00426888,industrial_fire_candidate,other_uncertain,0.32971051355492037,0.04467266990101452,0.6256168165440652
FW_00809145,natural_vegetation_fire,natural_vegetation_fire,0.0049820607484998445,0.9524546288495732,0.04256331040192694
FW_00267740,other_uncertain,industrial_fire_candidate,0.5333282149303994,0.17649926998777518,0.29017251508182546
FW_01061225,natural_vegetation_fire,natural_vegetation_fire,0.0011450843487267022,0.9258199148335055,0.07303500081776804
FW_00721411,natural_vegetation_fire,natural_vegetation_fire,0.002189641056209395,0.8945041229116453,0.10330623603214523
FW_00563456,natural_vegetation_fire,natural_vegetation_fire,0.0007901379602410087,0.8654629792589885,0.13374688278077063
FW_00449941,industrial_fire_candidate,industrial_fire_candidate,0.5003003824494371,0.01634686946790669,0.4833527480826562
FW_01305234,natural_vegetation_fire,industrial_fire_candidate,0.4671898971921777,0.07707962875178057,0.45573047405604183
FW_01624843,natural_vegetation_fire,natural_vegetation_fire,0.005588105621603071,0.5396819063726593,0.45472998800573755
FW_01045093,other_uncertain,natural_vegetation_fire,0.00047833358129268543,0.9387956855893791,0.06072598082932836
FW_01694279,natural_vegetation_fire,natural_vegetation_fire,0.000541253941782826,0.9455856806781734,0.05387306538004395
FW_01681345,natural_vegetation_fire,other_uncertain,0.03065930647720074,0.3896274168833332,0.579713276639466
FW_01198223,natural_vegetation_fire,other_uncertain,0.002609262639134816,0.32324547126514774,0.6741452660957175
FW_01582226,other_uncertain,other_uncertain,0.0007624973259879448,0.08219185413942218,0.9170456485345899
FW_01141856,other_uncertain,other_uncertain,0.006558643979297893,0.4057926947172602,0.587648661303442
FW_00889512,natural_vegetation_fire,natural_vegetation_fire,0.0004248010253120134,0.9910804641115772,0.008494734863110838
FW_00223987,industrial_fire_candidate,other_uncertain,0.1949821525994485,0.08086358682837173,0.7241542605721797
FW_00022951,natural_vegetation_fire,natural_vegetation_fire,0.0013224566602031051,0.5405531601950524,0.4581243831447446
FW_00616741,industrial_fire_candidate,other_uncertain,0.07992578400819281,0.01027342024644706,0.9098007957453601
FW_00576690,natural_vegetation_fire,other_uncertain,0.004549825833089481,0.4792778777880651,0.5161722963788454
FW_00023320,other_uncertain,other_uncertain,0.059523285617059385,0.008795376823738479,0.931681337559202
FW_00243858,natural_vegetation_fire,natural_vegetation_fire,0.0018657603048847923,0.9930726506353752,0.005061589059739805
FW_00832251,natural_vegetation_fire,other_uncertain,0.001802003681523544,0.38644081399997177,0.6117571823185046
FW_00071056,other_uncertain,other_uncertain,0.0014177417954925416,0.009716530095192705,0.9888657281093146
FW_01166223,other_uncertain,other_uncertain,0.002343986348164028,0.07220148002478655,0.9254545336270494
FW_01689981,industrial_fire_candidate,industrial_fire_candidate,0.5548925844982882,0.024798392338827045,0.4203090231628848
FW_01301371,natural_vegetation_fire,other_uncertain,0.06333074904326119,0.08249061857043717,0.8541786323863017
FW_00041370,other_uncertain,other_uncertain,0.028728824228960538,0.34263007316888733,0.6286411026021521
FW_00630238,natural_vegetation_fire,natural_vegetation_fire,0.00030454765191331544,0.9844184916674202,0.015276960680666342
FW_01707475,natural_vegetation_fire,natural_vegetation_fire,0.0009190088857470517,0.9753019645232635,0.02377902659098965
FW_01059904,other_uncertain,other_uncertain,0.020440762797212964,0.01126014101408082,0.9682990961887062
FW_00815052,industrial_fire_candidate,other_uncertain,0.14336603933117242,0.012976646654204909,0.8436573140146226
FW_00747438,natural_vegetation_fire,natural_vegetation_fire,0.0017866335965169313,0.9763732729967146,0.02184009340676843
FW_00489640,natural_vegetation_fire,natural_vegetation_fire,0.0008755233393088681,0.9185572782266154,0.08056719843407571
FW_01470834,natural_vegetation_fire,natural_vegetation_fire,0.019637103856435634,0.7015634201437144,0.27879947599984983
FW_00942486,natural_vegetation_fire,natural_vegetation_fire,0.00114030053213204,0.9580054684344999,0.040854231033368
FW_00016171,natural_vegetation_fire,other_uncertain,0.0023065467594008122,0.15447553601659197,0.8432179172240072
FW_01686313,natural_vegetation_fire,natural_vegetation_fire,0.0006239055803960894,0.9536446094292441,0.04573148499035982
FW_01702851,other_uncertain,other_uncertain,0.2523132923386112,0.03086702923176623,0.7168196784296226
FW_00490806,industrial_fire_candidate,natural_vegetation_fire,0.02864453871244806,0.5744181210465239,0.39693734024102806
FW_01455657,natural_vegetation_fire,natural_vegetation_fire,0.001165958398216592,0.961500179700582,0.03733386190120139
FW_01620394,natural_vegetation_fire,natural_vegetation_fire,0.003599605998212415,0.6843663125165095,0.31203408148527806
FW_00679577,other_uncertain,natural_vegetation_fire,0.002133940467861292,0.5645899717753518,0.4332760877567869
FW_01191588,natural_vegetation_fire,other_uncertain,0.013208441317791303,0.4681195048778413,0.5186720538043674
FW_01524599,natural_vegetation_fire,natural_vegetation_fire,0.00043312465908495497,0.9130673121120652,0.08649956322884993
FW_01560708,natural_vegetation_fire,other_uncertain,0.00019661525699049272,0.012923523786350692,0.9868798609566588
FW_00257264,natural_vegetation_fire,natural_vegetation_fire,0.0004239285610161652,0.9913112405342865,0.008264830904697389
FW_00461222,natural_vegetation_fire,natural_vegetation_fire,0.006446899556409512,0.5839153058767469,0.4096377945668437
FW_01411247,natural_vegetation_fire,natural_vegetation_fire,0.00029647848241531264,0.9822125664426118,0.01749095507497279
FW_00141363,natural_vegetation_fire,natural_vegetation_fire,0.00038737091718268435,0.9810016143831476,0.018611014699669727
FW_00915873,natural_vegetation_fire,natural_vegetation_fire,0.0004568882739392127,0.9929600057473181,0.0065831059787426725
FW_00459066,natural_vegetation_fire,natural_vegetation_fire,0.03593275689638133,0.5886278330350291,0.37543941006858955
FW_01586044,other_uncertain,other_uncertain,0.00032591082895047906,0.012127653070416404,0.9875464361006331
FW_00855469,natural_vegetation_fire,natural_vegetation_fire,0.0009500195766435132,0.9390063247693371,0.06004365565401933
FW_01127168,other_uncertain,natural_vegetation_fire,0.0014643981028675886,0.6541839271932683,0.3443516747038641
FW_00207442,natural_vegetation_fire,natural_vegetation_fire,0.003297499747888899,0.9635218688955721,0.03318063135653913
FW_00877017,other_uncertain,other_uncertain,0.0007707230499101729,0.020168429882519535,0.9790608470675704
FW_00685105,natural_vegetation_fire,natural_vegetation_fire,0.009900288550560372,0.9280015747820232,0.06209813666741659
FW_00005049,other_uncertain,other_uncertain,0.2777660276170404,0.21813783346431825,0.5040961389186414
FW_01661284,natural_vegetation_fire,natural_vegetation_fire,0.0006662159557923163,0.9156445595137772,0.08368922453043055
FW_01048315,other_uncertain,other_uncertain,0.0010365201779305386,0.032886323100884074,0.9660771567211853
FW_01695422,natural_vegetation_fire,natural_vegetation_fire,0.0009246615116695974,0.8092472105377407,0.18982812795058965
FW_00030789,other_uncertain,other_uncertain,0.10327073243751639,0.007901164118916134,0.8888281034435676
FW_00465848,natural_vegetation_fire,natural_vegetation_fire,0.002946378790101891,0.9380657398827553,0.05898788132714273
FW_01607907,other_uncertain,industrial_fire_candidate,0.560608488589924,0.02896551361734271,0.4104259977927335
FW_00387528,other_uncertain,natural_vegetation_fire,0.01824394650680763,0.8021352250341937,0.17962082845899865
FW_00325536,natural_vegetation_fire,natural_vegetation_fire,0.0012264060663539492,0.9730181965052421,0.025755397428403947
FW_00721542,natural_vegetation_fire,natural_vegetation_fire,0.01513821272110862,0.8976507126329846,0.0872110746459067
FW_00079717,natural_vegetation_fire,natural_vegetation_fire,0.001287878788118917,0.9598594248686633,0.0388526963432178
FW_00426600,natural_vegetation_fire,natural_vegetation_fire,0.005249695942537425,0.8064837583625207,0.18826654569494192
FW_00673145,natural_vegetation_fire,natural_vegetation_fire,0.0014201031796559635,0.9234032987906347,0.07517659802970934
FW_00457582,natural_vegetation_fire,natural_vegetation_fire,0.0010967579348771315,0.8744838713982068,0.1244193706669162
FW_01445988,natural_vegetation_fire,natural_vegetation_fire,0.00045805003901215694,0.9438207838687526,0.05572116609223536
FW_01470018,other_uncertain,other_uncertain,0.00748273442225264,0.05194198148755696,0.9405752840901903
FW_00025602,other_uncertain,other_uncertain,0.06035927639860585,0.006935483349469222,0.9327052402519249
FW_00189026,natural_vegetation_fire,natural_vegetation_fire,0.0003214566510010319,0.9657353815746273,0.033943161774371615
FW_00190871,natural_vegetation_fire,natural_vegetation_fire,0.0011770525659108746,0.981384157771496,0.017438789662592977
FW_01643817,other_uncertain,natural_vegetation_fire,0.0006221004517727639,0.8273820296672372,0.17199586988099008
FW_01225014,natural_vegetation_fire,natural_vegetation_fire,0.003401581909191993,0.9816990484734086,0.014899369617399554
FW_00963910,natural_vegetation_fire,natural_vegetation_fire,0.00324370883437871,0.8609867518422065,0.1357695393234148
FW_00822281,natural_vegetation_fire,natural_vegetation_fire,0.0027971010489365594,0.8954445863118421,0.10175831263922126
FW_00487538,natural_vegetation_fire,natural_vegetation_fire,0.000438559822274054,0.9698252414926736,0.029736198685052295
FW_01035362,natural_vegetation_fire,natural_vegetation_fire,0.0003876956880987992,0.9885440195680033,0.011068284743897795
FW_00093750,other_uncertain,other_uncertain,0.0015349764339944616,0.026506625839211827,0.9719583977267938
FW_00203699,natural_vegetation_fire,natural_vegetation_fire,0.0012041114657605297,0.9901467061559347,0.008649182378304768
FW_01160530,other_uncertain,other_uncertain,0.021552443599327026,0.07816823687149493,0.9002793195291781
FW_00753115,natural_vegetation_fire,natural_vegetation_fire,0.00028377388280963076,0.9897503766575131,0.009965849459677184
FW_00032423,natural_vegetation_fire,natural_vegetation_fire,0.011395883867942077,0.9344125071488975,0.05419160898316046
FW_00096870,other_uncertain,natural_vegetation_fire,0.004685696446007106,0.8382070340408707,0.15710726951312223
FW_00887355,natural_vegetation_fire,natural_vegetation_fire,0.000253002353266291,0.9930753193483518,0.006671678298381739
FW_01071117,other_uncertain,natural_vegetation_fire,0.00286321460667964,0.87974959174556,0.11738719364776028
FW_01089779,natural_vegetation_fire,natural_vegetation_fire,0.001197568960608966,0.6718204578624613,0.32698197317692973
FW_01621022,other_uncertain,other_uncertain,0.04851777979812187,0.2152831061916983,0.7361991140101798
FW_01162118,other_uncertain,other_uncertain,0.005667266892065831,0.14236598199577905,0.8519667511121553
FW_01540787,natural_vegetation_fire,natural_vegetation_fire,0.0014650445188386487,0.8900699189235578,0.10846503655760344
FW_00873456,natural_vegetation_fire,natural_vegetation_fire,0.00026360376725640094,0.9957682371778952,0.003968159054848357
FW_00832288,natural_vegetation_fire,other_uncertain,0.020062067223429448,0.4017075468099253,0.5782303859666452
FW_01552873,natural_vegetation_fire,natural_vegetation_fire,0.0006437827700948842,0.916372051667766,0.08298416556213906
FW_01055345,other_uncertain,other_uncertain,0.01752705485405548,0.044027713427228235,0.9384452317187164
FW_00210528,natural_vegetation_fire,natural_vegetation_fire,0.0029128080121573236,0.9576416122506309,0.03944557973721171
FW_00054168,industrial_fire_candidate,industrial_fire_candidate,0.4509907450024713,0.28264300543200876,0.2663662495655199
FW_01668674,natural_vegetation_fire,natural_vegetation_fire,0.003111491233350564,0.9298208995073884,0.06706760925926095
FW_00056223,other_uncertain,other_uncertain,0.0033471054403859334,0.11851108885968305,0.878141805699931
FW_01439434,natural_vegetation_fire,natural_vegetation_fire,0.0006705964003263799,0.9716605547964745,0.027668848803198975
FW_00566311,industrial_fire_candidate,industrial_fire_candidate,0.6567806966681451,0.020058251761065696,0.32316105157078934
FW_01069513,natural_vegetation_fire,natural_vegetation_fire,0.0020756245541666165,0.7901736543407062,0.20775072110512718
FW_00508453,other_uncertain,natural_vegetation_fire,0.002019702455235799,0.5653385712198454,0.43264172632491876
FW_01177310,natural_vegetation_fire,natural_vegetation_fire,0.0015417862362185467,0.7769103827726878,0.2215478309910937
FW_01040137,other_uncertain,other_uncertain,0.00034253593657009046,0.025063385584809725,0.9745940784786202
FW_01596857,natural_vegetation_fire,natural_vegetation_fire,0.06706011158251247,0.5624973482387394,0.3704425401787481
FW_00362714,natural_vegetation_fire,natural_vegetation_fire,0.000970487559962734,0.7625509706480263,0.2364785417920109
FW_00123955,natural_vegetation_fire,other_uncertain,0.10351428582098028,0.42756331490070615,0.46892239927831353
FW_00343441,natural_vegetation_fire,natural_vegetation_fire,0.002308135810287149,0.8691989468751813,0.1284929173145316
FW_01513904,natural_vegetation_fire,natural_vegetation_fire,0.0017859874119943535,0.868365953388075,0.12984805919993062
FW_00013065,natural_vegetation_fire,natural_vegetation_fire,0.0054546823036704635,0.500889138516343,0.49365617917998655
FW_00898611,natural_vegetation_fire,natural_vegetation_fire,0.0007117753125231407,0.9891918501029227,0.010096374584554094
FW_00640412,natural_vegetation_fire,natural_vegetation_fire,0.001325749894930872,0.9671920881387588,0.031482161966310256
FW_01219421,other_uncertain,other_uncertain,0.09958866813571825,0.06552855472457954,0.8348827771397022
FW_01286941,natural_vegetation_fire,natural_vegetation_fire,0.0002375128485658198,0.9934560073074721,0.006306479843962187
FW_00241600,industrial_fire_candidate,other_uncertain,0.07160523368947488,0.11427203820438485,0.8141227281061404
FW_00691432,industrial_fire_candidate,other_uncertain,0.12532901218245318,0.03895966105539609,0.8357113267621508
FW_01680215,natural_vegetation_fire,other_uncertain,0.0023188653664017976,0.4971570754207213,0.5005240592128769
FW_00929894,natural_vegetation_fire,natural_vegetation_fire,0.001773706818960361,0.9639266985261359,0.03429959465490364
FW_00372608,natural_vegetation_fire,natural_vegetation_fire,0.007391518164950134,0.870354922246592,0.1222535595884577
FW_00373741,natural_vegetation_fire,natural_vegetation_fire,0.0013560150710530926,0.8120933094410692,0.18655067548787774
FW_01178093,natural_vegetation_fire,natural_vegetation_fire,0.0010147025257149047,0.8674237785510018,0.13156151892328322
FW_00951504,other_uncertain,other_uncertain,0.006183173142429143,0.017146381484907464,0.9766704453726635
FW_01292354,natural_vegetation_fire,natural_vegetation_fire,0.0006660383131817717,0.9083501057231727,0.0909838559636456
FW_01580137,other_uncertain,other_uncertain,0.000516298246965646,0.0210475053172502,0.9784361964357843
FW_00079319,natural_vegetation_fire,natural_vegetation_fire,0.1623769423505046,0.7218042275364452,0.11581883011305007
FW_01072170,other_uncertain,other_uncertain,0.01645731947358764,0.008459055329912151,0.9750836251965003
FW_00983114,natural_vegetation_fire,natural_vegetation_fire,0.0011342472707234579,0.8629812088392503,0.13588454389002638
FW_00820887,natural_vegetation_fire,natural_vegetation_fire,0.002721505909274428,0.8970324278168099,0.10024606627391573
FW_01222503,industrial_fire_candidate,other_uncertain,0.044924590367322846,0.027207419914531045,0.9278679897181461
FW_00136208,other_uncertain,other_uncertain,0.08940921269032942,0.015516452825816093,0.8950743344838544
FW_00983278,natural_vegetation_fire,natural_vegetation_fire,0.0038039186372078346,0.9096228093656248,0.0865732719971675
FW_00990958,natural_vegetation_fire,natural_vegetation_fire,0.003840133873798792,0.6272879747063138,0.3688718914198874
FW_00701538,natural_vegetation_fire,natural_vegetation_fire,0.0003750381114353142,0.9939168725904187,0.005708089298145803
FW_00070918,other_uncertain,other_uncertain,0.026002062701222125,0.059312456091925474,0.9146854812068524
FW_01116066,natural_vegetation_fire,natural_vegetation_fire,0.0025877145191202443,0.5884012087759765,0.4090110767049033
FW_00995888,other_uncertain,other_uncertain,0.0007912963846232786,0.021953751660654143,0.9772549519547226
FW_01608509,other_uncertain,other_uncertain,0.2406449599416853,0.0717084284618202,0.6876466115964944
FW_00484999,natural_vegetation_fire,natural_vegetation_fire,0.009043472775082308,0.6877433885526335,0.3032131386722843
FW_00414567,other_uncertain,other_uncertain,0.0012939156114444722,0.020555740294995014,0.9781503440935605
FW_00696960,other_uncertain,other_uncertain,0.004329799311706174,0.4362501150244719,0.5594200856638218
FW_00857681,natural_vegetation_fire,natural_vegetation_fire,0.0003196051739342976,0.9925418782908052,0.007138516535260405
FW_00928807,natural_vegetation_fire,natural_vegetation_fire,0.0029557739388038603,0.9870986110604374,0.009945615000758983
FW_01521485,natural_vegetation_fire,natural_vegetation_fire,0.0058160511231867785,0.8911936891301957,0.10299025974661753
FW_01219191,natural_vegetation_fire,natural_vegetation_fire,0.0020934715901718337,0.8161090890856061,0.18179743932422215
FW_00061140,other_uncertain,other_uncertain,0.15342756871942245,0.010200343455396279,0.8363720878251811
FW_01011621,natural_vegetation_fire,natural_vegetation_fire,0.0006828325121917569,0.9861048100461943,0.013212357441613776
FW_01129287,natural_vegetation_fire,natural_vegetation_fire,0.004440192038118606,0.5116042065104235,0.483955601451458
FW_01038337,other_uncertain,other_uncertain,0.04174794111151521,0.1011895977905482,0.8570624610979365
FW_00839873,natural_vegetation_fire,natural_vegetation_fire,0.0028312624607221442,0.9431773861288877,0.05399135141039019
FW_01609370,other_uncertain,other_uncertain,0.03611259446402895,0.09486264022338668,0.8690247653125844
FW_00795423,natural_vegetation_fire,natural_vegetation_fire,0.0003803602291879137,0.9856690193408794,0.013950620429932826
FW_01199073,other_uncertain,other_uncertain,0.41548543729820975,0.023048991013822764,0.5614655716879675
FW_00322032,natural_vegetation_fire,other_uncertain,0.00892216805381644,0.12785433760628076,0.8632234943399028
FW_00491688,natural_vegetation_fire,natural_vegetation_fire,0.002216321574561629,0.8362201239531808,0.16156355447225754
FW_01070535,other_uncertain,other_uncertain,0.05122478205318957,0.009551086714596408,0.939224131232214
FW_00456416,natural_vegetation_fire,natural_vegetation_fire,0.002272997792593227,0.5991277709054424,0.3985992313019643
FW_00008465,natural_vegetation_fire,natural_vegetation_fire,0.000602050353210467,0.9526141756872258,0.0467837739595637
FW_00922001,natural_vegetation_fire,natural_vegetation_fire,0.002302109584160051,0.9764374789983876,0.021260411417452448
FW_01097072,natural_vegetation_fire,natural_vegetation_fire,0.0026959710393937345,0.973621303885322,0.023682725075284277
FW_00873474,natural_vegetation_fire,natural_vegetation_fire,0.0012008939183635347,0.9839264897211873,0.014872616360449111
FW_01479656,natural_vegetation_fire,natural_vegetation_fire,0.007852797342684292,0.9293766481041206,0.06277055455319508
FW_00441898,other_uncertain,other_uncertain,0.011530430595530262,0.04047905017451901,0.9479905192299508
FW_00040519,natural_vegetation_fire,natural_vegetation_fire,0.00040735090986623765,0.9837765323932072,0.015816116696926473
FW_00643050,other_uncertain,other_uncertain,0.002131721716749034,0.012766475082525888,0.985101803200725
FW_00033765,natural_vegetation_fire,natural_vegetation_fire,0.0034482849754687407,0.9286552265862115,0.06789648843831991
FW_00087223,natural_vegetation_fire,natural_vegetation_fire,0.0006456436166219432,0.9818082419300636,0.017546114453314367
FW_00879993,natural_vegetation_fire,natural_vegetation_fire,0.002255649435143866,0.8914368048807774,0.1063075456840787
FW_00072054,natural_vegetation_fire,natural_vegetation_fire,0.00036848886719607335,0.98800343442612,0.011628076706683796
FW_00349687,natural_vegetation_fire,natural_vegetation_fire,0.0006773968279385835,0.9434305272708213,0.055892075901240124
FW_01585296,other_uncertain,natural_vegetation_fire,0.010094997674483621,0.7505433980865956,0.23936160423892078
FW_00695879,natural_vegetation_fire,natural_vegetation_fire,0.0016360757962843525,0.852508382193844,0.1458555420098717
FW_01532341,industrial_fire_candidate,other_uncertain,0.30492258217587104,0.004078746688930771,0.6909986711351982
FW_00446102,other_uncertain,other_uncertain,0.2153383856255167,0.007639172288669895,0.7770224420858135
FW_01225812,other_uncertain,other_uncertain,0.09242398372362942,0.4499559840938941,0.45762003218247654
FW_00196542,natural_vegetation_fire,natural_vegetation_fire,0.003160718046333672,0.985129521810738,0.011709760142928174
FW_00319303,industrial_fire_candidate,industrial_fire_candidate,0.5040777104884998,0.0337857003330079,0.4621365891784922
FW_01099538,natural_vegetation_fire,natural_vegetation_fire,0.0018711168688299292,0.8184725034076632,0.17965637972350695
FW_01422724,natural_vegetation_fire,natural_vegetation_fire,0.004373648403251308,0.5125540539135292,0.48307229768321946
FW_01698570,other_uncertain,natural_vegetation_fire,0.017345760517088162,0.7266177865937288,0.256036452889183
FW_00524920,other_uncertain,natural_vegetation_fire,0.04860158835320747,0.5067479615754856,0.4446504500713068
FW_00528240,natural_vegetation_fire,natural_vegetation_fire,0.0008656830545226064,0.8911778386784395,0.10795647826703791
FW_01595015,other_uncertain,other_uncertain,0.42835019770910837,0.043260532045887104,0.5283892702450046
FW_01389036,natural_vegetation_fire,natural_vegetation_fire,0.0017976612023358602,0.9845071764771015,0.013695162320562717
FW_00728610,natural_vegetation_fire,natural_vegetation_fire,0.0008232550456049488,0.9447101197364772,0.054466625217917904
FW_00803885,natural_vegetation_fire,natural_vegetation_fire,0.0013611781171250362,0.8555150347397541,0.143123787143121
FW_01545774,other_uncertain,other_uncertain,0.0016613947820728208,0.04687032276484792,0.9514682824530794
FW_00129300,natural_vegetation_fire,natural_vegetation_fire,0.001367113092316567,0.9607795660500854,0.03785332085759795
FW_01123925,natural_vegetation_fire,other_uncertain,0.010221388903414534,0.2028836841072173,0.7868949269893681
FW_01565924,natural_vegetation_fire,natural_vegetation_fire,0.050584654568677896,0.6795430227486624,0.26987232268265976
FW_00466967,other_uncertain,other_uncertain,0.000681035440045261,0.08674490426652426,0.9125740602934306
FW_01147782,industrial_fire_candidate,natural_vegetation_fire,0.00927721652518728,0.6017622510149743,0.38896053245983847
FW_01558938,natural_vegetation_fire,natural_vegetation_fire,0.0061074506104545475,0.6329219513617338,0.3609705980278117
FW_00513068,natural_vegetation_fire,natural_vegetation_fire,0.007201273201848864,0.5286715903708851,0.46412713642726605
FW_01074034,natural_vegetation_fire,natural_vegetation_fire,0.005716186967237275,0.5855531531701118,0.40873065986265095
FW_01130965,natural_vegetation_fire,natural_vegetation_fire,0.0023866074801382926,0.7206145673221492,0.27699882519771246
FW_01024110,natural_vegetation_fire,natural_vegetation_fire,0.004714922353591009,0.8838586172214626,0.11142646042494639
FW_01444491,natural_vegetation_fire,natural_vegetation_fire,0.0007543967888497445,0.9240021068563486,0.07524349635480158
FW_01605845,natural_vegetation_fire,natural_vegetation_fire,0.005548999852246289,0.5680325631496089,0.42641843699814475
FW_01088642,natural_vegetation_fire,natural_vegetation_fire,0.0013789459673928916,0.8341118156156578,0.16450923841694914
FW_00993953,natural_vegetation_fire,natural_vegetation_fire,0.026694730375402584,0.7282148377281369,0.24509043189646051
FW_00268765,other_uncertain,other_uncertain,0.0007687712704526015,0.0099459118101237,0.9892853169194238
FW_00583867,other_uncertain,other_uncertain,0.15554207077288829,0.24786266491396738,0.5965952643131444
FW_01412670,natural_vegetation_fire,natural_vegetation_fire,0.04472251510411391,0.7634537437435299,0.1918237411523562
FW_00038930,other_uncertain,other_uncertain,0.0008988487286054628,0.017757052513482842,0.9813440987579117
FW_01049086,other_uncertain,other_uncertain,0.003646517333577153,0.08848742375113237,0.9078660589152906
FW_00447434,industrial_fire_candidate,natural_vegetation_fire,0.18092426003726292,0.4558357662933746,0.3632399736693625
FW_01060919,other_uncertain,other_uncertain,0.01904765305812313,0.017668776303086182,0.9632835706387907
FW_00728269,other_uncertain,natural_vegetation_fire,0.0060332273191777116,0.8796030255265577,0.11436374715426446
FW_01210574,natural_vegetation_fire,natural_vegetation_fire,0.0010816458414440184,0.9339485139842401,0.06496984017431592
FW_00419367,other_uncertain,natural_vegetation_fire,0.0010179931917621,0.8756961656466227,0.12328584116161527
FW_01412417,natural_vegetation_fire,natural_vegetation_fire,0.0021166308214160623,0.559554128859838,0.43832924031874587
FW_00994360,other_uncertain,natural_vegetation_fire,0.003221720785343135,0.8022155824873941,0.19456269672726265
FW_00688853,natural_vegetation_fire,natural_vegetation_fire,0.0018094883667455423,0.8245515273248152,0.1736389843084392
FW_00001030,other_uncertain,other_uncertain,0.006134936355749733,0.03313610028863582,0.9607289633556145
FW_01324638,natural_vegetation_fire,natural_vegetation_fire,0.0008848077266695108,0.9821844393665881,0.016930752906742595
FW_00574577,other_uncertain,other_uncertain,0.021749261137760503,0.04436800579249148,0.933882733069748
FW_01578498,other_uncertain,other_uncertain,0.25965622932766264,0.010899743220582956,0.7294440274517544
FW_01275105,natural_vegetation_fire,natural_vegetation_fire,0.00019794879899409315,0.9937662424962471,0.006035808704758904
FW_00320465,natural_vegetation_fire,natural_vegetation_fire,0.0003529339804713975,0.9572220831488665,0.042424982870662126
FW_01469199,natural_vegetation_fire,natural_vegetation_fire,0.0005647609745980585,0.9941811134598648,0.005254125565537089
FW_01592518,other_uncertain,other_uncertain,0.001381409331220588,0.023923127004900284,0.974695463663879
FW_00078038,other_uncertain,other_uncertain,0.002909890883642338,0.04400574241358779,0.95308436670277
FW_00457594,other_uncertain,natural_vegetation_fire,0.0023851530478804822,0.9509595408148263,0.046655306137293184
FW_01116258,natural_vegetation_fire,natural_vegetation_fire,0.0012755782869351827,0.9622751302469437,0.03644929146612114
FW_00658292,natural_vegetation_fire,natural_vegetation_fire,0.0015389108976773217,0.9282797975128017,0.07018129158952117
FW_01617488,other_uncertain,other_uncertain,0.10307762708080867,0.23038133233255859,0.6665410405866327
FW_00226191,natural_vegetation_fire,natural_vegetation_fire,0.0009188888024550427,0.9501435747444352,0.04893753645310978
FW_01583294,other_uncertain,other_uncertain,0.0005806041798887251,0.06211459954547381,0.9373047962746375
FW_01291820,natural_vegetation_fire,natural_vegetation_fire,0.0003091517438621614,0.9946977837913508,0.0049930644647871785
FW_00475550,natural_vegetation_fire,natural_vegetation_fire,0.0007206954019988445,0.8574478248989015,0.14183147969909962
FW_00647392,natural_vegetation_fire,natural_vegetation_fire,0.017423314187491587,0.7611646170119165,0.22141206880059194
FW_00415228,other_uncertain,other_uncertain,0.0052203279906421094,0.04007598116076895,0.954703690848589
FW_01534017,natural_vegetation_fire,natural_vegetation_fire,0.006006487687944359,0.6515560305087916,0.34243748180326405
FW_00451226,natural_vegetation_fire,natural_vegetation_fire,0.0731924890550764,0.8100582079067076,0.11674930303821587
FW_00965359,natural_vegetation_fire,other_uncertain,0.0016076282446134081,0.46529666242533513,0.5330957093300515
FW_01040205,other_uncertain,other_uncertain,0.04594242734360897,0.11234503071868103,0.84171254193771
FW_00448917,other_uncertain,other_uncertain,0.00806949188234096,0.057523919404303,0.9344065887133561
FW_00551813,natural_vegetation_fire,natural_vegetation_fire,0.007981202724985904,0.7989989407683636,0.1930198565066505
FW_00597998,natural_vegetation_fire,natural_vegetation_fire,0.003019546209921524,0.8874914448393241,0.10948900895075445
FW_01070543,other_uncertain,other_uncertain,0.0015563444945268735,0.04484320031787177,0.9536004551876014
FW_00865159,natural_vegetation_fire,natural_vegetation_fire,0.0004484002591554113,0.988755136630879,0.010796463109965692
FW_01531627,natural_vegetation_fire,natural_vegetation_fire,0.0014672274315427238,0.9635771350629763,0.034955637505481175
FW_00361128,natural_vegetation_fire,natural_vegetation_fire,0.002869207629940345,0.8520922968262475,0.14503849554381218
FW_01279023,natural_vegetation_fire,natural_vegetation_fire,0.0002694378196725679,0.9911445460314874,0.00858601614884004
FW_00679851,natural_vegetation_fire,other_uncertain,0.026905933688161545,0.10686372922353789,0.8662303370883006
FW_00979846,other_uncertain,natural_vegetation_fire,0.01299908164758226,0.6834644999917133,0.30353641836070444
FW_00705739,other_uncertain,other_uncertain,0.015260576717588107,0.15781943436706705,0.8269199889153449
FW_00223673,natural_vegetation_fire,natural_vegetation_fire,0.0017912619237387402,0.9073849431229479,0.09082379495331332
FW_01615815,other_uncertain,other_uncertain,0.11147789924302527,0.03414818974185889,0.8543739110151157
FW_00049300,natural_vegetation_fire,natural_vegetation_fire,0.00967551635177541,0.8109757486109971,0.17934873503722742
FW_00415557,other_uncertain,other_uncertain,0.0017577349674894125,0.014030104810037435,0.984212160222473
FW_00499995,natural_vegetation_fire,natural_vegetation_fire,0.001069941499859286,0.6386134154504182,0.36031664304972266
FW_00483903,natural_vegetation_fire,natural_vegetation_fire,0.0013812710184874669,0.8330813128570694,0.16553741612444312
FW_00407338,other_uncertain,other_uncertain,0.0007004076709596869,0.028304129517863114,0.9709954628111771
FW_00194615,natural_vegetation_fire,natural_vegetation_fire,0.006267273293720674,0.9842447498848128,0.009487976821466515
FW_00288241,natural_vegetation_fire,natural_vegetation_fire,0.011438331852923957,0.9013815381521535,0.08718012999492246
FW_01557012,other_uncertain,other_uncertain,0.00039770617506495136,0.025702695674136498,0.9738995981507985
FW_01116996,natural_vegetation_fire,natural_vegetation_fire,0.000813395665644866,0.9035550328636217,0.09563157147073348
FW_00235705,other_uncertain,other_uncertain,0.0006518943408459586,0.02277484735410778,0.9765732583050462
FW_00898271,natural_vegetation_fire,natural_vegetation_fire,0.00024867448878931756,0.9936560407125108,0.006095284798700026
FW_01043189,other_uncertain,other_uncertain,0.001543616206429493,0.03370612764908959,0.9647502561444811
FW_00035704,natural_vegetation_fire,natural_vegetation_fire,0.002437357543842144,0.9773345858239455,0.0202280566322123
FW_00845635,natural_vegetation_fire,natural_vegetation_fire,0.007524468746829831,0.9670009520866889,0.02547457916648137
FW_01209097,other_uncertain,other_uncertain,0.030400633914884147,0.05092288258032185,0.918676483504794
FW_01449202,other_uncertain,other_uncertain,0.001357973327282345,0.04625471411381056,0.9523873125589071
FW_00237437,other_uncertain,natural_vegetation_fire,0.006731817743207618,0.7266318712642937,0.26663631099249874
FW_01546243,natural_vegetation_fire,natural_vegetation_fire,0.0009108600454163167,0.89863278578078,0.10045635417380377
FW_00873357,natural_vegetation_fire,natural_vegetation_fire,0.0002429741226065611,0.9903156996901191,0.009441326187274349
FW_00433881,other_uncertain,other_uncertain,0.0195809903643841,0.08965116994996669,0.8907678396856492
FW_00555087,natural_vegetation_fire,natural_vegetation_fire,0.021146884505865347,0.7472159217979891,0.23163719369614547
FW_01723614,industrial_fire_candidate,other_uncertain,0.03464296516838253,0.19742456911257958,0.767932465719038
FW_00674776,natural_vegetation_fire,natural_vegetation_fire,0.08373184957225005,0.7032989888621161,0.21296916156563395
FW_01208781,other_uncertain,other_uncertain,0.0024495907508470917,0.02236426574548626,0.9751861435036667
FW_00344939,natural_vegetation_fire,natural_vegetation_fire,0.0018594336980844032,0.9174358756887725,0.08070469061314307
FW_01004482,natural_vegetation_fire,natural_vegetation_fire,0.0018112809984997236,0.975580418341211,0.022608300660289384
FW_00254367,other_uncertain,other_uncertain,0.039857251516267955,0.026018412436018132,0.9341243360477138
FW_01124192,other_uncertain,other_uncertain,0.0021879023567476217,0.03864774456261176,0.9591643530806406
FW_00211321,natural_vegetation_fire,natural_vegetation_fire,0.000812605882142372,0.8894411433032646,0.10974625081459286
FW_00750090,other_uncertain,natural_vegetation_fire,0.004653593755740775,0.7516516979759753,0.24369470826828396
FW_01074835,other_uncertain,other_uncertain,0.15361943063516506,0.003538658002558557,0.8428419113622765
FW_01121979,natural_vegetation_fire,natural_vegetation_fire,0.0011132508258717435,0.7931120317890147,0.20577471738511371
FW_00452914,other_uncertain,other_uncertain,0.05825655974275197,0.0038672372798596597,0.9378762029773884
FW_00560566,other_uncertain,other_uncertain,0.06346693037037983,0.006626933620749257,0.929906136008871
FW_01586048,other_uncertain,other_uncertain,0.00022484346834369197,0.01009086386178638,0.9896842926698699
FW_00520902,natural_vegetation_fire,natural_vegetation_fire,0.001732914910073455,0.6658763824393762,0.33239070265055043
FW_00866085,natural_vegetation_fire,natural_vegetation_fire,0.0002953581249354784,0.9852586023739028,0.014446039501161726
FW_00671184,natural_vegetation_fire,natural_vegetation_fire,0.0010587021828257176,0.9606537725042106,0.03828752531296372
FW_01539963,other_uncertain,natural_vegetation_fire,0.0008316652671026128,0.9172248087928971,0.08194352594000028
FW_01548343,other_uncertain,other_uncertain,0.0060887463432729595,0.010310011196532196,0.9836012424601949
FW_01625248,natural_vegetation_fire,natural_vegetation_fire,0.0008478068873399923,0.9526193356190208,0.04653285749363935
FW_01067247,natural_vegetation_fire,natural_vegetation_fire,0.001097154225836984,0.9609116195592637,0.037991226214899365
FW_01211046,natural_vegetation_fire,natural_vegetation_fire,0.0022090060651306594,0.8313504768441489,0.1664405170907203
FW_01099786,natural_vegetation_fire,natural_vegetation_fire,0.002266846400558431,0.8358796486271244,0.16185350497231718
FW_00372420,industrial_fire_candidate,other_uncertain,0.15454145480280956,0.08967905544129555,0.7557794897558948
FW_01616118,natural_vegetation_fire,natural_vegetation_fire,0.0018498100380979683,0.9306365841858445,0.06751360577605754
FW_00244007,natural_vegetation_fire,natural_vegetation_fire,0.0021068487333691017,0.9746391943047011,0.023253956961929806
FW_01350089,natural_vegetation_fire,natural_vegetation_fire,0.00033624416433931015,0.98849590179801,0.011167854037650794
FW_00015673,other_uncertain,industrial_fire_candidate,0.49602565968349016,0.05373861586064239,0.45023572445586735
FW_00049598,natural_vegetation_fire,natural_vegetation_fire,0.0007817164498996953,0.9255186850073979,0.07369959854270243
FW_01617642,natural_vegetation_fire,natural_vegetation_fire,0.0007739060764620602,0.9572431970830675,0.04198289684047056
FW_01317416,natural_vegetation_fire,natural_vegetation_fire,0.0009836169167025434,0.9275130634525056,0.07150331963079186
FW_00592172,natural_vegetation_fire,other_uncertain,0.012865858899130304,0.42109501596948995,0.5660391251313797
FW_00829742,natural_vegetation_fire,natural_vegetation_fire,0.005416141997657155,0.5838562194760946,0.4107276385262482
FW_00384077,natural_vegetation_fire,natural_vegetation_fire,0.0019980252091346433,0.8432127292787857,0.15478924551207984
FW_01066395,other_uncertain,other_uncertain,0.0006660585810091814,0.04584483284819954,0.9534891085707913
FW_01577940,other_uncertain,other_uncertain,0.0012813913983940226,0.04560350031944569,0.9531151082821604
FW_00615198,other_uncertain,other_uncertain,0.011373068750856266,0.024019646151134763,0.964607285098009
FW_00619728,industrial_fire_candidate,other_uncertain,0.17907179042806964,0.32498078636658273,0.4959474232053475
FW_00937081,natural_vegetation_fire,natural_vegetation_fire,0.0005947715805513352,0.9680911813328547,0.031314047086594014
FW_00031789,industrial_fire_candidate,other_uncertain,0.24100640702168769,0.04937952928683823,0.7096140636914741
FW_01397384,natural_vegetation_fire,natural_vegetation_fire,0.002895078241383552,0.9857492768133219,0.011355644945294365
FW_00475520,natural_vegetation_fire,natural_vegetation_fire,0.0017960708293821778,0.8750453878395871,0.12315854133103066
FW_00269530,natural_vegetation_fire,natural_vegetation_fire,0.018080853532442574,0.7903788264271021,0.19154032004045535
FW_00306348,natural_vegetation_fire,natural_vegetation_fire,0.005486405272021914,0.7256759367939357,0.2688376579340424
FW_00528865,other_uncertain,natural_vegetation_fire,0.000700916752385236,0.8007913411623463,0.19850774208526845
FW_00219529,natural_vegetation_fire,natural_vegetation_fire,0.013054887508031356,0.8627138020766838,0.12423131041528472
FW_00102838,other_uncertain,other_uncertain,0.002096873571389427,0.12973438196032158,0.8681687444682891
FW_00898261,natural_vegetation_fire,natural_vegetation_fire,0.0012872453909709952,0.966049853078527,0.032662901530502074
FW_00028409,natural_vegetation_fire,natural_vegetation_fire,0.001971208418502945,0.9531555536745773,0.044873237906919695
FW_01163741,other_uncertain,other_uncertain,0.16542232559605596,0.016258704942002742,0.8183189694619414
FW_00372915,natural_vegetation_fire,natural_vegetation_fire,0.0011049830869326043,0.875502273670193,0.12339274324287436
FW_01043343,other_uncertain,other_uncertain,0.009778776342533088,0.3615791613207576,0.6286420623367093
FW_00473140,natural_vegetation_fire,natural_vegetation_fire,0.0033006546260358803,0.8296731453644522,0.16702620000951185
FW_01723445,other_uncertain,other_uncertain,0.002234239354444324,0.017478214595148315,0.9802875460504074
FW_01281693,natural_vegetation_fire,natural_vegetation_fire,0.0008948312117724713,0.9847806737636631,0.014324495024564522
FW_00592513,industrial_fire_candidate,other_uncertain,0.033762615291132905,0.04308895859880333,0.9231484261100636
FW_00400452,natural_vegetation_fire,natural_vegetation_fire,0.0008244837850319961,0.8636187427946489,0.13555677342031908
FW_00363851,natural_vegetation_fire,natural_vegetation_fire,0.0012316325384326724,0.9167004865664392,0.08206788089512813
FW_00737402,other_uncertain,other_uncertain,0.272714015986147,0.01878610167860762,0.7084998823352453
FW_00479115,natural_vegetation_fire,natural_vegetation_fire,0.0008764759246771123,0.7995859852088153,0.19953753886650752
FW_01626712,other_uncertain,natural_vegetation_fire,0.0008648255067501053,0.8050618944923454,0.19407328000090432
FW_00402998,natural_vegetation_fire,natural_vegetation_fire,0.0346991854715317,0.6306979379174066,0.3346028766110616
FW_01071243,natural_vegetation_fire,natural_vegetation_fire,0.0017293267012570208,0.682364421803229,0.31590625149551405
FW_01524798,natural_vegetation_fire,natural_vegetation_fire,0.00033799228850621703,0.9911721681649135,0.008489839546580438
FW_00452675,natural_vegetation_fire,natural_vegetation_fire,0.00071582304583077,0.8948376535605227,0.10444652339364659
FW_01097366,natural_vegetation_fire,natural_vegetation_fire,0.0007857389506552796,0.8498829510638406,0.14933130998550415
FW_01205401,industrial_fire_candidate,other_uncertain,0.07736365289833559,0.05117437636678025,0.8714619707348842
FW_00530336,natural_vegetation_fire,natural_vegetation_fire,0.0006276767124838689,0.8795057846324139,0.1198665386551021
FW_00084753,other_uncertain,other_uncertain,0.0005725850162980505,0.013457915186413726,0.9859694997972881
FW_00347902,natural_vegetation_fire,natural_vegetation_fire,0.0013288643480867082,0.8255959784205416,0.17307515723137182
FW_01038435,other_uncertain,other_uncertain,0.12859965392441025,0.006407213469986692,0.8649931326056031
FW_00710036,natural_vegetation_fire,natural_vegetation_fire,0.0012816598959464929,0.8051105252148978,0.19360781488915565
FW_01598372,natural_vegetation_fire,natural_vegetation_fire,0.0002859206504371547,0.9669247028939907,0.03278937645557211
FW_01110025,other_uncertain,industrial_fire_candidate,0.5431713605143238,0.021720957345673503,0.4351076821400027
FW_01251317,natural_vegetation_fire,natural_vegetation_fire,0.0011583945298578647,0.9122202063929995,0.08662139907714267
FW_00088503,other_uncertain,other_uncertain,0.0009962553689851598,0.02057236340749502,0.9784313812235198
FW_00168991,natural_vegetation_fire,natural_vegetation_fire,0.000510112889383397,0.9845716001535869,0.014918286957029661
FW_01164696,natural_vegetation_fire,natural_vegetation_fire,0.0008555911377132699,0.7346449170197765,0.26449949184251015
FW_01358473,natural_vegetation_fire,natural_vegetation_fire,0.008090960835087448,0.9184654121081961,0.07344362705671653
FW_01366233,natural_vegetation_fire,natural_vegetation_fire,0.002179062596849722,0.9389994246338113,0.058821512769338974
FW_00455656,other_uncertain,natural_vegetation_fire,0.0011198200583471382,0.7207705821592973,0.2781095977823556
FW_00685519,natural_vegetation_fire,natural_vegetation_fire,0.0013164254949067072,0.9410504045187161,0.05763316998637717
FW_01274699,natural_vegetation_fire,natural_vegetation_fire,0.00039597706051697413,0.9945549622961186,0.005049060643364307
FW_00929983,natural_vegetation_fire,natural_vegetation_fire,0.0027833958635983666,0.9703889378687622,0.02682766626763942
FW_00623208,other_uncertain,natural_vegetation_fire,0.032001883636452365,0.5248447935117343,0.44315332285181336
FW_01174269,other_uncertain,other_uncertain,0.05299465472435062,0.06284833159939829,0.8841570136762512
FW_01463871,natural_vegetation_fire,natural_vegetation_fire,0.0015872605890324461,0.9010055270746897,0.09740721233627779
FW_01238047,natural_vegetation_fire,natural_vegetation_fire,0.0033493029990881613,0.8716775470514725,0.12497314994943935
FW_00613455,natural_vegetation_fire,natural_vegetation_fire,0.003991750239212413,0.9312112154136214,0.06479703434716613
FW_00990726,natural_vegetation_fire,natural_vegetation_fire,0.0037804380529634436,0.9375637906710468,0.05865577127598986
FW_00968325,natural_vegetation_fire,natural_vegetation_fire,0.0009231378773600683,0.8286284110946135,0.17044845102802658
FW_00990714,natural_vegetation_fire,natural_vegetation_fire,0.0029442948836691206,0.8866443544684443,0.11041135064788649
FW_01716368,industrial_fire_candidate,other_uncertain,0.3269476285299087,0.005634533562633018,0.6674178379074582
FW_00371806,other_uncertain,other_uncertain,0.0013460175080577024,0.07520750318939333,0.923446479302549
FW_00481044,natural_vegetation_fire,natural_vegetation_fire,0.017608851895488522,0.7558619921371157,0.22652915596739578
FW_01472985,natural_vegetation_fire,natural_vegetation_fire,0.0005454044347800956,0.9717454887760681,0.02770910678915167
FW_00898694,natural_vegetation_fire,natural_vegetation_fire,0.0011538741439273096,0.973631699365653,0.02521442649041957
FW_01521917,other_uncertain,other_uncertain,0.016563874554750852,0.1065000664963939,0.8769360589488552
FW_01039750,natural_vegetation_fire,natural_vegetation_fire,0.00025294951277817017,0.9890384223591439,0.010708628128078098
FW_01243379,other_uncertain,natural_vegetation_fire,0.0017532370683665318,0.8756172393493743,0.12262952358225912
FW_00459471,other_uncertain,other_uncertain,0.18535136236042574,0.0548399618275786,0.7598086758119956
FW_01671249,natural_vegetation_fire,natural_vegetation_fire,0.0006753842842179225,0.8549441957643856,0.14438041995139655
FW_00481789,natural_vegetation_fire,natural_vegetation_fire,0.0005647967081385063,0.912358542848039,0.0870766604438224
FW_00601974,other_uncertain,natural_vegetation_fire,0.01272406952787308,0.7259293308887967,0.2613465995833301
FW_00216245,other_uncertain,other_uncertain,0.009116927959591752,0.2211718965464158,0.7697111754939924
FW_00935624,other_uncertain,other_uncertain,0.001378289434284467,0.13510078016620286,0.8635209303995127
FW_01536841,natural_vegetation_fire,other_uncertain,0.0005179231269489839,0.01225592091417071,0.9872261559588804
FW_01711130,other_uncertain,other_uncertain,0.01273274603707832,0.0465417862674459,0.9407254676954757
FW_01106484,natural_vegetation_fire,natural_vegetation_fire,0.0014687660329863502,0.8898297730275367,0.10870146093947677
FW_01390198,natural_vegetation_fire,natural_vegetation_fire,0.000367269260778638,0.9918722341092561,0.007760496629965175
FW_01598636,other_uncertain,other_uncertain,0.0003725483605564776,0.009904201616532327,0.9897232500229113
FW_00439998,other_uncertain,other_uncertain,0.25930081224435775,0.07488892737733319,0.665810260378309
FW_01504738,natural_vegetation_fire,natural_vegetation_fire,0.003933751760994329,0.8351891220354244,0.1608771262035813
FW_00919230,other_uncertain,other_uncertain,0.3202822597409618,0.011221451281101776,0.6684962889779364
FW_00762151,natural_vegetation_fire,natural_vegetation_fire,0.0004675156980738452,0.9870241083687028,0.012508375933223575
FW_00227099,natural_vegetation_fire,natural_vegetation_fire,0.004750109996405909,0.9774236862242658,0.01782620377932845
FW_01686626,natural_vegetation_fire,natural_vegetation_fire,0.00143764175011003,0.9338950101074794,0.06466734814241071
FW_01575251,natural_vegetation_fire,natural_vegetation_fire,0.0009948373061037586,0.975319354825276,0.023685807868620446
FW_00730781,other_uncertain,other_uncertain,0.04110176284945495,0.023354823782288453,0.9355434133682566
FW_01067314,natural_vegetation_fire,natural_vegetation_fire,0.0007251406646548701,0.8707166532462298,0.1285582060891153
FW_00059311,other_uncertain,other_uncertain,0.23616290764492198,0.037650292914060905,0.726186799441017
FW_00796051,natural_vegetation_fire,natural_vegetation_fire,0.0002956991856730116,0.9889458118739005,0.010758488940426556
FW_00290469,other_uncertain,other_uncertain,0.002426593428130521,0.027791351839781854,0.9697820547320876
FW_00829850,other_uncertain,other_uncertain,0.03473767015152116,0.020895145836512682,0.9443671840119662
FW_00417374,other_uncertain,other_uncertain,0.13767918811838384,0.07528624329870569,0.7870345685829105
FW_00500106,other_uncertain,natural_vegetation_fire,0.0013934710169637302,0.8371878029846317,0.16141872599840454
FW_01702148,natural_vegetation_fire,natural_vegetation_fire,0.0014468178329264064,0.9548317628663117,0.04372141930076201
FW_01237088,natural_vegetation_fire,natural_vegetation_fire,0.003388691822378248,0.5139547850307675,0.48265652314685425
FW_00383027,natural_vegetation_fire,natural_vegetation_fire,0.0007114648227414559,0.9330111525456968,0.06627738263156169
FW_01266468,natural_vegetation_fire,natural_vegetation_fire,0.00019779100475617904,0.9930503361834312,0.0067518728118125
FW_00206261,natural_vegetation_fire,natural_vegetation_fire,0.0032125519547349848,0.9572016595984468,0.039585788446818204
FW_01688796,natural_vegetation_fire,natural_vegetation_fire,0.0049585307923417695,0.6129896020734762,0.38205186713418204
FW_01000417,other_uncertain,other_uncertain,0.0036360980331369822,0.49188392589975166,0.5044799760671115
FW_00545073,other_uncertain,other_uncertain,0.10797876392144257,0.13073057988371634,0.761290656194841
FW_01135858,other_uncertain,other_uncertain,0.0013162269471171221,0.02095692448606199,0.9777268485668209
FW_00485539,natural_vegetation_fire,natural_vegetation_fire,0.0007708688954896388,0.9760026635425236,0.0232264675619867
FW_01030868,natural_vegetation_fire,natural_vegetation_fire,0.0018481026909134884,0.9360078937136548,0.06214400359543167
FW_00448388,other_uncertain,other_uncertain,0.00806514147599101,0.1194940285825643,0.8724408299414447
FW_00414642,natural_vegetation_fire,natural_vegetation_fire,0.0008902507497482024,0.9456068575832857,0.05350289166696602
FW_00590427,natural_vegetation_fire,natural_vegetation_fire,0.0005443827070796512,0.9086321740434086,0.09082344324951178
FW_00637054,natural_vegetation_fire,natural_vegetation_fire,0.00030511745838897455,0.9800221949778283,0.01967268756378272
FW_00143490,natural_vegetation_fire,natural_vegetation_fire,0.000623480375902834,0.9750697538169087,0.024306765807188446
FW_01617297,other_uncertain,other_uncertain,0.001334189234987801,0.02232892400643998,0.9763368867585723
FW_00138793,natural_vegetation_fire,natural_vegetation_fire,0.0013823178748686024,0.931933844421585,0.0666838377035464
FW_01246781,natural_vegetation_fire,natural_vegetation_fire,0.000748429117090713,0.9741249695789238,0.025126601303985627
FW_01691829,industrial_fire_candidate,other_uncertain,0.06178768588836551,0.027971472372996423,0.9102408417386381
FW_01723615,industrial_fire_candidate,other_uncertain,0.05169159508006106,0.2175703202449263,0.7307380846750126
FW_00619371,other_uncertain,other_uncertain,0.0011381342605377798,0.03391406166570862,0.9649478040737537
FW_00514068,natural_vegetation_fire,natural_vegetation_fire,0.0008730082476847508,0.9474358550485762,0.051691136703739
FW_01014648,other_uncertain,other_uncertain,0.000809122675453202,0.0233941785812767,0.9757966987432702
FW_01343398,natural_vegetation_fire,natural_vegetation_fire,0.004623732454218202,0.895884180545352,0.09949208700042975
FW_01591212,other_uncertain,other_uncertain,0.03400932114781638,0.1115764788205658,0.8544142000316179
FW_00483340,natural_vegetation_fire,natural_vegetation_fire,0.0003616801057909563,0.9359107768732097,0.06372754302099949
FW_01361301,natural_vegetation_fire,natural_vegetation_fire,0.0021360647249079687,0.9831359743309765,0.014727960944115367
FW_01039146,natural_vegetation_fire,natural_vegetation_fire,0.0008649517914747286,0.8533953259367288,0.14573972227179655
FW_00915909,natural_vegetation_fire,natural_vegetation_fire,0.000557520598879084,0.9798373696546584,0.0196051097464626
FW_01074852,other_uncertain,other_uncertain,0.000912750893175706,0.03274258114091177,0.9663446679659126
FW_00478417,natural_vegetation_fire,natural_vegetation_fire,0.0006339227104812188,0.9428938053191169,0.056472271970401944
FW_01106891,natural_vegetation_fire,other_uncertain,0.0030386959407728295,0.3320843255064016,0.6648769785528256
FW_01145360,natural_vegetation_fire,natural_vegetation_fire,0.00032114886442945786,0.9113353702290449,0.08834348090652577
FW_00514889,other_uncertain,other_uncertain,0.024379209313172546,0.03141108033844328,0.9442097103483841
FW_01188653,other_uncertain,other_uncertain,0.10160960530363303,0.035833610930130204,0.8625567837662368
FW_01491507,natural_vegetation_fire,natural_vegetation_fire,0.003817350482826055,0.8621657986933815,0.1340168508237924
FW_00817643,other_uncertain,other_uncertain,0.022609081393561454,0.08020707949836027,0.8971838391080782
FW_00463911,other_uncertain,other_uncertain,0.2635741039859279,0.01476553699110724,0.7216603590229649
FW_01446601,natural_vegetation_fire,natural_vegetation_fire,0.00023589118229188838,0.9741061699286645,0.025657938889043705
FW_00876092,natural_vegetation_fire,natural_vegetation_fire,0.0013233990677877722,0.9794189414826495,0.019257659449562568
FW_01693380,natural_vegetation_fire,natural_vegetation_fire,0.008771131308591988,0.8353075329449413,0.15592133574646663
FW_00359508,other_uncertain,other_uncertain,0.0003796295472359094,0.0145293791991662,0.9850909912535979
FW_00902693,natural_vegetation_fire,natural_vegetation_fire,0.015833898972644037,0.863595017960666,0.12057108306669016
FW_00670015,other_uncertain,natural_vegetation_fire,0.01595565937655572,0.5534690955000011,0.43057524512344314
FW_00828781,natural_vegetation_fire,natural_vegetation_fire,0.0015094973195653788,0.9402540468942049,0.05823645578622964
FW_01657773,natural_vegetation_fire,natural_vegetation_fire,0.001438040349069087,0.8853589984334329,0.11320296121749791
FW_01630875,natural_vegetation_fire,natural_vegetation_fire,0.00040792135378783524,0.9446851868279632,0.054906891818249065
FW_01427160,natural_vegetation_fire,natural_vegetation_fire,0.0025508149900331976,0.9774113060731846,0.02003787893678232
FW_00927680,natural_vegetation_fire,natural_vegetation_fire,0.006172113423079375,0.9469076037609018,0.046920282816019024
FW_01040944,natural_vegetation_fire,natural_vegetation_fire,0.007686031616260858,0.5555244138423168,0.43678955454142243
FW_00897059,other_uncertain,other_uncertain,0.013003320662178635,0.21533094034888567,0.7716657389889356
FW_00482220,natural_vegetation_fire,natural_vegetation_fire,0.00044795595085202146,0.8689004058728238,0.13065163817632425
FW_01687497,natural_vegetation_fire,natural_vegetation_fire,0.0009233881312762554,0.9640676221266655,0.035008989742058176
FW_01058585,natural_vegetation_fire,natural_vegetation_fire,0.0012304039947276402,0.8505069143076138,0.14826268169765855
FW_00089998,natural_vegetation_fire,natural_vegetation_fire,0.0006646865487042728,0.9804441617364246,0.018891151714871265
FW_00829896,other_uncertain,other_uncertain,0.234270955627813,0.07173575764193775,0.6939932867302493
FW_00314406,other_uncertain,other_uncertain,0.4418826051961758,0.017990983039385913,0.5401264117644382
FW_01093358,natural_vegetation_fire,natural_vegetation_fire,0.025225506346997384,0.7973546534593343,0.1774198401936683
FW_01702727,other_uncertain,other_uncertain,0.004718140970402573,0.0232312511551731,0.9720506078744242
FW_00994258,natural_vegetation_fire,natural_vegetation_fire,0.0027741158276786125,0.7514076246372656,0.24581825953505582
FW_01275877,natural_vegetation_fire,natural_vegetation_fire,0.002267043652826862,0.9585737127912057,0.039159243555967366
FW_00212214,natural_vegetation_fire,natural_vegetation_fire,0.0010707162209154305,0.9932010890717491,0.005728194707335568
FW_01398264,other_uncertain,other_uncertain,0.00043070639933340374,0.02689991734429433,0.9726693762563722
FW_01481973,other_uncertain,other_uncertain,0.0026534208291498457,0.032953450577852476,0.9643931285929978
FW_00345272,natural_vegetation_fire,natural_vegetation_fire,0.004438685710321886,0.9148856032965368,0.08067571099314132
FW_00096238,natural_vegetation_fire,natural_vegetation_fire,0.0006400769603213196,0.977336862497788,0.022023060541890682
FW_00788601,natural_vegetation_fire,natural_vegetation_fire,0.0017404689701256775,0.9582059361174942,0.04005359491238021
FW_01058880,other_uncertain,other_uncertain,0.0029754502852996976,0.0200413231060147,0.9769832266086856
FW_01630881,natural_vegetation_fire,natural_vegetation_fire,0.0002701589890214309,0.9342371308176792,0.06549271019329928
FW_00589252,industrial_fire_candidate,other_uncertain,0.14748910064791154,0.007292728386008405,0.8452181709660802
FW_01043707,other_uncertain,natural_vegetation_fire,0.07226046798577533,0.47819792092607144,0.44954161108815327
FW_01652961,natural_vegetation_fire,natural_vegetation_fire,0.0019213046325266675,0.9511018452015526,0.04697685016592071
FW_01504814,natural_vegetation_fire,natural_vegetation_fire,0.0014256488769164052,0.9713356154164182,0.02723873570666536
FW_00795298,natural_vegetation_fire,natural_vegetation_fire,0.0021493467961882996,0.8751575671653211,0.12269308603849044
FW_01555884,industrial_fire_candidate,industrial_fire_candidate,0.6383082928106175,0.124942321601518,0.23674938558786443
FW_01038511,other_uncertain,other_uncertain,0.0024587840456699326,0.1687664897947645,0.8287747261595655
FW_01059050,other_uncertain,other_uncertain,0.0016767542432530873,0.037637050462519375,0.9606861952942275
FW_00109856,natural_vegetation_fire,natural_vegetation_fire,0.0008675027583434794,0.8824665129185464,0.11666598432311004
FW_01477606,other_uncertain,other_uncertain,0.21748095328387596,0.011374144852882271,0.7711449018632419
FW_00028460,other_uncertain,other_uncertain,0.1383938866300348,0.007528949430781114,0.8540771639391841
FW_00254393,other_uncertain,other_uncertain,0.11907628777561119,0.06257775116468361,0.8183459610597051
FW_00522988,other_uncertain,other_uncertain,0.04666887457973086,0.06424753932581125,0.8890835860944579
FW_00763249,natural_vegetation_fire,natural_vegetation_fire,0.0003767641461902888,0.9619829921825692,0.03764024367124051
FW_00702037,natural_vegetation_fire,natural_vegetation_fire,0.0004240774153064787,0.9833986327650851,0.016177289819608483
FW_01025263,natural_vegetation_fire,natural_vegetation_fire,0.0021016718530297972,0.9067744817078475,0.09112384643912287
FW_00366658,natural_vegetation_fire,natural_vegetation_fire,0.001788233759288089,0.961694249506057,0.03651751673465497
FW_00414205,natural_vegetation_fire,natural_vegetation_fire,0.0003630245862204336,0.9561210548347643,0.04351592057901523
FW_01207920,other_uncertain,other_uncertain,0.2483267956938012,0.06933298524985386,0.682340219056345
FW_00944483,natural_vegetation_fire,natural_vegetation_fire,0.0007983896199793863,0.9404034357936671,0.05879817458635364
FW_00470399,natural_vegetation_fire,natural_vegetation_fire,0.0005587883359931421,0.9070659618507215,0.09237524981328522
FW_01707862,natural_vegetation_fire,other_uncertain,0.003084254287140498,0.32389928569539606,0.6730164600174635
FW_01084873,natural_vegetation_fire,natural_vegetation_fire,0.24166595090687848,0.5594017202431806,0.198932328849941
FW_01579720,other_uncertain,other_uncertain,0.0011946464846411837,0.024213661837060783,0.9745916916782981
FW_00394162,other_uncertain,other_uncertain,0.002025172018708642,0.014872622352997293,0.983102205628294
FW_01321248,natural_vegetation_fire,natural_vegetation_fire,0.0039101123593616,0.8032309375794237,0.19285895006121462
FW_01297404,natural_vegetation_fire,natural_vegetation_fire,0.001623162544995227,0.9741671115796587,0.02420972587534623
FW_00445368,other_uncertain,other_uncertain,0.05204311828335674,0.08442671952305171,0.8635301621935915
FW_00541137,natural_vegetation_fire,natural_vegetation_fire,0.0004909520373451724,0.9160772072152117,0.08343184074744317
FW_00006137,industrial_fire_candidate,other_uncertain,0.027113758583732477,0.05109780853532568,0.9217884328809417
FW_00981892,natural_vegetation_fire,natural_vegetation_fire,0.00025298623823655437,0.9875454147611589,0.012201599000604562
FW_01325550,other_uncertain,other_uncertain,0.029084910507915458,0.038551741422801954,0.9323633480692824
FW_00946108,natural_vegetation_fire,natural_vegetation_fire,0.0010988877347800894,0.882906475167094,0.11599463709812594
FW_01291379,natural_vegetation_fire,natural_vegetation_fire,0.00043592624594659816,0.989869071323115,0.009695002430938503
FW_00582610,industrial_fire_candidate,other_uncertain,0.007247857210965676,0.08368844389237669,0.9090636988966577
FW_01102031,natural_vegetation_fire,natural_vegetation_fire,0.0020873977412205324,0.7916422709461949,0.2062703313125845
FW_00444295,natural_vegetation_fire,natural_vegetation_fire,0.0012332255508584588,0.6755625991257905,0.323204175323351
FW_00947314,other_uncertain,other_uncertain,0.006806736986708389,0.05121015526178495,0.9419831077515067
FW_01343409,natural_vegetation_fire,natural_vegetation_fire,0.0017265075281182641,0.9257040762877413,0.0725694161841403
FW_01504525,natural_vegetation_fire,natural_vegetation_fire,0.0025180525665130502,0.9010026342807328,0.09647931315275413
FW_01525664,natural_vegetation_fire,natural_vegetation_fire,0.004139485020538938,0.8924393650855904,0.10342114989387072
FW_00047922,natural_vegetation_fire,natural_vegetation_fire,0.001067357903519486,0.9834442694994213,0.015488372597059404
FW_01567491,natural_vegetation_fire,natural_vegetation_fire,0.0013525151638345374,0.8115824771178398,0.1870650077183257
FW_01481605,natural_vegetation_fire,natural_vegetation_fire,0.018774829882628095,0.9117723627225719,0.06945280739480009
FW_01301591,natural_vegetation_fire,natural_vegetation_fire,0.002549130546440954,0.9472644959918372,0.05018637346172183
FW_01401995,natural_vegetation_fire,natural_vegetation_fire,0.0009785486730040358,0.9028274527825767,0.09619399854441935
FW_00115068,natural_vegetation_fire,natural_vegetation_fire,0.0014944333377573174,0.976520509136007,0.02198505752623567
FW_00498070,natural_vegetation_fire,natural_vegetation_fire,0.004845370314454707,0.948180468291131,0.04697416139441442
FW_01582227,other_uncertain,other_uncertain,0.00025188761589457764,0.026767462347532398,0.9729806500365731
FW_00605190,other_uncertain,other_uncertain,0.0013362064583281024,0.015896924490423372,0.9827668690512484
FW_00649825,other_uncertain,other_uncertain,0.01087117616439039,0.15781565440933812,0.8313131694262714
FW_00998826,other_uncertain,other_uncertain,0.005081865194405266,0.42425422599884804,0.5706639088067467
FW_01496741,natural_vegetation_fire,natural_vegetation_fire,0.0034338955107000245,0.9729845329385501,0.023581571550749726
FW_00512075,natural_vegetation_fire,natural_vegetation_fire,0.00822506080040689,0.8917286773614885,0.10004626183810454
FW_01179683,other_uncertain,other_uncertain,0.007020682368461257,0.012250525560346535,0.9807287920711921
FW_01039454,natural_vegetation_fire,natural_vegetation_fire,0.0026297805775958817,0.9260549097061779,0.0713153097162263
FW_00174326,natural_vegetation_fire,natural_vegetation_fire,0.05173567102841958,0.8038121763405244,0.14445215263105593
FW_01689932,industrial_fire_candidate,other_uncertain,0.3389931034450758,0.013676444345540528,0.6473304522093837
FW_00839161,natural_vegetation_fire,natural_vegetation_fire,0.003443619828302813,0.7906756352509066,0.20588074492079067
FW_01297958,natural_vegetation_fire,natural_vegetation_fire,0.0009486945118402473,0.9778015617226502,0.021249743765509508
FW_00118755,other_uncertain,other_uncertain,0.4602085416743007,0.04447806261581184,0.4953133957098876
FW_00858363,natural_vegetation_fire,natural_vegetation_fire,0.0010168045861322368,0.9538655292816537,0.04511766613221399
FW_01031036,natural_vegetation_fire,other_uncertain,0.0032635486081358032,0.49507927277004243,0.5016571786218217
FW_01547287,natural_vegetation_fire,natural_vegetation_fire,0.0007429690911267236,0.898935473683716,0.10032155722515719
FW_01241705,natural_vegetation_fire,natural_vegetation_fire,0.12059879633289648,0.6146615029790833,0.2647397006880202
FW_01052562,industrial_fire_candidate,other_uncertain,0.24622710333256345,0.01652400164203451,0.737248895025402
FW_00786205,natural_vegetation_fire,natural_vegetation_fire,0.0023788362053998634,0.9803015970868092,0.017319566707790997
FW_00726507,natural_vegetation_fire,natural_vegetation_fire,0.0049423124359426265,0.829432931393341,0.16562475617071645
FW_00669623,natural_vegetation_fire,natural_vegetation_fire,0.00046460972840788733,0.9778600497247895,0.0216753405468025
FW_00253482,other_uncertain,other_uncertain,0.06602914863702486,0.014593259390864184,0.919377591972111
FW_01076088,other_uncertain,natural_vegetation_fire,0.0014945252739374142,0.848200343727264,0.15030513099879853
FW_00034989,other_uncertain,other_uncertain,0.0017879247990335498,0.08311028896426294,0.9151017862367036
FW_00809213,other_uncertain,other_uncertain,0.15750808964186605,0.012870080312247659,0.8296218300458863
FW_01420940,natural_vegetation_fire,natural_vegetation_fire,0.0047645921202253095,0.9112395051418015,0.0839959027379731
FW_00502130,natural_vegetation_fire,natural_vegetation_fire,0.0006714339493638685,0.9601701062940166,0.03915845975661969
FW_01069612,natural_vegetation_fire,natural_vegetation_fire,0.005193411333690913,0.6134113256001431,0.38139526306616595
FW_00821574,natural_vegetation_fire,natural_vegetation_fire,0.002240310029240393,0.8671432788727929,0.13061641109796668
FW_00668852,natural_vegetation_fire,natural_vegetation_fire,0.0007033529995807914,0.9758838786332888,0.023412768367130122
FW_01389349,natural_vegetation_fire,natural_vegetation_fire,0.0012742230220192225,0.975680230344612,0.023045546633368698
FW_01617039,other_uncertain,other_uncertain,0.0008639602235262874,0.032589538289412294,0.9665465014870614
FW_00603168,industrial_fire_candidate,industrial_fire_candidate,0.8595277728134586,0.004075203865220176,0.1363970233213211
FW_01494180,other_uncertain,other_uncertain,0.018000730975780734,0.07586570262995859,0.9061335663942607
FW_01095355,other_uncertain,other_uncertain,0.0037891805707370957,0.026724305197625763,0.9694865142316371
FW_01599145,natural_vegetation_fire,natural_vegetation_fire,0.001017152732979494,0.9171635463041535,0.08181930096286696
FW_01493428,natural_vegetation_fire,natural_vegetation_fire,0.0014256368337356776,0.8179809927949261,0.18059337037133819
FW_00497235,natural_vegetation_fire,natural_vegetation_fire,0.0006047116857932028,0.713854165967613,0.2855411223465938
FW_00590607,natural_vegetation_fire,other_uncertain,0.00525278035306586,0.49583102272647067,0.4989161969204635
FW_00534267,natural_vegetation_fire,natural_vegetation_fire,0.001169475583080982,0.7195422879308656,0.2792882364860534
FW_00231535,natural_vegetation_fire,natural_vegetation_fire,0.0019691182508215104,0.9662901724995596,0.031740709249618776
FW_00796012,natural_vegetation_fire,natural_vegetation_fire,0.000644010066152138,0.970505399102787,0.02885059083106083
FW_01685119,other_uncertain,other_uncertain,0.2237069525189714,0.07471014871795933,0.7015828987630692
FW_00059403,natural_vegetation_fire,natural_vegetation_fire,0.0007873038302805246,0.9833502988857843,0.015862397283935133
FW_00397925,other_uncertain,other_uncertain,0.022923345727205356,0.22919298050911596,0.7478836737636787
FW_01416637,natural_vegetation_fire,natural_vegetation_fire,0.0004652125385430165,0.9878300938442919,0.011704693617165146
FW_01065873,natural_vegetation_fire,natural_vegetation_fire,0.0008972921313054308,0.8653855489582195,0.13371715891047511
FW_00423636,other_uncertain,other_uncertain,0.0013011319298103776,0.022958952393988277,0.9757399156762014
FW_00127110,natural_vegetation_fire,natural_vegetation_fire,0.0011669817836482224,0.8950992925180871,0.10373372569826474
FW_00553652,other_uncertain,other_uncertain,0.07566855732476277,0.023182961886088118,0.9011484807891492
FW_01178895,natural_vegetation_fire,natural_vegetation_fire,0.0018650091647886141,0.9338715790031021,0.06426341183210943
FW_00520182,other_uncertain,other_uncertain,0.0035812550310759337,0.14479698138894426,0.8516217635799798
FW_01109604,natural_vegetation_fire,natural_vegetation_fire,0.0022294555727429004,0.731025664794707,0.26674487963255017
FW_00487464,natural_vegetation_fire,natural_vegetation_fire,0.0026845105726204734,0.9353055260272941,0.06200996340008532
FW_00144828,other_uncertain,other_uncertain,0.1169980997227321,0.010414556446647849,0.8725873438306201
FW_01164002,other_uncertain,other_uncertain,0.0007332788901798293,0.025428995000454382,0.9738377261093658
FW_01465770,natural_vegetation_fire,natural_vegetation_fire,0.002667446407450858,0.9162905931904423,0.08104196040210679
FW_00546089,natural_vegetation_fire,natural_vegetation_fire,0.001239417568783929,0.914792920142399,0.08396766228881715
FW_01116337,natural_vegetation_fire,natural_vegetation_fire,0.0007738993007267359,0.9427172551826272,0.056508845516646346
FW_00830778,natural_vegetation_fire,natural_vegetation_fire,0.006744948548707859,0.7213222239812451,0.27193282747004693
FW_00928830,natural_vegetation_fire,natural_vegetation_fire,0.004575173364511552,0.9682380099472601,0.027186816688228393
FW_00958079,other_uncertain,other_uncertain,0.00157878505028227,0.01586962338226742,0.9825515915674503
FW_01088901,natural_vegetation_fire,natural_vegetation_fire,0.0011616877004034557,0.9531873896355304,0.04565092266406611
FW_01489421,natural_vegetation_fire,natural_vegetation_fire,0.0012537247163191408,0.7496541470961263,0.24909212818755458
FW_01050080,other_uncertain,other_uncertain,0.001206511852871306,0.21895422049295094,0.7798392676541778
FW_00232434,natural_vegetation_fire,natural_vegetation_fire,0.001473998545820438,0.9553905542297806,0.04313544722439893
FW_00249702,natural_vegetation_fire,natural_vegetation_fire,0.002101888862241343,0.9708600362255144,0.02703807491224424
FW_00932501,natural_vegetation_fire,other_uncertain,0.0034498742415170727,0.39687638007510007,0.5996737456833827
FW_00463315,natural_vegetation_fire,natural_vegetation_fire,0.009602476620348143,0.7548372681766767,0.23556025520297508
FW_00571298,other_uncertain,other_uncertain,0.0015342807332837088,0.01878390421796607,0.9796818150487503
FW_00687044,natural_vegetation_fire,natural_vegetation_fire,0.00024897744542874684,0.9686863998663741,0.031064622688197242
FW_00390165,other_uncertain,other_uncertain,0.12439562547963062,0.0074340095198190265,0.8681703650005503
FW_00368343,natural_vegetation_fire,natural_vegetation_fire,0.0016287263757508853,0.9599152962992534,0.03845597732499558
FW_00858319,natural_vegetation_fire,natural_vegetation_fire,0.003488658511677574,0.9668348704726105,0.029676471015711827
FW_01630696,natural_vegetation_fire,natural_vegetation_fire,0.0011507701984197355,0.9766545788580123,0.022194650943567748
FW_00279111,natural_vegetation_fire,natural_vegetation_fire,0.0012292362257202664,0.7957444282564902,0.2030263355177895
FW_00242148,natural_vegetation_fire,natural_vegetation_fire,0.0011835977528473268,0.9902192580266026,0.008597144220549946
FW_00792988,natural_vegetation_fire,natural_vegetation_fire,0.004999605608396363,0.9785997460402212,0.01640064835138232
FW_00902962,natural_vegetation_fire,natural_vegetation_fire,0.0009176115202457113,0.9698567599927519,0.029225628487002456
FW_01583082,natural_vegetation_fire,natural_vegetation_fire,0.0010584521834512502,0.893674008963524,0.10526753885302487
FW_00214654,natural_vegetation_fire,natural_vegetation_fire,0.0013762458788876442,0.9765732917839662,0.02205046233714607
FW_00558707,industrial_fire_candidate,other_uncertain,0.29974579482633623,0.004961375927632748,0.695292829246031
FW_01616663,natural_vegetation_fire,natural_vegetation_fire,0.005889951300615027,0.9113013793865085,0.08280866931287646
FW_00461560,natural_vegetation_fire,natural_vegetation_fire,0.021565743501410897,0.5081209662063684,0.47031329029222074
FW_00569770,industrial_fire_candidate,other_uncertain,0.01887777308755357,0.08037000721173178,0.9007522197007146
FW_00483601,natural_vegetation_fire,natural_vegetation_fire,0.000774021320418666,0.9203091223707623,0.07891685630881892
FW_01165247,other_uncertain,other_uncertain,0.08054400651180176,0.014504075371383358,0.9049519181168147
FW_01464402,natural_vegetation_fire,natural_vegetation_fire,0.029476469469234122,0.5253791600693745,0.4451443704613913
FW_00899223,other_uncertain,natural_vegetation_fire,0.005421184424666986,0.8375998402989414,0.15697897527639157
FW_00594469,other_uncertain,other_uncertain,0.4172458272482673,0.0058991311106595,0.5768550416410732
FW_01584510,other_uncertain,other_uncertain,0.41862559821297535,0.06524015074858434,0.5161342510384404
FW_01454091,natural_vegetation_fire,natural_vegetation_fire,0.004480470214540036,0.891253095855342,0.10426643393011788
FW_00170067,natural_vegetation_fire,natural_vegetation_fire,0.0004175750888467363,0.9642121953999585,0.03537022951119465
FW_00493151,natural_vegetation_fire,natural_vegetation_fire,0.0013642210348385972,0.9384177400391601,0.060218038926001284
FW_00209990,natural_vegetation_fire,natural_vegetation_fire,0.0008868920883243135,0.9289189654997031,0.0701941424119725
FW_00089535,natural_vegetation_fire,natural_vegetation_fire,0.0010451917683752812,0.9727722810855894,0.026182527146035327
FW_00123339,other_uncertain,other_uncertain,0.0005542958960603863,0.015231369590388507,0.9842143345135512
FW_00375036,natural_vegetation_fire,natural_vegetation_fire,0.0013993798142912803,0.825521085650769,0.17307953453493966
FW_00003101,other_uncertain,other_uncertain,0.0023973294179345087,0.00796647748032235,0.9896361931017431
FW_00607274,other_uncertain,other_uncertain,0.015362043498948636,0.01693430350556083,0.9677036529954905
FW_00781219,natural_vegetation_fire,natural_vegetation_fire,0.00047738059021695594,0.9745221698184261,0.02500044959135689
FW_01301906,industrial_fire_candidate,other_uncertain,0.2523089493897944,0.1350949102106891,0.6125961403995165
FW_00079767,natural_vegetation_fire,natural_vegetation_fire,0.0013132417515083897,0.9420359545241976,0.05665080372429397
FW_01632141,other_uncertain,other_uncertain,0.002091809405298317,0.15012235718746425,0.8477858334072375
FW_00307306,natural_vegetation_fire,natural_vegetation_fire,0.0016713965125577713,0.9923238778300381,0.006004725657404118
FW_00620770,natural_vegetation_fire,natural_vegetation_fire,0.0004687157645424801,0.9819821494485197,0.017549134786937766
FW_00573646,other_uncertain,other_uncertain,0.004281351924703032,0.2253485134231602,0.7703701346521368
FW_01678638,natural_vegetation_fire,natural_vegetation_fire,0.0008485935310736867,0.8203506395943939,0.1788007668745323
FW_00545333,other_uncertain,other_uncertain,0.11539869541738002,0.007827474837940804,0.8767738297446791
FW_00367668,natural_vegetation_fire,natural_vegetation_fire,0.009605266144972606,0.9155196486997464,0.07487508515528091
FW_00274069,other_uncertain,other_uncertain,0.23183315574808622,0.008307516374332602,0.7598593278775811
FW_00014931,other_uncertain,other_uncertain,0.002712759647357361,0.010638895913356327,0.9866483444392863
FW_00063965,natural_vegetation_fire,natural_vegetation_fire,0.002211953433310493,0.9290503017758229,0.06873774479086661
FW_01044281,other_uncertain,other_uncertain,0.002634092686238771,0.05610326204412202,0.9412626452696392
FW_00762321,natural_vegetation_fire,natural_vegetation_fire,0.0006311620015163636,0.9528510020435369,0.04651783595494676
FW_00586616,natural_vegetation_fire,natural_vegetation_fire,0.0008991336580396689,0.8367868054105375,0.16231406093142292
FW_01121225,other_uncertain,other_uncertain,0.30863513956974065,0.004880423789357356,0.6864844366409019
FW_00444897,other_uncertain,other_uncertain,0.025295083218593965,0.05539757774383634,0.9193073390375698
FW_01580917,natural_vegetation_fire,natural_vegetation_fire,0.0010451139532683242,0.9339396244153418,0.06501526163138992
FW_01127493,other_uncertain,other_uncertain,0.12418382092158127,0.039280371569309115,0.8365358075091097
FW_00006514,other_uncertain,other_uncertain,0.01618561876631795,0.2023922730930979,0.7814221081405841
FW_00208641,natural_vegetation_fire,natural_vegetation_fire,0.0010413410385390546,0.980882268738998,0.01807639022246293
FW_00620762,natural_vegetation_fire,natural_vegetation_fire,0.0004342344145652743,0.9760656820706866,0.02350008351474813
FW_00742395,natural_vegetation_fire,natural_vegetation_fire,0.0007479486249420225,0.9576989655395592,0.041553085835498715
FW_00756956,natural_vegetation_fire,natural_vegetation_fire,0.009884767320171094,0.9552275027030376,0.03488772997679129
FW_01153353,other_uncertain,other_uncertain,0.01135866906641213,0.1504674968573019,0.8381738340762859
FW_00996088,natural_vegetation_fire,natural_vegetation_fire,0.00034624196713665836,0.9780232791396117,0.02163047889325168
FW_01013540,natural_vegetation_fire,natural_vegetation_fire,0.0027821717830795274,0.9305090986179635,0.066708729598957
FW_00672434,natural_vegetation_fire,natural_vegetation_fire,0.0013635277828983698,0.9833232497892723,0.015313222427829254
FW_00327145,natural_vegetation_fire,natural_vegetation_fire,0.0004823650036031018,0.9726376555306098,0.026879979465787355
FW_01528989,natural_vegetation_fire,natural_vegetation_fire,0.0015064701596471531,0.8834854503939349,0.11500807944641808
FW_00892497,natural_vegetation_fire,natural_vegetation_fire,0.00025826458420411886,0.9914392547419868,0.008302480673808982
FW_00345289,other_uncertain,natural_vegetation_fire,0.002426744841859541,0.5210540561772222,0.4765191989809182
FW_00693723,natural_vegetation_fire,natural_vegetation_fire,0.00171660062056468,0.9129471758954589,0.08533622348397647
FW_00797018,natural_vegetation_fire,natural_vegetation_fire,0.0008491600174208458,0.8855408108806874,0.11361002910189183
FW_00147808,natural_vegetation_fire,natural_vegetation_fire,0.0018711525513501236,0.9602349651759639,0.037893882272686
FW_00055999,natural_vegetation_fire,natural_vegetation_fire,0.00019940875841467385,0.9813592612143175,0.01844133002726789
FW_00335528,natural_vegetation_fire,natural_vegetation_fire,0.0010931994607756399,0.9184929203219583,0.08041388021726603
FW_01065481,other_uncertain,other_uncertain,0.005918989791894376,0.11351853551877128,0.8805624746893344
FW_01654197,natural_vegetation_fire,natural_vegetation_fire,0.0002475846161013917,0.9735923206174796,0.02616009476641913
FW_00412794,other_uncertain,other_uncertain,0.0018561695074280143,0.005394281990928018,0.9927495485016439
FW_00839459,natural_vegetation_fire,natural_vegetation_fire,0.004819334202385481,0.8990088416167231,0.09617182418089144
FW_00379288,other_uncertain,other_uncertain,0.005712311178806926,0.01431605106936971,0.9799716377518234
FW_01222911,natural_vegetation_fire,natural_vegetation_fire,0.0030634574912327714,0.9233964975935186,0.07354004491524878
FW_00598807,natural_vegetation_fire,natural_vegetation_fire,0.0071680245822146275,0.8720265276511285,0.12080544776665679
FW_00470161,natural_vegetation_fire,natural_vegetation_fire,0.0027943128825092694,0.7800084814942748,0.21719720562321587
FW_01698096,other_uncertain,natural_vegetation_fire,0.0007271603277259288,0.6794362737100687,0.3198365659622055
FW_00052465,natural_vegetation_fire,natural_vegetation_fire,0.001087988092089575,0.9284758500439151,0.0704361618639953
FW_01577939,other_uncertain,other_uncertain,0.0010487392325912274,0.04221015936317406,0.9567411014042347
FW_01071636,natural_vegetation_fire,natural_vegetation_fire,0.004095043963663689,0.9306269580755455,0.06527799796079087
FW_01404720,other_uncertain,natural_vegetation_fire,0.0020889767749984003,0.546110162904785,0.45180086032021666
FW_01411180,natural_vegetation_fire,natural_vegetation_fire,0.00037438194061456136,0.9847066973528082,0.014918920706577146
FW_00444922,other_uncertain,other_uncertain,0.018924239991881822,0.21030287446313478,0.7707728855449834
FW_00722803,natural_vegetation_fire,natural_vegetation_fire,0.002686778017416732,0.9498915064263267,0.047421715556256634
FW_01257230,other_uncertain,other_uncertain,0.05624467470221217,0.3896094333694234,0.5541458919283644
FW_01560390,natural_vegetation_fire,natural_vegetation_fire,0.00032711238467356113,0.951427942987373,0.04824494462795353
FW_00705414,industrial_fire_candidate,other_uncertain,0.10255316235317209,0.17070649211148192,0.7267403455353459
FW_01056843,other_uncertain,other_uncertain,0.0007527725750354113,0.054968722228630904,0.9442785051963337
FW_01610165,natural_vegetation_fire,natural_vegetation_fire,0.04436128041330722,0.6374904928435616,0.3181482267431311
FW_01006895,natural_vegetation_fire,natural_vegetation_fire,0.0005456676317768792,0.9453392953937698,0.05411503697445316
FW_01097303,natural_vegetation_fire,natural_vegetation_fire,0.0014944575277235717,0.8083239088932794,0.19018163357899703
FW_00267742,other_uncertain,industrial_fire_candidate,0.4733963480961636,0.2137402650677027,0.31286338683613385
FW_01580949,natural_vegetation_fire,other_uncertain,0.0033228189184804917,0.32075618178860815,0.6759209992929114
FW_01705419,natural_vegetation_fire,natural_vegetation_fire,0.002712088719208971,0.9121747790107436,0.08511313227004745
FW_00049344,natural_vegetation_fire,other_uncertain,0.032109406631938474,0.14147262475101174,0.8264179686170499
FW_01562755,natural_vegetation_fire,natural_vegetation_fire,0.0008874984925274885,0.9669332415366659,0.03217925997080649
FW_01390772,natural_vegetation_fire,natural_vegetation_fire,0.002706494249304654,0.9285857335776532,0.06870777217304223
FW_00359605,natural_vegetation_fire,natural_vegetation_fire,0.0016552944851875486,0.9330667365279084,0.06527796898690413
FW_01611619,other_uncertain,other_uncertain,0.0018657579887819606,0.09622820200669238,0.9019060400045257
FW_00349587,natural_vegetation_fire,natural_vegetation_fire,0.000485775188353196,0.9168871115411054,0.08262711327054144
FW_00883241,natural_vegetation_fire,natural_vegetation_fire,0.00030217031789755034,0.9838276275263089,0.015870202155793614
FW_00223390,natural_vegetation_fire,natural_vegetation_fire,0.002603666528244425,0.9092872839639315,0.08810904950782403
FW_01125332,natural_vegetation_fire,natural_vegetation_fire,0.001394671712089129,0.8083625134358644,0.19024281485204647
FW_01104572,natural_vegetation_fire,natural_vegetation_fire,0.0010878899730453501,0.9353007977284636,0.06361131229849097
FW_01020460,natural_vegetation_fire,natural_vegetation_fire,0.0014052006079249822,0.878864129066447,0.11973067032562805
FW_00399716,other_uncertain,other_uncertain,0.002301746562155666,0.023204489835653687,0.9744937636021906
